_id,article_id,confidence,processed_at,reason,source,stage,title,url,quality_score
6a8497125dbd7dc252890b7d,b429892102471438137772e999ef47b4346c51be2a835e0dce378912ef55e240,0.9,2026-08-18T17:32:02.377179+00:00,This is a diplomatic meeting regarding flood forecasting models and does not describe an active disaster event.,News On AIR,ai,India and Nepal hold meeting in Kathmandu on flood forecasting model ahead of monsoon - News On AIR,https://news.google.com/rss/articles/CBMitAFBVV95cUxNVmkxLXlJZDM2WVY5TGdRQmhMTUdZVWNpTTZ5dm55N1FUckhkejhKcUFzOW91eG8waW50TVI3YmdRMGpCRE03ZkNoREhiUEFXQmJxdW54M3Rxek5HZW5OZVdJVFR5eGRaNTFrSUlob2dkdFdvZzBWdi1ndWlBaVA0RVhJcGVzcjlXZTk5anBzSVp2ekNsT0Q1a1Z6ZHBQS0d2U1FNWFp1SHBBMi1HRk1jS0hwOHQ?oc=5,
6a8497125dbd7dc252890b80,bbf8c5772729b48e9a68d9b83cbd3d17aec07c81512e445f9e1634ae48a25f31,0.85,2026-08-18T17:32:02.513234+00:00,This is an analytical piece discussing the causes of monsoon floods rather than reporting on a specific current emergency.,news - Mongabay,ai,Infrastructure and land use behind devastating India monsoon floods - news - Mongabay,https://news.google.com/rss/articles/CBMirAFBVV95cUxOV2lYYXJDamhpV0VKMTJZVS1LR2xvc2wtdE5oNzNweG9GaV9vUFhidm9MSjhyd3ZCYUtOQ2diODg4YkNBMFVfRUFLeTdRSzNVWWl4eUQ3VjRSdEdfelVnd0xyc0pkTDhmZW5qdGZEMFRwYlZEZHhQRDNwd2dMSGhKM1lCSFV0b3NGbE93RUNCOTRmbXdsQ3htekJWWUdGX053N0tmNjlfTDlSdFh3?oc=5,
6a8497125dbd7dc252890b82,1f6ecbeacbc201d9715fba9e62437b8339bd86f3dba8fea6a7b4eb09e51bc195,0.8,2026-08-18T17:32:02.590893+00:00,This is a human interest story about a donation and does not describe the disaster event itself.,NDTV,ai,103-Year-Old Assam Woman Donates Lifelong Savings To Flood-Hit Families - NDTV,https://news.google.com/rss/articles/CBMisgFBVV95cUxOazRsTC1xbUI1U1N6b2FDS29qZllESUNqMFVuY0ZkakdrYmVGMHFWQnZqeWMtelhZM3BTU2Y2UVJhZy16RXVIZDJVTTRzQWhFQ21lYVQ5OGRoRUVUSV9MVS1mbk84U1g1bTAtaTJQbGJsandEa2RUVWM3a0gtVmhwX0ViVjlSaklqckk2N0V1RFRLTHB1ekNCU2ptM1RwamVuVU9EM0M3Qk96dXdadkY3eVlB0gG6AUFVX3lxTE52RmZJa05WUER2VDFnM2FHcEl2MFZDdjJaUXFFVGJQR0szczhoZk9vZ253MlBDNENPVFJ4T0ExSS1JNDJoZnNaa2FjWmJ3bGg3Tm9CM00yYVk4b250N2tKMWl0ZkpJdzJZemRRbEtYVUxjNlQxOHRlYkxfUVQ0V2dXVE8tVV8zWTZxNlRrZnpWaUZ2UXBta0xtaXN2c0NsZjZFdFpWRnhMQ2owWHFqNTNGaG5ENEVLRHh3QQ?oc=5,
6a8497125dbd7dc252890b85,64aa2d569483291566c05689c44887dd7d179cc00a41a8c52e5ebbd4e0d4a4f7,0.85,2026-08-18T17:32:02.712825+00:00,This is an academic or policy-oriented analysis of flood vulnerability rather than a report on an active emergency.,PreventionWeb.net,ai,"Flood impacts in Assam driven by high exposure and structural vulnerability, amid uncertain rainfall trends - PreventionWeb.net",https://news.google.com/rss/articles/CBMixwFBVV95cUxQcF9TQ19HNlNSM0N1ci0tMS1mdzdaQVVTM3BFQktUYkFHYVNRQV9uS2x4eExXbkVNR1F5SEdWRFk0SzR6UV95aEZicVlwVENkdUNfQ3V2TUs3Ry1XQjFCTXpVdzlBWGZXYU5obEJyX1RoZU9TQkF3UHl0cFc1QlZQWVUwMTR2bjVydGpiT2Q5ZHNkOWstaU9GYjM2YVA3ZU1BazJhRHlhenVVRkRoamZOYUtvdnNzdnEwYnVnUVZCZ0lEZmhvNEVB?oc=5,
6a8497125dbd7dc252890b86,b86b6c1b233cdf975131c6d3ca094954d930656d83c12293b0773631b6500a2c,0.8,2026-08-18T17:32:02.747836+00:00,This article focuses on relief efforts by an organization rather than the disaster event itself.,ThePrint,ai,Annapurna Muhim Continues Relief Efforts for Flood-Affected Families Across Assam - ThePrint,https://news.google.com/rss/articles/CBMiyAFBVV95cUxQczloWjF4UG12TXo1MkRjalppZEdGNGNsWG9VQXprWUhDdHZIZTFocWhNT0QtQUxlMVZDVW9uM3FzanRfXzRTUzhHTk9LRjg4NXF4d1p5VWJFQlBaaGF1VGRHMjFFVFAyYVFqYWRqeUJ6MXRNcWZvQVhoUGVuVGlsWXB6bXlfdFZFWC01Q1ltVUpGbTdBR3BFVWdILWVCN1dkQVI5NC15NEhmTTh3Z1RhZkloWWt3R3czbXVtbUVXcm5lYnhpc1lhctIBzgFBVV95cUxOa3puZi1SVzI2S0dsV0hOcWRENGZKYm0xRmNrRkp4ZWlBdkF1MWV1VzhEd010RmdMZGlBVjRhQWkyZnYzNG5Td1YzbTJORzJLamtqSWNNNi1aaUtWR0xBUklRNlhPZGxaaFJ5WWVkVlptUkN4bVdtYnhoWmZiRURvN29CSHJCeXZtaHNuN2M2ZHdEdTl3ZmhudlQyREtySzBYYi1HbkhZQkI2V2twbFFZcGliWlJpT01BZURZUXF6VDlOaFB0aTZPNkZGeEhoQQ?oc=5,
6a8497125dbd7dc252890b89,3f095b04e99bb34e3bec0e965141f961234accf49e6279169e043dab3af75f06,0.7,2026-08-18T17:32:02.859689+00:00,"This is a general news report about school holidays and climate concerns, not a specific active disaster event.",chshyd.in,ai,India Monsoon School Holiday 2026: Heavy Rain and Flood Risks Raise Fresh Climate Concerns - chshyd.in,https://news.google.com/rss/articles/CBMibEFVX3lxTE1OZExoY2xqdkNLQTJYaGNOTlZ3YTZjMFVBQW1tU0FkUTNXYU1HbjczbHk0aHdkd2s2SWhacTgzZTVKR05tTUZrTlk0cEVDWDMzeG03THpFWnk0Qlp5Y19DNE9XOS1wcXZNbEtWSw?oc=5,
6a8497125dbd7dc252890b8d,5b73cf8b9211d22f9143587dbda1b8a0fe271f9f1139833de0df3865c71f9984,0.8,2026-08-18T17:32:03.012971+00:00,"This reports on government financial aid for flood victims, not the disaster event itself.",NDTV,ai,"Nearly 97,000 Flood-Hit Families Get Rs 15,000 Each In Assam - NDTV",https://news.google.com/rss/articles/CBMitAFBVV95cUxPY0F3RU5zdTk3TS1wczBpU2pJVC1RSm14ZmJQRFByZFE4Nnd0dldvbVdrMFBGa1otVktPVDZEdEV3RGliZHdDdW9vN2c1R05vZTNpbFMwMENXOU9mdWl2d3dncXFRVXJQSFhmUU9sbXlzNUQ3TTNQWUhhdFR2TjFrNlRVY19ZM2xrU2duVlJ4NlYxOVgzRGR3OWEtRVM0ci0yYUxuWWdzajZwZFNjNDBaS0o4ZkPSAbwBQVVfeXFMTkZkUDJQbENrNWV2cDd4WHhwVmktejdsTjRoOGVHNzJYWWVvcGZpUTRXVnJSVkItakdIUjlUa1gxci1xQmRjbTQyOFVNUnQtVEZOTWEwMGtKdmhHcVZXX2RUOUc1WnRNUzEtdFdHbm10MC12OFFDRGlRdXBrWXRULUFCbVZqemQ5UmxSY05yZTZGU0tWanQ1QjlhbUxiZWtmU2dmM2s5XzJkaXdXbFhPWEtrbGxGby1jUUJfT2I?oc=5,
6a8497125dbd7dc252890b8f,a522310e152ea86fef1570ffba29784db243e45cb964b5091f3952028e668640,0.8,2026-08-18T17:32:03.101621+00:00,"This reports on corporate social responsibility aid for flood victims, not the disaster event itself.",India CSR,ai,"CSR: Shyam Steel and Macaw Paints Aid 1,500 Flood-Affected Families in Assam - India CSR",https://news.google.com/rss/articles/CBMihAFBVV95cUxQbndGajhtSkU4T1pkODl3eFNrd092d29rZGdtVUdqTDZydjBQQ3BkN1YwVVNpbU1nR2FvbWM0UkhJXzRQUkR1TEE4NzhuS3lJcEhYakIyZEFnWmg4b2xPNTFiM3BDRlNxSG9RdnJISG5jb3hka3c0T1BaVzFKeldQYnVxR3g?oc=5,
6a8497135dbd7dc252890b90,21648e25e76cace2fbdf75d1a3e93be6c331bfa63d18c04a9ce49c961c49d443,0.85,2026-08-18T17:32:03.146938+00:00,"This is an explanatory article about urban drainage issues, not a report on a specific current disaster.",The Better India,ai,Why Mumbai Streets Flood in 1 Hour of Rain — Explained - The Better India,https://news.google.com/rss/articles/CBMisgFBVV95cUxPbVpDb3hRTzZkenlUXzFlRFdkSUN6VXpuRl9xN3pEYWJjb1ZQSXFoczVkTjRsTk9NT0o1S2NUcVVENVZsTU11YlFPMG02dHdfbVVJQ1YzYjZ2NzlPX1hacjA0NnhaWmhSOWhNSEVJWmFvQ25EaVJzNnBUN1VMaVNaSndudUNEU1JjTFhiemk3T3dkYUhkZGJ5Q3JnWFJUamQzb0NkblJPSVVsY2ZvbnlHZjZR0gG3AUFVX3lxTFBfSUt2V1lHdUFtejNXME5xdkFDa2EwTFlUbGtfZUhpSUY1d3pHa2RlVmNYak5jTEZHV1pzYS1sMVBKamF4SWMxMHhwM0hTWjJ0U0hHSG5rcGNNMFUyYzhLbjZzMGlsYWdrZFZHRHBRYmduOEdmM1h4NWZhWnBOd1BBcUJNUmg0a1Q4UmNVNWxRdVEybEtxeWd6eFZRZlc2VXgwMVhhOWdsRTdkV3hXcGg0bkxOb0ZEOA?oc=5,
6a8497135dbd7dc252890b92,c302a030d66e2dda7bd04ae7074e4f221961d5eb4bb6846b5af568f3f3ddf7be,0.95,2026-08-18T17:32:03.222643+00:00,"This incident occurred in Hawaii, USA, and does not impact India.",India Today,ai,"Life-threatening conditions: Hurricane Lala hits Hawaii, leaves 42,000 without power - India Today",https://news.google.com/rss/articles/CBMixAFBVV95cUxNRUxlTVdnNWFqNWhPemZqN29NRkw2YjdOMHVnYTRrdnlhZDBsb0c0RE5sX1p4akttaTh6M0ZEai1RN0tOeUhkOGZoQzN1bUZHbzMyS3ZRaFB1cEY1a0RFeGI4WkxnREU5M2tjTW4yQzd0UEtGM2VYMno4WGFIWWdZSDhCWkJFd0kxaFBsemtjdk9laUxWTGRUSnJIN1V0S2VsZ0FtWnY5LUUzcEVLNV85ejJRQkxhTVd3S0U1ZW0wdlgta2g10gHKAUFVX3lxTE13MWg2b2tmeHJmcEp6SVYtNzI2dzA2b3ctcGc0YnhxTzRxVFMwZDdwMVZLaHp3LVUyRERtUkNES1ZEUGRNNENTOXdjMmU2U21UallYR2Q4NWxhYUM4T0g5OWYtOUdwLXJTNVhaUTBPWVd1MmhfNnRfRmsyV1RHVlRlMlFmb3BrTUJrdW11TTlyazEtSWUyZHNHQnJDOFRWZUxwdFZVUnJ3dGdsb1pkMkZ3UkY4dmYwaTRCQXl2b1czUTJRWlQ1aGVNVUE?oc=5,
6a8497135dbd7dc252890b94,4da3f8267f449043366d9b44c45a18b3579056125a48b125fda9db3cb463b2a2,0.8,2026-08-18T17:32:03.295779+00:00,"This is a rehabilitation appeal for past flood events, not an active emergency report.",ReliefWeb,ai,Rebuilding lives in Assam: Assam flood - Early recovery & rehabilitation appeal - ReliefWeb,https://news.google.com/rss/articles/CBMiqgFBVV95cUxOQ2NQdE41ZlJrSjd2Qm1QX2R0OWZZWUExNEExbkd6bThDVUROdnBqY1NIdjBzSnlha0pGT0VxZVpqZDloRzh2NFNjY3IwNm9ZTW9jbGRicVk3X1pLMXZEXzRSRDVaTDBTd0s3WU9fTnVPeklvWTVUeHBrTGZLX0ZuRUhqcWdqd0tJT09oTjFlRnJJSWJ2Znl1N0s1aW5nX1phcG53X2d3TXJxQQ?oc=5,
6a8497135dbd7dc252890b97,4f7d1984a09511c5900c68bcb7e7935e7d347e549b12fc5471963f1f5c1211cd,0.7,2026-08-18T17:32:03.438532+00:00,"This is a weather forecast and travel advisory, not a report on an active disaster.",The Times of India,ai,Monsoon rain is set to disrupt travel plans across India; IMD flags flash-flood risk in several travel re - The Times of India,https://news.google.com/rss/articles/CBMinwJBVV95cUxNdTMtdWNpQjBmSEEyclQ0RUlueHBNREdwd28zMFdXd25pMnROX3MwUWRaNkxUSDl3QUxjZ1NjOHBoUkgyd2pncS1JT2lrNm5Ra3NKcmpOdGgwc25OTFBvemF5VW9leldiZWFnUzdJb3c5azE3NFc2VXBmNUstbko0aG9adElvMF9ob01NaHBDVnJTX2NYNmhJZTVOU1Q3N2dCdFJaLXp1TFMyTVd3VVZfd3hXRHVYekRpU1RqNDFwd0piV0VmZTNBdnpya2ZsX2RLbTRtTHR5V2pNYklLZTNQOFh6X2FJMThaWXMwN3pJT2Q2SjdlTWJiOFhuS1dvVlpYRDJvVUo5RGE1QVBZSjdkZnV0SWlIb1g5bHI0bFFVd9IBpAJBVV95cUxNRUdZblZwNTZUQWFqaFVxV05BVjBEbGgycTRoRWVQOUhjc2gyLUkxYVZoTFhBdlg0NThCeGwxUFdoaEZTcG9BVjdqTkdDdzFBRFlabWF0eUxCZ1g5UEs1X2lkcEV0SWVOZWlmcDVmTjZSdFd3TTRLakM5X2FINTBlVEg4ZEM3Q3VteWdsOHp6YS1pc2owVkZWdURTdy1Ud0JCRE1zZjJoWU1qajVFOFNnNGM4eGplY2Y0c3JjYUk4a19FUk1CWGFvSFMtclFmLUczTF90cVJiWHN5QXNHcms3YnRXT2NZT0VIaWJHTUxDMVNHNVdWX2phTENJVEQ0RkVYNlczNnB6LVZnekg3SmVsNlNXTDVtemUtanBVNVZ3bGQ0SHd5?oc=5,
6a8497135dbd7dc252890b9c,178abe2f30f0770c90ada64fc0b60dbcad4303977afd8f5af5947ff8fce79c5e,0.85,2026-08-18T17:32:03.647376+00:00,"This is an analytical article about monsoon trends, not a report on a specific disaster.",Down To Earth,ai,"Floods, dry spells and a 16% rain deficit: India’s monsoon is becoming harder to read - Down To Earth",https://news.google.com/rss/articles/CBMixgFBVV95cUxQdHN0UlZCZUVNUV9TdXBxWVV2T3B6OHBqd09VdldnNmtVNnJYN1NVSkxUMEFfVXJsQVVtMmtZQ1JzOUJwdktBTTZUNkZPWjdfTXdsT2k2ZzhkaVM5THlnNmczWE83X0plS0lKWWNkRkZlTWhUcHVXTkNOQkVVSXlnVm5UVGRxS0FoNl9XaDVwUG5hbWpNaExVN0ZtdjN5NXpVMGhqN2FKb2ZQMVlhcmh5X2IyNWRLdG5CMno3b2VPLTdlSG14bFHSAdMBQVVfeXFMTVZOMlZqOGpVTERjWTBHM0VWZE50Mkk3bnc1bV94b184OVZrNmNVWUxWUU1sU1VueUxHR3JOQ2VXbjBfUEM3dU82aEpmbDl5TTdkaGFIeXdCd21fMFdScTFMNDVXT05nazFBb040cG1xM2Q2YzE4Ul9FbWRpQm9IVjBTSFl1ZmR0aXk5QnNMTUtFMTZEOWU0UWRYZnVkamktWDMtbnFiOUFTLVRUY2Z5SjBheHNMa1RLY1RpVG91c0oxdC1yNkg2bHpjV0tfM2c1MVZrMA?oc=5,
6a8497135dbd7dc252890b9e,b705912a109ae35711e2e27ff6c24b3a883784b01a8527699189140f04c38980,0.8,2026-08-18T17:32:03.720298+00:00,"This reports on India providing aid to Afghanistan, not an internal disaster.",News On AIR,ai,India delivers flood relief assistance to Afghanistan | Akashvani News - News On AIR,https://news.google.com/rss/articles/CBMihgFBVV95cUxNem1LQXM0Tk1wNDdSdC1BVURSUHBUdWZreWRTaS1NNndsbTc4NlhHQ3YwY0dIRnk4RzlIMEltbjcxWFdtTXlDbUE4X2JNU3ZlX0FlNXAzRWFCNUtNUmZqd0c1X3hDUGFNUGRHWm43U1BTOGhUMHZNd21rS2RfbnpRbHpIY1JTdw?oc=5,
6a8497135dbd7dc252890b9f,da9714619dd8c0328ea95e2c8f491b94472861184f80b87df23afc61e9e1de94,0.8,2026-08-18T17:32:03.756495+00:00,"This is a political statement regarding water flow, not a report on an active disaster.",The New Indian Express,ai,India rejects Pakistan's flood claims; says Chenab water rise caused by heavy monsoon rains - The New Indian Express,https://news.google.com/rss/articles/CBMi1wFBVV95cUxPek4yNG11bkg5ZnRyMGthNjkyQndHS2V4cDdEWkJPS3ZITk9lX0REMG5XWGR4Qk05TlFoNUZYWFlzREtUb1dGdkNWNGk5enJieUUwSHB2SEpXNHprdWdERWNZLWh1b01SUzAxR1p1VFJaMXljUTl5S3pQMFg5MVhWLTdWRFNuS3JZTDVxTVRjUl9sZzFBMFNoYTdjMG9kQ2dWa0pqTV9EQVVoQU5SVjRVeG15QnQxWHB3RjhJUkRUcW9XNFFranowOHA4Y20yaWtad25KTjFSSdIB5AFBVV95cUxOOFhqQ0tBNWtvZUFXbFExek9oZGxvYWU0NEQySXozdGxvSmwycnR5TENBdVZRSDkybF9oVkpDN1dGaS1EVEhtSm5jTEFGVlJMbk5Td3lCVkFYUFJxa0dtYVRwT0xURkhpZlA4d0I5WUlQSm9HNExhZGlKS0VweWlXbXBJTjc4d2JjMEhzcFNWaFBXZVZpQ0tVaThuQXFkZ3VlTTlDS3ozaFo1VzZmYkgxdmxCMEpsdGtlM3RBb0ZicUV4WHJfdDBtdlltWnFsdm9jOFpOdVVyT2NIZGhfYzNJXzkxVVM?oc=5,
6a8497135dbd7dc252890ba3,5703a77b0464f9f04ee11a68f6e32010b0789a921ac2f1591061a49915251424,0.8,2026-08-18T17:32:03.899675+00:00,"This is a human interest story about a karate athlete, not a report on the disaster itself.",assamtribune.com,ai,"Flood-displaced, trained on roads: How Jorhat’s Janmoni won national karate gold - assamtribune.com",https://news.google.com/rss/articles/CBMitwFBVV95cUxQeG5HcWE0UjRKekFOUWdHU09jZm9wNU9CTnJCY28xN24zTGZfSURPeW1Wc3AxYTcxbUcwTEJkX0xBYmdvVjVMaVFGOWo5UDZ6Z0NWSW43WWk1N1VmWEdEaDFWREkzX1JYblRjUUg3OHdHMHBjbHJLTUk4YzVreWs5el9yRjZybElDOGN5S0RNLXl6aHZFdU94RU11eGNPWEtteDhtRU0wWjh3ZnFjeXRFaVBhaXlrVTDSAbwBQVVfeXFMT2U5OGFNbnhFU1I5dUdFeEQ4WGZYZGhTNXJHQndiUFQ2TzNKMEFQOWlVSEJfTXhNNTlEYXdzeldMYkVIU21jck9YUlZxd1lHdUVKNGhQRzVFd1VmVkdhOS1ZM0Z5T0JqYURsZkpGajZfUlBrekJNSWFiWDh1ZG5OZ3JNUWxNbkZVZXM2WkxXeWRQamM1Zkl5YXpPX0FqdEdmUUctRVNmSFJ6LU9SaG92VGNORjBuMHlHX3BRcFU?oc=5,
6a8497135dbd7dc252890ba4,c74136edd26b188cad5518f914e02cbda637121ca6d03b287ab9fd51704c8774,0.85,2026-08-18T17:32:03.936175+00:00,"This is an educational article about flood management, not a report on an active emergency.",Drishti IAS,ai,Assam Floods and Flood Management in India - Drishti IAS,https://news.google.com/rss/articles/CBMipgFBVV95cUxQeHNqWGZlTThnZ1NwR0d1eHMxZEdHNDJTZ0szNEZQQjhTRndnYVBZMVQ5NWx1WnhxSnZXdUFDX2w2TEtnVjBHc3pBNVh5SVFHNmNRcVJ2YVlVVFA4WkQ0WDRJa2llTkk1TXJ6amJKblFST1F4Vm9tQ3NNbzBMV2FuYXoxMEc1aEZPR3huNXhMa0NqVGVMWVhhaDZKTUtHTkFDTGZSRnRR?oc=5,
6a8497135dbd7dc252890ba8,0c4965ddd7e61d7ca8325fd67267101ea8b448632d96d32e0ccb94b51b72b50d,0.8,2026-08-18T17:32:04.084899+00:00,"This is a political response to international claims, not a report on an active disaster.",The Hindu,ai,"Baseless allegations, says India on Pakistan’s claims of creating a flood-like situation by increasing flow of Chenab - The Hindu",https://news.google.com/rss/articles/CBMihAJBVV95cUxOWmhLUlh0dG9GYU9PMnlkM0hyeEF3bTUydk5SYjBFb0ptUFl1aFE4RWFTcEFGRW5SSkl1TEVTU3RZZlQ5amJuUU8zbXllTVB3MnRqYTQ2M0xzYmc4R21xalJzMThEY0VqVTVEa1Z2MGYtdHJKODlvVThqd0liSkh1andIV1BIUjZTOWFpYTRtYldtNGdobFpjNVR2bC03T0hydHJqUFp4RnEyUTZMdDdMNVNONGtySFVvOXFCS0hiWjNPZTRCZ1lCTkxEVzNyRUJLM2VxdEZoTUxGVnFrUkxfMEJ6SzA4cWZ2ZkdxV0s1V2NCNWhjYTQyWTlnakU3ejhTSXoxVdIBiwJBVV95cUxOY205ZjVfN3VDMXNwb3ozVjI5dk1Pb3JaMmJhRGNxU0JNVG9ORUNvUTZKSmV0MG80SmY1TFF3LWE2QnRUb1V2c0w3QUJITTRUQ3hLQWNHT0F3S1hYUm5XZUNvZWxidFlaTXVScEJiT1BjTVhjdXBGNTRqV1pKSE5hOG5fR09lVmR4WUFqdlN5QnVwcGhYRmVCYjNYMHNpYzJxMXJOZGZhM1AzNk5USklwN0FNLXh6SGctdWRhZDNVS1BPd2hseWtxLTB6d3dBTEw4dDVodWdJanBkWG1talM5V2pmU1lSSmFqMEg1MkxlSHJIR080MUhOanZkS2tzaG9RX21QcjVFbzdzQU0?oc=5,
6a8497145dbd7dc252890bab,76daffbd91db22334280d4771f6453d657b7bc9137e0cc238a43c06b581d3b6c,0.7,2026-08-18T17:32:04.181410+00:00,"This is a weather alert/forecast, not a report on an active disaster.",Jagran Josh,ai,India Flood Alert 2026: IMD Warns of Heavy Rain Across Seven Vulnerable States - Jagran Josh,https://news.google.com/rss/articles/CBMioAFBVV95cUxNa3pGUDhHT3k0bHh1R29hN3AzaVZyYWJNa3ptVEJiS0xRQzh2NEgzV2hfUklwVUVmLS13bnkzdkJBbmhyWk1zRmJFQUxweUk5ZUtFbV9TeDFlUm53R1Q2eWd1YjA1RG5mdzBlY1pVSGJoSEg1cm85WmlNSDVLbzdFQkpObHhQOFJQY0g5YmlhUlRNdWR0TjRPMnN5NWVWYXVy0gGnAUFVX3lxTE01REUyY19RQjlnS0VpbEhFZHJ3NDhnaFItU3YxX1cxMGFkVTZyNGhTLW1uajhxUzdPU0dhelZyMC1NNG85UjVWYWliVHNiODN2RXZzbzVIUlZ4c0NUNUdSZ2p1cEwxZ1pkQWZHUjNLSzIxejZUUG96T1VONzZETlZMY01pWGRxUUthbzE5WnhrTkZNNGJxVnBoaDlBT1hTcjNpNjh2WWNF?oc=5,
6a8497145dbd7dc252890bad,fd1d79bd13a9dd579be871a27a3457c4acebc145bc63b39f791d878036a0ebd3,0.7,2026-08-18T17:32:04.246828+00:00,"This is a travel advisory, not a report on an active disaster.",NDTV,ai,6 Indian Destinations Best Avoided Right Now Due To Landslides And Flood Scares - NDTV,https://news.google.com/rss/articles/CBMiuwFBVV95cUxQS3VjNFVDcDFHbXJJLThoWG03NHFmQ2ZFQkpNZm4zRE0tLXgySm1HSE5EeG14SWZSVVBWQWI3Q2laNmNvc2tWYzRvemdkRWoxU2ZNa19LT3hyZkVpZlFVc1ZLSDY2eFhTS19BcURZM1M4UkFXYS15Qlk5cUNYRFJkN2J6RWRHTWdZeXlsRnY2ZXlQcl9HVHpVU2FzYkI5VXNIaUw1bVIyQjBkcy1aSl8wZUVxZmJPSDlVdGVz0gHDAUFVX3lxTE9qc2dMRnF0ZjJJZVUwU0dqd2lDcEI2THJrcDdpRHdZd2kxTHYwZzZXcTRkUHdST1dCeTRHZ3dEbmlqOXMtbld5RnlfYldfQjNsc1ZuaGhMTFRnU2hNa0lEZjdIbHZsMmpfVnV0WG9pamZJa29CVDBtVnJLZHFvc0J5Smh4TEl3SmloaWJUNWhCcnRYZDlpejcxR0lBZUNtcHV3SjlKYWk0Qmp4U1pEdWY3QzlISlJrTHc4RXVzUVdlc2R2aw?oc=5,
6a84972a5dbd7dc252890bb1,a884f768beb3776755bb236aad57a3881da5524f5e8f66589db245c86df7e7f7,0.9,2026-08-18T17:32:26.721881+00:00,This is an analytical article about flood-proneness rather than a report on a specific current disaster event.,The New Indian Express,ai,Why Assam remains one of India’s most flood-prone states - The New Indian Express,https://news.google.com/rss/articles/CBMisAFBVV95cUxNRmpfaFlNcU1GVHBnUFRVY1NPSUVjOFlkRjBwell6d1FmSTVjNWlNS3I2bi02cUxKdExkRDQ1eHZFNm55aThfQU9lRlhQTUpGVHREVzFQZE9ZeWJmTTZlYlY0aTVYYTNiUi1ZbGVHY3ZNekFsNElSWEtfSUhHU2duN3lTSS1pZkY1cTVOQzgwTnBuOFpzcHNBbExIY1Z2aG9hZFd1MllwY3ZyLXBjd1ZTONIBvgFBVV95cUxNSm8tMldxbGxjMmJHM0cxdDltN2dyUERjR1ktVUdsdGZnQjNuWlQ0UFpnQV9XanRaME14cFltQXk3MFA0ZnNrLTIxa3dyTVAtUTFIYy1ZcWJFSkdIZWFHOWYza1ZXd256NDVBMUdjTlhOR3Q4NlJycG1pd19kWEQ2UjczN3ZTQmlEendEU0tkT2lIWGk3bTBxdzBHYWNVcGNMU21zRDdhdXplU1ZJa2VaZkZScUpUWGdscTFrZWV3?oc=5,
6a84972a5dbd7dc252890bb3,b6563331abbe30562eacf70cce7e8bde1c9eabc47c48260326d7f62727b50d22,0.95,2026-08-18T17:32:26.809234+00:00,"This is a political news report regarding diplomatic claims about flooding, not a report on an active disaster.",ANI News,ai,"""Baseless"": India uses Pakistan's own data to reject Islamabad's flood claims - ANI News",https://news.google.com/rss/articles/CBMiwwFBVV95cUxQeGJSZVhqNU1rcEpXWFFOaG9leGFMeXJ6UmhEMmt4bTFKa3hxazl1WEJ3SXdpTjVwWEMzZzBYRFlFUjBCWmE2bmVIMF9xSTlUZ0N0X2VfS25DSUtwUUowejFxNmFSTGhFWV9famU4cENHUFlTcm1SdDJRdHZpS3lzWk1fN19rRFp0SEtaOGVUREhGcDIzSkZrLWhYUkxnYmJzOFdvdC1ZaHliZWdlc1BndXNCTzFCUldNRFpSRm9LeXZ3N1k?oc=5,
6a84972a5dbd7dc252890bb6,d31368e4371151f441ec8c34f82f161afc0a2ac95645b32d5771b003d1fd817e,0.85,2026-08-18T17:32:26.914715+00:00,This is a weather warning/forecast rather than a report on an active disaster event.,livemint.com,ai,IMD warns of flash flood risk across central India as monsoon intensifies - livemint.com,https://news.google.com/rss/articles/CBMiyAFBVV95cUxOTXZ0eFMxVTBMZjljVTZkR2xhWmNXMEtjRzBEY0lkRng4Nnd6Qll3TWR3NmJiMEJWRWRsWU9EWG5nOWtaMEQ1dnVWc3FUSjVaQ0lkdjdwTEJpMVZONU5KMlVGSDFRUU1IbklrWG1XOEl4VnAySmc2OXBxVUswRlprNUdtd2ZZXzNEa2JJNGpCUVc2RDQyWUN2Smg0WXZIb2IxSGxRY1BKY3pkWXZRVDlVbTBmdXZhdjRlR1B4b29NYmd6aHJ6TklmdtIBzgFBVV95cUxNWW5NWXRMM0lEWGhHalZuZGZ3TE1KSktJWUc3cTdIYzNVajdOWHMzUXN4LU5qcXlHbUt6SzNhUktxYy1Zd0VTTWpGbHVwQkVVV2VRYzM3VjEyOVlja3dZWUtTX2ZsZHhOT3Q1LU9WV3MzZkNqdzNFaUd2NG9PRHZ5VzBnR3FXNUxrd0g1RDQwV1ZzNmpFcERrRVhTbGhLRTBUYWNBWGRTeG1zUXB6R0xmMjE3dEhrSUJoUEJuRExVMTNvVExzTkRnakh6dWJGdw?oc=5,
6a84972a5dbd7dc252890bb7,69ddc975a3451414ad2c1f378ed683b31fe3895c842541e48b2273f65a467def,0.95,2026-08-18T17:32:26.954357+00:00,"This is an educational/analytical article about urban flooding, not a report on a specific event.",Drishti IAS,ai,"Urban Flooding in India: Causes, Consequences, and Solutions - Drishti IAS",https://news.google.com/rss/articles/CBMivAFBVV95cUxNeUFMMGdHRGNDdkJFNURQU3FERUw2bVR3aWppRTVldU9uTDlZd3dyVHdhNGxpSkRFQmxQcmZOd3hVNHRkcjVhbEQtSktoc19oQlNaVUdzbmg3Z2gyMG5DM1RONVRJVUVNOHg5aC1UcWRsQjBucVluakx2YWh6SEJnUE91eXZ3czNrajVVYXVXeVNLVjM2RVg3MnpNLUc1a0prUFZ3TXhwbDBJVkhmUmRwQmRTdVlZMDZDZUFSTw?oc=5,
6a84972b5dbd7dc252890bbc,932047b2f93774f831b410ba5220fbfd4d79cf1c044837e1df475a5236bb6e74,0.8,2026-08-18T17:32:27.359333+00:00,General weather tracker report; no specific disaster event reported.,Down To Earth,ai,"Daily weather tracker: Monsoon weakens across North India as Delhi-NCR stays hot & humid, heavy rain triggers alerts in East and Northeast - Down To Earth",https://news.google.com/rss/articles/CBMijAJBVV95cUxPblJlMkhFRmdKVWxCLWxfajRaQTJjS01peWpwZVBITHJJQU5lVE1zMUhLRzFXTFE4RWkyazJreWllLWZVQi1BSmFQeXBaRGdGR1dxcTNNbENDSTFVbXYyUTFTSGthVGN1UkZSbUt0UDJaSVowNV9KRm1CVHE3MU5waHpBSFRMQjVudGMydndPZGgtLV9INGFVMzI3bjRiR2liVnpya3hHV2xpeVJmdmZDd1ViVGZUOE1ud1E1VjJDalh2M2ZNVE5sbk5zOHo4bWtWX2N5ZE1zWDNJNk5FaWVvckhSZXptbUJvNU1zeGV5LTlkX0JSVmpSek1iWl9sQS01OGlIa2RhVml5bkZK0gGaAkFVX3lxTFB6OUZxSzhFNmItUnA2QjdJZXFabUl1ZWR5X05telBEZmd4NEVyY0tOY3RYeDJJajN3RFR0TzVBSDFQZmxVaWVNOFlJalRZUWh3VHNMN05tdGxnX0tyWTlQWUhkNXFseDBTUUxuSmxFcEZDaVZnVE5GaTZtemZwamJ3SUMwbTN2N09hN3VhYXRIbkx6YjFtMDVnX0NnT1pHMVpzV0dIb2IyN1R3YWF6dHZzUF9CTGlLclk0YzI5VDV3NHk5T3U2SFJxWmJ6MHVhSm1STWp3MW1JVUxCWEkxRjF6Yno3aFduRm04anp6SG5uRnV5Sl9BYzhfYXZTRzgzZUlhVnlqWEQxSjdTcnplQzVjU1JSdU9tc1ZrUQ?oc=5,
6a84972b5dbd7dc252890bbd,71aa0b5dbcc87f53635562e1e62a1452fff48a9bbf9801d3607f5ae099dd2bc7,0.9,2026-08-18T17:32:27.401143+00:00,"This is a feature story about flood vulnerability, not a report on a current disaster.",DW.com,ai,"India: When floods come, survival is a roll of the dice - DW.com",https://news.google.com/rss/articles/CBMijwFBVV95cUxOU3BZWjNvRjd1WXNtRVEzR2FYT1IyeHp1T3B4ZHVrS2treWNocU91elRKektwaW9HNlZldnNZMGdEUU9jTXFEVllTSkUwOGgzMDBNamZpR21pQ3pCbVF3X2pSeTl6R1ZBQ1ZhaUZoQWd5OHdPWFdwQzM2dW5hTGlEWWEzNDM4UXJGcDhfeVJMNNIBjwFBVV95cUxPU3NhTk9ZZUJIZTBjZEdqUWVjTi1YQVFIbW4xVmFxQ1F5NVBFSTVmZG1pZGZ6MEhZYmpqUHp2MllhMFdCb285elBSVDJZTXRqeFhuVTJhWDUtaUNXMTZXN19NaWppTkI0eWtrM3RXMjJWV2tRV3QzZVc5TU44ZkRnS1RwSC1UOThoZC1yNTEwMA?oc=5,
6a84972b5dbd7dc252890bc0,72c4ff6451636fe27a03740be5a3356992a3f158107b756bffe736b9f1644f40,0.9,2026-08-18T17:32:27.513893+00:00,"Analytical article on urban flood preparedness, not a report on a specific disaster.",Down To Earth,ai,"Monsoon-ready, on paper: India’s urban flood preparedness faces a last-mile challenge - Down To Earth",https://news.google.com/rss/articles/CBMiuwFBVV95cUxPQVc3OGFQTFpRQWQ1Zy1GYXFYdVMwVEVDT1lSQzdLMU1vUFRmeTRzZTdiN3RCa0FZaTZYQU1wX0hvdzNaUzRZYmoxek5YNWhubG85b3FsN0ZJM3ZPRS1FVDJlRklpbWhWdDB5bDhoSS1iRHR2UFBFa2xMTGF3M1cyRzFPTWxHSldBV3pWa2hzdUgyOGd0NllQYXFuZjZNcFlqb3BpOGNZUEFKMFloNk9PQTZvc0lzSDZaRGc40gHIAUFVX3lxTFAtd0JlN0VJT1lLd1QzV0F4enh6dW9aOW9qSDhwdlp0dFREUW9RcENXOHBzZWh0WGlRWU1tOVNvLUYtNmNwSEdnVWJUR2ZwcHRVa0h6WkxCbmp5Y1VGal8wQm9NbFd1eUNzYk0wMllQT2ZzQ3EyeU9iU3Y5R0w5dlJVQlQ1NU43U2w5cE9tN2pNU0o0SDhZMGMtVVIxeDlialhJTHRCWkpXdV9KNDNwRWFzZWxQWHM0NlRobnRUNGFpbUUwRHRlVWNK?oc=5,
6a84972b5dbd7dc252890bc1,975bf864793941e0e7b653f1851650d7e3a30adf663b0b10f8da65dfb9f9f857,0.85,2026-08-18T17:32:27.554009+00:00,"Report on relief fund contributions, not a report on the disaster event itself.",The Tribune,ai,Paras Desai-Led FAITTA Extends Solidarity to Flood-Hit Assam with INR 81.36 Lakh Relief Contribution - The Tribune,https://news.google.com/rss/articles/CBMi3AFBVV95cUxPcHpocDdBSXdFT2RNeTNfSXlMRlNFVDJmZGp6ekRNaXUyWE1CV0FISEM4ZXRnZlpncjVwcG9FR0Vfb0xDX0xmZmp0WktCVnd2dHdNZGVqZGM0VWtWWmtOWGJrZmVJT1FqVm1ZMlVhZmpFQ1BOdDltUkJDS1Rod0Z2UzR5c3gwMXBQVlNhSE1LdEhOMlZsYzF5MlNDcDNGQjlQTHRXT0ZmaGNlTDZpNW4zaVhjUDRjMEFVVnFxcVJhSlk5VVJRcXJEMkZPaF9acDg3c0pQYUZXUW02OThf0gHgAUFVX3lxTE1QeE0yX3B0TXQwUm9LeUlJWGhmZGF1RnZCUWYyR19hVTg2LWpUbEhQSlB0QndQMU92UkdpbW5ULWo1VkQySlUxU3RKcW5SNzJndHV3c2VuenNuWnBnbXpraTVYMlhFTklqTVhGSXhCY0tiNXhwUGVpSXlxX1pid2ZJNncwbUUxMUtHRmN5RVl4S25fTFhFQXNEa2Jfb3UzRWs1c083bnMyLXhUa3FValJ1TVpYM0I5NEN0bXRoTXBJaElSSnZhSnJ3T1BHb25YZThBbjlqdEdjdmlXY0hZZF9Y?oc=5,
6a84972b5dbd7dc252890bc2,7046059895c00c66fb9da1f13fcbf70b5b9993345916bd0fa44780474bdba08e,0.9,2026-08-18T17:32:27.591556+00:00,"Analytical article on the causes of recurring floods, not a report on a specific current event.",NDTV,ai,Assam Floods: Why Extreme Rainfall Turns Into A Recurring Disaster - NDTV,https://news.google.com/rss/articles/CBMiqgFBVV95cUxQcGR3bFFXUVYtR0NrcTlMeWltRzhadkI5WXJteWJ5LVVDbDRXOVcyVjdSTTFHU09fTUxOVzVlYk9FUmlQaXp3YWhRYVM3dWk4cEt3WEJVc1ZhcVc4bFNrWjFGeUZMZEJQU3hyNndTS29CazRmSldXQkFwSFFLVlloclNPMFhPUEF1cm5vVDhmcWZmemhkbmlIcVdCZnNubVR5ZGhNSTR4S3JjZ9IBsgFBVV95cUxQaG44R1Y2c3RNVTRVc2l0aTlVbV9YZFpoYllLdk5nSU1rTFpiTmZRVTRFWU9WYjRKSVBwVFhxRXBzX21HSnlQOHQ2eERwUGFnYzRDVEllN1A5RnV4T3NNRWJqZTZ1Rllsa2VKLXdKN2ltQmNfbFgwZ3ZJSndxb3BuOEFpTXZOVzJ5U1o2Q3F6REduYjJYWDBRR2t6MnNKRS1ncTRUb2p6WHVXRVFlbk9lTFRR?oc=5,
6a84972b5dbd7dc252890bc4,1e734ee19938df03c62821cea82cca04288e4a1ce8b6ca586a821d5978a013c8,0.8,2026-08-18T17:32:27.673664+00:00,"General news analysis on monsoon patterns, not a specific disaster report.",NDTV,ai,India's Monsoon Paradox: Flood Alert For Northeast While Delhi Sizzles - NDTV,https://news.google.com/rss/articles/CBMirgFBVV95cUxNVThHNzZBc1huTkRvQXFYOXlHdnlaWEpzT0J3bjBoS1V5aXdXa29QYUhnZk5WMlluRThFZDdvT0dKUC01ay1DZm1kNHJGSUZucVdaWG43QUNnVHpwczBqek1DWUdmNXdCZFlvTTEwZ3BsOUtkeHhnQVJjQ3FDNXF1QjF0QUlzSjRjWUk2LWh0YzJkbEFOZGRjSGEyakU2T3NmeXVpRU95YzllZGxpVGfSAbYBQVVfeXFMTU9Mdk95YnpkQWFfU2JEYlJDbmpDMGE5SzhWbXFISHlTemJxMXdMMzdZZVgtdjdmR0J2M1hxTGx2SDNjTm5sX1BBNGNEQjE3c1YtTjJ1TzNubjh0ZVU3TzV2Wkd6cWk1MHN2THlTblNPZnRXQ09tQXpFLU0xWWlxLWI3M2dnS2p2Zm5pNWJRbW1ReFB4aEhtUkJuNW9aM1EwbGdySHB6eERDb0M2a0NyVkV2NmtabkE?oc=5,
6a84972b5dbd7dc252890bc9,70e2835a0f2d10ed7410bc1697b7096fa9706ceb963147a716ba7c6cfb4b889a,0.95,2026-08-18T17:32:27.858803+00:00,"Political statement regarding international claims, not a report on a disaster event.",NDTV,ai,"""Baseless, Contrary To Facts"": India Trashes Pakistan's Flooding Charge - NDTV",https://news.google.com/rss/articles/CBMiqwFBVV95cUxPaUFDbnVkWEk0S3Viel9ubXZMYXNrazl2NXlSdzFxWWwyVmpjeTdSVkdTcU9DVV8xM2w4Yi13a3RDU3BqMWV4TDNNTzJYTG9SUFItN3V3ejhPZWlKNEFsUGV4UTJIeGhNNkwxY1hZdDIwdU5MODdZajBmc1k2VWFHSV9LeDQ1M2NfTUEzZWg3VkNhMDdDNDFRaFpGN0V1ek9NMjRaQlhRQ3hEOFXSAbMBQVVfeXFMTWEtd29GZ0dlRVc5YnBQNVg4VUFZSXZMY3U4TUg4bm5DNF8wemdFVWI0Mmw5Y29HNDZGYV9jczNwSk5FUnlWMXdGN1diSEdfVVdQSW5ZT2hvcjlBaHpzR09mVWxWQjJFR1ZyMVBvXzBuRk9kYnN3dDRkdmtpbUo4aDJFUEFIUkdMaG5XS0M5WEJyS05ORF9OZUREYjdpVFhEbkZmMVdRNUdTZ2Y0RjltSTdiNkU?oc=5,
6a84972b5dbd7dc252890bca,5421a6a1b2052a1c6a5560677886add9a3e0af70b9aee5fb0d7e48fbe7574e49,0.95,2026-08-18T17:32:27.891928+00:00,"The incident occurred in South Sudan, not India.",United Nations in India,ai,Indian peacekeepers reopen vital road in flood-hit South Sudan - United Nations in India,https://news.google.com/rss/articles/CBMilAFBVV95cUxOVWlLQkRTTHFfTGJFd1Fmd0VSVURMX3lyZll3N2gxZXVOU29sZ1N3Qkh6WVZHNEZScmsxVDBTazdZR3gwc3lsQmFtdmNySUswQXdCZUlBMGRjZnc3empLZHBoZDJjSU42SDBfVmhGVTNxMl9tTjN6Q0ZFNzBHNkpSbHJWUVdPREVkQTFQN2JYZVJ5b1Rs?oc=5,
6a84972b5dbd7dc252890bce,6eb94528699d06d98232203479213055b0159b4c9422fe74475045b38a8e2aeb,0.9,2026-08-18T17:32:28.028556+00:00,"This is a retrospective scientific analysis of a past event, not a current disaster report.",Nature,ai,"Sequence of events that led to the South Lhonak lake outburst flood in Sikkim, India - Nature",https://news.google.com/rss/articles/CBMiX0FVX3lxTE45dTdtdmlKMzVOa2lmZnF1NHQ5YlI5U2JWXzlraklubEhzdUZFTVQ4dGVIYlhYWTM3UTlFUGhYUjdUT3RDanEtVXFLMFkzdDF3V0tTa0VGX0lFS3UzR3Bz?oc=5,
6a84972b5dbd7dc252890bcf,9d879ee732ada9d15e284b0c0bb8ee790a5f09008b275f5e154d5f6407217d87,0.95,2026-08-18T17:32:28.061892+00:00,"Analytical article on urban flooding ecology, not a report on a specific disaster.",The New Indian Express,ai,Urban flooding: What's the ecology behind it in India? - The New Indian Express,https://news.google.com/rss/articles/CBMiqwFBVV95cUxOb2I1Z05DVmJianZxdjMya2pGdWRMeHNtTjg5SFp2WmIxamhmNC1mSTc3dEtsSkhVaWptWkxhdDh0Si01cEozeXJlYVJHZDVZQlJCRFRWZjc0djlabGV2eUFVNTZ1VmVLS3ltQ1ExQmFKVWVfWWVaYTI3cUdXVXJDUnFFSU1qSDF0MmZjLW1VUlFwdEhFRWtFSko0Mjh0b0dWc1FuYjlkU1Bfd3fSAbgBQVVfeXFMTlhCOUhGMHRfdFZZOEZWemlsX3BDNWpIZzYtNGxyMDV2eFNvTHFPdjRVVXNzR0ZOR0N5YmZIUDluaVBpOGVvYnpITEZZMjY4TGRJUDctN1luZE5Hb3JheEJQbjNucFh0Y1E1OWI3em9HcjgydFlSdjFIb2drSHVyYWNpeGxTai1kb3I2M2tXOER0S3NqVEozX2tvaThkcGVKZWJlQ1NUOHFiUDZJaFpTblFKR0Q2MEhNVQ?oc=5,
6a84972c5dbd7dc252890bd1,670cef7ebf18f510ee4b9b3b27dc0a4ee8fa808aa1ea6163627f536662dbcb71,0.85,2026-08-18T17:32:28.127313+00:00,"Report on relief preparations, not a report on the disaster event itself.",ucanews.com,ai,Church agencies prepare for flood relief in India’s Assam - ucanews.com,https://news.google.com/rss/articles/CBMilwFBVV95cUxQY3o4RXl3YmVJeElBSGN1NE15elBIZ2FYdEd6REFOQkU1QzhnOGYxTFdZb29hVEZnTVBJSEhtVE9rb28zLUFobG1XTjg1Snhnd3o3LVBzclpfdDNheXZHSXFaaVJTd1gtS2R6aFlaVko4NUhBOUcxWEFaaUludjBTU2VfN1NHVndwSWEtNWEySko3Yk41T1VV0gGWAUFVX3lxTE1hVzhrc0gyUkE3QU1meXFYMWVSNHpUeGo2MU5JbXlOcGlmUExvWVZaRGhqWWdQUXo3eE5rczJldVlGNHB0OWhOZm1SU3ktaDN0c2V0OEpPOWFERXRTY0RxVEV6QkFMczlNSEF2TEwwSmVlb0NFUnU4SzQtRE1VanhzVFlFMm5KTndKQU1sQWtFc0UyRXJjQQ?oc=5,
6a84972c5dbd7dc252890bd4,8b7bb6e8188537def7b21a396ecd0420bfd994004042a8d98cbea38915c13f11,0.95,2026-08-18T17:32:28.253120+00:00,"Educational article on flood prevention, not a report on a specific disaster.",The Better India,ai,"How Native Plants Help Prevent Floods, Landslides and Soil Erosion During India’s Monsoon - The Better India",https://news.google.com/rss/articles/CBMixAFBVV95cUxQTlFnamRnSm1KZ214QnNmNEpCMUJ2XzExWUJjUFo5MzM5bmV3S1hZXzlSOVJscThXY0g0ZXNPQ1R0d1V0MnJJMzJzNDFySm5BLVRrMEdUS0E1QWtnbjFJZkVjdzl0d1pOV19VY3FmLTBSWHAtV2ROVE42S0NYdVU5bkdBWWVFV1UySHBzYVY5SS10TmtLcXJsWjV4UXdVamc3el8wTWtHSzg4SGJZZGNPYnl4UjRfUFdYM0h5QjhDNGpOcEF30gHKAUFVX3lxTE1JX1ZCa0RsQ1RsczIwVmVlMDFnTFBtUTNRUGhfdXNIdnpfTzhFWl9fTnF0Q2thRldMTmtocEVjQ3MydkQyaEc2M1NkTWtjcy1WVWNfZmFxemh6TV91ZkxUd05YRUpWZW1TS1IyZlZuMW81T1ZIRnpBTHlPRmFrYWFOUDJoMDQxdXExZTNjS1lYTVBIVm81eDdteG9NV2lOYjJHSzVlc29LQUpSM2FjVWxDYzE0bkhiRUtJdllvTUZVTS1OeUQ1dS1Ranc?oc=5,
6a84972c5dbd7dc252890bd5,838f389a5167524739c18d162d2ca4d4020c2877fd9e59afb042f4a078ab6321,0.9,2026-08-18T17:32:28.286088+00:00,"Retrospective study on past floods, not a current disaster report.",Mongabay India,ai,"July rainfall worsened August floods in Punjab in 2023, says study - Mongabay India",https://news.google.com/rss/articles/CBMiowFBVV95cUxPN1pfVnFKdkxhUXhQOG5udFBKY2FGMW5IY2RERk5zaDJDZU9TaTR3aDgxQWw4LWVQRkktNVFWQ3BMdEF4bjJOQzFoZGRudFhZcEVDdDJvM1hiQUxCdnNPalN0UXcxbkJPVmNxaUNRd0MwQ2ZvcW5HQzB2U29fcVdKYlVkTHVjX0FTNi1FNkJ6WDg1WU92N2lEV0FHMExOdURUOVFr?oc=5,
6a84972c5dbd7dc252890bd6,c3bd1d9d114f6e77c2ec564c60c3b66ecab1e62f4e227a42d277e2ff6e2b99c3,0.9,2026-08-18T17:32:28.320505+00:00,"Report on international diplomatic condolences, not a report on the disaster event itself.",ThePrint,ai,"UAE expresses solidarity with India, conveys condolences over flood, landslide victims - ThePrint",https://news.google.com/rss/articles/CBMiuwFBVV95cUxOMTY1ZmtIZmpzbjFRUk82RFRSbllEcHJFdldCVXdUZ2tZZlNTeFlvZnJ1Qnd5bGN6Zm0xNkFYa3dHUktvXzBpS29laFZQSGZMUUlKcWM1cTRHU0JmS09iODFEZXlyd0c0a21RY1dvaDlWNl85Mk1SZHZDSS1RenRHTk4tZm9YaWU5WWVJSXYzSWZqT2w1V2c3STFmNDdqZS1RYkREb2FPSFJSX3dGN1hRUnp1WlFhR0dsLXQw0gHAAUFVX3lxTFBnU1o1ekREcVFkdE9fLWpmQkt5cEhtZkJwdEprLXUyYmd2bmc1dDNma3lBd1R4QmV6WGJRWHEzdHk2LUNJemMzZXczX1VrLS04X09sd0hOTW9UWGMyZkRqbnFMVnhEcUh2c2YwY185LTNUTTRCeE1Wb0hNcHA2LTJDc01DVTdqTkJHWndva3pPcW1ta2toZkh4VC1EWXViOUFNRC1Ed0NwenlmWV9Kb0hINV8xWk1taGxYVFNGeGg4eA?oc=5,
6a84972c5dbd7dc252890bd8,b14e5cc29d0f984c62825eb82e62b4ff0157ed89d79ae9407d14f24fe27609d8,0.9,2026-08-18T17:32:28.403645+00:00,"Feature article on the impact of floods on the elderly, not a report on a specific current disaster.",Down To Earth,ai,"When floods come, India’s elderly pay the heaviest price - Down To Earth",https://news.google.com/rss/articles/CBMilwFBVV95cUxQY2E5Y25oUWhiQjREV3FWX09sODJqa1RmQzlpUkNyRUhhQnFjMFg0ZFRXMEhJQWx6QVlaZHF5M3hRUDlzOFRoTFJHVjNPaHZoOGJreVJ0QlN1TWw1bHFkR0ZvMVVILW12WVotNEpVNGYtczd1ZnlIWW9VT1JyQlF0dXhLY2JNX1F1OGZ3UGFHaHRRZG5UUDlV0gGkAUFVX3lxTFBGTENSY080b2t6Sl81MG5oWlY5R0dfWFo4YkwyRXNyU0hYVkZTQkh3VXg0UTdPZVRxWi1MTTlubjR2T2NjZWpjU3NrQU1ucHE0Mlc4aGZoV2Q5X2dhQW02b1NUM01sdmJSamhsM2hISlZlcGhydWdmM3hwM3FjZFVxUWZkcXFTOXRMZGNZWnN4NnRtNG1XS1haNUV3RF9kcHVsU1Ro?oc=5,
6a84972c5dbd7dc252890bd9,f0b296904fe337d6ab4e536fdc3d774ed65783923daff12764a5f92a59250c4d,0.9,2026-08-18T17:32:28.673688+00:00,"General article on infrastructure management during monsoon, not a report on a specific disaster.",Northeastern Global News,ai,Keeping roads and train lines open during India’s monsoon floods - Northeastern Global News,https://news.google.com/rss/articles/CBMiggFBVV95cUxQSUdOUXdKaFhSdGxydUlOb3o3UENUaGJxLVpzbURlRFpWaTJmU29RZFVOai1ZaFFWNnl0MVZBMGEyTnhoVE5YbWNpb08wLUNfQjhRdWF2UXd0N0NWZFpQOHJaTldDNXI1dUh2ckdrVF9teFV6NXJNR2FrXzRRUTV5Q25n?oc=5,
6a84972c5dbd7dc252890bdb,4f7d3b3075597635869de2fb17793cacc1381ee8f6eba11b4dd5bb9108a723e8,0.9,2026-08-18T17:32:28.749284+00:00,"Scientific attribution study on flood impacts, not a report on a specific current disaster.",worldweatherattribution.org,ai,"Flood impacts in Assam driven by high exposure and structural vulnerability, amid uncertain rainfall trends - worldweatherattribution.org",https://news.google.com/rss/articles/CBMi4AFBVV95cUxPSHdEaDFXMEZEOHo1cTNwdEgwak5Hclo0aFNSeWFxRnhzakdIRlFTTEJjMjFlUVVvX3RSS1YxYVFDVnBXaEc3VWlUS2U4bTI2SXJKVzdCN09UX2V6NkhuRnB5eHNmaTY1aTczRnhGakNJYkRUNFFmam9BWDc1cEJOZV9HWjFjLXhCVHFRajBFb1Z6VFNaOWQyRkNFdzFnaFZBcERGZ21WWHVEMUNzanluWkNqYUJSSWNFV2RzSFFsM19VZVdPWG5jUUtyb2NybjFUT3M2T1gtMlVfaTFtV1lzbA?oc=5,
6a84972c5dbd7dc252890bdd,35bbad75e5419e8242332046a3468f91a011bd9e59df08654d0a3d2593349d4e,0.85,2026-08-18T17:32:28.820734+00:00,"Report on government aid package, not a report on the disaster event itself.",ETV Bharat,ai,"Odisha Flood: CM Majhi Announces Rs 1,000 Crore Aid Package For Farmers, Affected People - ETV Bharat",https://news.google.com/rss/articles/CBMi0AFBVV95cUxOV2VNZnVqR0Z4OVVaTDZPTGx5RXVoVDR5UEsyMTc0eENlRVRRWWtRd1hhMHhTR0Vnal9uX25INTZ4SVRaTmVBMTZjdUhYUzFIbmwzN3ZWaXVEbDh3VndRcUpaSzhmWUxGd3dvREdDMW00MFhPQm9yTVZCeEFBSG5RN3MtY1hHZ29TV25lLXVHMG1Pb3N1MFVHaTJzZFgyWTBaaWpyaVV4NzBlSjYwbGpTUVBXZkRxYk1ncU55cTU0eHJQdmZZWC14ZUt6cXpha1lE0gHWAUFVX3lxTE0tS3JjaEQ1bFFmdHZzU3hxRHZIVU1oblVTcXNRVUk2Q0xoaVJiVUdRSDhVLUpNU3VkbDVaOGVva3lsTVdlLXdqTHFjVEdtTjQzd1dHVDVtRm8yZ3dMZzNhU1haZkU4OW1mLWM2QTlOa3ZPcF9nZzlLN0s2NzdHdDNZZllMbTZsSXNlbWlkQWFaX3cyMGh6NlBPUHRmMEtVQUFGNHZvR2Q4TUpWcE42WUN5b1NZdTUxTVkzNjU3ZFE0bkp0LUhWbzl4bkpmeGRUcjA4X2txTWc?oc=5,
6a8497545dbd7dc252890be3,0fbc3221a45c8d67695fe3b164550ca96d5469767530948f417df0916bd1a6f6,0.9,2026-08-18T17:33:08.454570+00:00,The article discusses flood warning systems rather than reporting an active disaster event.,assamtribune.com,ai,Turning upstream rainfall into early flood warning for Assam - assamtribune.com,https://news.google.com/rss/articles/CBMiowFBVV95cUxONklDS3g4Z0lNdFFZNjZPNVV2Qi11Mlp0SlhDUVBBZms2QlVqYU02Qmo5TWJnYmlPSEQ0Q3BRMUlVSDhlSHdfX01vcmQ0OThubEhHWlVRZEpyRUw0TW5PTEhFS1FJb0theXZObUN1akVTcFVhZzBSQWNDamZweTRXaHJEZEVMMU1USnFyWlRaNEswbkZwc09SWWIxSlFIb2hybG9r0gGoAUFVX3lxTE5UbFNFUGtDdEJsM18tSTlleExpc2FXX1o4M1hlTjlTVXVzclI3QkQ1NHNBVDVibnNScGd1WFhWZEJXLU5MR2NhTGcwZG9tWGdab0tfU1RaS3phV2dIcXE2cUY3VldES25iS09sUEdxSHFBaDlJNXl1MldEbXNZQXBpVjJOVjN5WEQ5UFZNVWNYWXBONF9oUVdyTXpTVFpsUVVxaDdIbzhFMQ?oc=5,
6a8497545dbd7dc252890be6,324110fd196171caee2d6c3cee5261f066c4f48ed8f1f7d4947431b45625e68a,0.85,2026-08-18T17:33:08.562527+00:00,The article is an expert analysis of environmental strain rather than a report on an active disaster.,Down To Earth,ai,"Kerala’s recent floods show Pamba river, Vembanad-Kuttanad wetland system under enormous strain: Experts - Down To Earth",https://news.google.com/rss/articles/CBMi1gFBVV95cUxQNGduMHBjUVE5eWxORFI1Z0NyaTE0RkNzTWZRcVNON0pDclFMWVQxRjZ0UUxyenFBb0dhU1VtbDVUeno0U25aRkNZMUoyQnhKNU5fbno0b2Zmd085bjZuLXlad2dGRkZNQXZqVmlsWGh4ZDdmZjZ4SHVNQ2lHV1l6S2pYem4xTkpfNEg1Rm5IaUNsNkhUUmFtaUx0ZV9ibWwtSF9ON0hUZ1R0RlFWdEpXbUpsUTNoVGt5d3dPeUdJMFJ4VmxRYmhTNVlmd3hwZFZNVUQzdU530gHjAUFVX3lxTE1yYk9nM1hWclJsTlFDMWVfSmZIZEdUY2FpWTgzTVpvSWh5dW9ocG9Oa2tlNERUUlFaQ0JMV19tei1GVXp5WF9JeHBzTVhLMkZ4a1dpWXlIOENhNkJOLW1KZUNUa093Znd4cWtCR2dIZnZXNFlWNWFaZmRPQW9GbzdlaDdjTENWWEgzSkNaTUlUZFltNzJ6OUkxUFlQeF9ER001T1NYRE51enFKUHQxUjM2N3o0SmcyZmgxZTh4M3l1ejljSkdqRVgzdXBTUWpWeFJBX1dheUREYUE0TlRpbk5VTGtj?oc=5,
6a8497545dbd7dc252890be8,81b0148e4a3f7cc95353aaa5a5e7997eb9743b3c1365c76eb7a2c466e99bd817,0.9,2026-08-18T17:33:08.627658+00:00,The article focuses on government relief funding announcements rather than the disaster event itself.,ThePrint,ai,"Odisha CM announces Rs 1,000 cr package for flood-hit areas - ThePrint",https://news.google.com/rss/articles/CBMimAFBVV95cUxQZmgzN0NzWlh0TjJxTHE0Rk9tT1lnNndJYmdFUTRydU1OX0FjU3ZXZW1tV2M0RlVFaWxaQ1YtWG00SlNETEU3YjRVak9RLW9lM2lJclQ4OW1EaVJtRE5VUW9RemlVdk1RVGtTUXNCdEtxakFtbUFiYWhvbzI2cUx0NTBPODBtbzYzbzViVTNtcmQxX21BQ1NFbNIBngFBVV95cUxQUXlBMW14Z2hzWHdwN3FpTzlWdzNxamRxUjVUS2EyeXlTZGZyY2ZlOHVhVlItY0NrUlh3QUQ3anNUZHNra21MZlhtOEMzVFlGeXB2WWRrTl9UV29OVEw2cHBwRDZiYndCcHB6NktheVdqckRWS2haT2dvcmFJaGR4WGdXeTlLYVFNNnh0Y0xDRGxrX1dqU3dFTDY1SDkwdw?oc=5,
6a8497545dbd7dc252890be9,a01287ff9a07f0ee0c6c909c10c88de87c7ade0f3fbddd4bb4923e5eb7be8f4c,0.9,2026-08-18T17:33:08.672902+00:00,"This is a legal/constitutional commentary on recurring floods, not a report on a specific current event.",Live Law,ai,Brahmaputra Floods: Assam's Unfinished Constitutional Promise - Live Law,https://news.google.com/rss/articles/CBMingFBVV95cUxNTmpSeVBIcVJuSm9Xbm5ZY2kyRm5DUGIta1JFTkJodG9aYTNOdGhqQ19lTFVXWWVJR2s1bVFhYXljVjZEU0JhX1pMTmdmdzVMZmUxeG8wbmcyRlFaMDdGNjk0VWZ0MzFBY05ma2lDMFhpQl9ZMlZQVmFERkluQ1Z2dGt6bVRaVFFMV3R1TXZiZ2NZZTQ3QWM2bHQxOE84UdIBowFBVV95cUxPNHlreFktdVlTNmR6dmw5dkxSaTlBMmZ4dDVJQUJNelNJOHl1QWR6MDNFUTJrcVhBMmxZVGpJYnNiM2hSNXJVMF9UeEZESE9PS1gyYXhZLW1QeGppY3Azb2FQaThwN3lvQ1g1MEk4U3ZIem1HcUx6ZGRKSzJiaG1hc0hnNGlURWNmVDZDNno2S3BUcVd0ZGdUaGNNemswTEI3WlNv?oc=5,
6a8497545dbd7dc252890bea,73c958c6b61edc697f7606d6960ad8a9841ec6cc230b594c1e73daf5718df69e,0.8,2026-08-18T17:33:08.705303+00:00,The article discusses administrative transparency and survey procedures post-flood.,assamtribune.com,ai,Assam floods: Damage tally to go online in transparency push; 3rd survey possible - assamtribune.com,https://news.google.com/rss/articles/CBMiugFBVV95cUxQdXpwUjBoalY1TWk3SUtRX0Z3S21QQThmQTZvVDRRYTJrSTllTnJVV2F3YTdmYTI4LUF5TzZqaDUzOUlYZTdzbFZCT2VXQWtfUTZ2X1RoRm9aLUJYQ0wzN3F6eVpCeDlFbmdmRUlJaEJzUVpSMm1fZXRjdTdBVmRtYVhTc1RTc2w0V3A3bjVPRzRWT2tvTkJFV3o3RjVDQ2FOeDJDR3hELXNCUVZoZGp5cFc0TDBYNGppUUHSAb8BQVVfeXFMUC1MX29MeGhacEdlc0pyMk1DTTY3cVNBX1ZZTVg4REV4eWV2ZGJOQWVlMGhTVFZJUWExdlZaaEZVbUc3X1dNTmJoZFZ0X21aZm9NZWJoV0s4M2VNck9XcTNXQWZmWEh2U2lEc2RmUTRyNjl4M2pJRUNUUjhRRzJ0UGFIcDRNQ2tkVFZOS0hvSmZQNzJRVHQtampsTnNBeW1nQzBuaWwtSi1aek85aEFjTEZhUnBTQTZ4OEpHZENBenc?oc=5,
6a8497545dbd7dc252890beb,dad8330e5ce92a7a09dc54fc8309e2fbcec31ee1572ed16f995b6228cad473d4,0.9,2026-08-18T17:33:08.744155+00:00,The article focuses on government relief package announcements.,Pragativadi,ai,"Odisha CM Announces Rs 1,000‑Crore Ten‑Point Flood Relief Package - Pragativadi",https://news.google.com/rss/articles/CBMikwFBVV95cUxNUk5rSF9MQWgzZGNvaVVUSFdvUzVGWHRoVmpKWGhKMmxGR0xFSEJTenJhendJSEdlRW5MTTBEU1hLWXpVQW10SG5mRUNjR1ZxODNsV3RNaXR5OU5QVnoweGFhSllHb3E1TW5Mc24zNl84NlVBcnV0SjZramRmUnBPa0RkMm56NFpoaHBxb3BXMTd2S1k?oc=5,
6a8497545dbd7dc252890bed,74c3b01cdd7a05441183990319b710fc6b75bf486f095f405797f3cfe7618f81,0.9,2026-08-18T17:33:08.817804+00:00,The article focuses on government relief planning.,Pragativadi,ai,CM Majhi’s 10-Point Relief Plan: Farmers First as Odisha Battles Floods - Pragativadi,https://news.google.com/rss/articles/CBMimgFBVV95cUxOMTljd1hkR2ZXZ1c0YU9tMzJSTFBxbFFtWkdRaVdwZ3NyV2lIRXNIendVUDRFRGN2cmxBWUZTQ1BIczNpYnkzNjFZQUMtRXZQeXRVU0JZbXlReUFoT0paTlZ2Uk5nby11RTJPY2F2Z0pCT1NEeHNQc25Ob3pudGQ1Vlh3V3pTV3B2MzAyUHNZd3YyV2RhdXV2UlVn?oc=5,
6a8497545dbd7dc252890bee,2af729addb9cf4b3c37897a2b54d2ae971ead4e24beaeb602ee1b9d57fab1327,0.9,2026-08-18T17:33:08.854183+00:00,The article discusses rehabilitation funding estimates.,The Hindu,ai,"Over ₹1,000 crore likely needed for rehabilitation of Assam flood victims: Himanta - The Hindu",https://news.google.com/rss/articles/CBMi3AFBVV95cUxPMXQ1cmN5M3h1V1piZ0xBaEpXYUttNldjVGFuNDV4X25wVHlGNmF0TklQS3R6TFhlVzk3SWNJQUZ3a0xLOTBkQ2RMMDBMOXN0UjdOSXRVRUhrV1hJX1J5M0F4STBxbklleGpDUElaamhEcVFOekFwX2ZxWTBtOG9NR1RKeEh6cE96cHBjcGdxMGRkczNHOU1ZeTc5cVNLUVViQ3UyTlZGa1h6M3pwVXlPLWNReXFfTXJaejFwb1VUeEVrQjlCazRvWVNJMDk2V3NCRzRtbDNjQnpTQUlx0gHjAUFVX3lxTFBYbHg2TkhsSExfYlpmTHYzVkZyenlBbG0zTHhwbENyVnRVSlh2b0l0V2h3aGVYRkpTbXhsOGZZOUFRMUJTRGJEVkxXMk9iWGpxdXJGNXVwNFloZGJzeWNYc3hBNkg2Q3cwOFlVTGJnczB6cWdzMVlleUxPeFd3TkZkY2ZjWUZ5dUxrY3BLbXdVLWVQQmFIcHdSS296OTRvdV9oSWVyWlp3ODZ5RVRmczRnUVJVa25mYmdqR052dGxPZDhON2JBVG9DN3ZRd2E3WWl0QXNhU3Y0SGdJR2MtRnhfb2Jv?oc=5,
6a8497545dbd7dc252890bef,80b4ba1b338c299f763e47c5a23cec504bc5b40efdf74329fc4362045289cdf9,0.9,2026-08-18T17:33:08.890776+00:00,This is an analytical piece on the causes of annual flooding.,Down To Earth,ai,Assam Floods 2026: Why does the state flood every year? - Down To Earth,https://news.google.com/rss/articles/CBMipAFBVV95cUxQSlJYMnJKc3oyUmM3bENBRmlCTXI0SWFoNURPMlBSbEd0MUl2NURPbUJ5ckREbU9EcGNxdmNIN0kxUjE5eFRvY0wxR2N6T21GMlRHZ0Q4b2ZyRjBSNlcyVzFkU3M1RTBQdFk1Y0ZqcWVBYzVqR1o5bDdxOGhJQTVOR1VRMmQzV1hVZDJVX3ExaTRvRXp5TmJDMVlMNlBNLWxMSUpvWtIBsgFBVV95cUxNckFxcHpaNHVjSTFmOUNPTERldDhNMU9KeWk3ZU5tQVZoVFVtd0R0NnZ4d1BJdnY1NnJZLWhUSWY5M0ZHd1dySDR6Rk5ob2lYV1VmY2dDOXdzd2JJdGtiSHVVcEp0aFJ1U3BON1VDWkEyenVpQnZaeG1sUzVrUjBoQXg5WXViVnc1M1pPN0V3eHRtcGx4cTZYRFZkU3Y1M3F3d1gwM1c3MnU3c1lQbE5YS3RB?oc=5,
6a8497545dbd7dc252890bf0,dcf78e3e00ebf8ea2469f3c67563bd9ba17471ded15846de4db7d133aff40498,0.8,2026-08-18T17:33:08.929163+00:00,The article discusses a legal/administrative issue regarding a relief vehicle.,The Times of India,ai,Fine on flood relief vehicle: Kerala HC seeks govt’s views on suspension of 2 MVD officers - The Times of India,https://news.google.com/rss/articles/CBMi8wFBVV95cUxOUzRFbzBBZUJVeHVsVTNGTEJVV1J2UGVYcDJ1Uk1HQU9CbkRMWHo5TF9sQVQ5bGZGRzlMLVp4RWl0c2V6NlQzNXpRWG03SjhkY1NSWUtuWDVYZHU3WHpIR1ljdkJGeFh2LTRuTms5TXkyc3EtMzY0QmJrT0dGY0NQaGxiLVZQMXJEcjdvM1RvUnp4TWhXYk5XbnY0eHNBdzhobUJVVWJZamRlaUlraGZoN1VNMmozMnJ4aVRfRVcwR1RfNEd4TC1pT2ZMZ01RbElLcWRYX05MZnpXazFkcVJ3WXJoVWdwVDRQODZ1QnYzOEhtaU3SAfgBQVVfeXFMTmlZejgwaDkzdkpyeWtRQlVNZThQNnQ2U2V3djhlVUVXRWQ5RE81RlF2U0hlRHBOMVdiLVBvVDhLYzl1WjkyVjQwUVA5bXltWWFGYXpPTWtfSGNpTTRjb1FCSXByaGNlM0xGeEI3akhZekFVOUdfMlVkSXR5YlRiaURHUlFzcGNkakh4c2tGSGEyTkRvXzQtd29ZNXlQOEZhMnBjcGZrSXdibXM1Z3kzUE9lRy1qOHc0cFd4TWhPM21ZYk5saW1WSkQ4MnVRSk0yQXY0aUQyN3BRSUYxT0lNU3pQYm5tdlIxejRETV9SakFGeFRxdDZDMXU?oc=5,
6a8497545dbd7dc252890bf1,b9e194fbc672db3fd6cd854f3565a6119c9dd595003fc138bef5c291adf4417a,0.85,2026-08-18T17:33:08.965795+00:00,This is an analytical report on the causes of flood impacts.,thewire.in,ai,"Mismanagement, Human Factors to Blame For Impacts of Assam Floods, Not Climate Change: Report - thewire.in",https://news.google.com/rss/articles/CBMiqAFBVV95cUxQSWNlcFdrb2kxeFV1aElsWmZrZDdCNjFPNncyem1RUTJ4LVVEUTJ2czFJWXZpUTBUOHJjZDBYc1F3U3g5UHdIOUt5bkx4dkwwTy1WU0JwQUVsN2hVQzR1aFRkVkxMM0dybmx1cnRhVWdTWEM1LVNZLUhoTWE0Y0h5U2JuZkg1YW9BcHVsS1pYLW0zNmRKODVaQktELWk5Y21Va0NOWnR0aHrSAa4BQVVfeXFMT2JiODlZUk94Q2s3Y25fdGxNRHZod3ZZQzNSMElhYWdTczR6VktJQlNJczVlbHpTSWZvRkNRb25RZVpwbGlIQmstcno1XzNMOC1pb1lITkFjV3RIN2g2b0x0MzNqY2pZUWZ6cFoxUU5ieUEyX1RRb09rNHE2b2JKOWQ5SGoycVZPVnpYZ0F6UkFHV3piUkNLVGZGMVNwRWo1SU5OOFRkaEYyajlwaDVR?oc=5,
6a8497545dbd7dc252890bf4,a73ec7f0f78cca861a31ef2390efa12c17fc268e9f54dd91b72179d5c44577fa,0.9,2026-08-18T17:33:09.104107+00:00,This is an analytical piece on ecological degradation.,Down To Earth,ai,Kerala’s latest floods show state yet to internalise lessons from 2018 on ecological degradation and unsustainable land use - Down To Earth,https://news.google.com/rss/articles/CBMi_AFBVV95cUxPNENhTzg1QzZxUmlXUjFjSkFnQ1ZTTGVUSlNmRWxzNm9wVWRfSVE2ZmRxRHREV3J4M0lmcm81ckVsY3h6M1lWRWNGTS1LbHN5c2IxRFVpeTI1cFpIX051cFU0VGVwOG5CYmFIMVBqY0RWaXRqYUlYSWR3OXowamd3aDZVclk3Y1Vjd0hpdG1Ea1FRZGxRS1l6UDdaR3Itb2VDUFE4VHU2ekxXbEJfU293dVBfTmtxQnBmRnp0eWZHdTFrcWdDQnItZzdNeDBQMkFlSFVtNV9IejN2aEl4S01OcnJwa2VBaDdqMFZnYVhGdk5tVGVWOVRuZ09qUHrSAYoCQVVfeXFMTWZiRkZvczF1VHE4UVZzRUhGOGF0MHFEWWZjeEh5d2RIT2VaeTd0SlQxaUJMLUJKRXVrRkRJdm9XVGdmX182SFA1QTNEbGgtaEphcmZBWGZSTTZ5TWVkMzMzeDg1Z1FPNWFHLXl6d3R0UlpGUjU2Q3UwQ2JyNXJFdTBjZTlCTFpUSENrTjFRR3RuMjA1OTdrU3hUMmhQMDR6ZWxDb09ZckFLOTBKYjZId1JULTFpQ1hKY0o0NVU1dzlfSXNiRDRsaHVVcnJvU21ZWm85VV9xWEphb2JrU3Y1OGNGbTdmNEh0ZEtQYkpkNW1OVjkzaGs4ZXFsOEdZZTNmOEFMbDJIcWZXbmc?oc=5,
6a8497555dbd7dc252890bf7,e63ef8898f5fa037e0813dbf1ba04101c3b355573381e7982554a76a3ff1309f,0.8,2026-08-18T17:33:09.212492+00:00,The article discusses the cause of the flood rather than reporting a new event.,Assam Times,ai,Cloudburst Claim: What Really Caused Upper Assam’s Flood? - Assam Times,https://news.google.com/rss/articles/CBMijgFBVV95cUxPNFhKZVhvSG5MbHRuRGNIbHFzWkVSSXU2SVl4TkJlY2dTRUV6ZkpWcjc0dU5peTg3VVF6Zkg5RnJZa28zZXJobjBnMFR2V2dMaXI1eGNyRHZpanEzVzZPUkUtakp2RXhUdkhGV0EyWWdBRnpMdXRtQVFQWUtndUU0WGttbTFVU0toLWZTWnZ3?oc=5,
6a8497555dbd7dc252890bf8,06c9abdea7405e3b6b55275fb2f49ea931cc97187e67620b635dfd758449271c,0.9,2026-08-18T17:33:09.266320+00:00,This is an analytical piece on flood risk perception.,Down To Earth,ai,"Myth and reality of 100-year flood: Kerala’s recurring deluges expose how the comforting phrase masks a harsh, annual risk - Down To Earth",https://news.google.com/rss/articles/CBMi-AFBVV95cUxOZnplQXRTeGZRNjBzbEZNSEo3MHdWVWJlWWxtX1Q5Q042WldCUjJVN2VTajY3MHhJaHVOX1IwbVY4S1VrQldkakpkRUx3SW1QU0NJRXVMZExmcFU0aWtyZDR4dEJuUFhUZjlKXzkwbVJ3Z0JBY2xVc1dRZllidThHNmlLWkUybmJYZjZyTzhqSXJWdnBhOFJ0NnNpa2p3UWxmbXlCdDN6OE5odkthNkFJcGJBNkhDZG8tU0pDYXZZS1RNWWszWkh4S0ZYLTNpRkIyTFFQZGt1cldRck1EOVE0N2dVT1VTdm5rWERVV0pvUWcxRXVUWms0RdIBhgJBVV95cUxPeG5RLVNJRWZTU181OEtQUDN4bjdfMkVrRkFIb21Lang5Mzh3enU5d3FDd2FQR0U3WjN4SEZYdnI4d3Z0SkRRcEk3dHMxMmNBWXctclFPWUEyWHhGRzVETDRzOUdGWEVkaFBEYlhzYkxHYWhIR0pCSmFabTlOYUxiSnp4WXBQcjlMZVI5OUFINkxjWS1TZk9xU3dUZUtaTFVPQXcwbnVkVzc4N0p1NnJHUVpGYk9qRGJ4X3hHcHFsa2FVSm1HVkhRMi1Pak9uMW9YSFlCVk5aZ2Y3Y2Q5NGo0blZPYVFXWnVvcE5tbVdkZGl1LXlIZ0Z4WWcyRkJ0OFlyVS1ocE93?oc=5,
6a8497555dbd7dc252890bf9,da2b39922a50590277da4e29a59b118bc2223bcbc0cd184ecdc70423379c011c,0.85,2026-08-18T17:33:09.309281+00:00,This is a scientific study report on the causes of the flood.,assamtribune.com,ai,"Assam flood rainfall ‘routine’, human factors magnified disaster: WWA Study - assamtribune.com",https://news.google.com/rss/articles/CBMirwFBVV95cUxQNlp6UjFfa0lSVU1wOUgxRV9rSmp4QVhVSy1DTTBmQnY3MVBXamRaNk0xa1d5Vmg3MGtEQ3N5NXh2eG9jTm0yUjNiXzVKdHRNcXlyeGEyU0VjVFpiY2pDNnd2QjVRVHVSR0hFSWdjVk9XTE5wd3JrNnY3cGJMZVEwZU9JelpNcTBuY1gyUkdiaHRsa190N3RJVDBEM0xVMEUwUVJrUkFWdU5wckVKeGxF?oc=5,
6a8497555dbd7dc252890bfa,a7c5fa51ccecdf508019ba1bdf62f9c53d701e8a5795fc6480b694b46e1c4153,0.9,2026-08-18T17:33:09.350130+00:00,This is an analytical piece on climate change and flooding.,Assam Times,ai,Assam’s Floods in a Warming World - Assam Times,https://news.google.com/rss/articles/CBMicEFVX3lxTFBCX1I5T1E2blhSZEFSdHNETjRuQzB2Mlo4d2Z0d1hrODh5VVRJYy10YU5GR054cVhPckdCanoxVWF6c2pfQjlTOGpMWENiemp3NFg2bWdRVUFfRWlXT2xIcmN2Um85TGlCXzE0RUtOekg?oc=5,
6a8497555dbd7dc252890bfc,3c79ade21ed2e586ef050dd9cf41008406fb712526b382c367edb8ade8bd837f,0.8,2026-08-18T17:33:09.472520+00:00,The article discusses post-flood recovery efforts 28 days later.,The News Mill,ai,Jorhat villagers strive to recover 28 days after devastating floods - The News Mill,https://news.google.com/rss/articles/CBMiogFBVV95cUxOclJCaHVxdDh3d0NVYU1CQ0twOWtsblQ4cWoxVWp1Rzh6b3JKam5CTTFDSnRXMDR1bDlWbGR3am4zaHlubFRsWS1faTJqQ09MMF9JUDZCUzNESk5MR1V1eEVMcUVuWUE2Wm9TQU5NMXlOLUU4bElmbWFMaTNRa3dLc05RVDVNNS1zNDRvVkRvTTJQZmZMcHdZVXRIeU92V0tiMEE?oc=5,
6a8497555dbd7dc252890bfd,0ee9e5431da28d1e15c8caa04cbf5eb5abd0fd813bdf4475cec0f0ad553038a1,0.8,2026-08-18T17:33:09.505888+00:00,The article discusses urban planning and road engineering issues.,assamtribune.com,ai,Road engineering under scrutiny as Assam Battles prolonged urban flooding - assamtribune.com,https://news.google.com/rss/articles/CBMisgFBVV95cUxNVDQ3NHk5M2xKTVJhb2VfSkVJTEtfaXdxNU52VHZHSy1jU3BoODNwaGREWVplQWJkVXJBcTVZTmNIUzFIMl9MZmstSFRuWmdYM0ltamlacTUzUW82MmJXUFc1MUJ4RXh6eUtrQnhiOUxsY21ISVgtaUR0cFVZUzVxWkdIZWM5bDNDRWJQdDdhT2NVV2pyUHhjNmtWcEVlSHdyMG9USWE3dktnTHNZUDd1Unh30gG3AUFVX3lxTE05OG00OWtwQzdyd3FNUlBmQjNNUXFjWWJMNHpuMk9OVlEzbW1KQzk1VExlSnRRUHluaHBpa2QxYU1KLVM1dVZIUUV4cHUzdEVkMHZvMVZfOUh3YVdETVF4Y3lZR24wbTNOaUZiU3V2Z3d2NjU0U042aUtKd01zQ21xeTVVQjZLZFpOWWI3NHdOSW9WV1hNbUZCbTh4RUp5VHRUYjlqVzVhN05yTm5MVVk3Y3ZBb09UMA?oc=5,
6a8497555dbd7dc252890bfe,b7f8d5459ed7abe8eb237c6d2daf64a65f31f0768fd8dca11a2a7ab0369a158d,0.9,2026-08-18T17:33:09.541296+00:00,The article reports on damage assessment and financial estimates.,DD India,ai,"Assam flood damage estimated at Rs 480 crore, 26,681 houses affected: CM Himanta Biswa Sarma - DD India",https://news.google.com/rss/articles/CBMivAFBVV95cUxNY21QNHdhajUwaUtHU3ZQV2RycmE4YmtEOWRHY3hZOWdLLUtyLUZvZVN4cVpZU2Z6Rm5fLWNxdGJ4YTJralZkWmZBMzUxOThFYnp4emhhcTJHZXl1b2Zxa1paeXI2RnRNU1hTMFZiakpYN3pKZDBRWnp2YXRpR3JmNE9hWmhpNFJGRXY2c2FnQy1JbjR3bzFqSVlKUUVkYWJ6eDNyMDBGVDJzVm5OalNIa3N3c1ctUXNWT3JwSw?oc=5,
6a8497555dbd7dc252890bff,449c0a654763f0548a9d945d8e00e2b3112083d9a3f06884cf8d730044943549,0.8,2026-08-18T17:33:09.575371+00:00,The article highlights individual relief efforts.,The Better India,ai,Assam Flood Relief: Content Creator Produnaya Chutia Helps 1000+ Families - The Better India,https://news.google.com/rss/articles/CBMiwAFBVV95cUxQVGx4OXI5QndDSTltRUpIcGhwZ0E3a0NxcUNRRXJaeFljNC1LdlQ3UXBKUS15bU9VekI3c0Q2NkN1Z3dEZFhSbUxlTGVwTHI3UWY1ejdOajBKeUpHdy1UT09jWThHLXRrN01yWlBoWEJlYlh3eG1yZDJlNDZOcW5JSldYTDVhU1cyR1NWS1F0U0FXT3R6T2xQRy1oQUZnakFsMjFKdjBwWWViVWZFX1NDYkUwcXdrRVV2NlJEWGswMi3SAcYBQVVfeXFMUFU1cEgzakZOVDE0MVBHTk1TTVZURHRVU2E5VVR5LXpESVFVbC10enJhSlByQXhHNkRPakF6c083eG9udjhtbzRvNVZCeWM1MGRhZlZmRG82RnhOdXl1b21INGNNRXlvcjlheTFTQ3ZtMXVVY1NuS053bXhhak1IOXk2cFVRYlVuMlB2MC1CelE0VWlhTjNtajl2TEozeEs2TFNmMm5HMDFMZElnNEh0UllUR1RtdlRGOFItc3VsWVN6SnVKMXR3?oc=5,
6a8497555dbd7dc252890c02,b6bbad2e1a18553f5b43cc275c6fe0297895e065fafe07e93c9fd1b79730c018,0.9,2026-08-18T17:33:09.686001+00:00,The article focuses on political controversy regarding a flood tour.,The Economic Times,ai,Political row erupts over exclusion of BJD MLAs from Odisha CM Majhi's flood tour - The Economic Times,https://news.google.com/rss/articles/CBMi8AFBVV95cUxONkw2NHI4SnF5ZnhYTTB4d0dUWXV1WlN1bXJtcVpCaVJBZHFBM0JMTGVhVng1SlhzeHRaTk5Ka2l2dk8zV0JSaUoxd1B1b0FOTjlLVWMtMjl0ZnZDZ2F1T0dkLTB3Z2EwdTJ6Y0RwZEtGMUtQVHBXUWpHMWlGeHhhRmtjbHJtRHp1UU5CZllPQU0zVklHZkN3cEhFbTA0N0djX2IyTkN1TnFoTFNwc2Q3M3VXOW50UG1YbE1PT2xaQmotamd4dXNRaWZibnlHOExab0F5SER1dEVtV2FHdzhzUDIyeHF0V0oweHNJN0Q4RnnSAfYBQVVfeXFMTkxJYUZTYnRubVhkQzhZRU1ra1AzV25reVFHUHRmaFhXNFR0TFJ2OFNGSU0xbU45dzFLZHRUd09sSzdIblNpclZPeUdoQTd1TjZrOTdKMEkwWm1FQUZFVFdmT2R6MTJpYnBrWTB2U01QQVg0ckJvSDZnV2VIRG1Pbkg0ODZhN3dtdEhZUnZwWURqUWNHV09WQktQbkt1SHZvWk5pNDQ1VkJnQUEtRXJEb05TQzVPU1k1VEo0RE9iS0IzdS0xNVRmeF9pbHBHT2ZLY1Z0YUg0aWRnajRldEg3US1HMENGcTBYYlA0NW9zQjhWdXhSUEV3?oc=5,
6a8497555dbd7dc252890c07,ded932bdfd08a2c841f1bb0c91bbdc4c7149dcf15a339907ba8f5279245d51c5,0.8,2026-08-18T17:33:09.887178+00:00,The article reports on post-flood restoration of homes.,India Today NE,ai,All Bodo Students Union volunteers restore 42 flood-damaged homes in Assam’s Sivasagar - India Today NE,https://news.google.com/rss/articles/CBMi3AFBVV95cUxPZWtQcUR5SS1CYmhFQk1kakZBRW5wNGJ3WXFBbng5RmkzM2NYUU1xNFRDUXRTaVp2cnlHMC1KbUw1dFM3V19mdGlrdmZfSjdKOVppN05LM2lEeDRZRnlOZ3ZOV21qd1BMUjRHWTRydk0wenVQbnZodHhmSDdWbmpvUU4yUjlUZFVYamJ4OVd5Q1ZQOHRNSk9UT1MyclU2TkpfTl8tc1ppRGhhbUNUUDZSNEhhYXJOdlpOaGxicThLRE8zUDlLaEREdEZZTVVSWGRnY1hzS1k1OWwxMVhy0gHiAUFVX3lxTE53ZXgyU1o3UG1qeE9mcEc3dnMtTDVON1ZVM3lNRWxzZ1J1YWFtaVRVR2VRU1U4RGxSekF3WkVyLW5qU3VqOW5KeXplWlVoZnJhTUdtQjl1cFpFRVZhMG9LQWMxcWdhT2lLMjZBUU41bDBYaVo5NjViTzRMaUJsSzc3T0dKdG9qdnV2dkRCNERIelNDQUlwUUVBdTBRT1U2Ynh4bHg0SlpiclQ3UlA2TEkzV3U3ckpIUU9fMFJlQlRHUERPOER2Yl81dExManUxb0o2RFBtSnhPYnJGcnpwcjdBMkE?oc=5,
6a8497555dbd7dc252890c08,9213717172ec217eb4de20f5d752e708df17515170e2d7a6ab30de07c026e694,0.9,2026-08-18T17:33:09.929999+00:00,The article reports on a political request to declare a national disaster.,ThePrint,ai,Assam MLA urges PM to declare floods in 3 severely affected districts as ‘national disaster’ - ThePrint,https://news.google.com/rss/articles/CBMiwwFBVV95cUxPdEFiV05RbE9oeW5iaExWVjhhTURZYU84em5RNWhLNjB3OFlGWmtkSjhyY29HaXZISklIUDZMOFZ2R2ZmWndMNWxSMDJ4NnhXTEJ0bWtmSS1GU0tMUl9RWDJmZENkbFVVZklxYm9NZ2VYbThTV2RHYnJTdDNvVmZrcno0VG9EUTJrb29DR2tab0ExLThOeDJrZE5PUDFCVE5ud00xUDNPY1VvNHpxMk1QTzdHWHNIREVjejJLZ0R5LU5IMjDSAcgBQVVfeXFMUGE4c3FlVUNxNzdnWTN3QjdBQ3BkMEVZeGh5a1p4cWg3cndBaXpvUnpfRVptaFRiRnYzX0V6al9nSnlic19ta0cxVXRMajRScmJSa3kyTHh3WDM3a0szb2s3akVoT19hM2xMUUEwTm93V1BmY0h6cHExcUlRWHduR3hMN0RQSVFneXViY2RIdXd2V2wwRnNCbU9QcGIyWmpCMzYxUW55R0FxN0RGYW9kUVlJS1B2LWRGVEJJS0tFTXdtNVdZT2lCQWQ?oc=5,
6a8497555dbd7dc252890c09,655df06b1413eba8cef4ed35b27c36e5148a1c4c6e7bf3d98582f1f71892d338,0.9,2026-08-18T17:33:09.964883+00:00,The article reports on the improvement of the flood situation.,Pragativadi,ai,"Odisha Rainfall Eases; Flood Situation Improving, No Warning till Aug 22 - Pragativadi",https://news.google.com/rss/articles/CBMimwFBVV95cUxQX3pXNldqZEc1cHotOV9kTmlPeXZCNENQdzBIQmxGX0RXdkhhNmIzbFpMYUZYZUdTNkFKMVFQemFmcHloSWNPb3VzX25Xak51YjkxTV9KTHIzUzhkM3pLMzg0ejRZbjEyVjh4QTd0TkVuU09SNkxOZWQ4TDJXUFhmci01aFprODVqSldrWnA2SVdjR293RnQtalNEbw?oc=5,
6a8497555dbd7dc252890c0a,a130f18acad68dbacf6a8ea4b0543e68ae51bbc18ffc4a017b880f8c7b54b588,0.9,2026-08-18T17:33:09.998384+00:00,The article reports on a political request to declare a national disaster.,India Today NE,ai,Akhil Gogoi urges PM to declare floods in three Assam districts a national disaster - India Today NE,https://news.google.com/rss/articles/CBMi2gFBVV95cUxNcXJtcTJtU1RSdjU2OFlBVnZMeEYyLVplV0VXWG5jd1ZtNW82Mlp4UDIxV0hyOUcta2dGQ3loU3pmOEg0OGozTjJBam9yWmthNWNfYUJaZmppVk5kR2J5M3NuRGx2dkZsdHo1SGo5N0pJSkNCRFVwVlNoZFpna0hQc3ZWUmwxa1hQMzhHWDFWQjFIYUJQdEtUUlVhX0dtN2xEbnhqZXF3NGpXLTh3dmRLajhyUUhPandZNW1uVzdreHBpU1ZicmlubXZVOTQtclRfX0MzSUlFS1R2QdIB3wFBVV95cUxNR0wyUjU2X1lGY1ZjdHNaZGVDT2tXeWQwbDlhYl81amhQN2g2ak5ZX3poeEk5RW5vZm9LU2pDQThVRDJvZW9oT0xKeU01NjFqUVRJTV8xNkZGRTNEZFlERVZocUVXYk5rNFJUaUk2S1ZHU1AzN1NqRUttN2FWaTRaSnk1QzZwTVJ2MUNVQUpreXB2NHd6NVplYWtJRGVJNU1qUXhFOU9kOHZRNXBkeEI4TUdoU2l3elVXRVlpRFYzazZsY0ZWYjE4V0h5dHR5cl91bTV6b1ZFdlU1ejlOUWRR?oc=5,
6a8497565dbd7dc252890c0d,57b67fdd699a3e60411960eb6d731fad972ed71c71dec6d42585d762b8872822,0.9,2026-08-18T17:33:10.115333+00:00,The article reports on damage assessment and relief payments.,Deccan Chronicle,ai,"Assam Floods Damage Over 26,000 Houses; Relief Payments Underway - Deccan Chronicle",https://news.google.com/rss/articles/CBMirgFBVV95cUxOcHVrX0dFbVZwR1NxR1lyS2k5Y3lKWWVGQ0NiZm9uR3RQWnZqdUFUcFZ6YkN4TGhkVHNXbFFlNU9nUHVPMVFXVDdKZXI3aFIxbnctcFZvWTlVWmxWY2RZMTVWNWtKYVRmQmExUDNCZVRqWFpMOF9JeVc2TFNxV1VKTmxaYWoxM0Q5V1R3X2J0LTlEdk9vdjZDdVR6Y0syWk42VDYyalNocFhZeGJiLWfSAbMBQVVfeXFMT1NYM1NvcGwyZ0s5MUdfZXZlbk1IWlJpd2tkc2YxOXNWczIzMzY1em9DblR6UGZQR1Q2UEUxbDNBMDFQd1FheUdIT2V0RGlZNk5CMzJuUjgzNWVCekJVcXh1VE9uYW5HQUhPek9qRlY2WDBZMEJyNmtrMW5USFh5aTM5Q3VUdldfcDF4VnVZTGUxX1dSQnFOOWhPMHNobGZLZm5Wcy1IZHZva2VYQjZWWEV3elk?oc=5,
6a8497565dbd7dc252890c0e,6f9b91ef829e76b8bdc8344d3498199b435dc0759fe2ac440524a3edab0ab73f,0.9,2026-08-18T17:33:10.151127+00:00,This is an analytical piece on the causes of flooding.,India Today,ai,"Assam floods 2026: The rain was ordinary, so why did Upper Assam drown? - India Today",https://news.google.com/rss/articles/CBMi8gFBVV95cUxPNnZiNkU4SzFqWVEtNmFsbUJBNTM5SHl3d0FuS2RtUVNoSW03MThRZEJNTG5oTC13LVNGUXhObjYzc3JDMXNfWGNteEt0LXRnMkxCdndLTE9DYkZoeDlqRlkza05mS1pxRkIzbms5eFkwSmdEbHpCbllITUxwZk1ocnkyREZzM0hXaTFTdUxCWjBrSzJ6SFY0M040cE9OZ3BWXzNlRFZaLXpsTXU0MEk4c0lmcExIZkFSM2kxa1hNLW1oSk1HbGU0dmREZVp4VmVtaTJ0MkpjQkpZaWRaTHNRQVh1SUNVWHlBSDBMS3NUVzFEd9IB9wFBVV95cUxOTTBpdUozWHppWWwwcHQ2d0dGbE5zdjJEbWVvM3A2T2xjYTZQRE9yZkVqQnQzZ1hGNmdIb2lmMVdKakp1eVhtUUdQSnBvaWZYMFB1a0d6S0pIM1pjNlVjbWxlTFF6MVJJZnpTZDZyTUdKWTY3ZEFLZ0VtRy13Y2R5Nm1xenhOczhHd052RHkxTkNqVWVqQXFzUDd2VVFKREtTTndsVkNVTXRaZGpuSUg1R0xaLVIxRFZycXZuTlFjVElfS2ZidVl2V3lJc1I2bzJMRE9qTlNsY1hpV1F0OW01WC16VGw4Si1FY3g3U0d5VVdkaVVVUFdn?oc=5,
6a8497565dbd7dc252890c13,3515cb7995aa9422616e8c58c7ff36e38abc9ab557cea1657b6810058610c63e,0.8,2026-08-18T17:33:10.346843+00:00,This is a feature story on the impact of annual floods.,The Quint,ai,"Kaafi Real: For Assam, Floods Mean Losing Everything—Every Year - The Quint",https://news.google.com/rss/articles/CBMikAFBVV95cUxPMFhtUXZuLXBLa3psdXNZWHBaeEx3VFJreW1qSzBUWXdoNC1UZk95aHRzTllXN1A1dHBWQVFOb1JnUmtJRFF1Y0RrZjk3WUNidGlfTHVmSkRVMjdlUk9LWVI5WUtIaE13ZmcwLW5uSmRoTUtVZ1RxZ1hNVG5tdk1DbU4xbHBzc3FwZHZiMHZlTWLSAZ4BQVVfeXFMT0NUWlVqSWRrZzBwUlE0MlVjUDRPM1ZPOUxYR0h3OFV6S3oxb3lfRUFSOUw3RVI0MDlmUHBIcmNFc1d5UkxDQmtBTkhhUFFJaGZLc2E4QjZmOURuZTZZeFcxQU5CVWFQSVBUSjRsejZMNUNHa3lkd25tTnZKX1BHV0JmMEtuTGZxRWJVNjBCQU1WNDN4bTZ5dHc1X2NoN3c?oc=5,
6a84976d5dbd7dc252890c26,d61b0232f00eb8d07973c1fa490e3b1dc3f69dcbd7ecf072e5a8e586c0fc67ab,1,2026-08-18T17:33:52.058325+00:00,"Earthquake occurred in Indonesia, outside of India.",India Today,ai,6.8-magnitude earthquake strikes Indonesia's Northern Sumatra hours after 7.7 tremor - India Today,https://news.google.com/rss/articles/CBMi3AFBVV95cUxPVFl4aFQxY3NlbTdKdUg3cGJ5X1J6XzlCWmlFd0M4X3F2YnlvWHRqdWlUemt5Nl82N1E2bzdlVXRURC16bVZrVlNzNHU1MC1aNm53MGFndGdzZ1dEUDRqNm5fSnBMNWRTT2ZNeGpkNFVtalIzNzhyRjVpZFgxZ1dpZkI4Zm90N2RHSXlHLUVXQ3dRSm5QUFV4ODNweVN3WjAtRFE4c1VJT3g5MUZJREVqSjNVNDdQdkgtMFhSUGIzX09vWWFFT1BQYkljQVB0c01TUEIwMkh1bEUyU2pT0gHiAUFVX3lxTE1Iemg5MVV1em0tMXhSWkhteGg5STA0MDVYUDNrNUNqZzZxd1RrekZpZUl3c0paalBod3ZYRHlZRkczVndXeVRoV2djbFVqTS1SLTNidXJqcmhmMjJVNWRCVXV2NnVuOUpQd0xwdktLYjR5SzRiRzd1b0NKaldZVXo5MkJpZ3h0U21pZUQ0eWk4bWtEZFhBcldRYlpzcVlwWVpJTU1pZnVEUDRYOWJ5TkZGeDd3SEZlRDRONWV5bzJ1R1JCUkRFNV9NMXlkR2piZ0hzN3p3M0ZBdVBmOS02OWZOUUE?oc=5,
6a84976e5dbd7dc252890c2d,f215aa303c123ac62d096434c8b7ef1ec3a1f9c17a213ce5d28de2d36c8f77ec,0.9,2026-08-18T17:33:34.336663+00:00,The earthquake occurred in Venezuela; the mention of India is purely scientific/seismic observation.,NDTV,ai,"Earthquakes Hit Venezuela, But Tremors Could Be Felt 14,000 km Away In India - NDTV",https://news.google.com/rss/articles/CBMiwwFBVV95cUxNcW9NZ3c4d0YwNERvRXphNkxTbk1PMmd3clhRNURBM1U2d2E3MFJvWGhWVHdkSmxoWTlLM0w3WjVqZUx2eXQ3NFB2cXhwY2VGcVFISUVzemNhYTF6MG41emtvWVVyam1icE5ZaVRQV2lRWTQ2cWtLa2x4VmRBdFNOVmQ5enJsOEZUWHV1eG0xSTVhQjQ2TzJOODRuZU1pdmVUQVN5QXhwcDkwUnc1czI1aXpMQmhvWV9hTnZXSmE5ZnExSnfSAcsBQVVfeXFMTmdfZm5VQ2RCeWJQLTBYcGRrYjEtb0Z0UEZ5ZFdPTDIxbW1XQzdqbE51c2dUeXdWdUtUQ2d1amxPdXNvV0lpRUxOaGNYVlZFNjZTdENGRkVNRGtOeHRMTVlzNVR6ckdQdFRIOW00dVkwUTc1VVNPNDFsM2s3bjExTUtLT3cyY3A3YmdiWFQ3dndRODVuNFNmc1J5ekxwUjRKWnBndDdmbTV1RDc1aE1CZEVOMkpGVnNRQlNHOUwwcmgwRE8zUUZtYUlCUUE?oc=5,
6a84977f5dbd7dc252890c42,7df055782685fb4371a6b0fb40566a333924db755276fdd1e6220f308a6f6e8d,0.9,2026-08-18T17:33:51.610226+00:00,This is a retrospective report clarifying the meteorological causes of previous floods.,MorungExpress,ai,"Cloudbursts ruled out in Assam floods linked to Arunachal, Nagaland rainfall: Parliament data - MorungExpress",https://news.google.com/rss/articles/CBMiuAFBVV95cUxPZzJnbFJlcThyNUhnZVhfSnY2Ym1XVDdQNFo2YXNuOGdWUEV3LU5adzhJMjFHNEhaSEZKMEVqM0FwbU50RXlBcHdTelRpbXZmLVluZFBkUEs4Z28zRTdfZDU2ZHJNbnhqNDJPTU9MdjBmb0xpc2RkUjRieFBOYlZvMFA3X2V3WWlRVXFIMEZRUE1OVk1faEQ5RmV1VEg3d0dfTWpnY2dmMFNhR1p0dUptZUhGeUU2QS01?oc=5,
6a84977f5dbd7dc252890c45,9323b0bfe33a28876cac577fd8fd4770f86938a2fe14603527b9f916f7d263ff,0.8,2026-08-18T17:33:51.762200+00:00,This is a policy/advocacy article discussing the causes of floods rather than reporting a new incident.,assamtribune.com,ai,"Payeng links Nagaland mining to Upper Assam floods, seeks national response - assamtribune.com",https://news.google.com/rss/articles/CBMiswFBVV95cUxQLXlsWDNWVWJvbjNaVFJoVGozcm8tcEU1NnB2RjVIdGpxbU5FRHZlRXB4RmhSV0hVZkZVbEJrY2t4cEJrZ3RYZVRiTlBweFFMaG1kR1N5aXEycnRib1BHMC1ldk5XeVpGTEQ1UEFvdndlZzNFWlZUN2R2VnJxNnJ6bkZkQmRkSlVYWmM1T3hzRjNNTWVxSmlXcUdDMGU0Ykkzd3JtTzVEalNMQjJ2eEFpN29PVdIBuAFBVV95cUxPd20wTzVMX0VyVXp4U3lBaUlBZ3g2MW93UnUtOXZxQjlheE5NSXJHRlBNV2NkVnRhTVBkZDlqakZBeUhEMnVoQmpIYU16Tzl0YnB0SVgwZGlHY3AzQTdzaVMtVXBxUHlrT1B5ZUFqTk9BcDRpNWE1TFZpakJ2OVZCcnZycldEcWE0bkUtZmlvMVQycFhmNWhTbUlud3g1dExVY1ZRd0pkOE1KdkxMQk9XZFJ1UHVOT0tl?oc=5,
6a84977f5dbd7dc252890c48,207437074faf69012ee31300fe58d1905fc0439799533469b5eeec8e73544205,0.8,2026-08-18T17:33:51.937573+00:00,Political demand regarding flood management rather than a new incident report.,ANI News,ai,"Congress demands Assam floods be declared ""national problem"" - ANI News",https://news.google.com/rss/articles/CBMiugFBVV95cUxNNkU4ZkdNN3BmYXAyRWZtYVVLVFIwM3hMYm1mWVVBc2NXNUpBTm1VQlUxbzRMTFZNZ3k1R1RYZmRpNnhUTnFlbEdDX3ZsNlFvQTY5X28xN05hMGc4SVFKTmxBU1Y1bDdGNGNkS2lNT2YyTzN3X1g0ZjlQY1RmemZucVVlZENsbW9yTWxVWWVyV2o1UlpiNTFzR0lBVVNONzZKbzVOb1pLMENZNzdQbWdBejNLcXh3RngycEE?oc=5,
6a8497805dbd7dc252890c4e,55fcb29e0f48d49336b0747122e73e560f2cdecbf892a1f4dd8dd496f79dc0a9,1,2026-08-18T17:33:52.359460+00:00,"Earthquake occurred in Egypt, outside of India.",DD India,ai,"5.5-magnitude earthquake strikes Egypt, tremors felt in Cairo - DD India",https://news.google.com/rss/articles/CBMilgFBVV95cUxQaEFjUVU2LXczSzJ4cWd3YVhSNlNoZ0Q5cWw5Mk0tbTVYZENoemxiQjBud2tTdnRaR3hrLUVIM20tdFE1ZG1xU1kySkRUd1hfV0l1MTlIZFJoZUVnSklnRE9jSzNDSm9hcjVoeFdWbndBdDRGd0dkZVMwS2hVLTRHQ21BUEx3M0VVRXRGZFB4UGp6Wnl2THc?oc=5,
6a8497805dbd7dc252890c4f,4a1a1279650475848f750f7f614162d267923b67288228f36cea5f2e6da5bb16,1,2026-08-18T17:33:52.396446+00:00,"Earthquake occurred in Colombia, outside of India.",India Today,ai,"111 killed, several trapped under rubble after 7.4-magnitude quake rocks Colombia - India Today",https://news.google.com/rss/articles/CBMizwFBVV95cUxOTk5UblZwVFF5R2pYcTRMbVhZendGcnRNQXplSzBnTXM1cWRYdEljT3NrbmtRV2JxWEdhODZvbGFHelEzdnFWT2lkcEk1VFM1VTZaRUZuUmxzMUJBT29xbVFxWktYMy1pT2wxLXl1WWZubXZ3Q0YtTFppVUthTHB3M2d4bDQwUlQ2OERJNExXamVYMEQ5Y2VqOEI1eTZKaE0tOFgyc054WkRrSS14X2RYblFNYjdwNlMteXZEYVgxeDVad2d3bEw3UFFyTE04dm_SAdQBQVVfeXFMUGItblVacnZqUkJycUtwTHBnbzNEVm1wZHF0Ukdady1RZi1lR0owNHdzU2cwS0dDVkxoaUc0OGRxc2Q0WldoWEtVZUtrODBOV01CZHB6OGFMUmI0bERubUZuVFdQWTVUaE54eVlfbXdVYVRvY2RKQmozQlQxeUtVSmozTTRFVUNfRzdDSnNXSzJESDlSb3RTRXZiMnYtbnZjdWxiX0ZleHliYS1EMDNqM2IySkNlNS1GQWxHRWNmdVlVM1ota1k5QnZtd3Z6bUJJdnJQTkU?oc=5,
6a84978a5dbd7dc252890c65,2ecc4b4a8cc7e42c28b8a16ae9d523cd98f9f25dbc451bd6105e35d5508dc4e2,1,2026-08-18T17:34:21.992692+00:00,"The earthquake occurred in Venezuela, not India.",India Today,ai,"5.6-magnitude earthquake jolts Venezuela days after twin tremors claim 1,400 lives - India Today",https://news.google.com/rss/articles/CBMi6wFBVV95cUxQYXdLZWpDVXJ1enc2V2kwNTRqSW9rNWx1TFFHVmZJWkRKcGNCaDJCM0IwdDFpdW9IemxxQ05jdDg1NFBIS0phZmZubHRVNURWdmJiaC12MExuRzMyUmN6ZldSOUY1a1lDOWVqVWdyYV9JSU51eUFELUJRa19TQ211R0YtR25JcEl5eEw3MVhsNG5BenRlRUczV1F6bmVaNF9DVGg4djdpc09QclpPdjBYbHdKYU9ybFB1a25EZV9YTVREWTJqZHJjei1ja2xKR1VSNFJBZ1hvVjVuZ0hoVnYzZFMzNFp0THk4VTEw0gHwAUFVX3lxTE5PY1ViYjN5NjVmX2RYX1dwUC14MVNfZzFCYnR0Ukt6WkNHMjV4RkZhQVR3eXMwLUdfaGdfX3dwbDQwb3BWcGFLNWY0SG4wdlRRTE9mYXJ5MUNQa3U2aWt4UjBYX2MtZTFkbUg1dDV6T2xiRWhJbDdwWG1FODJ5cG56UHdzbU5DTC1rZ0tTcGx3MUdHc1RoRW1aMjBMdGUycjdWanNWWjhzMEpNVUdlLXZTdGhrTVhTSlZseTdsSnFrMFlKYUdxVGxvZGlSaUx2ZXFCcmlJck9UN2xOeUluejFucXRSQ1I3eFV0dFpyVXk4OA?oc=5,
6a84978b5dbd7dc252890c6c,481e3c2d1f3e4b537b26ea162033b8ed3c92ef34b9b1447d78b3eeb44c77130e,1,2026-08-18T17:34:22.319884+00:00,"The earthquake occurred in Colombia, not India.",India.com,ai,Colombia earthquake: At least 69 killed after powerful 7.4-magnitude tremor hits country - India.com,https://news.google.com/rss/articles/CBMiyAFBVV95cUxObkI2TlVUanVNY2hKVUI2MGZyT0hiOUlXR3Q1Zk5la01jUDBtYXRNcXFRb3V3VENJUlp5ckctMG1pdUJWZ3JNZVJjalc2bHFid281ei1DZmNfYVJIdklGRTltaEZ1MDdXejRjSDdyVWdDWVlwUUdmTWhSTW1kc1B2NmQ3c0ZycXV4bkRnZHNCaVVGU0pjOFNQZDJqNDdCWktSYWNhaW0teXZhbi1RTktPb05XbmhOc2NTcWxMZTRpRmY0R1I1S21vX9IBzgFBVV95cUxQeDVkYnM2RTA0Q05jU2g4UjllVEpCVW1yR1lXOWJDa09PSkU4SF9QWGFaVU5EdDE2OGtwcVI0akJ0a0tHVDkyYVByZTBjTjRWZHJvcmdmbWkxMUowQlAyRWZHaXhCQmw0LWNGWkRZdDBhTkZCVE9IT0p0WU9YSDB0V1kxak90cW5MMW1LX2RSTE5sUkMweGtlNUpNdW8wZjJwVjVCZGpkUEp5SDRFTFFybzVVdXgtaFFHTXA1dkJldmZaZ051Rk40X2tRMXJvQQ?oc=5,
6a84978b5dbd7dc252890c75,93e113d3f7072980c06d9712c5bfcdd72e8c2f8982fca90c7caa5038be713bd6,1,2026-08-18T17:34:22.686744+00:00,"The earthquake occurred in Cuba, not India.",India Today,ai,"Magnitude 6.1 earthquake jolts Cuba, strongest in 150 years - India Today",https://news.google.com/rss/articles/CBMixgFBVV95cUxNeG1WVS1OaVF0QXlxWWQ2bC1iMU9nQUhNT0tUc3NFZEtNb01OakRVNThMT0pYX0FuWTd2bkU5NXZPWE5TaU04WHBvWVVvMWMyVjl2ODVRRk1EUkZGUlFidHVRQ1dCcTNNeml0UlJtd2FNWWNYNmJxLXZxT2MwSkJsbGhiZHJnU29IZHVzYURubmRKTGd3QXZ0Sy1KNEVvczUtOEdQM3Z3dDNFdmFrN1FqM05MYjRHQUk1RHdsX1FZZDgyY2R1Q2fSAcsBQVVfeXFMUDR5c2FUUkh1d1hjeERYbUVSX3FtSzF2Y3BFRmhiQVZiSUpGVG5jeVJ5WFgwU0RNTnlBX1gxYVVBRXJiaTh4cFZIYzZWZ0NBb2hVS1dMVGxDcXNQV2hjNkN5V3o0LVktSlUtTXdNMVRzWDluRjZUX2hySUcwWlNkLWNZcjNFNlZneFZwSFRzRjFXUmszNy1Ea3N5OG8ycXdid2tMYXUtNkFyS0RYMTYwalVFN1JoZHpIYVREakx5bzBvaVRhdi05TWlaeEk?oc=5,
6a84978b5dbd7dc252890c7f,c89bffe9e9395bf23bc736b248f7dbbc51eb91b39f9f8609ae3e36423283c3a7,0.9,2026-08-18T17:34:23.065690+00:00,"The earthquake occurred in Pakistan, not India.",The Economic Times,ai,Pakistan Earthquake: Tremors of magnitude 4.6 strike India's neighbour; third quake in a week - The Economic Times,https://news.google.com/rss/articles/CBMihAJBVV95cUxOSGJXdFRVTWVidlliMDFVX0ltR0tKVm1aUWw2Ti1vUEt6Q0duZDNyWi12c0R0TTZaUDROZVk4cUFVd2dtSFI4MVhnajdvVS1nZzduWTZlWEtlSnMwRXNlUzJpaXRPRnJETHJnejE2cHQtWGVKNHBrZDdYdUE0XzFualBMMXp5dzBjd0VsOFdTRXFlczRheHVPSkhwTWs1Yl9pVUZ2UWd1RVRtX0p0N1hNTXd2cG0xR0FtN1lGUmZvNTVJLUg4RlpIZjlqbUtKTEJDeGFTeDJjU01tbHpzNXNmSG9YNXVLc05zVUdGNTJvRFlTUEZCVF9taTQwT25uS3lUOVplctIBigJBVV95cUxQenlvRkx0TlJOcnZvMlFvR2FMZzVPOUQyVjBKOGo5RWZ5M2lUWlc1U0pYNkFOdFNONWhKclZKVDBoOXlMbDlZSkpTSHI2Zm1UNGZFaUwxSHN6RGJlN25HSllyWUthVFAwbkl0VDhUUnM0amNILU9lMFBGR1pTV2V0TnR1SHMtNjkyNGVaZGpaZno0UTNIZUxtUnloY1Y4MThjTVlqRWw1SXhHSnF3Zm50eno1bDJvVVpRSTBEWks5dFRLV1o0RzlURFJrWkhSMm1Tb240RzJzQTlPcFhaSTJYTE9HWFZybkF5VEFfci1sVEw0dWR5SWFldTRXaW1EbS1lbXRCZmtKZnlRZw?oc=5,
6a84978b5dbd7dc252890c81,aec6d07f7542462f67f0b7d6e36b77f4366d3d7abae4d3617131c4137373d033,1,2026-08-18T17:34:23.146355+00:00,"The earthquake occurred in Venezuela, not India.",NDTV,ai,"Video | Earthquakes Hit Venezuela, But Tremors Could Be Felt 14,000 km Away In India - NDTV",https://news.google.com/rss/articles/CBMirwFBVV95cUxOcGhRdnBOVTZuOUNZOUxIanNydS11cTJ1RDM2NGN3ZnZiOUVxQ1Yxbk5iSWYzZjlrbDVFVUVxb1U2OUNSNTREUnVsVDVHQlVtT3RhV2QwdXg2STlFbWV1a2dMclctYXhkS1pjczlGQW5NQlVzWTljQVpGSUhEUXl3dnVQRXlyZWJDSVU0UGUxNS1hTWJWS3I1SHdMeTEwTFlFOC12UjNibU4xLTZmcXMw?oc=5,
6a84979d5dbd7dc252890c8e,fd2efc0b999f52f759c75afc450a75c78e58e4e7ea096d979be35df750875721,0.9,2026-08-18T17:34:21.251525+00:00,Tremors were felt in India due to an earthquake in Afghanistan; no significant damage reported in India.,hindustantimes.com,ai,"Tremors felt in Delhi, parts of North India as earthquake jolts Afghanistan | India News - hindustantimes.com",https://news.google.com/rss/articles/CBMi0wFBVV95cUxPNGJXYlNuSWlCSlhfa0RIS1hqZ2VULWhxVDVpd0lOM1JPQUh2MnNvZ0pXNmFDemNWVG1TOHVqX1BDb0xRcktKOFcwaGZINDVfcEY2VzUtUk5UQjRYbzI0UWJNTExaZG1vOHNGOThxOTRpV2lJOVJnZmljbFQwY3ZMcExVaG9rRG5BbjVtYXBiTmlaRUZ2MTk4bHN6OGZ4NlVpM3JoVXJaWkFLaktSekNZLVBlNVJaZlZWajVZTVFSRXVlcXl3M1FFYjRmOHZuMi1XUTRr0gHYAUFVX3lxTE1FeVEwMXhvMHNfUF9ac1RjeU5fX3B6VUtvMHFCRUdIY3J1eHRsZFg1OEUwSEN3TDFZdkduVUUyaFVOOGFkRGo5MDZPdlY0TVRITDJidUxEdkZPZU9lcEVUbnZkd0pxdHlXMkJIRGtDMWcta1JOamlZd1Z2ZHdzWG9IbUxWNEpoUGhaSnA2WlFkSDZ1UW9HM2NJOVI5RklCengzb2VjQ2RvN0F2TVZUOXgtZ0VlQ3ZPV19JcWNZU3RKMW5tN0NTRlpNMTZaMWNBSm9zcTlpVW4taQ?oc=5,
6a84979d5dbd7dc252890c8f,e4f0ef98f97f9858bc6ef0b1ff5f73d7b8d9350a96d6eab421811fef99e906c0,0.9,2026-08-18T17:34:21.311529+00:00,Minor tremors felt in Delhi; no reported damage or emergency.,The Times of India,ai,"Earthquake felt in Delhi, social media erupts - The Times of India",https://news.google.com/rss/articles/CBMivwFBVV95cUxPblBaMHJCdFdYUWxEOGcwVlNORXVNa2lJbE9VaHRCS09RXzhHSnEwX0J3alpKWVRKY2VQTDNWN2VMN1g2bWxRSXZFS016SHhoZlJNb2lVSi13UDlkeU1XOFVmMUFtVzM5RnRVel9GbGRMWUtDeU0xU0V5cldXVmpPYVpFUlhHMDhEZmhFU200QnZleTVIbUlyWER1Sm1ackMxeEUxWkY5cWtuTGd0NmI5c3NqSlo0Nm9zWjJma3BGd9IBxAFBVV95cUxQcVdIQ085dVcxcXdDYkd4bWxoeUp6dE9DRWpseDVBNHRqeUtGT2JMZTNtUlFjNnpETkc4cUVCenU2cUc4WTNUck8zLWs1NF9OQWtLZDA1dkNmRFRIZU1KTXZ2cFk2ckVBSlNxNTBNZzdhd2pSODJfaFJ1US1yNG1KUi1IN0I2WG45dWtTd2xpT0ExOWgzTmNIeXIyM0lMYmNCMGRmLUM4SklFVnRiTk1RdmRfU2xHQjQ3dFVEbjFBd1ktNVND?oc=5,
6a84979d5dbd7dc252890c90,926e814bdd97970a9f62bbb22d43d91a0783ae67eca0168bd019d68a4af32f56,0.9,2026-08-18T17:34:21.361530+00:00,Tremors felt in Delhi-NCR due to an earthquake in Afghanistan; no damage reported in India.,Firstpost,ai,"6.2-magnitude earthquake hits Afghanistan, tremors felt across Delhi-NCR - Firstpost",https://news.google.com/rss/articles/CBMiuAFBVV95cUxPX29PdHBCOGdkanZodG1JTmVSajBlUnRtb0g0TjFNaXpPVUVQekdoOWVQSEEtUFVQMktfbnN4WkY5OVZxbldxVkFYc0VBM19OSU52Sjl2QUZmQTZyczd3dGU3SzcyNXVobi1Mb3Yxd096WFE5XzlHWXRxSEhhRUoyZTBEMUhPdy05Y09QQ1hQSWpKWGFYUnJmVlhkcVpJMk92a1pYMjZxdEdwRExwdnFtRGE4dGVVZlNZ0gG-AUFVX3lxTE5GaWNXMmVSeWxYaG5ZbHNQZzcwUzdGS3g0cHJINDFFckt3d0JLdFdGTjhORnkwZF81ZUd5ZTRhdTRWenVocWxQLXA0dGJFNXJHWFRVaHBPVVgwZUdKamxGY3JfQmZ1MnAxdHBaOE5OV3FGRVRTRmVYdS1FQUFKRURDUDBuMXdQYUM3UFFDVGlYZVB3cVF1eUpqcklPWmZGbGVEbExCQkFUX3dLWktwdjlaZTZwQ0ZQNHJFM0dZZHc?oc=5,
6a84979d5dbd7dc252890c91,f7b6d6a0df9ee9533d2869ce59c35506cad729a9245f21844c505b49e0140ed1,0.9,2026-08-18T17:34:21.532088+00:00,Tremors felt in India due to an earthquake in Afghanistan; no significant damage reported in India.,India.com,ai,"Strong Earthquake hits Delhi NCR, tremors felt across Northwest India, Pakistan - India.com",https://news.google.com/rss/articles/CBMiqwFBVV95cUxNSjhoVGNLUlNQaUM3Z2NBaFQ1alNTaUlkVTczUndXOXRObEI2TnVlZ3BZUGE5ZTkzc05rVmVPTmdqVEl6NVV3TUlacnh4X0lDMWtwaWJlcF9DejNCbXVUNmRqazlUb2x4bFF4OXRmdWZkOUszX2VMVGVuQUVIeVZNSURkZzdENE45WEFWRWJISDV4bmJJWDd2WE1tREE5TU9HNl90cmxlTG1NQ2vSAbABQVVfeXFMT3pTa3BzNy1sWGdwQU5QVXZKYVI5aHpFcGcyU2dwVHNDZzFkOGdBdXlZUFp2WWVvR0hnNG5wQ0lQVVRSSmtjT1JSa285VmM5TjdzN0JlYUNDdkhZV2lBTVpjRlQ0ejdxeUZCZkNacGhwc2poeExpMVBtb3liYjlWRVlIWlhUQmJQMWl1MGhNVFJXUWR3ZFdJX1NwQ3dpSVJVSXFaVTg4OW43bjZMSGc4MnM?oc=5,
6a84979d5dbd7dc252890c92,9bfdc0d4afb8fbd7ae25deb1a5568303036030bbd1f1729ccfbb16a7782c396c,0.9,2026-08-18T17:34:21.702086+00:00,Tremors felt in India due to an earthquake in Afghanistan; no significant damage reported in India.,livemint.com,ai,"Earthquake Today: Strong tremors felt in Delhi-NCR, Jammu and Kashmir as magnitude 6.2 quake jolts Afghanistan - livemint.com",https://news.google.com/rss/articles/CBMiuAFBVV95cUxOaUlWeVpZZkwyRGdIS0JZMmNscnNia1U2eW9UOFByZzh3OHFPanlQbjZhQ0VDN2Eta3BFTlRBWlBidkcxcVFUM3BKdUhKRlZKLU53NU04bjdIbG45dFY3OEV2bk9pYUpzYlllQW40RFZEbVpHa2Y5aUN2Szlyb2Z0T1JKeEpaQzJ6OUFkdGhlNWtTSW1XMmNnRmRwS3d6aVl1QVVtOUw4MDdTU3FOdXYzRHNHNlBRU3lq0gG-AUFVX3lxTE0tYTYwVkR5NV9EYmRsbU9GaTZHUENZV2wyOTFkTzZvZGU4X3lBNFd2T3JNemx0SUYwcVFzNDhYWGNXanRxNUVLVHhtVE1QRkdGdVc0ejV0bVZESHV4a1piWlZGdnNxd3liYXF5dmdMNEhuZ3NmNHlpRzdkU2lTWk52dkJqMThiTlViVmpnMEpjWnZRaXZNQ1FkSzBiZ2Y3aUtxLTBKSkJEMlhIZ2xLc2RGWWdvSDhZZkFlbGJ2RUE?oc=5,
6a84979d5dbd7dc252890c93,1cf17ac8bef0a96c816d2e5b9551d89e88c2de9a704a536fa431c8e86bcabc25,0.9,2026-08-18T17:34:21.748085+00:00,Tremors felt in India due to an earthquake in Afghanistan; no significant damage reported in India.,The New Indian Express,ai,Tremors felt in parts of North India including Delhi-NCR after 5.9-magnitude earthquake in Afghanistan - The New Indian Express,https://news.google.com/rss/articles/CBMi5wFBVV95cUxOYlJic1pSenVTWms4YlItR0NDQlVhenJWUmMyOTh1ZWZGblR4a09vUDRPMmV2S3dkMFhQRHNIX3dHalhaY0I4WjRYWjAyLUE2VHdlajB3QTVwNDZibnM2M1VpVl9mVmNHN3VDeWY3eExVeU1vVmNhUUZOSTBmNjhMcmkydnBRaENDa1hvWmFWSERWOVVjQWJJQUZKZjNObE1EYnVfQ3RqandKYjZJOWI5UTVWa2MyeUtmNUlJNTJtWEp6cUViVzN2RElPWGVIcnFmUHRhN1JMSDFQbEpqc3NCYUxOd2U4VnfSAfQBQVVfeXFMTUtvVFFDeHBPalUxWEludG1fV0tYdXpWUnF0Wk16cmFVMkw1M1o2Y2ZzN1FhVXZDMWxvaTNmeldjaGJoUDVMcDVmczVjekZySlpLa2x3R1c0MEZ3TGVtS2lrSzBCbUdNOTFGUW5ITG4yazBMTFNGcHF5SkNKWGVoYm4xWE1YWE9xdTV5bEdWSHJmbFMwaGtfUTNrcUdmTWdWZ1g1MWlnaVVaZ3hNUTVvOTVFbjByc2JBUmFKc21kaEgtNng3Y3NMZEVrSHRQZTVCaFZkM2dUdGgtVzlDaWpuMUVVRmdJbGF0czBfRnY0Q212b0V5Qw?oc=5,
6a84979d5dbd7dc252890c94,5ee1f0e7fcd77533854f3d8724458cd748bc49983c3dbf013920c1db0e036999,0.9,2026-08-18T17:34:21.904246+00:00,Tremors felt in India due to an earthquake in Bhutan; no significant damage reported in India.,hindustantimes.com,ai,"Tremors felt in North Bengal, northeast as 5.6 magnitude earthquake jolts Bhutan | India News - hindustantimes.com",https://news.google.com/rss/articles/CBMizAFBVV95cUxOMGxXaU5CajB4ZEwtRGdjVjZRMThZOHEtX20xa2ZhbWhPWHNuWUFSdzJVcXNRWUd5Vk1ndldPUFZyaUVLdXRpWGxnUGZ6VzNWWkVGUE1TWjVHVWQ4U2dpa25qVGd6ZDFFZUlDbExUa2EwNVY2bGNvX0NEMkNqUkc5MzdlNjljLWFnQmJWMVFfX2U2d2J6cnNpTEx5eVJBd2R5TlJoMDZFS3pJNDh5ZHNISjBEcWwyYmJ1YXZ0elhwSTZ4ZG5CREZLSU1ZSTLSAdIBQVVfeXFMTnY4cXgxSS1qdDVTSEFhWXVLZ0stYkVXUHJtb25zOTFSTVlkdFdJaHNXTDVCdWdDX3VsdTN4X2ZBa1JXYlBWb3JuZzFqbjU3eEZuUXNmLTlXMjJBX19hMklSTVpsUjgzUFlMYXU3YTFLM3ZuRWk0bm94OVVJVEowRmowRDZaU3kwOU1PMEZfZ1J4SGFKUlNEMFl0d3NSLTROWE84OUdvZnlUSk1rbi1KcFZ6cUlOWmFnY0JDNFJJOWM3c1Mxc0k0cktfTFlKU3Zxai1B?oc=5,
6a84979d5dbd7dc252890c95,0f6f8bd61ba5cbc61c6ce65d346808da84b91e1fce30af72323fc3957b150356,0.9,2026-08-18T17:34:21.952425+00:00,Tremors felt in Kolkata due to an earthquake in Bangladesh; no damage reported in India.,NDTV,ai,"6 Dead In Bangladesh After 5.7-Magnitude Earthquake, Tremors Felt In Kolkata - NDTV",https://news.google.com/rss/articles/CBMingFBVV95cUxQYWs3TEwzRVZndlFUeDUtQjB1M0dHN25lMFhIRHptbUxnTzNCM010N213ZHZkeGc3S1hNNmlXdkVTcGF5ZmdUSGtfUnNQSEFfT0NWTUZWR1NxV0ZzWGpIbTVOT2xnV1M5YTZBbzNhQXJ6ZjZaejVrOTJzQ0NEdGxFSzJ1V1pvc3RMcDJGcWxQYm9PWFNueWV0SDZOS19OQdIBpgFBVV95cUxQX0hCQVYyc0lIMDNBYUdod1l1QzJWdUsyU01lM0JHUDl0MUR1SGV4Szd5dm9WNHlPcGI3Z3VsM2pJeUh1SUUtR0hCQmtKX3dNM2ZJUS1KUTNMdUtmd2kxbm9JZnNhdlkzYkZqTmdZWlo2ZHZXS250MXRtUk5XZEVHaTh6X3Z1bE95Z3l1YTFrRGJ6bWIxTXBrLUMzaFdOQjl4Q3gxbHF3?oc=5,
6a84979d5dbd7dc252890c96,e22641fdd3d2c8b359d57e5fab34178f5068d0e2a26960ecc8c91e2c21755bd3,0.9,2026-08-18T17:34:22.039147+00:00,Tremors felt in India due to an earthquake in Bhutan; no significant damage reported in India.,The Indian Express,ai,"Tremors felt in Kolkata, North Bengal districts as 5.8-magnitude earthquake hits Bhutan - The Indian Express",https://news.google.com/rss/articles/CBMiqwFBVV95cUxQVEN4Ry1SUmVPa0Ezbk1JZzVjb2RWVFFoV3lFSm9BR05YNmRwZ0l5Nko3dTVRQkt3Sm1ISHhQOXVzT1lIN0t4VE9DbGRhRjBSVE5zcGZidy1OY0pHMU8yWDJqOUk2RFpURWVFUnZhWnd6Q0VxM3J4VDNxVDg5ZjFJWUNYdUJxZGFUWUJBSEVxQkRqVXJpbDJVNnA1aDhKZTNUWUlSTHd5N0ZGN03SAbIBQVVfeXFMTklKa2VLamZDWG5mMHNlMzhwdURIOV94QXk4SFgyMV8zbDY0V1kyMWVYQ0NTZG5SSldmZzNQcnBmYlN6Z1ZSU0hfMEZTMUg4VnpwWTU1eFFzRzc5dW03QldsOEJOUTJmdDF4ZS1nLWJPYTBtYVdfejlWMlJlckhLWkh4TTBINW56VVNuQ3Q1MUVObWpkRENWam1PQUxPeHFPSll5dUtTNFZKSXBOQ2x0VWJTUQ?oc=5,
6a84979e5dbd7dc252890c97,a3b72efdb26e511000d610e38b86ba04f9fa3203b63738c612d3f655e21a36a2,0.9,2026-08-18T17:34:22.112760+00:00,Tremors felt in India due to an earthquake in Afghanistan; no significant damage reported in India.,The Tribune,ai,"6.2-magnitude earthquake hits Afghanistan; strong tremors felt in J-K, Himachal and Delhi-NCR - The Tribune",https://news.google.com/rss/articles/CBMizAFBVV95cUxQNExqVWRPNkRZX001VUZPeURNc1FseUd6WFNKd1JnWTRfbTZVZE5aY25iaDE5VVdxOFl3WlVNeExodzVhZExxcV9JckEtR3FPY3dWMW1sYnlaM0NjemJBVU8zbWNLaklTX0hLWkNIVDVxR3BkYlhESE9pQkxlRDVKYmN2VzFoTHBHTXV6QWNJYkhBdTNYT3czTWdFQUUwTkVGb3otS2dxNm5oRUJLYjZTUWlFTEtSOTBUcC1nMlEzRXJwRXlPSzF3aWUyVGbSAdABQVVfeXFMTWI0UlJ0OG1LWGV0OWZ3aXBvTnlQckxENDJFQ1dTbDlYWGswQjZjWllSZkZCd3hpQ250ZDFkV1Rwb1cxN1dTTUNMWnhEbGRGRlF5V0RFNmprbGU2UWlnUlVaaEZLOWRHMW9tVnMwSTVxdGFycFJoM0l4ZGtBNUxRZGhRbjBhN0Y0U0EtMWNtYndVdnZkelh2eUlSWFBGRUNfX2IzUkQyN3FZSUgxYTBzRDdGSHVPbEw3NDh0Z2Fvc2o1b0tYQWY5MTBoSkNLNGxkbA?oc=5,
6a84979e5dbd7dc252890c98,8fdd760aa139cf4310b096841775841d97725001f50f1300f3e38e58b73f179f,0.9,2026-08-18T17:34:22.152288+00:00,Tremors felt in India due to an earthquake in Afghanistan; no significant damage reported in India.,The Tribune,ai,"6.2-magnitude Afghan earthquake rattles Tricity, north India - The Tribune",https://news.google.com/rss/articles/CBMiqAFBVV95cUxOWlJXOTNlcjk1OUd1UnZqN1hRdGFJb21IOW9EcDJoV3luNE5UZ3J4ck9NMnFocEZ2Z3dVS2x4NHoxYjB4U0xNMWw1V1ZWNFptVC1ZYmFMUHpsbHd1bEIwYXBFRkFYS3FWSW1Ialg4dFpoMnhlNXY0cEpfaGU2WnZKOEVScTR5OTUzUERZUnZaYlpXdERlRUFKYkgxWlJ3ZmR5am1felBsN3fSAawBQVVfeXFMTkJpQkIwN0czeC1qRDlUeWhzclZEbEdaSnZWR25KVXFMVWRVZXdnbE9YM1pvMVdMZjlCNUdpcFZvZEQ1T0RaY1IyTmRZTG9tMkJiRTFsNDg4bG9TYjdwVkg2ZzNXd2VxSjFCeHZDY1dBWE5vSEhhWi1sZjhYLXhfMnNHSnpyQzNNSU1zM3ZnU0pHbTF2Q3lobjhFdC1ZVXl2RnZlcGFLcmpXRHlLNA?oc=5,
6a84979e5dbd7dc252890c99,abc607171a6beab90e6032cea116daf1750fcdd6137509756612012b4a941f2b,0.9,2026-08-18T17:34:22.218298+00:00,Tremors felt in India due to an earthquake in Afghanistan; no significant damage reported in India.,The Statesman,ai,"Tremors in Delhi-NCR, parts of North India as earthquake of magnitude 5.8 jolts Afghanistan - The Statesman",https://news.google.com/rss/articles/CBMiiwFBVV95cUxPb3diaG9WcUUxeF90TVZkTXVMbFNtRnZyN0psdnhYb2NhX29OTWtPNEh2Z3Vra2V6RVZoQzZkREFiTnZMQ3dhcDNBbWlLLUtQOWlxVnZRY3RkVkhZa3dmczB3WDkxMjJnTUdnbnUwVU9aMkxwMU9rYVMzend6c3FFV3VpQ3lqZWlXdFZv0gGQAUFVX3lxTE5PZEVwUkFUWGpaaVNKcU1pTW9QTW9oRFlOOG9EcWtsTkE2TzFCMlg4QmtEN3VkUnZybFBVb3l1ODZhSG5RNXNURnotMV9ncDQxbWtMMXBGWE05MTdWbGdQOFdFS3RZTVZTd1dud0dBZE1GbVZHS3EyX1ZXd1Q0LUswSldLNnVfNjRKeTZZS3IzRg?oc=5,
6a84979e5dbd7dc252890c9a,86c8c5a2bfe599d67189ce98d0a002e7b15a7a7918519c06f092c3f80308afed,0.9,2026-08-18T17:34:22.274288+00:00,Tremors felt in India due to an earthquake in Myanmar; no significant damage reported in India.,NDTV,ai,"Earthquake Of 5.9 Magnitude Hits Myanmar, Tremors Felt In Kolkata - NDTV",https://news.google.com/rss/articles/CBMiqAFBVV95cUxOY0l5dDctRkNXaVFHRFZSN05RLTJMV1NTWVBiSzkyU2ZSVXZUNFhZWm9LMTBIbGRiRXl5NzBXVG8tZlZ0NW5UaXVtal9IVjJtaXBwWi1BMTQ2VFRqOTFkWnFlRnFaZXA5UHcyaHZZd2JPYzRycVFQTTJwaGpDeHN6ZGVET29nV1hfUDJEanVfNlZsUW9rUEVOa1NaZGUxZWk3VzFaaHBTb3nSAbABQVVfeXFMUDdoMXpweEVrUEN3d0gxckVkVmdUaldoOFlueFNtRGo2aVBiYW1uSDRUMHR3QjNWUXVLbDdkMXdIZzhXSVVLZjViNXVydWtQRXhmZzJHRUo5eTYzOW9rd1RTamhCcFZvTmpKcjBFS1FJLXptXzQtNXFMYmRSUUJLMjlCUXhXa2lRUHlBa01saFFLcWVydGVzSVROaTFOSFJUMlJKQWZXZFZ1bkF2aVUzNnY?oc=5,
6a84979e5dbd7dc252890c9b,5977984870ac271ef7de4bae6c01ff520382b5ed6b076d59fb302bbae6f82223,0.9,2026-08-18T17:34:22.446542+00:00,Tremors felt in India due to an earthquake in Afghanistan; no significant damage reported in India.,Telangana Today,ai,"Strong tremors felt in Delhi, Jammu and Kashmir after 6.2-magnitude Afghanistan quake - Telangana Today",https://news.google.com/rss/articles/CBMisAFBVV95cUxQRWZpVGFONW95Z2YyeEx1MWxkZUpqbG5jUUhEMHF1Q3hVM1VJVzdlNEpZN0lHdzRIdkdYcGhZQlZMaUIxaHRXRVpWQ3lIbmhQNW55UGNsSFRSZkhmNHFnTHNWU01pTWotN09tMkx4Y1lvbmJvd3Z2NzB5RFJUN2l0ZVpITE9tRFB6b0tjYzFlSWVOTUkwcGFJVnI0eVJSei1oVVJwT2g1VDFnZGk4bEh1WQ?oc=5,
6a84979e5dbd7dc252890c9c,80678415c32d9fd00e665f918ef0a85b6bcd5631ce3b7502a00857bf488fc89c,0.9,2026-08-18T17:34:22.517900+00:00,Tremors felt in India due to an earthquake in Myanmar; no significant damage reported in India.,The Times of India,ai,"Earthquake of magnitude 6 strikes Myanmar, tremors felt in Kolkata - The Times of India",https://news.google.com/rss/articles/CBMizgFBVV95cUxQd09mQzhMZ0w0RUtfeGRLWHhHRDhXMXF1MkZVZnUtd3BGb2lwTkRJNW1DR0VsRWtfczYxZk50U1p0TmdwSHBUQVc4Qkc0NVYxeUFnWFZRTDNHSFJ0VUx4XzFNdHlGTEFTLXlpS3ItS29LcHhaTWJnNTFaM0wzbnlWbUZaSllCV2M1UGZ5MExPbGo3aEZ4VlU5MElVOXZjR2d2Y0VnUE1RaUx0U3B1VlYwMEdfQnhFSUhfY2RwN1BteFdKNFBQSWJOV1NiU2toQdIB0wFBVV95cUxPQy14VXJHWEtRYkxrODhia0psTG1BX2pBdVFBR3p4b0hEWFhBT2NMajZVOTR4LTBjb1BleENPdTFGVkJtXzJ6dmVOWXQ1UU9LRmJxMTlrLXg5UzRWUHc2bHdhZ0s3WkxiX25FeV9CVllienBVMnBmWGFlRDhjVUdFSjhodXgwdTlPekoxZ1RQNVN1UUdvLXVPbXJ6cW1kV0FvaHpScjM2TWZ4MEFRbVdFclBvTW1meUJtcWZCaGswOHZCbEY1VW1iRVN6dlhlQjNmb0ZN?oc=5,
6a84979e5dbd7dc252890c9d,bcb84220bf7a3f722efe1da280b7ca856929b26015fcb0147dca9368ba85ac7d,0.9,2026-08-18T17:34:22.553785+00:00,Tremors felt in India due to an earthquake in Afghanistan; no significant damage reported in India.,The Statesman,ai,"Tremors in Delhi, J&K as powerful earthquake of 6.2 magnitude hits Afghanistan - The Statesman",https://news.google.com/rss/articles/CBMixgFBVV95cUxQTGdqT0ctdmNTbG9qNmJFTUZtRE1HWE5JOUI1ZHhOcS15dDlLS2ltV2JCSXliUVZYMHl2S2lQaHVlOU8wNFRfNFB1YmhyQndkaVZINDdtaFJ2eWVrazRCYi1MWXNOOGhCeXNGUHVPSDF5ZXBORi1JaFRSaGh6S3l4bk9EOEFRRnVJRVlETU96bmhYS1lPcFZ2eG11SzNiNTc4ZkR3VGxZd0ZhVnFCX2FDcXhiVkhUTFVrS01Vb3pLNTBLM0o0c1HSAcsBQVVfeXFMTmU0dUMxVmhxWEVOdDlTWDdBSW5HcjZrc2xoMTdTbHp5ck1Ka0pUR1ZtRVpRSWxyUjVLRDRQUm5lZG50MHVLUzRZMTRyZEtUNi0yQVU4d0JXRjhiNGpSVmdSN2RRNHFGNF9DLTFRY0ZfMEVMNUxfRTNRdmRjSGUwN1B2aVI2SVlCWEtxYWtkTTZCWm84TDZvZENWZWNFOVhWekY5aUtXdGNHSnNVNUlhR0s3Y2FCREhQcGZKUHZ3TExTRlpXLVVfS3hYMjQ?oc=5,
6a84979e5dbd7dc252890c9e,74f7c37ea9b97ed3e1842a3069d86a1a190f58bc17aac7fca4c2975aca10ab0f,0.9,2026-08-18T17:34:22.601693+00:00,Tremors felt in India due to an earthquake in Afghanistan; no significant damage reported in India.,The New Indian Express,ai,"6.2-magnitude earthquake jolts Afghanistan, tremors felt in Pakistan, J&K, Chandigarh and Delhi - The New Indian Express",https://news.google.com/rss/articles/CBMi4gFBVV95cUxNSHQxeGhZblpXTHhwbzFoMk91N3QwdGx2MGl3QnUzdFlDeEJ1aHR3R1o5VlFrRFlsTHhNOEQyQ091VW1WU3BBak1xSUZDRGg3cUdaUG11ejNsZ05NNGZXbDVVVUIwU2tSY29pdXBlZ2RwTExwS1JMcDNOcWdyaFRKa3JTcUFJbUVBMWowMkpHWlN5SHE3cDRhenhRMWlxR05LNzZJOHJzWGNCa2lYa2c5ZXM4d3NlMVFEQWNWa1VSejFFMUpPNTY5T0NaWDJyQ0dac3YzWWxna2lNVjdoZUpIZ1930gHvAUFVX3lxTFBFT0hNSzV4UVBFLUJvemJDaGdKNko4eklndGk3WkE5Z2JIWm9wTU11VUZGSXlsUmxWTnB1c0I1cTlqc3VyZHFxS1hObGN6Q2d2WDZzTHpzQzYzUDAzSE5uSW5UMW9DeGRyQjZNdWMwT3ZBclVodjJXUFllVDB2M1A2aHNxTE5PX29hMTh5VkstN0VWak5sd0RSUEtmRy1LbkhHcDdEemwxMUxNdGkya1FtSmY2UUE2OTZUdVBnS0p3MmMwRGVGc1NCVzNWUThGQ0JYemVsR0VKTmx1bVl1M3VjSnhBOGRzOHBBbzdPVy1J?oc=5,
6a84979e5dbd7dc252890c9f,9901d3aae551232d86081804194352045d40595df3e7bdbbab5e0b519894ef37,0.9,2026-08-18T17:34:22.638767+00:00,Tremors felt in India due to an earthquake in Afghanistan; no significant damage reported in India.,Moneycontrol.com,ai,"5.9 magnitude earthquake strikes Afghanistan; tremors felt in Delhi-NCR, Punjab and Haryana - Moneycontrol.com",https://news.google.com/rss/articles/CBMirgFBVV95cUxPaU9QQnprYW9XR3cwUXpnUWoybGVEb2VROWZsUTJJUzR5THlPWUg5cl9nQVcwaHo4VmpSYjBvSE5La3hYRlpBNktyZS1WanFhWTFQUTdadzUtQTlfOXZwaWpNNG5pQy1BWVhEQ2g4b25TY0J3dGg0dzhfSWtkOWlGRDBXOXlkd09MQWxpeG9fMlJ5eXB5M3F0d0o2NG1QWkFGRzNCNmloU3BGTEs0TEHSAbMBQVVfeXFMTTFfRi1pMHFneXNYM0oxMVpKdWxYRXF1MHBPRmxyZjZKUENjdExJajF6dEN2Rk5aSEo3OHFHVGdVLU90VGNia0R3eS05ZTJTNGFEcjgzOUMzTW4zWkdwVllwNl9wN3padTAyLUROLTkxeEY3aEl6RklIOUx1Rm5FUFlMVXcwU3NzSUtJZXB0YkJra0F1anZGVVU0a3ZSZmlJTjlNWVlHV1lHcjlwX1FPSWZWbDg?oc=5,
6a84979e5dbd7dc252890ca0,693eef4419e6f50fe462d16887df8ddf369777acf0c887ffa06355caf2c24f62,0.9,2026-08-18T17:34:22.800675+00:00,Tremors felt in India due to an earthquake in Afghanistan; no significant damage reported in India.,Deccan Herald,ai,"Tremors felt in Delhi, parts of north India as earthquake measuring 5.9 strikes Hindu Kush in Afghanistan - Deccan Herald",https://news.google.com/rss/articles/CBMi3wFBVV95cUxOd195aVA4WEFUbF9jNU5JTGIzMVNGdTFNZ2dfR2pnMUd0ZFFUU2I2NkVibExsQXRwMy16bi1PSmNwVDROU1hMcTVwTnJuaWVMaDcwZTJUeDN4UHNnMnM2T294MHRpSGc5clRWN05qTjhfVkRGcU9ueThJOTZ2R3A3eU9oNEZDWmJ0X2NxWGJNUy0wT2dQTGxjQVFqM2pFWDMtd1YzUDRxOU84X1NWc1U2UHUtMGZRVEhFY0hRRmxoSUQ4aVozN0pYTnZBdU9EMm5rUUVrbGFkeHkwZnVXSTJF?oc=5,
6a84979e5dbd7dc252890ca1,7f1634385716e47f4e995148ad7f3ce1ea75d83936457259ba1ea14ea69a361d,0.9,2026-08-18T17:34:22.837136+00:00,Tremors felt in India due to an earthquake in Afghanistan; no significant damage reported in India.,The Federal,ai,"6.2-magnitude earthquake hits Afghanistan, tremors felt in Delhi-NCR, Pakistan - The Federal",https://news.google.com/rss/articles/CBMiuwFBVV95cUxPbXItbGEtdGdGSEtyU21zUWNTdUxxNXVobGZZTm5yY1lOVE5DbURxUG4wbkhtalZjWXhxUlduajJ6cHFpeWtPcFFHS2I4TFpoNDVQTWtTbGloMkJCN1prRkVEQ2swbk1aa0N4UF9sTHdFeGhZS3NxaHVpYzU4ZjZvTzdlU1NJcUc2bkM5SlVtU1lnQkdpZWV6REZMaDYzZXhONFZiOFFsOS13YmxnaGNUWHFMNnVURHJLNWl3?oc=5,
6a84979e5dbd7dc252890ca3,04962dd1841667d0f6d4de15b0def515ca0b1af259f145f6d5bf534c8bec9581,0.9,2026-08-18T17:34:22.915067+00:00,Tremors felt in Kolkata; no significant damage reported.,hindustantimes.com,ai,Tremors felt in Kolkata: Where was the epicentre of earthquake? | India News - hindustantimes.com,https://news.google.com/rss/articles/CBMi3gFBVV95cUxNVlNpQWx0UFpzRFNGMkZBM2UweHNKNm96aGpCWlhFTUlvOEQxcHdwX2pSVmtGbXFwbzRuU3QyRm9BcVFTc2JidGQ2bGx1T2VDdWw3alhONkdZVFZuajRxV3hnbllEaVJ3alBmLW44M3dXbm10LXdHSEduUHJDM2xxOUM0UG5DRk5YZmpNVzBZVlM1NVREdW9nbl9TY1E2anBLZDRNTU03bU9ueHBGUXQyaG1lVkRQWnYtZjE4dUJIckZJUmZQcTRTUTFyV3oxd012VkFTdVp0WVFNd0JQNFHSAeMBQVVfeXFMTUtjRHhWdU8tZDRISmliaEJDWXJzUTl5OWtMd0xwUnE1Q3NFeExMUXF6V1A0ZEtaZjZtdG0wVnJWakw5ZW5UMkVvNmhLWjJDRnFaVy1ubmlmWUpNLXNvcWdwdlJHVE41LTB2ZGoydTBlNzJiS3ExeTU0NzhJdGREMXJjTndYTWstRzBMUDM5TjVOaG5HaFBHSWxhazBLMU4zTC1ldkNWajYtZzJBWHl5cVk5dmJhcXNYU2JZNkMxVGo3UnB6OTRiWVl4eFZCbXNiRkt3UnJ5b2o5bFlDMGhic2h2R1k?oc=5,
6a84979e5dbd7dc252890ca4,2749ba404e1aed5041f3ea28bb0d940469ce38dff139a3c71b5d85e158f2b1a6,0.9,2026-08-18T17:34:23.026821+00:00,Tremors felt in India due to an earthquake in Bhutan; no significant damage reported in India.,Telegraph India,ai,"Earthquake of magnitude 5.6 hits Bhutan, tremors felt in Bengal, northeast - Telegraph India",https://news.google.com/rss/articles/CBMixgFBVV95cUxOcHd6U0k1dHF4RVp0SkxXVFc5aVFZd1ZCZGVSS3hpd1JQcnhtbC00THc0LWRGYTBxLXF0amdIMm1Mb0dOSzlvYkNad0ZlZThGZGtOMFVzZzVTaXpIUXFYWkFnM0x0OW1UQlhnZjVQak5QNk5qbVlFN0tnMXV4NWxZa2Fhd1duODVxR2gzY0NBTkwxT1R5NFBqYzlCei1ndXpNb3FRbEFIZkFpWDgyOU5Xb1ZrU3B5RmRDT05leUpoTlZwRzRzbVHSAcsBQVVfeXFMTjdPdDlOOTVBeDVoUnp2Tm5qbVprTFprdTZSSFI3MmUzbmdBbGJjdmdSdzlLVnlZS1pEUmxqN2NrX0xyb2RVbV9VZVJCX19nemY2V2ZQQXVGWGRGYnJHTjdFdno0M3NTcndpeGgyS3kxdUo3YThOZXp4aGxNYlZNX1VCbkN1cEloODBHeGxsYkR2U252andxeUVqQXNXUjBGdXhYWV9KNkZzZVMxaFpXbnd3S0RDSGxlQ3N4Mm8zRGlyeEw5RTJRQzU1NWM?oc=5,
6a84979f5dbd7dc252890ca5,df0bf7ef8f39adfc0594d99f3a4dd535c7d78d002f6235cc1438f9299d484131,0.9,2026-08-18T17:34:23.113187+00:00,Tremors felt in India due to an earthquake in Afghanistan; no significant damage reported in India.,News18,ai,"Strong Tremors Felt In Delhi, J&K After 6.2 Earthquake Jolts Afghanistan - News18",https://news.google.com/rss/articles/CBMipwFBVV95cUxPdXBMbVo2V2ZhV0d3Q3BoTWdTZ1NwYUd3V1lDNjdzbjhxTTl5N3doMW1wY1MwRVZDT0p1UlFtdFA5Nk5GVEczY2xmTXpHYnpTWFhRd0hMbUlPZVJidVZrb2lDNzZwSnpHZERITnpTdEhSeDVsYnl0Rm9EakZNNkR6U3hETnVHVlVKb3J2R1FOcmpSUlNCR2JFWGpDSzF3bng3LWVrd3JJVdIBrAFBVV95cUxPa3JQUHFPVnFUTDFYV2hveFdGNXBBVFl3eVFLMlhSQzFpWEE4WTRjNHM5UVJKNjRYTXY0RUswUnNpUXVITFZTc1I5b1hNVzYyZzV0RWFEN2JTeU9oLXRHM1YwUW5HS09kRnpraEs5UlRjTVpPdFVYNTVTeFRVa1Y2aEIwTjVZa2kzcll4cHZRdUthZHNXSWhocjd4bHVkbThfUVRtTmFwYzNPMkJQ?oc=5,
6a84979f5dbd7dc252890ca6,ae16bcbb2b2fd1afc4f019e6dd754ed41e93e4eb54b14dac1d310395e7965ff6,0.9,2026-08-18T17:34:23.210804+00:00,Tremors felt in India due to an earthquake in Bhutan; no significant damage reported in India.,The Times of India,ai,"5.7 earthquake strikes Bhutan, tremors felt in north Bengal - The Times of India",https://news.google.com/rss/articles/CBMizgFBVV95cUxNTHRRTUdQakdDTWFxdUxVSHpaN0VNZWY3d29neW9LY0p5eXU3alpZQldXSHpLQUtPb2EzY0hrbmZpX0h2NXl2XzJZUFR3SkNmS3lEUU9VLTVZSThrbHFhaGY5QXlwQnYwRjBhcmIwcnV5QkxoYllfWVpGZ2tyQ2twY0ROTEhQb0FWNHZFZzdXZENEYjRnNnVPVThXZGFpU2tELVJnV2V1NDRZM1JCUi1KdGZWRmQzbG9tbDdKU25MaVF5cGs2d3pYNEZUSnoxd9IB0wFBVV95cUxQQjNrMnNiQ28zeTBsMklwN3lIc0RtUDFlUGpUbWEyZk9BQUl0RTdQRzZIRXkzSXJaZ0ozaUw4S0htdHFZLU1ZNFpid1k1eFN2V3NtYWVqYldlUm1FWWx1eERGYnp6bTVxOHNLeElEUlhUZHNtQTloQXdVdnhOaVN2NjlodnFVelVnWGViY2tqOVo3TEk2NjBXeTJwZk9pQXNSZjR2R1R3NG04MjFjNDg4UHlRT1VkYVo0TkRBVG1nTUQ1OGktVThfelJOWVlNWGVWSDJ3?oc=5,
6a84979f5dbd7dc252890ca9,1b31dc1eb46518bcb2f66dd76951c5b7c18beb6a89292762366fdc9f0d20b12b,1,2026-08-18T17:34:23.329184+00:00,"The earthquake occurred in Venezuela, not India.",India Today,ai,Fresh tremors jolt Venezuela days after 900 killed in powerful double quakes - India Today,https://news.google.com/rss/articles/CBMivgFBVV95cUxQM0hfWnBnQldHZzVQaFJCcEtJN3c1eHdVaW1fdk9TQ3F2ajJRSFFabUlVZlUtQkEtWWhMMTR1R3h1NndpR2V6MF9xYk9fTnZPMnY4c2J3Y3ZxM1dwbkF0Qm9qTjdQZURwTkxFVnZmckI5ajN1VzZXZEJWaGNUVE1LUGpWR3BhbnVDSzQteTI0QjQ4MXhuYmVCZE5nRWtqMnRXWGt5WS1sY2RMWFRwUnBQQlc2OHNrUng5NUowR2RB0gHDAUFVX3lxTE9kTnJjVnBZV3p3NEpKMkNZalZRVnQ2UFlNX2J6bGNrQmRER1p4TlNBUlEwQk9JaUhqR2pwYU0tc2FkSnZqeFNJNVJoaTNzYWNpMnliMFRfUlBPY1dFbk5jWXdqS2NfU1lrUF9Lb0UzQk10cWw4MDZEODJneF8wYTZ6Q2FRTjdmSVZ4dmpyNGtuTzlTTE1YN2dfNmd3TFEwYm8wNzkyTEpySmNpX3huVVpJOVc1MXYtODRCdDNkSjJ4R1dVcw?oc=5,
6a8497c75dbd7dc252890cb2,dfa88d1581f6b4547fd63b4308873edda1cb45146c3811ba4e26c1a53c834695,0.9,2026-08-18T17:35:03.583981+00:00,"This article discusses the implementation of an early warning system, not an active disaster event.",The Hindu,ai,First landslide early warning system in Kerala to be piloted in Kannur - The Hindu,https://news.google.com/rss/articles/CBMi0gFBVV95cUxNc2lkc0xFRFczV1h5US01RjFQTi1PZ1g5UkEzWF9sSVdURFFBR3NoaGotMTJMMkF1MXRRQl9aVWtFcGo3TDVxUkpySEx3YW42WWZYTUMwa0sxR0U2VF9pOTZsbmxwSWpDQWxISWxUZ3NNYlVSN1ZSeWN6TE9pelI3SXRUTDNEbWxramNMaWJNRW5wd3c4SWEwMXotSjAzQVpSVmFoNWd4d2ZxVlg2dW9ZODZJNFAwWjlwOE9oWVNjSUZ3M3JsVXdtTGZ6bGI1dDNQUEHSAdgBQVVfeXFMTUhrRDBqT2ZCcnlfQ0g5LUJCTHF4R0hvS1o2NXl6VWRnU0JaYklaeFd2azBtQzNGZ1R5MzF0cTVLaENxR1lZTEFxM2QxRWZSYUpoN0FUZGx1R1N6SDV5ekg5NWRhR0hCS3VxaXJWdzZXY1JhN3JIaTlCTFFXbTJja3c4bXBueE9rckQ5aTNOanEySDhnVS12SmdVQjh1bmdDbkExeUxaWDBZOXJVQ0k2aGFob3g3VnhhVzZ2aUU1RnVhU1IwNDliYU5EYXQ0X2pEdjNac05ZNXZZ?oc=5,
6a8497c75dbd7dc252890cb3,c96d29d327c5d7ece925d006cea7ec0a9e9f163d655be542e0908e7a771638c1,0.9,2026-08-18T17:35:03.621742+00:00,"This is an expert opinion piece on risk and warning systems, not a report of an active disaster.",ETV Bharat,ai,"Shifting Monsoon Patterns Increase Kerala's Landslide Risk, Expert Calls For Smarter Warning Systems - ETV Bharat",https://news.google.com/rss/articles/CBMi4wFBVV95cUxPS3h1THU2SktNNUdEOExydXRjRHJlTGxwVjVsV2hTTVVxajd4bEZQa0dRLUIxWnZiSDZ6eHU4bDRGZmFkckJGc0ZLWTAzS3FkbE9GeXhrZjRWSkcxMmxpYXVxNUQyZm1GVVNjSUw1LVZwbE1FYllsc3ZhdDZTcWFKMTZtWGtNQTVLZjFlQnVLeUc3WU5rZXpDZkQ0WUNUSExsS2lJMkFqTjRmbTZEajlXSlFhTGwwWHhVTGVxU2VlTF9fOEt1QzdWU1J4UGtjNVB5NkdaTWNpZWxXZVFiODVUaUw1VdIB6AFBVV95cUxNS09RdnhaeFRmcnJLak1jMDhvRlNFeTZDRjhVOXZQTy1vclpvbEJhbXlYWTdmV1FHQ2NrUS1ueVN1SWE1MV9YNzhWR3Rwd1pkN051aXZITUhjeEVWUkw3TUhaM1VJVDhkeG5YenZFdmNtcU1aV2ozRVh3SzZycnFHWnppdF9FSlNQMFZUWDJlMU44SzczdHdUdVpZQXJSN09pVnJrcDNnenFpSGNZMUE4bWlpTkRodGR2Wkp3Z0UzdmJVUExPVDRRMTRnLTJ0UlRuMWE0VmpQYUc3Uk9NR2xRbDM3bGFDVThl?oc=5,
6a8497c75dbd7dc252890cb5,d35c980f98e9aad0e5508323b3ea62a73efaf9d77bd2e4813893848c16f3f17a,0.9,2026-08-18T17:35:03.707181+00:00,"This is a speculative article about potential future risks, not an active disaster event.",Down To Earth,ai,Kalladi landslide in Wayanad a disaster waiting to happen: Experts - Down To Earth,https://news.google.com/rss/articles/CBMitAFBVV95cUxOV3BqbE04bkhKQ2JFWnQ4VjhKV1NHTDgtVl8tZnBNQ05ibi1RQldwVk5iSnQ4TXd2NkV1RkFEWUJ5dm9mWlBlcGpYVFZ4YmIySVpSVlNJMUNrSGMtME9UUDcyRHN1U3JWeHlUY3lrT3JCTzBsWm54SGloM1dlYm9vN1hnWndfUnV5NWpXR0gxVC00ZkRYQXZHUC1CbW9yaGZac0VIMHZvaDJZaUdiRmlaQ0hDTkrSAcIBQVVfeXFMTnktZTd1OGVnaVFpTkJRd3p3dlVhUFRucVN3WTZpTS04R1JHbHk3V09FWkdqVU0xOWNFbzAtLTlwdkQ0SUViX3NFWWxjQkVqQURVenFyZnVicG5sNjhMYjJjYmloZzZKNno3cnhlVUNMVm40RXRHUzZldVRkVFdBLXhSQTI4SjJVbU14MDFnVHpLZDk4QkRydEY0RERpSTVpempPREZnbm9YdE5lV3g5ZDJsei1fR2otTUNEWkFGX1M0emc?oc=5,
6a8497c75dbd7dc252890cb7,23c7d667b39736ca5e54cf885ecb30ec5acff14c332c6f919626b4c20a0414d0,0.9,2026-08-18T17:35:03.779806+00:00,"This is a weather advisory and travel warning, not an active disaster report.",The Indian Express,ai,"As monsoon covers entire Himachal, IMD warns tourists to avoid landslide-prone areas - The Indian Express",https://news.google.com/rss/articles/CBMiswFBVV95cUxOYTNIa05Wb0JUNDJPU1FGTmJaSkt2bXZFRzcxVXhDYlpCN0VmOW1QSy1rcDdTcTF0NlduVXRNU3JiM2xRcjNMWkJBdUVCc3hVc1RJMDhucVZrLXJNYzg5OUZ5T2hDY3hNVXQwQ1E4eDFQNWdSVm1famtFMmdKNHVndWQzNmRZNUZCLWRnWkpZeWw0allFTXIzcWRwbV9zNTRvT2UxbDJXN0tHYlVzTHh6Q0Myb9IBugFBVV95cUxNNDdHOXhOaU8wNTlqc1A2eUhxaWFhUGUyWXNYSWhFN0dqZVZpdHBVQnhZN3pkVGhZUnRua052SEkyZWxfS25jdVdoMms5dVpybVlEVE1yZF84clpQcGxCMGpSa1hMQ3VlVDdnV1FKY3V4b1g0QTJLNGxqemRISEVjRmZJTUd2WnZsV0ljV2hmZkJwTXRwdmFkcmtKVy1JNUJ1X1NpZm1OWTFDb1RncC1JMTBzSWVTTGJnWGc?oc=5,
6a8497c75dbd7dc252890cbb,78e05ea8a9525009a552edf0fb03e0662fa57bb0c93fbd1e38b9b527577a6675,0.85,2026-08-18T17:35:03.936279+00:00,"This is a weather alert/forecast, not a report of an active disaster event.",The Indian Express,ai,"IMD red alert for Himachal districts as heavy rain triggers landslide, flood concerns - The Indian Express",https://news.google.com/rss/articles/CBMitwFBVV95cUxQdVZZYmR5c29hQ201ZFNHUkF2Vmh4WUhqejkxR1dLd1Brb1R2cjJPUVc5UHFYX3E0ZG92V0ZpTUdsd0NKU2Z2c2ZpSTc1cDlZNlZLMnFLSjFlRU52U0dyd1A4ZkdpQ1Q3YW9OMlBPdDhicmM0bTRGYXBpQWhpSGJ1UVdzbDhvU1VOaE45Qm5KdHVKTjNnbHU2TDRtSldSeWNPZHJlWnBGcTM5SGxTdUhNV0dhelZ2YlHSAb4BQVVfeXFMTUZ6NjFxSGRJczl0MXk4MVJveG1hSmFvUTVrVFhoZVg5dmRTWVIzaGVwTGtjQXlnWFRqTWxZTlBFUlA4cFA4VXIxdjRBUldrR21JNzc5WElnRWJpNDg0dDl2SVF6WXgtcHZwOERkNTFBRkN5QWtNTVJsclc1OG90Sk5hVC11UTJMNDEtTDJZdllhODZRQnc3aW5fSjI1ZU5RODgyODd0RG43Z1JiLVZJdkljZVMzZTFURUt0ZGluZw?oc=5,
6a8497c75dbd7dc252890cbf,2a92f6aad05b773d86797b601d3e4d60e9085504256b41c1308d78509bc4ea3a,0.8,2026-08-18T17:35:04.094407+00:00,"This is an analytical/commentary piece on a past event, not a report of a new disaster.",NDTV,ai,Why Wayanad's Deadly Landslide Was More Than A Natural Disaster - NDTV,https://news.google.com/rss/articles/CBMizwFBVV95cUxPSXpGbmZzQnRvTmlBQ1lCNldHV052WlhwMzhhb0x6NFRlcW1FNDE4Yi03WnRWbTlSX2FjM00wbzgzRURjU1NiLVFOcXpJdzlMaEtvMWFPYTdCWWpmNGlDLXlCUnA5WG5vRFZXb2RDWVgyYjgzZl9VR1o3NEdNaDhYWFRoeHE4Tm9FbTFxSk1meTJnTEdXRWRRZ2c5UmNEa2dHQ09xLXB4Smh1MUh4MFV4WVItQVM2cDdLa250enItRUNkVVI4dG10aFR0SDl2SVXSAdcBQVVfeXFMTUY2aFdPeFBVUGxXOU51MmxkYUJyMGl3bHE0d1ZSeC1UZ1N4RjRwNExnYWcwWlBaY0xTSWlLUFlOcWpNcGlMVlBnb2k2UUxPaFpHdndZby1tQlNvOWZ6d0MyRi1xRXlVOV9tRjlHV3hTczExWEJuTWFyb09uMl9tZXZzbDNqclY3WXcxQzIzR19hRnFLc0ZwTG41RWtwOURwYW9IcmlRc01aZzViUDVUVlI4N18zMDQtdk01UHhqa3JkSy1LQ1FFcDAyN05pSnJ4YVY3aTFWQ3c?oc=5,
6a8497c85dbd7dc252890cc0,f9796155b0cfd95d872a3b1a1fef20db252319070c049713f3cb85bcfe5cbdc1,0.8,2026-08-18T17:35:04.130633+00:00,This is a political/analytical discussion about a past event.,The Hindu,ai,Wayanad landslide: Why minister Siddique called it a 'man-made disaster' - The Hindu,https://news.google.com/rss/articles/CBMi4wFBVV95cUxPTzR6QTQ5cjhCTDVsMEJwZXJyMTJEOHVIakZydnEzeTUyTFBYUWUzb1cwWHlLd0o2UEpXbFlKeXBqdk1qWGcyQlVJd0I2dS13cVlNeXRvZGU2SEs1Vkczb1pGb0ZNeUZtUnU2QUxrTndNYVRnbkNIQzBKS0V3LVBNSUJJQ0IxbU52MWREY2hDbDgwQUhuVVdjRUNCSXExZFZ1dmFFZWFCczJNVkFkeTFOZElwZXFWYTJuT0JnZlNMVlBmYU92TS1Tbk1SVVhnUzdzVmxDSHIxaVVvbWVHNUoyVE9DY9IB6gFBVV95cUxPMGl2M3c4eWpRVTdlWG5hTTdfbVlDS0pMNElmcFp6UGlOUzBaSFdIckR4NUM2YThlTzJ5LWdYd29nOGtoN0YtVXRXWkhfWHF1elAwUThWM3ZTYnh0ZGw3eEQzMlA0QTJGM0F6S3p2Ym0yc2RIUmFfQWF6b013VTBNY1lfaVdnYmJfZDhWOUxZbGt5a2ZFcy1iWE9tUEx1c2c2RXR6aDY2WGFseUNQTmxxc0hnXzQ0VjBwQl9kenZpRFBRcXV6S1ladWNaSUVvSjk0WG9uZWFrNjByeFBmaS1IbXlRSVhwTUpRQ0E?oc=5,
6a8497c85dbd7dc252890cc4,5255a28b110149d23b1ed47fdab41cf0b6b3af6648031b00e24c3672c3aa4727,0.8,2026-08-18T17:35:04.282718+00:00,This is a political/analytical discussion about a past event.,hindustantimes.com,ai,What caused Wayanad landslide? Kerala minister calls incident ‘man-made’ | India News - hindustantimes.com,https://news.google.com/rss/articles/CBMi2gFBVV95cUxPc0dUY1M5MEk3SDBlRlJiRWdGY0t6ZGppUlhabGlicDlZQ05OcFM4aHVuY25mOHRWSy0zUDdxZkRpa3V2V1I5NUVPZkcyenY1Z2hoeThEdVU3a1luQ2lPWElyWlBZOVR3NjhVanhjT09hSFZhM1dLYUdnVGphb2JBTE5xWlJ4WDNLaGlOSVFhaVN5cmRZV3V1RkJMUGpxVFNBcmJ4UUE3TG56MkRhTHlpLU91WF9GeldVNXhicmZoZ2FvRUJHQUMybkp6Vy1fOGR0SzctTHdaTTFBZ9IB3wFBVV95cUxPRTQ2TUUyX2pmQ3FTbElTRWhZNHlDcnlta3d3c3BPbGo3VFJLaHFYWC11eUJjVlhoMGY2cld3UU9aamZaTHYxNTVNcUw0dXpjVVFwd0xMaTRaWjdDSkswSUhRLTNpY2RDR2xUaGExbHkzLXRzRlJEUTNvcUUyZ283TFZwc1ZBbGpESXJMRFRmNUEtdURlcDZZVVFsTEpqaDg5bUw2dmpUTFNNZHpWTVlJclB3TlBnaEo2VElUbThudzFrRkRBVld3YzlCX2VpSjczRVA0NHRsOThicXBzR0hv?oc=5,
6a8497c85dbd7dc252890cc5,071cffb11fe329e0a93bbfba2095c42de93b08421146ff7d2be3126c3f878a44,0.85,2026-08-18T17:35:04.314726+00:00,"This is a weather update and alert, not a report of an active disaster.",The Indian Express,ai,Monsoon Updates: Kerala braces for more rain after landslides; Pathanamthitta on high alert - The Indian Express,https://news.google.com/rss/articles/CBMiqgFBVV95cUxQTXExb3p6U2JuTFNLUGUwZ3VyQmVmc3lwUDFQNkh4eWRUQVdIend6ODBPSWxCdjlqWmZvdERDTExvS21kM0MxQWx2OVVDNGhKbVp1NV9tSHkzYTM0RnFqVFBNeWpxVS1vZjR4LUh3emM2cFd5WDg3V0N2TGxqSEtzU1VnQVZrVHM0dElraXlhN1VIYUFSVllmMVd5dEtIUzdncTJxaVZjMVpRUdIBsAFBVV95cUxQRDFDTXB4QmpleUE2YTNoeHZjY1psNDNGbUVKU0Y5MXhlNnJpbTJKcDNMeHJNRkxwSC1xUWJRX3IzQnVWYzlYRE9LY3diRmZ0MUpXRUhFX21PUFI2R2d1OGVUeGdDYkItYXhVN0gtTEdMNVRpbmw5X0RqV3FnSGFuWFl1Z0dSaFc2VVFYUnRxejd6WWlIZUZWYi12ZnlMZW05bFZRS0xVVXQ1dGZobVJ3eQ?oc=5,
6a8497c85dbd7dc252890cca,d48d3a02ec8175f0b6034721f7f9c2a36eaf93b6cf492a02585bfdd173328092,0.8,2026-08-18T17:35:04.734545+00:00,This is an analytical/geographical article about a past event.,NDTV,ai,The Geography Behind Kerala's Ongoing Landslide Crisis - NDTV,https://news.google.com/rss/articles/CBMivwFBVV95cUxPYWhFbFl3aFdoT0pZbnlUV0xvV3kwWUF1SWRvWkJBQlZBdUtZQmViUzNGd1BraGkwb0g0ZGlXUzk1X2s4WTU4OVZKUDBJQ0xhZF9yY3VNamQ5V2dmcGp3S3VFa1FCdFo5NFZtNVhpUktXZFhjXzcyU2R6blZjMndSWllnbjN3TFFDWDhFUkYzVVkxMEJ0UkF2Z0NUNS03N3N1Z3JBSWw4VmttOEtycmJpSjZuWVMzNjgwRkVjelZaY9IBxwFBVV95cUxQTzhhN3RFMUx0TTI1RjRxVkRjc2lzcU44UjVkM1Y3QXJXWm5DcUJ4QVltci1HeFB2ZmtpY2QzSmxXY0dNMWNlZGZ5RklVVzFUakhpVHFCNkJpNlNudmRyZ294TG93RTlNNWVvNjhobnB5QWdLZUg3Wk1LZWNoeFVZNlVPaUZMbDV2V0MzRmwyVFk2T3NWUTlLNWhyLTBJd2x6bmEtTnkyZjZGU1JUTkduaGpmMzBwTWlTd0lQZ2NaaUFzVzdyWUFJ?oc=5,
6a8497c85dbd7dc252890ccc,c159108e8296fc0a0bfef37f26b66ce59c695b2dcdb1b1953df6ed9ce506af73,0.8,2026-08-18T17:35:04.801455+00:00,"This is a feature story about survivors, not a report of an active disaster.",Mongabay India,ai,Landslide survivors wait for a place to call home - Mongabay India,https://news.google.com/rss/articles/CBMijgFBVV95cUxNUGF4djJEV0tldHNuODV4bUVkeW43MHNwamdaUmcyTHV4NEpSUlBWTlFuZWpyRzJqbVNnT2RucW04OXpEU3V1SzNpR2tYN3FEMjJtOERIMEtjc01qNFZwOFFKS1lBNWpXR0hpZzdZd1d3UXFEREZPV0Y4LTdDd1Q0aWtJRjhiWVdtZFRrYnBB?oc=5,
6a8497c85dbd7dc252890ccd,6f7890aa0ed43b97d31aa3c2948a177d9ed75951b9a57244ec6d5b65309f6862,0.8,2026-08-18T17:35:04.850981+00:00,This is an analytical/commentary piece on a past event.,The New Indian Express,ai,Wayanad landslides: Weather-related disaster or man-made tragedy? - The New Indian Express,https://news.google.com/rss/articles/CBMiuwFBVV95cUxPQjd5N1BQNURndFAwd25na1ZlenNSZ2VHbkVwSnF2RmtidDN6dnd2RWI4TVZjZFBUUk44TnRybWtEdFh1bU9jYmd0UG5wWjA5ZjNlQ2JKRkZxcWNfdzY0M09SYXdMSFVpZVlVU0lHQ0Z0WXZsaG5QZnMwUGxTalRqZ184d1lGb2ZILWktZ3lrUHdjRnUtZjRSWFB6VkdybUhkbkVZUTBCVDg1VWUwMk1Odm50dWtjU1ZaRU9v0gHIAUFVX3lxTE42YUVYZW12RldiLWVyWjVqS3BjUDBmYTg3bGlnbENJdnUyQlVhSUVtV1pfYVpIVWNMZHh3VnNmYTR0aFFWMjI1MVFRQUN4X0JRVnJob2IwcXQ5RkM1R0ZqMnNaQkwzZEFFbTc0R29GQmNaWjROci1QWXNCel9ITUo3bUZGTlY1cXdrYTVXd2hNWW5TNE1SQTRFU2psQW9lZGZsSGw2RFpnTnZLZVNVcnpBYmVfSTBndTNRZWR4dEQwVzBVUmtvOXRC?oc=5,
6a8497c95dbd7dc252890cd3,5f967e85153968387b55a93cd6fa47069ad930590510727cbc918833a12ef278,0.8,2026-08-18T17:35:05.601120+00:00,This is an analytical/commentary piece on a past event.,Deccan Herald,ai,"Wayanad landslide was no accident, Kerala must learn - Deccan Herald",https://news.google.com/rss/articles/CBMinAFBVV95cUxNUHZKM18wdXNadEFweW54T29LaWhPeHVmT3VqejlpZS1NNnBOb3psZUF1SW5xOTJUam5hSUxUR1pVTmFuMk9PMGdyNkZ6cmRpS0Rod3RKVkVtTEt1U2x0RzNDYVpQYWdXYlJFVlY3dm9vdlZxeXlOSHNlMXF1UTVxWUNfZWZUaEpSRTIyaW9iSElrUHZubm9NYUNhaGw?oc=5,
6a8497c95dbd7dc252890cd8,2ca4c7d8e4fae597c2cfe83b645867a1f2665ab0a199bdd5e3374b3cee0a8bf5,0.85,2026-08-18T17:35:05.786552+00:00,"This is a weather forecast/warning, not a report of an active disaster.",News On AIR,ai,IMD warns of heavy rainfall and storm activity across multiple regions - News On AIR,https://news.google.com/rss/articles/CBMinAFBVV95cUxQaE9Rd0lNeFFpZGpJaUlfZVR4N3VPMUJ5U3hvSW5Db0xVb1JuRG5wekl0WlhRWWdHWEhHVms5VjI2UFNpcHkyZm03OUl6R2RJWk1nQzY4TW1mQ01QcVFPTjFSelR3MDdZNkxBbjBuWE5Yd0pFNEZCREhHalR0OXNxRXJFbTdCVVJZRmZ0ZER6VEUxeWlQYVBDN0ZhOHM?oc=5,
6a8497c95dbd7dc252890cd9,699af7ff31229ad9b55258a0ea444f846b373d3daa94a19b19549c339a5eb837,0.85,2026-08-18T17:35:05.820604+00:00,"This is a weather forecast, not a report of an active disaster.",The Indian Express,ai,"IMD prediction for West Bengal: Heavy rain likely in north, no cyclone threat - The Indian Express",https://news.google.com/rss/articles/CBMizwFBVV95cUxObnZpTDdGS0VGaFpQS0hTWWRHbTVHUnhnd2VfZU12WWNLNllPZ1VsV2dURlFjOG9ya0M5WHI1ZVhvZG5pU1BSUVdxV1AtT2VFSUFuYXZYYzZNWlUtSEpEempyeXBxeVNubmtTSFFHMDZISlcwdTdoNEVxNzRPVWZqS3FMZmZsd1lzQ0dGWU9IV3lrWmRldWVQTXVMMy1BdTBTZUo4R1pVT05HVF9tZF9NZVJYRXVHT3hsS05OX21vWHZ0bzVFRjhudS1CeEMzeG_SAdYBQVVfeXFMTXJaN3FwZVpWOWYxcHQ4Q3dsNmpLRW9IR2g4MkRTVGJGQkJldU1NOGhVWFBiTmp6NXJCa2M5Q1BlN29zWWV0S1NpYWRMbHcwWlluaVVIdkRReDBpV2VyS2ItaW03VEUxX1JLdUM3SXc5WEp4d093LXI3VkkzTV93a0JDZ0RrQjI5OG9Rc0FEd2J3WlNFeGlQNFRzalcxOGc0anFsRHYxSGE4WUpTakxqNmRRT09pX0FZeXVLV3JYT1FQUzNFZ3k0MWNzTk1xaHBCN0dNLWpjUQ?oc=5,
6a8497c95dbd7dc252890cda,3a374bbbfc4d8240699e153200156ce25b8aa8e7d2e08886faaae657eafa7d46,0.85,2026-08-18T17:35:05.867859+00:00,"This is a weather forecast/warning, not a report of an active disaster.",Moneycontrol.com,ai,Deep Depression 2026: IMD warns of extremely heavy rain in these 2 Indian states - Moneycontrol.com,https://news.google.com/rss/articles/CBMi1AFBVV95cUxOTGdpOXdRUF9HWHpCcHRjM1lDWjJWMURzQkE5VUJ1Z1dOYjJSUXlmci1MU1lJdld3d0dmSVAzb3VlWDZDRmJRTlpxczFiU3BDTG9CTnliY2htQXJ0cVBNSmtWYTNvazF6eGlCRXc3aFp2eUZVbjZVWmNJZWpvUTgwUzBsSTZwRUdZVEtCNDVRdFpJUnpWRWtFbURyNUxIT0hXLXp3Y2pFOTgwRWs5T2xIMXZ4enZWSEV6M2lRNEk1dmxEd1RRVW1uV013SF9Yd1d2TzM3NdIB2gFBVV95cUxPT2YwUkN1ZjJqNFlCOXZjc2NCYUg2QmhRcXpxalUtckllbV8yWS1CcWZkWTZEclhDVzFib0ZOR0U4cE1sSlB4dVNDNGlXdzZrVnFud1lSZG01LWlENXRSSnZPS2k3Nm9WZy02eGRfN3pVMzJXMUJKSUZodlprZTI3akZlc1FxTUNaS3Z0U3BEQXJiTWc4SVZVX2Z1RjFtWFFWUnZHSGNMUjdSUVd1VWtjTFpoQVkwUFRwZTFWdDlXX1V4cGdEZS1jQUhlM09mSXdFckJMZjN6WV9sZw?oc=5,
6a8497c95dbd7dc252890cdb,51252b45bb2aa30cf982e27769e9bd2b54bf50cbedd31459d02e0834daa75838,0.85,2026-08-18T17:35:05.901744+00:00,"This is a weather forecast/update, not a report of an active disaster.",ETV Bharat,ai,"Low Pressure Develops Over Bay Of Bengal, IMD Rules Out Cyclone In Odisha - ETV Bharat",https://news.google.com/rss/articles/CBMivwFBVV95cUxNUndtQWxlODN5SE1EZl9uT3VfVXA2cjh4c3l6NUl0N3E0SmF3TjE3Ty1ZcF9HVTZ2SjhINmdzVkZnZWN6OTAtQncyRGFZVGVTMS01OHY1N3pKRXY0bDVyZ3pyVmdLelU1YVdmZGI0WTE0VU5TdzhBbjE2R0lKcGJaTmN1R3BNSWRFV1JxNjZITkMtbjhiWUwwSnRaRVlEQ2N3eWlVQVd1UF9VU3VqZWQyT0pxSzJ2RVYzYmt0UC1fMNIBxAFBVV95cUxOTlE5TThEOHJzcXJvZTFWUDZERFA4N1VOS2x0SmFBSDBZdjlXM2g5aVVRWlF3YWlnRVoxYlcxMC1aWm5NSXNLc0xITEJBaVNlbm96ZHM0TW9ZMmFiZzZ6c214ckRNYU5feHdBN1JsV3pLc0FMeDM5STVkTUg5UVc4LWdIdEgtRUZCclY5RFBjWDJ5ZnlVdm5kbDQ4WTJXa1lUS0w1aWg1ME1XTnFMVnNvRmlNeEZQNW1aaDdKelNhSWtvVUM0?oc=5,
6a8497c95dbd7dc252890cdc,4a4a808e4c49ea8238deff407ff33ae6df100589af2b1d84455337b94cdd3026,0.85,2026-08-18T17:35:05.941287+00:00,"This is a weather forecast/warning, not a report of an active disaster.",India Today,ai,"IMD warns: Dense fog and cold wave to grip India on Tuesday, visibility to drop - India Today",https://news.google.com/rss/articles/CBMizgFBVV95cUxQOE5YTi1ZMFcyam1OczVMMU1HQ05CbXoyNTdDNGRXWHh6UFBBZVdmNVZCYkM1d2g3NXUyc2tlX1RSVy1nN05kYU5VTTVSM2VydkRKRFZ3Z3dCam84aWFGcTNUQXRnVmtsbl9rSkIycENDbmpiTXJHR21QWmtOdkl1R3R4X0gwMWhoamZTRlVCbjdmOFQ1Y2tQcmVjQUhZZGoyRXc0bEFHdG1DQk5RM0ZpR2s5WGVFN3drREUwaE5rdFhxVVRubmdFNkxWYmZqQdIB0wFBVV95cUxQRV9ZLW56NDAyWmlSUVNzWUVyWXFBYnJYQ1JXQ2I0bWVGdVM5cDV0T0hnMUNMN2xVa3F4NmgwNk1keEM5UDJKOXZxTU9KY2FwMFVGX2N3ckZKc2dVUTVYYzVjVkp1TWZnN3ZPb0pMdjFkZ0ZBSFVJQjU1ellHaDMtR2h3SGl6aUNZRHl0cWdkcHVPb0pDczBsTTBZNHYxM1dyLTBNMjZ6M3FDb1RwM0xyZ2dQVmg2aFd1SEFzSl9JT0ExX0VQZ3pOWmZONGRmYXV0SmJV?oc=5,
6a8497c95dbd7dc252890cdd,791ac7a481bb23ff877cb6ebf51dae3a481628b8b5631c8cdf06bd834e33069b,0.85,2026-08-18T17:35:05.975702+00:00,"This is a weather forecast/warning, not a report of an active disaster.",The Times of India,ai,"IMD weather alert: Heavy rain, thunderstorms forecast across multiple states this week - The Times of India",https://news.google.com/rss/articles/CBMi5wFBVV95cUxPdktVUVNmNG9fOVczMXAzTWdPYzhucmNVbm56d21ZYlhmVUpscVNmYV9KYkw3RWJWSW03TkpyZGRvN0pJazV0M3NBbnBLQzdIa3Bwdk91cW9CcEF1LTliTlRKUllseEV1eXN5OUdEZlJTOXlHYy13R1VPTnNUa3J5M1R4X19BbktNOVRqcHpzbmo5REJWeU40TnZ3T2dqenlTRE9YN2hhSjkwRFhKZlB4QXVlREswTEpiTzJwWU1nS0d2bFh4OWZKblNYZG9vdm1pNWY5R1djOTZtTE9rRlh6UTJpTzFYMW_SAewBQVVfeXFMT2gxZ0Z0M3hmYU5JcC1XV2xNdXV3QWtXOVltd2dIWmMxUS1CX1dCZmwtMXMzcXlyWURWejdna2V3MjhJTER6OUp1OU01UHY4RnZadnBrampxclNEQjZVeWlMeEJCUGt5THd2V2VSTVdrcHFneE8xeC1XTE00OHJpczB3RDZ2aFpsQW9VWVRhVzdHQ001eFZWUHNGbExRcGtVUXVFVGhtcTBZbmhiUnFBSGUyMFFhaGhfd0VZeXhvZExFeTdEdmlmdnpsOXlad2oyYXV4VEwzbzZkbXVGVEpOdGlYS0tsVUVNa01FTE0?oc=5,
6a8497c95dbd7dc252890cdf,a736d5728e83469b27b03c3805ede5cc64ddf4234aef947072aaf6bfcc9b9363,0.8,2026-08-18T17:35:06.043135+00:00,"This is a report on government policy regarding warning systems, not a disaster event.",News On AIR,ai,IMD Issues District-Wise Early Warnings for Rainfall and Cyclones Four Times a Day: Dr. Jitendra Singh in LS - News On AIR,https://news.google.com/rss/articles/CBMizAFBVV95cUxOWnE4ZlZZV3E1b2NkbE95TGZoTTBZUzFaT09uZ2U2eE5WazBpTTZ4Mjh1RGZBdjQ3S01IZ283Rk9jZUVDQjd2WnRqMEw4QmhZa2lNS0U2bF85VFRIaC14NkdycHF6TVpEaWdDNzJRYU1jcVVCWllELVZNVkg5LXFRaTdqN0RqUFUxczdHTWFtbnp1RzlyQ2hGc0p5WUJHaHo3WG5JNTVyODBVdVM4SS1xU0ZOQ0ZIYjlwMmxNMFRLdGR3TWxJNi0tZ1Fya2o?oc=5,
6a8497c95dbd7dc252890ce0,ee11b025b950a105db3c855d8ff58d5da1abf051dffccdb5d71bf59260f9f231,0.85,2026-08-18T17:35:06.080662+00:00,"This is a weather forecast/warning, not a report of an active disaster.",The Times of India,ai,Andhra Pradesh: State braces up for another Cyclone; IMD forecasts low-pressure area over Bay of Bengal - The Times of India,https://news.google.com/rss/articles/CBMijAJBVV95cUxORlhfWEp4eGJJUURoODJqajRsc3R2MWtqc3E4VHVwZ3FOX2FFaDd0STY1eklhNTdMTjQwY3RSejNKV0dhM3B6dzh5dUY3QzFMa2RtOXpBSUJhUGxfYjZ5ZFJKTGlmSUttOHhqaXhZMzhKbnd1N2F6a0FYdl96bXVQblktT0ZuYUxfNm9qdHlGRkxac3FMMUN6b3Nmc19uSjJVZnRiQ0RPUDBlMng0Z3pQRDdQeHdOMmhLam5Ba1hTX2pNS0xEa0phSXo1MXVCXzZSaVBZcEJ0VGpWc1czV2tMMG9wbW5LaTlCd0R0OHV4NDlQN1RzUTJad2ZkNWRfNDgzODBsOWo5THZ0VEFz0gGSAkFVX3lxTE4xWV9fV1FGVGI1YkJPT2VSSUJaNF9uaTRnRHRGa0E3cThlQ0NmTllzaDBiNFM2QV9wYzU4bFBVVWNIMEVhM3BnQnliVmoyVVFuUUJadDFfSmJJX2lHeUhnU0VYYUxpbThhdzIxUzdzdWp6QkRqUml1US1jUGhZQmdlb25XVE5qMnpVVU9tY3luNFl5aU04VWpGWFVHaXJGQ21qam5fT09MV1hhNC1KeVJtbzdZa29uaGc2X2pxNm8tU05LZ3lqeEFjcC1ZbjM5NWlNQ0xUQUdTOWRJVEpVaDRUbzR2NmRiZW90OHNvQnhDN3QwRXQ4MjRocW0xZHNXS3M0MDg1bGdIX0Q4SVhLaFI1TlE?oc=5,
6a8497ca5dbd7dc252890ce1,239f11098e45fd49e495af019bc4d6872f26beb225b6ac5c3cf569e99e62f4ca,0.85,2026-08-18T17:35:06.114579+00:00,"This is a weather forecast/warning, not a report of an active disaster.",The Indian Express,ai,"Cyclone Ditwah headed towards Tamil Nadu, coastal Andhra, Puducherry; IMD forecasts heavy rainfall till December 1 - The Indian Express",https://news.google.com/rss/articles/CBMivwFBVV95cUxPUGU0Tlh2Q1JYcXUxVHhVR3dUVW1uY2VJRy13dzZFUmo3eU1TV3ZjcHI1bjFDOWJoSmRSSWVlYzg5dDdvLThBV2tzQkFOWHowUnFNb0dIYTIwcGliRnRRMDNuZDNQRmRLdmo4SngxaDUzdnBITk9tSklkc2Fnd1BKZl83RUZiU21ZcThGem1zWWxZNWczblZNSWdjUDlHRkh2Ulp4a2pJQ051RXJsMDJ1dUdzeEtLcS1Zb1Nra05Za9IBxgFBVV95cUxNVF8wRkc1cFlSMDF3bkhFc2FBeHd0bW92VXN0MmYyZUJmMG1MSW93XzZiVmtnQU9ZSVpFbXZCNFktNnNJZzNiZW02OG5LVkN0UXZoc2VlNGZGa1YzdTRpX1RodWw5RHZZR3pNZmtYUWhSdVhyYWZiOVo1SllWdEJDbkVGckhtSmViQ05kamdqYXJZTXFEYm9vNlJ2VjI5SVA2UDFMNGR5NGRwTGFNQkpEdGM3T3RiSVJwa2JWdzMxMm5QcFlHMFE?oc=5,
6a8497ca5dbd7dc252890ce2,aef683a90b180ce75b086f92f49a9e5fa15bd04edc5cbb4e11d2d05ba140966b,0.85,2026-08-18T17:35:06.157519+00:00,"This is a weather forecast, not a report of an active disaster.",News On AIR,ai,IMD Kolkata Forecasts Heavy Rainfall Across Coastal South Bengal Due to Cyclone Montha - News On AIR,https://news.google.com/rss/articles/CBMisgFBVV95cUxPTlg1QlFzUThhSGF6MWVxUlhudG9VZG42V0lBT0ZOR2k5d1A4Z0NycDJIVTlPelN1eUFpN2Y1OWVpZlBPN3RnWGJIYlZIcGZGUjlibzhpMWxTNTZOQTZOQ2g4YkxPSlo3STlUV3RJeUE1bkZGZGtIMjMzMjMtNE5BU1RIVFN3QWRBV3NYanozRlFZSUc3Q0otaXI3N2Q4TEt2WDY5RkQxZHd3TWxxX0R3YTdn?oc=5,
6a8497ca5dbd7dc252890ce3,7083a2117a27dbc67dad6a6fb0d2c198d62780207b2cb14fd4fbf81df5e2cbd4,0.85,2026-08-18T17:35:06.190548+00:00,"This is a weather warning, not a report of an active disaster.",News On AIR,ai,"IMD Issues Cyclone Ditwah Warning for Tamil Nadu, Puducherry, and Andhra Pradesh - News On AIR",https://news.google.com/rss/articles/CBMipwFBVV95cUxNaURiR2xTSmxfWmFlc2JaSXd0Mk9Nbk5FXzFRWHJBalkxekZ4ZjlUbHFlenl5MVNERTlQdC1QcExhV0Vfc2Z4YlNDdmFnQnQ1RE9xa1Rqa3FGekpMNjJYY3FJMHdlaVBLUmxub1lLWGh1ZnFHOEQxeHMwM2JndnhmeUJRSEVDWTF3ZmF3cXpRSEtYczdvaFFQLTl3eDNNWWRMUGo5MF9Fbw?oc=5,
6a8497e25dbd7dc252890ce4,910a8084d62c4d61f93bd2107a3d1e13dcbea2d3248ae24b30c690b4c6c432b3,0.9,2026-08-18T17:35:30.513718+00:00,"This is a weather forecast/advisory regarding a potential cyclone, not an active disaster event.",Down To Earth,ai,Cyclone brewing in Bay of Bengal as post-monsoon storm season begins - Down To Earth,https://news.google.com/rss/articles/CBMiuAFBVV95cUxNeHRsOEhQU2F2MHpMblZ3ZGd6SEpsMTFXcU9XbzdVSXlEdjZma1N3Yk00dTNPVlN4YkdKR2p0dTVjUjRCejFIdFhHSGpXQUp0TkdmbGlmNC1ITEhoMG8tLXpFT2lOQUJkM0R1SkFPQXZ1MllMTnZKTkYteEJuTWdkYzN6bUZMUTZzcmNOVlJWc3BjUmNuOVkyc29JcGUwRUtuZUo3clhUTWdVVUY3U1d1cE90LWNJRlpO0gHGAUFVX3lxTFBrSllTRk9scThpXzF0b3VoUklCX2szc0JsOUZSbDlPMExuWHVqRE4yN094QWhuUTRGOExCYXdUaG9VbEFVd0lYWGlOcTZCdEdNamNzMXl1ZEx4eVdWOW9qeTQyZG82bDRWdlR1WUhtblB0eWtCYXpJTkhST0NkMjBZcTktUkV6Y3pVSWgxUU5mZmJKZkFFajY2bk9VcGFidHR6T0owVGdEcFl0eGFEZkw1Wmd1MFF6RXd5My1ETFhIekJNMk90dw?oc=5,
6a8497e25dbd7dc252890ce5,ae36fe6447958310394c3d183c07440ed2c5602e0a20c1586a6d02da4cc05158,0.9,2026-08-18T17:35:30.548296+00:00,"This is a cyclone alert/precautionary warning, not an active disaster event.",NDTV,ai,Cyclone Alert Issued For Andaman And Nicobar Islands - NDTV,https://news.google.com/rss/articles/CBMisgFBVV95cUxNNzBpWlR5SU54ZVFlSDB0OS1ZdncxMTZZa1AzNDNIbVlrbEJybTdTMnBKNFBCWTcwNmtUM29uV0ppeWpDOEdycTlCaEV6am5Rak5paXZqOE1WUUVRT2d4ek80ekpXb3lUVzVmVGxZLXlydmFXbnJ3UEFBbXFrODRXYmdnMmYySzEzTFp4VXhueDk5cS1maFQ5ZjlnbDNKMzNPaC04VEZqY1M2dnlNWlZDazBn0gG6AUFVX3lxTE5xNDkyYjFUeGY0SDNUNmYxVUJ2SUExMXZQYWlrWjJLRjRFTVgtdzlSaXNnSUkyZktfZC1RdnRnRC0yMWdKWUx6VkotaDc1OHJLVGhLYkx2SE5sYUVDWjVCRkI2ZERVT3M0cXlqSVpjeWpCNXZ3VldPUlk5ZGpSWElCVGVSZU1vdEhudVhpV2hzRGJ6M09DTWNobnhJSzRUT2xyOXE2NVVyZXBSWE4tWXFQRUJodzlkaWliZw?oc=5,
6a8497e25dbd7dc252890ce6,ae20aea6996ac7af3683c0e8237e58e72a2a45fc37e323d6b6da45390f4e0c1a,0.9,2026-08-18T17:35:30.588413+00:00,"This is a cyclone alert/precautionary warning, not an active disaster event.",The Hindu,ai,"As Cyclone Montha looms, IMD issues alerts for Andhra Pradesh - The Hindu",https://news.google.com/rss/articles/CBMizwFBVV95cUxNMkxwYWVtMjJnQ0tzTnZxbDFJd3ZlMUhXdHMtVzNSQURaRHJNZ2FtSVVrWV9qaDZGWFBaUTBBOGd6YldsWFUxQlJRaVM0RzdOMFZKZXlBSzVwcmZXdUV1TG90eHU0NFlnTTNlemlVb1BSMkJrMzVEVHZCNlIxWHN2S19saVBoelR3QThrVVJYVENTRi1qNGFWczU5bFlNZ0pwT3JUdXRGanhoSVBkWmN1T2g0YWhGN1hydXN4c3VYNnlldjdlOWRmQmxONmdGNzjSAdYBQVVfeXFMTXpXYzl0NzNvS25lQVBXSWp1ai1qWmtfeGY2aF9UMkZqTGVnZU03T0tQaXFKSm4wTmsydzBnVEEtZHJ0NkF6b3lpWWZYNXFfbEFVUnVaYV9LckNWN3NJam5oSXVsM05HWTlWY29oWVNpTnBaek9OVFJLOXNkNUxvZmRSREtORUtrSjBmRTNhc1BrZjVmUWVJZHE1NXZ2Yk5pNVFlSDg2TTM4eFJ0NllVQmFOS0hfM0FralQ1dVV3MTN1LTVQYndvY2Zsa1k0MDdtblFEc1VOUQ?oc=5,
6a8497e25dbd7dc252890ce7,e3218002d817718d1529f15d066e927cb02fb33abb76f5f2c3675377c4b18e70,0.9,2026-08-18T17:35:30.624818+00:00,"This is a weather forecast/advisory regarding a potential cyclone, not an active disaster event.",Moneycontrol.com,ai,"Cyclone Senyar likely to form in next 48 hours, IMD warns of heavy rain across Tamil Nadu, Kerala - Moneycontrol.com",https://news.google.com/rss/articles/CBMi4wFBVV95cUxOencwdEVCdDdhVDRDVFJDd1ZXdERNWHd6ck9KYjd5TFE2X0pscENiamxOdVNHdVRjREdTcTBwbkhrdlhhZHd2aVdTZWRLLTJiY0RVeGlOMW9lWk15LWlpSHJKaW8zcnF3MmJfLVhBRXBSd3pHMUVGWkFIaVdfeUZBamJxQTdmUFFSWld3Ukl6WGVyYlhOQ0ZYSGpuY2h6SlFUN2xLbmdzc1hBZHRhWmlobXE0VmgzZVc4MTdZYXptalBudDFuN3ZsdDllcnFjNHljTGNIOUMxeE04N0tfcVViZEQ0Z9IB6AFBVV95cUxQSFNkX1lpZTd1Vk5oRHNhb0lLcm04WllRUE9Qa19McmN5RnFWc05WZUxTaF9fWEh0NFJVdHBXYXNEcjVkQUxsQmx1cjQ4Z1I3T1ZYNVM3YUJ1cFBOdUVPRzVKai1tVGp2dW9kZ0Nsc1h2SHFZeDdveDNTeUNUQnFtSUdJckR3SmQxN2xHOU0zQUhCSnl2aVE5OG1wV2hoYnBsbVNRWWlnM0NKVUNneUExUlVhWHVXWHJGN1J0dnR5U1UydWlLempvdFhBMUpOcWEtMTFVU0R2SWNSVzJNZkMwUzZVQnYxR0hH?oc=5,
6a8497e25dbd7dc252890ce8,03996d90b1c3acaae672c211f8cfa119238b8f0c199e85967377e3fd0711cd88,0.9,2026-08-18T17:35:30.659089+00:00,"This is a cyclone alert/precautionary warning, not an active disaster event.",The Hindu,ai,"IMD issues cyclone alert over Bay of Bengal, heavy rain likely in Andaman - The Hindu",https://news.google.com/rss/articles/CBMiywFBVV95cUxPU1ZKZlYtT3BRWERHM3QzNG1jVVVMNktRajM5clhPVGVUQkpOWXlGMHliRWpZR3ZBT2JZVWR1RTdnTDE1Y3hJTU1tZldjQmY1bVM5Y2RIcThQT3hIREVaR3RqaE9CYkdzZm5FT19zSDVIWHhMa0xjS0lhVVVIMmFUYjF5MEd0TDExTVJYeUZWMGJVNGJCTW45RHhDT3U4d3pjMkdSazBDZXRyRElHSFVocUNISXpjSURDcE52S05pTmdwdUppdUdITzdfTdIB0gFBVV95cUxPczFJRXpHRHpnMWUyM2ZfODUyVnJ5TE5xaE84aUs4elRQY1RlLW1VMGQwNm1pM05HYml4VDRLU0tqU0VtMFV3OGJBRVJBcXJpdDRibWJoOFNQRzlUbHNZTWREYmZHUmFyZ3B6dkxaa0w4aXVIRlA1NXZyS05Ub2RUUi1XeVpTOGhQVDV4Uk9tNjk2UGpZRk5DZ29WQmFOOXl5UklVQjBFcnJwNGZ1RjdMbHBUZHZBSVRVd3FPa1NLNWhpTUI0LWt4dUZLYlJCMzE3c2c?oc=5,
6a8497e25dbd7dc252890ce9,c8ba9f85b8fdc5eb967bcdbca2025d19deaace16b32569e5cd97cd4b76e38d34,0.9,2026-08-18T17:35:30.693930+00:00,"This is a weather forecast/advisory regarding a potential cyclone, not an active disaster event.",News On AIR,ai,Cyclone Ditwah very likely to move nearly northwards parallel to North Tamil Nadu and Puducherry coasts - News On AIR,https://news.google.com/rss/articles/CBMiyAFBVV95cUxPQ2NSVmtiak0yT05LSm9VT2FIVnNoWk5HVDVIa0VJVndidjdZUWl4YmREeWFDUGIyOUc4VVQ1Y3R4Zm15cksxSkZJM0llbnEyTnJjZUtGeVlocm9zdlZCcUJfd0RQSjV5UDBOc0hON0hnQXRfcll4MElia2dBR19YdWhpV0F3bHppSkJOSnFNM3lMNjRCOWdVQUZHeWltT1FoT2VYV19rVWppR3pwVzdSMG5qSm1DTEttSk5IQm0zaTlVY1lwWU03cQ?oc=5,
6a8497e25dbd7dc252890cea,fbb33c01c72af7166326b263db63246de20df77ec70d607f041719f9c90d94d8,0.9,2026-08-18T17:35:30.734149+00:00,"This is a weather forecast/advisory regarding a potential cyclone, not an active disaster event.",NDTV Profit,ai,Cyclone 'Senyar' To Form Next Week? IMD Issues Heavy Rainfall Alert For These Places - NDTV Profit,https://news.google.com/rss/articles/CBMivwFBVV95cUxNWmlvSHZvM2QxQkNEcW1Fcl9RemttaWVuUk5FMjB3d1liR3hHWXV0dFF1a2VpOUJXWm14UmtkTXhLNVFNR28tQ01iQWU1ZlRwRktxN3hZLUgwMVJvWGZBUVdrdnJxTmlQdnZRODQ0eEJNdmFodXlzU3o3M05nSzFKSjBaWEdLaG5ZTkpBZ3AzeTQ1Skt4U3FnSVM4UDU2U1IzMEdUV3NsQVNOek1YWlhmX2FoNXdPUC1JMkdkb2NYQdIBxwFBVV95cUxNOXVQemZBMDdHWFNSNm1uZ1BTYTlCWXkxb2ZoakxVVVNoLUh1V05wZ3o3RXM3LWcwck4tdldsV3lraFhPdExtTHFEQmpkX3FhZG5iUHhnM2dUbmt3bzJvcHo2dDRIUFFlZ2N4bkRkdTRLUFBrZkR3T2VMVDNON1FEQXhXTXRnZmZ6M3kxWWpHYzV1Zzdua2ZLcm5xc0s3Z2FCT0M2dzltVy1XR0xJMEF4aW5vbG9TUmVkUTFrR0pKSFZXdmd0WXpj?oc=5,
6a8497e25dbd7dc252890ceb,573f16f1c644bc72eeda993d12d9711074d5848f05fd3371074c304fac0d16f3,0.9,2026-08-18T17:35:30.771533+00:00,"This is a cyclone alert/precautionary warning, not an active disaster event.",The Hindu,ai,Cyclone alert issued for Andaman and Nicobar Islands: IMD - The Hindu,https://news.google.com/rss/articles/CBMitgFBVV95cUxQSllxblFDQ1lHR3JvWmdQZWxHOEdHTXA1bXBGcTVBNkcwRTM3aFB2MkUxdWltd3lkRFZSM1ptcmRRd25wcTl4Mlo3cmc1V3NNSjdjb0hIM0s2Z200WklrVWNEQ1h0NEtSTmFCcnJKMlpnZVZPRGFiRmgwVVRKUVMxQlZFUHljaVhaa0ltekx6SXJteWpyZmpjWWJjeFBDY25UTE5kZ25zSFN3dkJWeU1qMU96elY4Z9IBvAFBVV95cUxQTFpWNTZpZFdNMUtXcTBwM2lTSnZQVEF2TjhXWkQ0czdhbWJmbloxUzFUQUlwaEg5QU9abTI0b01VNEw1RnNEV0U0NS01M3c1b3l6N0Q2cl8zZHNJWVJtZDVuMktSZ0FDOExwdXFvOHNGVktvdEx4TjdKa2o2enRqQkNVZTJwYklrbUlhRFotamUybGVlWnhJYkRlVnpVZlZXV2JSc0gwLWxTem5jYzdkZzVzd1V0N3ZmX0plSw?oc=5,
6a8497e25dbd7dc252890cec,64bda133a3f141a26c90d974717c1eebaa97cb82e18d1561fc8524d2d99cbceb,0.9,2026-08-18T17:35:30.815492+00:00,"This is a weather forecast/advisory regarding a potential cyclone, not an active disaster event.",livemint.com,ai,"Cyclone likely to form over Bay of Bengal? IMD shares update; warns of heavy rainfall in Tamil Nadu, Kerala, Andamans - livemint.com",https://news.google.com/rss/articles/CBMi_gFBVV95cUxNc0VHWTNyaUt5dGxHNzZBMjVITFRoNVNBQzlkVzg1STZQRExNQ3c3VmJYWnBCWjlHMkR4OHNiMHd4YkwybWJ3aHJsUGdnQWlqM1lhaHIwS0xlWFVtV1RzYnRGUEZkSDA4aXRxUGt3d1d4UEtfUzlWLUtDMzQxWXU1eGxDN2NpTXRkUG1sRzBFOVYyaHo3V2l1aUFTUThFRHhoV2s4ZjNOMkx3YUYtZENUWGtHWjE0eG9aVXFqM1FRYkN4VUdhS2JLQ2FEazR0TWd2UkdtbUVDTEdKOUJjZzFGZks4ejNpQ0hycUVla0tIZlU1TzRoZFotNkFhLThpZ9IBgwJBVV95cUxOMXdSaFFCR09wRm9JZzRBTTM5OWIxUmQtbTZaZGljYVpQS3k3anZnbU0wSTgtdUVuNjJOYVBLUmhTa1k0ODVjV25QSHN5bC1kbzREVkVCbHJiNXkyOENPVVFCVzRpOWNjX1ZwSHJJd09wWlpJc052RmU1MmVLQ3pRLXQ5MEk5QTBzMjE5UU9ndUFGVFJlNzhTVHYwZldBdzNTdjlBVno5STViR0g3S05saVpyU3ZvcEhLYThsOW5DU0JOQjlMalN0NWhpWVFRanEwYldlSzMwTUgxZmpOMnB3M0tsRW5zdGRxb3N0VlZQYmJZZjFKd0xPRW5Wb1pjRUQ3VWc0?oc=5,
6a8497e25dbd7dc252890cee,571009a5c8fb21a96213a78035d04777a924be4cde30c841a50f32bb44b6e02e,0.9,2026-08-18T17:35:30.895974+00:00,"This is a government preparation/precautionary measure for an impending cyclone, not an active disaster event.",The Hindu,ai,Odisha government gearing up to face impact of impending cyclone in southern districts - The Hindu,https://news.google.com/rss/articles/CBMi0AFBVV95cUxPUEU1N2gtS1Q3Zk5ndjRVWDZrdzYxYUJKNzQxNWx6T2ZLLURGampSMWRGYW1VUGo5Y0hEM2ZQUjZxb3pnbDVIcWJHS2VyWUxNZEdjTUVibzVyR2NFYUFBWS1waENfR3RMRW1WeWJ5OTdIMHNNVTliZGk2VVVNVlhiakxUd1NNM3ZyMVNvd3FjdmdXd1R5a1FkbFJ2NmtsR1FvOWJVUlJzSVJCYUtuekYwbWtici1XM0Y4b1M2ZDlwS1NrdHZrTzBvZVVoQ3U3VzlL0gHXAUFVX3lxTFByNmZCZzBHbGhwQjhaa1E5SHM2Q1VUSnFsUUJuSzJCMHcxcjcxeFZ5Q3JVMGlHakRQalVDeUFrajVhZkhLalVnODcwUy1TbmlyZHh2ejRmcGJtM0czdjJicTdVLVJiRjM2ODVQSkY0Yy11TUNfMEhjUmRKaGcxcEN2WHphM09tdVpBOF9OeTJGWUtrbHZOVUZkb1F0RS0xX3pMZFd6VTQ5dGZXeU5xVHVuaUZQRjRhVWt3ZnAybkt3VUMyeExUdDNaYmpHbXBuR1F5Unp1UXVJ?oc=5,
6a8497e25dbd7dc252890cef,568c1b6352df7090993785894da45cabdd5ba13d264825379df9e6b93bd2c8c2,0.9,2026-08-18T17:35:30.941401+00:00,"This is a weather forecast/advisory regarding a potential cyclone, not an active disaster event.",News On AIR,ai,IMD: Depression over Bay of Bengal to Intensify into Severe Cyclonic Storm by Tuesday - News On AIR,https://news.google.com/rss/articles/CBMirwFBVV95cUxNUkVCM0Jpd0FnTzVhOGc5WGRtREk0b0hzNlAwSkphRHBoS3E2TWxidVZMNzlYR3RTVDcyN2JBdGtoZXZTSEItV0ZsNjdMR01DUFdzaXZxdUQxeElOWG1OZERsWXozb3NtYW1Mb0FFZkZaRHkwTzZIQzZUSUxNQnRZXzd6ZTJUWVk0VGhPMHFRTXFsbTE4REdMaWFxUW5EVXNuVWZCZVBOVl9mLXE1Nzd3?oc=5,
6a8497e25dbd7dc252890cf0,89374ca41a450ba5fd2543abef589352bdedbeb7d85f78159e0bce4276d176d9,0.9,2026-08-18T17:35:30.986860+00:00,"This is a weather forecast/advisory regarding a potential cyclone, not an active disaster event.",News On AIR,ai,IMD Reports Cyclonic Storm Formation Over Bay of Bengal | Akashvani News - News On AIR,https://news.google.com/rss/articles/CBMiiAFBVV95cUxQY2x6cHVjNnVfSVZ5bGFYMVpWMFB3VjN4YzIwdUJSMDd5SFA4cXNMQ0xUNjVua3p2Rncwb1dSUThHTU5rbzE2SXh2VVFWQzZKalEtMXdYbm1LR29XbWUzUTB2OGdxeEhyNFZrYzV2S1UwY25IZy1ZOFFicmo5ZC1tSlVHeGZrRGFL?oc=5,
6a8497e25dbd7dc252890cf1,9445ad469489f7f6ff68ee01b8d3abdc78e7520a1eca3afcdf56105f7e0bf667,0.9,2026-08-18T17:35:31.020438+00:00,"This is a weather forecast/advisory regarding a potential cyclone, not an active disaster event.",The Indian Express,ai,‘Severe’ cyclone headed to Andhra Pradesh; IMD issues extremely heavy rain alert for next week - The Indian Express,https://news.google.com/rss/articles/CBMiswFBVV95cUxQNXU4UWhXczFJaUx1YkJMMWx1RmlRdkVGTjNvODFEb3dCY1ZMOUFuRG5abEVMMTVOTWVQMW9sc1RmRE5JSVVXX1ozak1PUG5RQ3JLVktGd004THN2Yi0xRzJnVXlzS2hwcTFoVVFSb3Y4X0ZIR0V4aWNDY0tlMmx6Ul9zZ1dBdnRFdUtFODlrREhicXZMaVpWLTNkQkZSUnRvX2hfRVdsU3AzWHJ3eVo5UkZ6d9IBugFBVV95cUxQcG1hN1ppcnIyNlk2WVBVT1NZQjVMUk5jNWdRd0E4V1JhR2Fsb2ZzTXRtU3VHV3o5R3g5eE1hYnc3cWtQOE5ISTBNQk40czVDTi1waGx0ZnBLQ0diOXhxckNQbWstRzE4aEg3T2Q2ZFBtckJab0Y1X0NwQl9iS1Z2U0RQOFJCLWItY1pSNFVtcTA3cEVXQ3RGTXNZZHNwc1l2MW5fT2Z3cTNvc3MwZWdyWU9sclVFMDRBQ1E?oc=5,
6a8497e25dbd7dc252890cf2,cd9b0727ec7c656a71ebf5d80106a165977a947ed9bf42b67d741c4a2b8bc7e6,0.9,2026-08-18T17:35:31.064787+00:00,"This is a weather forecast/advisory regarding a potential cyclone, not an active disaster event.",hindustantimes.com,ai,"Cyclone Ditwah intensifies; IMD issues warning for Tamil Nadu, Puducherry | India News - hindustantimes.com",https://news.google.com/rss/articles/CBMi5gFBVV95cUxNREd0V21fRS1iUmRSZ1lyZ3R6VEhPWGtneXpMRDhIeHJxVlJ4aHBNb3BlNnJtcmpnZ09wX1F4VnhLYjNhRGZfU2g4c19falRhZG9oQ3RQUTYweWpvMjlUZ2ZFeWRtRTlzS3NicTBHcGMxZllabVhwbE9tejF2MEp2RlJleG0yS3BJSTRDODJSYVA1blNKUktjRDFzYVQ2Q0kzZWZuM083emNBRmpvU2xBN2VfcXNqOHBmNWF6TklrbFNfNlotZGdvMkk4M0JmbENCYnhiWDdhQTBVeFdxekFDeXUwXzNBZ9IB6wFBVV95cUxPVDR5RzBCTjMwTUxaRE5DWElraDhwOVVocVZCSk1TVDVXRG0tWmZJd3cxMHZ4T1pYbk9vNmtKYXlNX2ZhMElxQ2FWOFB3X2g4cWdzNVlESEN5TUNaYm13Z21qZGR5bGJtS2RmVGFlTDRYTldJVEFadTB2c3dLTDZOSWtCQjd4TGxVYWQ5ajBjcjAtOFFfWDdUdEo2WXVETnlMY2FSWmVuQUdKdWJRVTFBRExjaFVYRHVQSDZvYnRqeElFWHh1aTQwNEJvUTl5UXZPb19uQjNjZGphaVQtWmxMSHBFcDNQVV9DaDN3?oc=5,
6a8497e35dbd7dc252890cf3,a4d563da15d3e8525969653f4235855167a33c86f4bd0ecfba7af49389ae1619,0.9,2026-08-18T17:35:31.114229+00:00,"This is a weather forecast for potential heavy rain, not an active disaster event.",India.com,ai,"Maharashtra Monsoon Latest Update: Mumbai, Pune, Nashik, Nagpur, Satara, Palghar likely to see heavy downpour - India.com",https://news.google.com/rss/articles/CBMiggJBVV95cUxNc2tiZkhBbkl3aDAyWXZqWThIOXIwX3FHdk1rcXFKeS1BeFVlbVduVVEzOUczQW50Ym12ckp0b29BTzUyTlo2TFpZbTNxVEVjcGNYVDZ2NXlHcjkycVhQQVRMcHo5TnExVlRFdE5Hdmw2MS1oaXV5T19zcHd3X01RWWtLV1NuNS00U1BGbVVFTm96eFl6LU5odnhVakhJQzRtN3lqZDd1TkFmSU1oNUNlSmtoQjNveVJRQVVGeEtScHpIZUZsV2Z0UFZuNW43TlhNXzhQeUhSVnl6T2UxdEZCWXdYQ1BfRGZjQ2diMkNzRFVUd0EwUVkwTE1mYTRLSW1SQ3fSAYcCQVVfeXFMUC1tRVpvaTZvRVJhRUw3S1Bsa2wwZWVWazc2T2tabHdYNEhfVmZlbnlycGZ6eEdFc3hxakJuNXE4WVJtRnR5d3lQNi13WmZaUjZQTzVmdzJIZC1BQjEySVNOdmtCR0N1WXd6M29vSW9ZcDV0eTRoRHZuR09FeWVGV3Y5ektDa0g1dmtRU3Z0UGpsTDlDQnJsd29xaThVcDlCeW5rTXFQNDVTZm9YTUxaQ2hGT3R0TWIzMUNhdGltQzFGRDVkTGVCamRTelRSTllmemIxaEc4Nml2bE1Ia1k5dDI0amlUQ083QVU3NEJKZFkzQnZzZ1dBM2VocE9pWUlsbERJaktYejg?oc=5,
6a8497e35dbd7dc252890cf4,bca1c9e0670b8928d656f5fe6af5fab4687c6a45b370c9e56a9c0c4775c966de,0.9,2026-08-18T17:35:31.147515+00:00,"This is a weather forecast/advisory regarding a potential cyclone, not an active disaster event.",India Today,ai,"Low pressure forms over Bay of Bengal, may intensify into cyclone Senyar - India Today",https://news.google.com/rss/articles/CBMiwgFBVV95cUxNNlgxSHV3ZDZnX2VzcjFBc3JMVGdXWWw1eFV4QVJzWTRSM0J2SzllTVdVMHdvQUNvbzllMXpobDJsSzZPOTFPbzI0QzdjTlZ4M0VtSExUalhuOEZNbEE1aW83a2tSbm14RkpkWHNSNGxDN3RHRHFyZGprOVdVSnFxbjRjdWV6ZEE1TlVkSTJycllnV3o5TzlpaHJ6eGh0WWZmdndtbU1pS1E2N0p4c001NFg0VmN2WVcya3hFOU81cEgtZ9IBxwFBVV95cUxQc0V3ZkkwUFBrTk5nVXI4Qkh4T0k2WldZZ3YxNkNYWUNJVTNJaWI5NDFPWU9POGc3NXhEbUxkZDR1VXVGSHRwWGoxankzcFI1ZEpoME1NNXh6eGNQc1BVdDRyNm84cWhILWVRbVFoTmxVSEtsTUNWLV82QjVPZTZZUUZVRFZlN0JxZURMN1FQSjhFMllyVGUwZVZwZTBqMThfX19iSzFhQ3dJbzA0ZzNSQU1HNmNUdy0yb29QanZQQmh1VkloR0Yw?oc=5,
6a8497e35dbd7dc252890cf5,175b9ec55a38cc97d2b12a55a1a495459a5d55ffb5363ee8e724e80c06374822,0.9,2026-08-18T17:35:31.180613+00:00,"This is a weather forecast/advisory regarding a potential cyclone, not an active disaster event.",India Today,ai,"Cyclone Senyar forms over Strait of Malacca, heavy rain alert for region - India Today",https://news.google.com/rss/articles/CBMi4gFBVV95cUxPTE9pc0NMeTFPSDY5aTg0TThGcklfX21peDhKWGlpYU9EbDhuQmZvRWZoZmlReU1JRS12TUZFREc4RjlwZGk3VkdFVXJ4R3R4MlhrSjJGcENSTHFJekxCbEpEN3N5c3BKY0lTNzlldGw0RXRlX29CSGgyemJ3c0tPQzVuZ2dreUxJNjZOd3p2RGF4Sk12UUFoSkl0Wk5Sd1FFM2pfcThtcDhqNUduTXZLakV5YXpZZi1GcmZBUTBoVTlVbm5pUENOV1p2VXB3TnRLb2FUdnJ2cGRldkZiV3hPamFn0gHnAUFVX3lxTE1PZEZUU3Z4U2M2ejZHem4tN2FJNUdZNVRVM2luUlBQWDk3cklMdWIxZU5WWTEtbjA1c3RqOXU2VzRTSy0wUGlLVnFza0pnU0tzWl9xVU4xbkxhT2U5eVMxZGxKU1pKSl9UNFRmMGlQSl9BbUhNTjNza00wSFBhVUhUWGNFRC16M3dpUm93a3lISHlWZnVkX3NXUnFaei04bWl3SnE2UVRudm5MNUVrSGxiVWM1UG1ZcWlVTGF4MnlCc182ZTZRTmg5eTdyTXc3QnBZYVRYVDMwT1ZiaDFZLU9pVEw3UUZicw?oc=5,
6a8497e35dbd7dc252890cf6,5e08c20fa1860c3d01aba0d59ce20d2efc6b18a34d60c85ba0782f2121407102,0.9,2026-08-18T17:35:31.216005+00:00,"This is a weather forecast/advisory regarding a potential cyclone, not an active disaster event.",The Hindu,ai,Cyclone Montha: IMD forecasts widespread rainfall in Karnataka till October 30 - The Hindu,https://news.google.com/rss/articles/CBMi3wFBVV95cUxPRlR3b0gzQXBLb0ZVTjlGZnNkTDltdlptQ2Q1bnVnREtWcVI2b2dkcW85eEdNekJxQVF0eFVhd3pXb2d0UTZKdENiYlplMk9HX2pmVkJLbkUwUU1fNjhTdWR6SHE1MU42VXh5d2ZfYkxDV3pudnlpazh1bUFWM3JKS1dlYkg4RnBiOHQyWlMxcTRaVERJSzEyalA2bC1KNnhXYXBPZWxBdm1tU190cjhSOVhMSWlyQk1rSDVqbE1CN2drbzNIYWhXTFNZRkNscWVrOFNPZ1E1T1kxR2xHSV9B0gHmAUFVX3lxTE9CSy03UEgxQWNJMGpYSll2akM1aFFCamMyZjNSQVZoVUZUR0NvcC12eGx6b25VbWRwMDFaR3RGX3oyeVZsclNuZl8zQV9ReEt1T2RnX2RDbWFETUE3SHVlcVVrLTdPTEVSQ0FDSTZMNFN3dG4wUVN1aDRGUjdramRYTVVzN3l5Mkt0MWJaTUtFc2pOMUlBUzlISEc2c2JXN3NkN0VqWjU2MGFhMjBCQm9aQU5CQ2ZSNGpqRzVKVXNBTC1iUzEzT1VIRElTSlVXUUJWTUViWE9UeXZhdTh5ZnlWUlk1QXd3?oc=5,
6a8497e35dbd7dc252890cf7,ce9b120da6d9370f0fc761a2bc5ca925c86c837674f85476133fbf9c9ea2aa70,0.9,2026-08-18T17:35:31.252308+00:00,"This is a weather forecast/advisory regarding a potential cyclone, not an active disaster event.",business-standard.com,ai,IMD Alert: Cyclone Montha to bring heavy rainfall in parts of India - business-standard.com,https://news.google.com/rss/articles/CBMi1gFBVV95cUxOZUp6T1lxdzRwQTRQblNhbnV1VThqQkIxVTVEa1dLOGlmdVVHZ3FLTmxxOHNRVU5ianhGSUx5NzE0U1BrcUpXcHEwWlNXWEQ1YzhpY0o2WU1YdXc4V1ZUWFlJbjlPQTJRNlFfeUhzdTdLeDN3RFFTUHhDZkNUaHV3ajlOVGR6cGVQMVJZRlVaVHFuc2FGU0Z1c3dpai0zbi1fWW84SFdiME0wZVFiYzBmY2VUQjc3OVJ0dXZSNGljQVE2Qjg1bHBjbnRpY0EyZTZ6WTVWZ2tR0gHbAUFVX3lxTFBCUkNUS2staXJRWFZOalJ0QWI5RnpPOFhGQUJXTWhMeFY3bUtmNmRXLVdHdzlyQUlHYVRyT2ltNzhkd0YycmdneU5ad2lMZXBKbzFQQlBOOGdQc1JfdlpjSEpGUVdteG1fb1hoSWt6c2FXOVJFdGlZakdiT1RUQS1nNXNlSmtEY3oxN2ZWTzRxTi00d3Z4TnR3NjJCTmxSUWtuR3NaNXNKdGcxcDZfeVVqbFVKb1JhSjR3b0N0TktxZ2hxMGhDVWtRRjJXZGRrWUZPZGxWcDI1TkZJZw?oc=5,
6a8497e35dbd7dc252890cf8,dd793d0a4c15ef54b0e9a16b1db96d9ddf00acfa684f5d0a021257f21958bdc2,0.9,2026-08-18T17:35:31.289724+00:00,"This is a weather forecast/advisory regarding a potential cyclone, not an active disaster event.",The Indian Express,ai,"Cyclone ‘Ditwah’ update: Red, Orange Alerts issued as cyclonic storm approaches Tamil Nadu, Andhra coasts - The Indian Express",https://news.google.com/rss/articles/CBMisgFBVV95cUxPVU9MSFcwZTV1aHYzb0FmV2ZzaHMxOVM1cm9LSWNOX205Nk53LTBnZ2xBWVdqNXdMSThpd05XcmZUVjk0V1BOay11N2VmZzd1WlJiRGxMenpDNE9fbUlvYlJRRDVjVHAyV1ctMGZaSDA5Q1dzZEhTMDNQbGtVUXlnYnhmRGJpa0hENnl0bXJXVFNudmxPd1g5aUtWb3dfdVhVa2lFVGxzMjdzLXIzUmN1Sm9B0gG4AUFVX3lxTE85ZEwzRS1TekpyYzRSVDFsMHd0TnVGRDM1WjZLb1FlTU95NGJpUDlGWGRCUmpkTlg0RmEyUGVHa21fa25xbGNldDhUeU5XSmFYQjFITG84TnpKaUUwT3VaWV9IeG53Sm9DZGY3TjFwbTkycDl0ZlJHM0hrQ0xiYmNBTFVuQllvTGxQb3RJV2Q1YkVOZlFvUDctSkwyNlV6eGZMMXlzM1ZUTTY5X05XU1g0Zm9TZTQ0dGc?oc=5,
6a8497e35dbd7dc252890cf9,2e2fd9f756e40de1af1779d816bc8d2e0d2035ee65f771597f4726c76f43f1e6,0.9,2026-08-18T17:35:31.324960+00:00,"This is a weather forecast/advisory regarding a potential cyclone, not an active disaster event.",The Hindu,ai,Cyclone Montha: IMD issues yellow alert for 11 districts in Karnataka - The Hindu,https://news.google.com/rss/articles/CBMi0wFBVV95cUxOdXhuZi1KeFRQVjcybmxnSkpHWGlCdU95eVV6TVZORzUxclVRM1FZZUFIRm1QTU9pVnpsMWt3aGJMVGhFaGQySHdqelIzaTBpT2ZMNEI2R2JINmZVLVVLVkp4SFFJSE9xYnFwcmVaVGdGUzlHdjEyQ0Y2OVo2VFBPeEVnOTMyOXZKaFBvTmVLX19jM0U2QzUwSDVBQnIydUpiSHB1RmlFem1XYW1VaUl1SUJCU0poVzNYTW9sam8xU2hLQnNDckZQOTdxcUk1bEpObDZN0gHaAUFVX3lxTFBfWWNOUTBMYzZmRTJZNGJ6emtOejV2QXZoNVRta3FQVWUxb1hpTURLeEpNNHY4YzU4bHNKSjBHUzFKdmk0WmY3bkV5U1FWWktXeVBtbUVpdzVIY18wbWpPaHAxS1h3ZnU1cWlQWmJ0dTJwS2lNZTczb0NqWWlnVG9zMjhEb01WTXNpalZIb1ljNmlWTTBzNGpjLVN1LTVfUmpsYkZrbHJfamdzdS1VNFRfNEYzbzM1ZW11N1BXM05ER1I5M3BnYXZsUVZVdVMxblZiTXlNbHVkeFFn?oc=5,
6a8497e35dbd7dc252890cfa,d9e3395d4e2b4e70dc08eddc789c55eba9c70d3933ef34257e57e8c95aaca760,0.9,2026-08-18T17:35:31.364578+00:00,"This is a weather forecast/advisory regarding a potential cyclone, not an active disaster event.",The Hindu,ai,"Cyclone Montha | Orange alert in three Telangana districts on October 28, yellow alert in 15 - The Hindu",https://news.google.com/rss/articles/CBMi-gFBVV95cUxNUGthcV9INDV2aHpHbGpGX3BUY2F3bjFUOGlXcFpuQWZkSURUOVJVUkYzSkEybUR6Z1dFTHZreThvaldId0pWLVpMUXB1aExkXzZncTFEVDhFdkhHNWg0VUpZcHpiNWl5cDRPVFRmNnlZSmVqLXNScGgySnNHQnlzcjRSS3dqRHRQSFV2ZEtZTWdjQ3V5S0MydS0wWEN6aFZUTk4yeEtacmhkNkl1M3hKS3d4N1Bza3VUbkU4MVV4NE56VmNweFVPaWxMWXVuSUNDTndKcm1KaURmYTR3X0JLMlpObTdyaV9QLTBUZHZnSGJxRDVzRTE1aUJn0gGAAkFVX3lxTFAzelM1RFdKMGZDN3pVbFBXYThfdk5URm9KU2hEMzlSdTh1REhSZm9KMjlKVFhtVEpGX0xxZlg0WHdHT1RVcmFfaUxldHM3a0R3Tk1ZMDlqbFlpbzBUQUxfb0Q4TWlNTk9mMWxkZlZpOU1xUENXN0E0UktNMzRfN3JEVlRMSFBJVTJlRW1SRExiSGFrVklQSDFuVUJBcWtNdXpxWmJvMjc3R1dTbDMyNUVmdk9zR2hEdjdwSGpnX2dLdlo2NjBQbkNBTGF4Y0NBc1NqUHhheUtETHVfY1VtQlV6WHVIMEdDYXN4QU5laWwwek0tQmM3UlU1VVl3V3JhWXc?oc=5,
6a8497e35dbd7dc252890cfb,3c9f407a6e64d79e5e2b8cf71a54d1031628ea1d03651ef06e75c6ffe64edec8,0.9,2026-08-18T17:35:31.398393+00:00,"This is a weather forecast/advisory regarding a potential cyclone, not an active disaster event.",WION,ai,"Two weather systems brewing in Bay of Bengal; Cyclone likely, says IMD - WION",https://news.google.com/rss/articles/CBMiuAFBVV95cUxOcTJIOFVnYllOdmdkNjRQTm1ETGUyQzNRcVpLcFZsam5TVWhOM1Eyd3BxV3FSc0dvN25adXNpazQ2Nk4xeERRSHowQWVZTXpDcXlaUlBnc1REZUpZbWh0VFlSUDNzT0s0Q1ltY2ZRU0NWX0h6MjlicTI0eTNFeDlaR2EyM1pFcDVQa1JmZ0hoaXdRNUhSeHJYb3kzX2QxVDJxVWNBLVZ4T2dKbEtEdzYzZU4weUpWZnIx0gG-AUFVX3lxTE9IRF9WcjdnWWpKYjFEOHo0V2hEbE5ISU9CTXdJVEZtNVBxUTh1c1ZhSWRNeWQxeVVYSllDaWptUDU5Qnh2Skhqa2hFSi1oNHpsMG5iTHRjeW43NWhGU0NKeVQ5Ykh6Ql8yeDZ3emZtdi1MMHNLaFpMLUo0WlhPU0xIOTJIRDlTaDRNRWQyNl94ZnNieXQ0SllFZzVWZFRNVzRxeVNUaW5MS3RmQkZGRHRpR3hwYUc2WmR4TjFPZ2c?oc=5,
6a8497e35dbd7dc252890cfc,bd6b341b8b3662b4e48df38c3e31682231e208346026609526c0040c7aa519fa,0.9,2026-08-18T17:35:31.443081+00:00,"This is a weather forecast/advisory regarding a potential cyclone, not an active disaster event.",India Today,ai,"Cyclone Senyar, Bay of Bengal low pressure to bring heavy rain across southern India - India Today",https://news.google.com/rss/articles/CBMiyAFBVV95cUxNYWZzUHZvcFNvdUFGWHVfR1ZtOUR4NE5GUFd3RkhuYjl0LUE5RURFSHNZckk5Rno4aDJxa2lLSjA3NnV1Z2ZJZlBQTDFRck05MWNVVk9QQWo5NTd3Yl9nQ1pXQXNkQ0wxVlNodEQwWDZuZXdZUUJoa0tFT1o5d1ZGMkQ1QjBMR05YbV9OaGhIQjU2N2dldFlZWXBzaHQ2VzJRTEVnbm02OFFieUNCR18tdWw2SWdrcWJKVGpDS0gwYTUxUTZOVWw4V9IBzgFBVV95cUxNcklQR1RDV0lOX2dYSXlqM0FIcmQzZHc3R2I1RkVCWGNGRWdCU2FfQVNoZ3haQUxqTi1GNG1TdjVBdkhGelJJN0RjaHRXQ1JBQXVPOWN6c3gwczB2YkY5UnRlOFBzVUo3TFd0aDEzczh5TGwwUUk4dTMxVXVDbkxPaC1uRUs3VXZ6aFpNalVqNkVmcEJ1akhHTHhqZW8tWnZPbzJncEc1TWQ4dGM5ZWo2RDJuQkR5VU84TEFVdF96X1lQdDgteTRTMTM3NXo0Zw?oc=5,
6a8497e35dbd7dc252890cfd,a70d69b8449b30d9a0944def0edbf5f935199a20d3dcb91f366ef2ffd9651f26,0.9,2026-08-18T17:35:31.479848+00:00,"This is a policy discussion about heatwave parameters, not an active disaster event.",Telangana Today,ai,IMD plans to revise heatwave declaration parameters in India - Telangana Today,https://news.google.com/rss/articles/CBMikAFBVV95cUxQSmVobEJlY0lOQXJqbU9ZZ0NFbTJFNUhRWUZTTlhlZXpZVnVaMFNaNDNLbXFBanZWNTZFQzV5dmcxSkYxZ2x1UW55aEFZUUQ5YUxDTjZfSFM5aXpZVHRnQzhEOUdvaGYwLUl2TEFwRmlsbTQtLUxfWFBzejBvbk5WZFhfZzdpajNzU0xPMWE4T0k?oc=5,
6a8497e35dbd7dc252890cfe,a4e51b304663bbfac10dbc805fae5def673a36430ecdb9f1f2814b282083cb45,0.9,2026-08-18T17:35:31.551684+00:00,"This is a weather forecast/advisory regarding a potential cyclone, not an active disaster event.",The Times of India,ai,"October 25 weather update: IMD predicts rain, winds, and cyclone watch in these areas - The Times of India",https://news.google.com/rss/articles/CBMi-wFBVV95cUxORGRkOFNwcGFVN29fRUpQeHBmb2s4eGp5em1JeFdZeFFpLVVBdndMdTFaaWVQbk42RGxXbFpZMjVtLTNpYTE0WnAyejdzUjZDTm5sSGNHdnJxbjVERFVMNG44MFRIT1RSMDZKMWM0UERZNlF0b0duc215NTY2NGVrTVUzdWxDVnBMRTJfLVdvQ21ERHhGZUdrS3hNYk5Ha0VMRHg4WnRDTENWR1ptdjQ5ZVllNU1JZ0Yzd1FSaGp0NlNUUmtqX2FNeU9IYi1KWDJCZ3pfNVJ5X1dOeXRNX2phZVN0Q3U5N2xMNnZmUHhYSy1OLXo4VWNRWlJjY9IBgAJBVV95cUxOaEdDaG5jX09nemxIVkRFeFY1NG5vQmZFV0c2RnZkUXdtRFZDMS1HZmFkM2ZSNWtQV1V2Y1BOcm9WazNNVGhLTndmRHpBeDFjdnl1Y1l2YzlNYjZqS2JDdFRhSldrdTJWY2JrbEFPaDBDcmdJdEh6dXhjbW5TTDFkdTRYcHBCMzVCT1h1M0pqWElRcVdMdXpWSm9YNEFzUlpwVUZ5OHdoVkU0dlc1c3RiMVpSTGlpb2Q4dTZVRXRZb0czckZBU1pUaWExcjRRYnlKN2RSbUlyNGxFZDZKTHNhU2JRN3ZROG1qdjN2NlRpOWVSZk1VQmFBSEF5UHJBX2ZL?oc=5,
6a8497e35dbd7dc252890cff,36326b0fe9edeed3bca572a640ed6f4f8cc8662d78826d21b0fba3129d390037,0.9,2026-08-18T17:35:31.600049+00:00,"This is a weather forecast/advisory regarding a potential cyclone, not an active disaster event.",The Hindu,ai,"Montha intensifies into severe cyclonic storm; IMD issues red alert for coasts of Andhra, Odisha - The Hindu",https://news.google.com/rss/articles/CBMi_AFBVV95cUxNMmdtRi1NbDF2OU9SdjU2eTQ4YUlrQXljd2kxZkxnLUVRYzl6QU5vbnUxejZfblIzMDVYbXJRckdkSTZnMmZueGh1aVBBMmswazRXWnFpZFZSNnB5X2FkSGIwRWFmSWxZN1I2S040M1N6YWlSZXpETnV6ZExyVEMxcmZIa29felZGWFJnRVNCbzlqelM4ekpoMElCdVQwU2lTSnNoeWpFWVVqdGY1M01iZ1NQdjdRdlFpNWRQSTBtZVJYSlVRTVBtb3lOOFdzYTFMQlZ1LV9MeVNEcmJsMnM0SHVReWd1MjZGQURxd1p4SFIxQ1REQmV5OVN0bGjSAYMCQVVfeXFMT2ZPVkNnYU43RWpaRTlEVnBvdmZXSVFTd1pheVVxWWVpbktkSTlQYlZkck5aVEIwRVM3NnFFbms4d1F5clFaNHFtUmhFQ2UyWjRHN3lMSmdLNnhGMVRmMW5sZWJpbERSbXpxTEExSkU0S2cwYXhUWnZLcTBxdEduSVZ4NmZxN1FpOWhEZG05dVJjMXpBQXo1ZGFfdHNhOUNtSUFESVdRVXo5MklVa3RwTVMzZkQwSzNtRDRNVExfeThKc0E3eVZzU0hTZmFfa2FFYlk4Z0F4YjdCQmpJdnY3SDd0MnU4cnNhaEp6Y1Y3NjlaQVlod3dwbDFHc2F3Q1R2SVlXZw?oc=5,
6a8497e35dbd7dc252890d00,9abbcbb02b4f20c41d4e72b5ce0cc4610b0fe3df1c1ed1245753f006e0833bed,0.9,2026-08-18T17:35:31.634552+00:00,"This is a weather update regarding a weakening cyclone, not an active disaster event.",ddnews.gov.in,ai,Cyclonic Storm ‘Montha’ weakens; heavy rainfall predicted across several regions: IMD - ddnews.gov.in,https://news.google.com/rss/articles/CBMiqwFBVV95cUxOdTlVSHFPcE51UnA2UVVuWGxDRlMtWXZuQVUwbW54a3FzQW1hczhxS25VdGVDZkl1dUlBbkc1b2tpWWZTZTBPcE0zdVVzZlFjVzMxRXp5eEo2dWRoZktCMWpwTTBMcFVLNG1jN1lpdVAtRE80SUZPXzZOZ2EyNWFGM1J4M3V2UkpSR2h2STVjandVRUEwYTdqRG9JMDNBRTduMktNUkhzMS05bzA?oc=5,
6a8497e35dbd7dc252890d01,c921a071815d3a901f0ba160e037adf7e4edc330bc1d6d09044968c386a80295,0.9,2026-08-18T17:35:31.677633+00:00,"This is a weather forecast/advisory regarding a potential cyclone, not an active disaster event.",News On AIR,ai,"Cyclone Ditwah forms in southwest Bay of Bengal, heads toward Tamil Nadu, Andhra, and Puducherry - News On AIR",https://news.google.com/rss/articles/CBMiuwFBVV95cUxPV3kwa2hPalFRc3FpWG80Ml9SNkFkeV9lTjBnenlIcUIwWTF4OEJJdTBYU0UxVEVFb0xiQ3dESWpUdjZkQ1Q3VzFZbWYtX3c1dnJscEVfbDQ5di0tWEo3RVduWEF1cW5TZXBkMENnZW9RQUE5czlOUzFXcXM0azl6REpFLTNmV0FnS0FJNlNUbzZyanBwaXRVaDluZDdSVVcwSjNGSHFzT29NVzF2WEItdFc4azF4cW5acTdr?oc=5,
6a8497e35dbd7dc252890d02,1b8f830b6ea0fe8e0b517fb558c1708a8585016d60043ecb05b25b74392db98f,0.9,2026-08-18T17:35:31.716703+00:00,"This is a weather forecast/advisory regarding a potential cyclone, not an active disaster event.",The Times of India,ai,Cyclone Ditwah intensifies: IMD warns of intense rainfall and rough sea condition in south and coastal re - The Times of India,https://news.google.com/rss/articles/CBMimAJBVV95cUxNb01YdXd4ZHVOZHl5Ym9kQTVCbXdIdmdNdEFQTVFvX2p0ekNCZS1NWXAtTmRDZjRQSDJTX3ItSnpjZGg5Tm1QemZ1RkJ0dmw3RU9UWlBQRzd2UUw0dzFGVUpaeGhGUFFxQ2FxZHk1MXNoZGF4cHVqZEI4VjR4ZUtSOXBneXZCaXl3SWgtT1Fta1BJbUlTcm1uNVNTcUxFZURybHR2SkNfTkZFYmNSTFVqaVRUZm5GTldYcTM1ZGJWcGwtYWNBUlVEcmhQc2htWmNZRGY2VTdhNW5KVFJqMUVwclJQVlY4QmtsTTZWV21XdjRqZDFuVWd5b2V3MjZ3SXBKeWREdm9ibDAtTi1qbkQzU0ctLWdldTlm0gGeAkFVX3lxTE1sMFd2YUlZbWZiWDd5SVdQdnZVVU9FZ0I5STJVUnB5VVFMS25faWFQRkpaTW5OUG9ZZVMtOWQtUjJXb1J3Vi1aMHQ2TFZtNFdOc1V2RXozcU9ROW43QTFiX2wxY1NVREdUYmE1NTNDY1ROOTZLZlloTmdPanRCODZaaDcyYlJQdFVaVnltUElXM0FVV0dPX2VfZWVoOFVCWnJjTlgwU2FDcHIyR3FhbFVsTUU1Rks2OVZqbHhRUk1uRk1nTmcyUEJTTXJWeHBHcGg5a3ExZWN6ZHdWU2c5ajZ5alhVM0NHVHBwWlktbHFZOEZRc2poYnJvbTFkUkl4Rlc0ckRDMTVfMXhFUnI3Z3ktOTdPcnRqQklxRTFNSnc?oc=5,
6a8497e35dbd7dc252890d03,1c125eed2180f9de162e9a6e7a63fee58d1be0db3bda5043e60c1280ebf60ba0,0.9,2026-08-18T17:35:31.753216+00:00,"This is a weather forecast/advisory regarding a potential cyclone, not an active disaster event.",livemint.com,ai,"IMD weather alert: Heavy rainfall in Tamil Nadu to continue due to Cyclone Ditwah, northwest India braces for cold waves - livemint.com",https://news.google.com/rss/articles/CBMihAJBVV95cUxPNU14MjM5ZDBjSnRrbEpnZlZQWmVZd0JidkUzVjRfT2djTFN0TFRzaFBOdnRzR0pDWnVxLVhodi1YMHk1RVcxOUlpYjFpc2R4YzlQeHFPaGpNNGRLYmJPNl9jRnZfb3E3alpjQzJVSy1pd2htSXI3amxwNVpyRDJWanlpeU5CZVdNQ25uVlVVRUVaalBvd2lDbDd2dm1ycHAzMFkzeUo1MGNnTWNBYlRSSmx1UmkxQUxfOVg5VnIyY3laUGVtem5Sdnh5aHRMeHJOdWtTUUJsTjhyV0ZxSWJQbEJWUzVuT0N6VmNDazZrNXFmRmRUV1RocmhOWnFtV0tHZzNXadIBigJBVV95cUxOZHJEdXZ6QVNYb2Fib1QwV2xydGxiLVBqdmhtc01KSGdieHZtSkoyZ0NBd0xMQVJlLUhuTTBiUDByNkJsa3Z1a0dCWmRRYnEzSmYwQjlQdFlWei05ZWREaE9oWjE0d0RZVUtpdWZfZlEybHdQODNueFhEZU1BS05FamJDVkdXOTBKWEpYVFBlQ0pKcVhsMHdqTnZEZmFWa1lhWXJHQk9KU0VxWVdESG5MdW8ybks0RUdUOWVMcGtqd1lubnlOb3FjSzNOT1oxcVBXV3cwbW80a09uV2pDVTdSOGZxSzNhRjdDUWYyb3I0YXd0cDV0NzFYZmtuV3lvSzU5VUlXVy1BYVVSZw?oc=5,
6a8497e35dbd7dc252890d04,41674227b78332faa3c3a0647329ee4ddba00b44137bbe5b0a8d7636a36f67de,0.9,2026-08-18T17:35:31.796198+00:00,"This is a weather forecast for potential heatwave, not an active disaster event.",business-standard.com,ai,"IMD forecasts rain, thunderstorm in several states; heat wave in west - business-standard.com",https://news.google.com/rss/articles/CBMizAFBVV95cUxQWkdnSEV5MU5aMmt0RU9BQjFOd3FmVmZ2MzVYQ3pHazE4SnR1YkVHdDZCQkt0U01OeHJRMkZselA2bjlrbUczTXJFOW1oeUkxVWZRSmI3cVRZbnAzMEpwYk4yamxjMkhDb1VwUU1PSWxldnRGd2RCWVIxZTVnUVhQdDVXZktXdzdybXdvSl81T3RvR3RUWnc4VzhTOGp6N1RRdXFCWkZrODlSQ3hwMktwVTB4WmtjTk5MaDl2WGxXU2RWR2syR0JYeU5iemLSAdIBQVVfeXFMTnFQRXU1b214UktkWWRsNmd3TnE3cHJHeHZJNnE1N0xXaW9lLTJRYV9lZTBrejl0S2ZVTzhXb0tNNGwwTUxYTHFBVUJ5YWtrZlA0aUZJNHJzWnNndmczd2JCdnJiZ3pTdUFhQTBoaVpoT2lDaWNVbVczMTdFT1FjeFRWdE5hRlF0T25tZXpvdnQ1em0zdWtvX2FhSWhZVmxxNXJKYzhXV3M5QzUtTml5aktOMTVPMjZpMmwxaVRQUXlHcU43cGJyYV9KS044SFROb2tn?oc=5,
6a8497e35dbd7dc252890d05,2da226e7645996924b3fac500cd3a24c53aa7228a427a901a3d3e927c15781ad,0.9,2026-08-18T17:35:31.831199+00:00,"This is a weather forecast/advisory regarding a potential cyclone, not an active disaster event.",The Economic Times,ai,Weather Today: IMD issues red alerts across several states due to Cyclone Montha. Check latest update here - The Economic Times,https://news.google.com/rss/articles/CBMi_gFBVV95cUxQSE16UlktVEp3Ylc1ZVJoVEpLMm40VFhNemRrSnozdFZpcE9EUGR2M0VzX0lqemNMT3hLdGlvdkEzc2dIU0xiYkZRLWlCbk15Z2hGdHNBV25NbklRbHFBcjV5SDRwWWc4ZlJGa19PZk9vTVk3ZlJiTlJuWDRXMS14Z2ZBdS04dUFUVzBGMnNlV0NPdTZGcnQ4NUpPcjJ2SmlyMmFkLWFOQUFNM3FnSUtmVldPSEpQTUlOR2FuWTgxcjQyX3V1NG9aaDdUbWM3ZUhmUUlQeEo5aHluYndwZ0s3azdGQWpqcjFzYW9QaDZxMUR0MVZWLXVVM0VGbVpXUdIBgwJBVV95cUxOd3dCTDhldzRRVUpFVTkzQUpQajMyZWhET1pnT1NKdXl3U1NSVDcydXUtaHpUOENlQUxjWDQ0YkNabDRzeGs2a2plUTFyVDBLeVVob2N3Rzd1ZEZ4NVFzLWxJQXVseUxCVDZSU2l0bjh6NFZONnRvSVIxWVZ1dUkxNklQMVRpaWdtLWVUNC1URzB5VFlHdDBKeVJVUWsxd2ttN1VwNk5STktqNlpvVTNCVktpMGl6Skd3c1dBZUtnTUt4RUhyZ2FxNE4xM0NpMkROWTY5WUtFc05ua0VXU2hQa0UxYTlmNE10bWVYck1hYmlMcEtmb1NhaEdEcnJUTFJmU2Zr?oc=5,
6a8497e35dbd7dc252890d06,601c6b589d30ac72f852c65be36e4a4b6d33ee33e89ba17f14267d7f61274340,0.9,2026-08-18T17:35:31.866325+00:00,"This is a weather forecast/advisory regarding a potential cyclone, not an active disaster event.",The Times of India,ai,Cyclones Senyar and Ditwah triggers heavy rainfall and wind across multiple south Indian states; IMD upda - The Times of India,https://news.google.com/rss/articles/CBMilgJBVV95cUxQUEdnMDNLVnVtV2ZCUTV1SGpEZFk4WEpDNXo5M25yZDhVYU5Fb2VSUTNuUk51d2ljR2tfOU1xUHd4YmdNQTlZdEVOOGZZbzVodWVlSUdKREpoUktZZGtYVE94RlEwUERsVy0tNi1NTVQ1Rl9EaVQ1OFhNQnRWTkl3Y3VnWTNraVJSTm1EWjN4NlkxM0x2MnVvc3VtRkhxTWtLNzcycElMWDJlUXc3YzlsS01GV3FTU0Y1S1Y5SjQyYWdub3ctUWt6cUFMWTVOLTlnNDJlM2xLUmpLUGYwcXJqSkhKTzd1Z29KTmRxTXhSLXE2TGxtSFd3bWtkLTA5dEtmM1ZQQzVZMnhTeGhVZHREdndpOWdMQdIBmwJBVV95cUxOLXdvbllFNmJpdHVvbERpNnpyUkt4YUxveUJKRVdYd2J4bnV3LUhkVElvOUE5MUl5eGtyOWN4OFNWdVJDRU5rZlNwOTFoclNnR1pXeGlTNjB2bW5qUlAyN1g4OVlEOW5WNFRnYkhlSEtON0RTdmphUjJ3cVNpQTNYY3M3RlNBTjYwdDl2ZGtDSGpJWEN2TnVhclJhS253RTJmbmxwMWhtN2pfU0JyUGU4aUE3eXBlSGplSHVqc29LU0NUem5HV0FxZkhZZFl4Z2c0LVE4V0JMMTBNUDMtU1JnWEtSd3VPV0Fzb29xeUR1RUFTdFQ3OUlLa1NPcUVQSmhHbklXZXlzOGotbmhYRXUtc1dpMVU0WkZ3dDZv?oc=5,
6a8497e35dbd7dc252890d07,25bbf6684b8c58320ec99e356e6dafcba161b02faedd47cfa0e495d646b08705,0.9,2026-08-18T17:35:31.902056+00:00,"This is a cyclone alert/precautionary warning, not an active disaster event.",The Hindu,ai,IMD issues 'cyclone alert' in Andaman & Nicobar Islands - The Hindu,https://news.google.com/rss/articles/CBMi1AFBVV95cUxNcWxwdy1KTk5jOVNsZm9iUnYwZ3E2bFI4d0ZfRjJUSFp0V1BRNC0zUmkzdXFGQnZ5ZkE3VU80WEVsTm53LVEycTh4UXpSYmxwMU5rbjNRY3ZwWlJEVk1yVFVvM0NHZ1NtOWdTX0JZZFBVWW43dU8ybGF0TUNnWlc0VndrWmFMMVIyWmQ1UUZCTnU5ekh6ekM1Y1NDNlhSSzNOQ0N1UHRHNjdHaHVDSENmNFJvVGY3VmVMc191RDFieFZlaUJUOXZhTGN3X0RSbUEzQlNBMtIB2wFBVV95cUxNWU4tclhiYjFNdzdVRjFWYUd1d2ZQanVnOHJzdlRVRU5VaUcyY2NjZTQyanU3Z052UF9rVTRYN1FZeks0eVR1NHRMbFIwTmNpNUtHZE9YaEZzVmFXSWlvT0U0dW5fZ2Y2RF9XVVc5LTc1ak9BVmw1Q3daSzdkUVBzb0x4MTBiSmhRendDVkJ5WTYwVFN6RFB2bXRydEc2MWFVSGVkYTBCMEJrUnI2X2ZGQ0hRT0FGS3ZSdTBRTVQtZ2FuRkxyd3dGc282RGE0czYybTRSX3ItZkIzZWs?oc=5,
6a8497e35dbd7dc252890d08,7ee989245f9ddaca8ce28ce9735cdfdc1e23fcd3145dec8a6c4b5f218e82ee98,0.9,2026-08-18T17:35:31.937709+00:00,"This is a weather forecast/advisory regarding a potential cyclone, not an active disaster event.",The Indian Express,ai,"Cyclone Montha to develop today; heavy rain over coastal Andhra, Tamil Nadu and Odisha till Tuesday: IMD - The Indian Express",https://news.google.com/rss/articles/CBMitAFBVV95cUxQZ0hqZ1hsbm9ObUg4VHhkT0J3VjBBRzJ6UEJ6akFhaF9kVFB4dU05MjRCRFIwb2JkZmNpcER0a01WTE0zVzhhZDM2LVpoZXNmdlk2TnQ5ME5PMFNlMmFSeFZod3Y0UzZOSG84c2JyTVExMEhjbm9OWnFXbzA0NXJ1b3JOcEE0RHhWZWxNa0VkdVhNeEY5bHBpeGo0SDlWWWk5VUdoVjRCSVJhU05pbmlqZkxSSVnSAbsBQVVfeXFMTUUyU3Z2V3JzX1E0VHFIVGhqbkxJU21fMGdYRkdfZ2ZhMjRYSXRoQ2RKUkNGejlWLW9VYzhHY3RfeUpDVGloc1VyLTVwUXBnQmtwc05TSGpJeHg1LTlrejBYUkp0S2M4ZVk3a3BFSlRGS1BEdjR2WkYxekxQYy16MFlLR1dxZ1FQZ0M2Mi1uZ1J0LTFRY1k0NmsxV1ItZHpWREQ0NDhGdlZoR0gxMlBqdFpsTEhaNnVQWk5YVQ?oc=5,
6a8497e35dbd7dc252890d09,95408cefcc3c7aa3012576e979108b10b8e0206c662bc1ffd33da4f3f777c49d,0.9,2026-08-18T17:35:31.980424+00:00,"This is a weather forecast/advisory regarding a potential cyclone, not an active disaster event.",India Today,ai,"Cyclone Senyar may form in 48 hours, southern states brace for heavy rain - India Today",https://news.google.com/rss/articles/CBMi0wFBVV95cUxPVU1UZ1VnQzV4MHNzWWE0djVzNklfWFUyNnZoSWQtbUMyN1NXczVlSDhGdm5UU0pCTVBNaUdDSGNHWDlWU1QzWU15U2xtanhBR0JlUHVaYk5qeUdqVmkwdGtQRlkzYWxCWm5iZDZXVTBGWVpHUmtMU2RBcEtBb0RuWjYxUWprS2dFSWJxNHpRN0piN1U4ajUzaVRKRjQyVHZSQS1OSWJuei10dURFMnBRdHJodEZ5WEI3eFluN3FybXFwSWdmNHZldnhrWl9HbW9vQWhN0gHYAUFVX3lxTFBhc2lIRHNkZWdjeDlqR2VwVmFTX3lsdVVTU3Nia2ZrRER3NXJnTjA4aFoxMi1LYXI1Uk8yQlZKWXNLQ2p4U2JyUEtmV0VjYzE3ajV3WF9oT3FfWmpTb0tVUElLR0hKcHFkN0R4WWxqSjBpak9xR3IwZGRaV3NuZExoTEhMcWlFUXVGWDliSXh1dzhRQ0pGd183VVJMZzN1WFhBNm5obVY1OGV6NTFWclFmaFBfSUtxWF9wTnpCTjhMT2hrMDdSN1BHbk9iZU90VktoRzFud0k2SA?oc=5,
6a8497e35dbd7dc252890d0a,057b95a7c7f7360e225190b78867342d2ef75c2e41b31543b36eac0f10be4091,0.9,2026-08-18T17:35:32.014709+00:00,"This is a weather forecast/advisory regarding a potential cyclone, not an active disaster event.",India Today,ai,"Cyclone likely to form over Bay of Bengal next week, warns weather body - India Today",https://news.google.com/rss/articles/CBMitgFBVV95cUxNWVloRHM1VHhFdGxMNjJjUVRhbUl4SHI4dTZqUi1MTFJzOU5tLUpRcEJCVXpsVEh1NHVKc3BRVHdCcDZlWmVWQzBycjhMaTYtcW1WOGNtUVRKYkFuMks5SzJiWXdncmpZYkNGUnVJREQtTV9hczltclYwcGNNQzNXMzU0WlJnOXVKQjdZNmNXRE5aWDZxeDNCMEZqeGZRQV9HQ1d0VmtRUC11X3lwOEdTaEwxUGxrUdIBuwFBVV95cUxOTVJGVDRhYU1CZjdMNXA5WmJJZEtCQ2JVTVFUajFCSVNsUDQxS1BaOTEtLW9WMVVLd3ZER0E0WU5SbjVzN0t1WXZqV1ZGTENnejNSQ0JmWlcxOWFqbWtpT25IYnRQZlVvN21DWWc1NWZ4Vi1qdXQ4NmNxa3pzMEJBRnp1bTlDM0d3bFZzeDQ3STdkRmN1NnJzZGZWQ2FVY0RraHpsNlpLamJ0NDZSaDRzYXZaeXBPa0ZwSlBz?oc=5,
6a8497e35dbd7dc252890d0b,2b90521bcf21befcc2cc5f1ecb38603880c5dac59a25605f0adead4a90eaec8c,0.9,2026-08-18T17:35:32.050903+00:00,"This is a weather forecast for potential heavy rain, not an active disaster event.",India Today,ai,"Heavy rain coming: IMD issues orange alert for Delhi, weather to turn - India Today",https://news.google.com/rss/articles/CBMixgFBVV95cUxPdTY0VXRZbjZLclA2eF84N2JJZ3otOTNzWjFqeHBDSWVCeS15X1o3U01wNDQtbWNzUFdfTXVRR3NVbW5XOVN4ejVPanotZTFmU1VyWkx6NGxCVDlFd3JQZThzYzZkaHY0bHhxU0l5LTJtYWx1anhBVzlIUXZMbXZxR1A5NWU0WlpFc2xyMWdaVUdHcVc3cDA0MUVYZnVCRVExdlV2OEJLVTlxNHlTOS1JLThHajRwekhOM280UlE1UFJjTk5jS0HSAcsBQVVfeXFMT2Uxb2lqNTBiRmVXN2lyXzhlbzctb1B5eFpDUy15eXgyVWRseXdESENiaEVJTzZGTDlPSTdkVmIyNTFJcGFweGExYUt3QTBaQTFOWEtRZUlWU1ZMX1hfRFlyR3ZFSmJnY0Z1SnZQQW93NTdCUmtkUDlvTXZpa3RqUmxHVERkTzhzTmMxVDVQYUpEY01aeVBHblUyYml3TE9CWHA4Rmd0OVMyLUFtWjgza01WU2U1cXljQ2pVNlU3OUlIQ0ZmMGdzbmR2NXc?oc=5,
6a8497e35dbd7dc252890d0c,bf224eaa02a8237480d9cc1ee7de05b711be972c76cb097fa9f37a87e829a719,0.9,2026-08-18T17:35:32.083770+00:00,"This is a weather forecast/advisory regarding a potential cyclone, not an active disaster event.",Kuehne+Nagel,ai,Cyclone Montha strengthens as Indian authorities prepare for severe weather and flooding - Kuehne+Nagel,https://news.google.com/rss/articles/CBMihgFBVV95cUxPZ1lxY25WOUFXRUhXN0w4RHJ6MmJkTGpqa0VRZjJfaTZxX1NxMi1EOGtmZzdkSjQ4TjhYcnhNOWV3Z3hSbEVXSFBFaHBETEFYWWRSeEhhLVlSZUdjRllJU2trb1VuYWdGcXFZeUdpWmxSVWNoeFQzOVRUOC0xcUY3THBZMTNDQQ?oc=5,
6a8497e45dbd7dc252890d0d,49655c8daadf7c6fccb29ab3e546f86e65c6fa4ab6981d85859045f947bc7b68,0.9,2026-08-18T17:35:32.117233+00:00,"This is a weather forecast/advisory regarding a potential cyclone, not an active disaster event.",India Today,ai,"Cyclone Senyar: Low pressure area intensifies, rain alert in Tamil Nadu, Kerala - India Today",https://news.google.com/rss/articles/CBMixgFBVV95cUxPeEdqOTVYVl95YTNQcHBlU3dOQ3c2cnR5cmd1NUFmUzNMR3d0ZEptRDd1SDF0ekVYeVpvemxaN3hZa09ycU1Idm1YTWRnQXYyX29kS2RvdHptWU9WZHJ3N0ttWTFaRVozaFdrQnB6SzZpbm1UWGIyMjRCMXY5ZEZfX3FZc192VTd6dVItWlpNbk5ueEo4aGw3TUkydEdhRG1EbG5QZlVoSjlQQlhTOE9YNFBhdlRjeUF4MURpOW1VZ05HOGNzZGfSAcsBQVVfeXFMTUthOFprQTV6ZFQzRjdzZzU0ZmhXd0NaOF92bzZfbzR1R1JlMzg3dktpNjR4d040blF3T0VhVjlRTU13YTQzOFRjRlJFNk5BQ0xJU2NUbzNTeHNxNkpzQlNlS0M1MHlvV0NRYWZ3VWtLOHJEVjR4SnZVdzJ4U2JvZjZWX0IyWF9NOEJnQVBlYjYtUmJfTjUwWkgyaWlsUEtSQ1Rtb0dra1pYdzNWM1NGVnpzUHlHQk11UlBiT3RvQTE0d2pBbmlpZ1JkcEU?oc=5,
6a8497e45dbd7dc252890d0e,5a1af69532ea24fb42841e995b97b0b24a9e1067ed31a3cad42749f4c2ece0b8,0.9,2026-08-18T17:35:32.151474+00:00,"This is a weather forecast/advisory regarding a potential cyclone, not an active disaster event.",The Indian Express,ai,"Cyclone Senyar: Landfall timing, path, possible impact, here’s all you need to know - The Indian Express",https://news.google.com/rss/articles/CBMixwFBVV95cUxPVDgtNDVEbFF3bkpVaEJiVUlMUVRZV09GWFd0M212VGZtVDIzb195RllEWVZ2ZmhUWENabklpdWl2UlQ1TDZVN1hSNktnV2ZCSmJtdmNwVldlS2tQV3VOdTBYaEJyS0lQQ1JZRTBma190VTZNY0RNLXJKcEZIQ2tvMEcwVlZYZ1RmT2VzdGdNck44M0t0RjA0Z3ZTX0pWS1dEWngwMlRwSmh2UHU3bjE1TTh3SDVLc3d3TFhBa1RkNURHTnpDY1B30gHOAUFVX3lxTE5IOGV6Wlpqai13eGY4UVZuTzI1M3FYcUNrRm5vdGpkVkQ4UEFWTm1FTldmYjlyYVcwZlZJblFPUUUxTkFuVEV4UFZwSUlFS2E2VmdBRUV2U3p1X1p0LUUyX09feE9DMjVSb3VaeHVzQ05RT3BtNFFHby1laXozT2pmbFUzSzlvNTlwUlNfU25fbWFZZ3g0cVVrME1PNThYTlZUWFZwZzVjV2syenV5T2oycW1lV0x2TEhBYldYZjlaOXpENXNna21Ebmg5dGhR?oc=5,
6a8497e45dbd7dc252890d0f,f1c5b7759ba5fd8a3ffe3840ab8281c317da18dc734272a1764fd66b3bd88cda,0.9,2026-08-18T17:35:32.191281+00:00,"This describes a rainy morning with light to moderate rain, not a disaster event.",The Hindu,ai,"Cyclone Montha brings rainy morning to Hyderabad on October 29, IMD forecasts light to moderate rain - The Hindu",https://news.google.com/rss/articles/CBMi5wFBVV95cUxQVl9tVDZDbm1pX25KcG01Z2ZtTkp5ejkwRkJXNTE2ODliN25JWVNzb0g4QXlNM1VqRFRtTHd1VE9oQUtlTGlZVktQLXJVMHFrQ1hLWG1EeTZZMzhwVENESlAxSHNSTG9oR1RGakR2QkFrc1JveHJYbW9VRUhCemJVNG9icjdIbTZJNmZEVXNEMGd3eW16bnY1VGxOSXdiRHEyZGViX3dWLWhPdC1ScU9kUkxVRC14eHB1UW5tem0xVnRORGVkQW8yQlBWSFoxbzFZUHdXbkJveWgwVG5MRU5landUek8yNDDSAe4BQVVfeXFMTkpxY215cGJCYXluSGZ5Xy1zNEFjT3RnODdEaTlremkxdG90eDVwZWZrbTlZcjRlV3lIRV9XVWZTc21JWVpJS2VwSEdTU0U2OGZBbDZjdmRGOUxTUHpxOWxvUmdyWFA0WjdkSzV3VEhXOENDdjJ1cUxfX1JQdVRFMlZDXzNfYmRKVmZoTHNVZWVjTlUyQTUwY1JNak9HTGFYdUdEaENiOUJnYjF6R3lManFJbXVhMGpKZ1kwR2N2bUVEN0VXZFNYQm4tZ25xUE5EMkVKWmhQSFZqNUowcGZ5ZGg2UWctcm5zamhnQ290Zw?oc=5,
6a8497e45dbd7dc252890d10,77135a7f59b3007752c3a46c8ea162ac4f4cdcd467af797698a81e8f5174e043,0.9,2026-08-18T17:35:32.233764+00:00,"This is a seasonal weather outlook, not an active disaster event.",The Hindu,ai,"Parts of India may get more cold wave days this year, says IMD - The Hindu",https://news.google.com/rss/articles/CBMivAFBVV95cUxPVGFiOHd2d09rdXVaMTBwR0xpUWp6Q1lqaGRQVUVlY0lQbXk1VERXOUdicFlOdmx1b0NzQkNxSU5OYUFCRGwyRWphNEk2N0pkQm9NaDRjVlhuMEFmd0NobUg3bHFSTnVKMlJnTjJrM2U3NDgwRlZfaG1ZMnZMRGRRU3BZS1BmTVpZekJrbHpvellyWFJWYUFMZ0FKSDBrZV9qSlBFdXV1WHBGUmxUdTVJYzMzZU56dC1ya3VWWdIBwwFBVV95cUxQZjdGXzdPRVV6Y0czN05GQVhGVkZZWXE1aHN1U0hHR2FvbW9GZV9nOHlFMzNLS0Q0Y3dOU01VZG9UMkhpcmQtUXlxR25hWnlsWGRtak5lazYzM25xX1czUXJfV3dQMll0ZF9JZVM4QzFoRHJEbi1qQk9ZMXdpMmppRjVBSU1KMF9qTUxZRVFYMlJWRmJnMXdFd2o5amlocGd2aWtkSHpjZ25heUU1ZF8yVUlXYlRXMzVkRndZaGlqX182Rzg?oc=5,
6a8497e45dbd7dc252890d11,294c89443ddd1f8b7da248786b4093beabe1f5db700b3d7ed539566f88079b18,0.9,2026-08-18T17:35:32.270398+00:00,"This is a weather forecast/advisory regarding a potential cyclone, not an active disaster event.",The Indian Express,ai,Cyclone Senyar to develop in the Bay of Bengal around November 26 - The Indian Express,https://news.google.com/rss/articles/CBMixAFBVV95cUxPQjkzM2s0Rmhkd3d6RGVRa0xLX0VXVGdQUmY5eE5sa3lqeUN3Tzk2MnNxQ0ZMSVV5YTkzMG40c3owcnhjc2ZGNTFNSlp3Z1p6Njg1UUFwRVJWLVNoRmVFMHhFTDBPa05HS2xqV1R0LUY1cXpQYzlrMExqY3NESUg2eDRnWFYydU9PM1FKRFEtTUxDZUFJZ1VZZ3dkblA2MjlKV3daUkxjaUlRNENPSmlyaTE5NjUyMG4xcjhEUnRoSnRzcHhl0gHLAUFVX3lxTE84eVZ6cmpzRzREejJ2WEpmdUM5NHYzUmdPSjNjQXN1N2NfdDRfUW1Eck80dS1WZkdKVHFnQ1gtRXFFTGtaaWJLX1dVTTFyeE9rY1puNjFhaTZyZjJqTmJNX0RjdGhiS0U5OVZ4ODVaQ0V2WTh6TEFrbDZneWdtdHdnQjNCWV96VTVWMy16bHpNY1U3dWhhY1VGczhGejZmN0dUUkhPWFE0bmpNa1d6TnRUZ0FURWItOUxCT0x0Z3BmZERkNjViVVpMSmhn?oc=5,
6a8497e45dbd7dc252890d12,8b446bc87db0b8110a0382ce150cc6c3e20241dbf620f8fd06cb04077fbf7de6,0.9,2026-08-18T17:35:32.313946+00:00,"This is a weather update regarding a weakening cyclone, not an active disaster event.",The Times of India,ai,Cyclone Montha weakens after landfall in Andhra Pradesh; however IMD warns of heavy rain across these par - The Times of India,https://news.google.com/rss/articles/CBMivwJBVV95cUxPQTVHanlQSFBlVUFoQUEzcEN3eEE1OFRFOUJnSjVDbkdydWprbmxza1FwVWtaQWM3RjdkcWowUUJ6NHZMSVJfSndsNUdQeXNKSWduUGNRVjdVX3dSZnFLM3RpMXdWQWpiTDI2c19IRjBzY2cyUkFZOVhMSWd4ZXdiZTdfcFJfcXNNcTYtVlFZTU1FM011cWFIeGktVk84dnR2a3J4UDR0UXBVbm1aRzBNZlRNYXpKS25BWXB5SW5HVFVhMkxQUHJYc2FSZjVhZUs5QWFyTWxxQU5FQ3M3U1Q2QjZPaVc2bXJITE9NTE9KTlhxSllXUVRqZ2dHWUw0UVJvbTJBMHRhWXNib1NhQ25IdEZSRmpVQTdrSzZUQnBzMDdud0NOTEwyS0thTlVZQXdod21XbzFIS3FXS19PdGtZ0gHEAkFVX3lxTE1oYmFVVTJYMW9vS1FKNnlId1lyOFBrRlBXN2ZUMDJuUkktbVBQRko4eF9fb19QenhNaEJGSk1wTURQUWJybHgtLW1keGJibDVhVTR3cExJWkw1QzlnWEJsZWlPN2ZuZjhzS3pkcFh5RVVWV0tfQXBlVUtPOFFJcTA2RmZqMHRhTW1lZVV6UXBjUnNLbThpUDJlUWtHbVhHWnM5dUlweGhPVlVWYlJoWkRSeGNEX3ZWZGRCN0V1Y3d5X0x0T1N6MEpZR19fZ3hjMkhpNERyOUMyWWl2M214dnB5c3M2XzAtWmljSjNCUnVvR1RRTHdQcl83YjZtZDVBN0FGWlE5TnVYWG83dlJxa3ZHQm4tRHBfZzNxdVpkMW5uQ2dzeUxMWDl5akFHOUlYQjVxX25kMllQcTcxQjAta3NyUGZWUA?oc=5,
6a8497e45dbd7dc252890d13,85f2f8474d0fc6e2d086de20663c72f8699cf68d3920cfde122342e141801c49,0.9,2026-08-18T17:35:32.354205+00:00,"This is a government preparation/precautionary measure for an impending cyclone, not an active disaster event.",The Indian Express,ai,Odisha cyclone warning: Govt prepares after relief and supplies as IMD issues orange alert - The Indian Express,https://news.google.com/rss/articles/CBMiqwFBVV95cUxPczRDeFF4RHE0bW92eUhMakk4bm4td19JZHZtRjRXVWs3aXBIVmpIclctUk1WMEptSXZiNlhEYnYxUzlXSmZFSFZHT3k1ZVJBWXNVZjA1aUJTRFlxZlNvTFVOMXhfV1RMV2M0ajNpaG1RUGs4a200VXI1LXhuVmxwOEhvY2JDaUhRWXRVZExHdE1IWHZlR0hjeUEzd0l6RWduN29Vbm9oWGVhbk3SAbIBQVVfeXFMTlhEVmNhREQ3ektaVzJodVhSb05COThHYzd2ai1GX01IXzAwU3RORVBjbHZDcUh4aktfV1VySDJhUWxFS3EyM1VtM3hHVFNIU3NMTTBISnhIMjRib1JLcVpKR0NrTEpGa0hUOV8zU29CNllTSkZ1c0VNRzZtb0dnRTdnYXlnRDZ4WkFBZUtDbkhlS2Nqb3ItOXQ2Q2hxWmtCVnBnQnNxVWdnRHRUMEpDTkRWZw?oc=5,
6a8497e45dbd7dc252890d14,4eb0dff8375df7d20a2305c6eeef9799ad8ec483df8bef4deaeb4907fa3b2bfc,0.9,2026-08-18T17:35:32.391902+00:00,"This is a weather forecast/advisory regarding a potential cyclone, not an active disaster event.",The Times of India,ai,"Cyclone Ditwah: IMD issues red alert for north Tamil Nadu, Puducherry; top 10 developments - The Times of India",https://news.google.com/rss/articles/CBMi9AFBVV95cUxPVnNyMGQ4elNPcUc3V3Ntc1lvZXJQTkt4anM4d05famNHWEc0Q2RoS0lRS1dpaC1zRFZmblZ4Xy1yTklUbmtRVzVWNW1rdjFWdWZIZU8tdFlaeVMtczBPWXdRVktScmhYRVV2ZG1saUlrM0hKRnFhM25SOWFHZW53cVpMa2VkUmt3T00xQW1LRFpnanExUmZtNHZ0X24wR3NOZzJGWEEzRTQwVG5oWnY4ZmM5a216djZfcUwxdG9mWTYzcGtrc1J0VXpuVTdPaTEzTzl6MW85czNrbHZuM1M4UVVTcUFYSVJGdzhSaFczbi1jNE450gH6AUFVX3lxTE5WVGJUSGhvS0xtU1Q3NlNYbU85SnZIcjUySkdXYzJDVEtweWRPM2J0NnNZZ3A4Q19ObWxsbXJCTmxpS21sSEw1VVY5cmMwQ2lqQnhQcHJnTFRxVlJiVHdTa05RdHF1OTVfdm5CaF9kUlJlQkltSGtwSTVkbmhfOUUteTN4NkQ2T3c3TWNCTGZ5TkxzZE44RVRHN1RxcC1ZX2I1TEpvMmtZeTQ0LVZrMDdJRHlNZ3YtM3BEUlVBU19tNzRjYk9Tbm9DNzlsOTJlRDRCZjNOMkgydk1QTHZ1NVZOUGViWlBRTE9hVlBWSVlLSV93cmJDWllCckE?oc=5,
6a8497e45dbd7dc252890d15,6cc313e17ff088b82f06311035b6fbf4c939c6862a92ce68c5ab667528539f7b,0.9,2026-08-18T17:36:34.311179+00:00,The article reports that the cyclone is not expected to make an impact.,hindustantimes.com,ai,Cyclone Ditwah to not make impact? IMD shares key update on landfall | India News - hindustantimes.com,https://news.google.com/rss/articles/CBMizAFBVV95cUxPa3FwYmpCVjl5N1BtSGQwZ3F1bjVhWU1GaU91T0J6VzU1a1N6UlhHVXJoTlJCVWNMaHh0Q0NjekhEaGlOT3ZkYVBEZjVSeWZrLTZiSXRCM3lOVEdrNDB0anZhUU1sSmNPRXQzZzRiNURzdHp2ZHduMXNOOHRkNk9CRW05UmVyaVZESV9DSGpYeXlsUE9vbmlaNUF3dEwwcnI3WDlkSi1UeGltbDNCLW9temJyM29acHRJSmVMUFNvNFpWRV9wSjFHUjZqcETSAdIBQVVfeXFMT1U4cFgwb0ZaRHJ3TmNXaW5Ia3lLOUY3ZGVGT1UxWjRIaWdoWkRhUldadzJwMWNEb1VQS0ZGMmdGMEtwY3dlNE9VcjAtdk1ScDBNQjlISG5DWGZHQTNvakh2OFY3NDViaFFITWJKSGN6UWZtUUotSHM2OUJaTG4wdFRhWUE5U3pNbXRCRWlWSTN0dXY1YTZiX19yeHRzTTdqN2VEWUZEcTEtSlFQVEtTTTFqS3N3YmdlZ3M4ZUlvQzB4bDdncFZKaXl6cUJIZjJlVG9R?oc=5,
6a8498035dbd7dc252890d16,76fe7448bed49c4e0fae0eddbbea618e68f8208906ec353011e6f255f1812ff3,0.85,2026-08-18T17:36:34.362146+00:00,"This is a precautionary alert for potential heavy rain, not an active disaster event.",News On AIR,ai,"Andhra Pradesh, Puducherry, Tamil Nadu and Odisha brace for heavy rain in view of Cyclone Montha - News On AIR",https://news.google.com/rss/articles/CBMiqwFBVV95cUxPUEtmLTZJUEtCYzN2dk9xRVdDT0sxV1ZoZGF0U0swTDdXc2toWXdFRU5UMmxBVndaUVB0U1Zvc3dXcldaQnludU10XzEybldGQ2steUlaVnpBRHhuX2ZPNWNhaTRvaEtzcEZsWXNaMDZkYXVzcUdMNTQyeTVua3gyU3hqUE9LT2tHRUdEQndtMU50UmdxWW9uV1N5LTl5Vkg4bU9fTHJ0RTJpQ1E?oc=5,
6a8498035dbd7dc252890d17,1547ceb8a51ac2c7823da1528a7ac982f1ea0014986ab7cd66aaf4faffe0c41c,0.9,2026-08-18T17:36:03.676219+00:00,"This describes precautionary measures taken in anticipation of a cyclone, not an active disaster event.",The Times of India,ai,"Cyclone Ditwah: Flights canceled, schools shut; shelters set up — how India is bracing for impact - The Times of India",https://news.google.com/rss/articles/CBMi_AFBVV95cUxON0o3VTBkbUJ2SFp6Q2t2bUhrLV8tSzQyMnBXTWlHQUEzdmEzTXRmSUFuRnA0akt1TW1EeWNnYU9rTjA5d1dNNVA2aHN5SG54QVowcURrNmxSRkh2bF9NWXQzZWYtWHZqM2NlLTNEdWdJRFRyWjlKQkVyNmNRd1NZaHFWQUdBWk5WWlpyTjdZbG5ic0lZTHkxSENjSmlxWlhwWXB1WkxETVdDUm00R0tCX0RsMWFUWWd3WVBKdTZRT3lfTkJTX2hnblBCTmQya2xxM1ZsSzRINlFPN19ZOVFiZmc2MWp2UGdxNXUyMkhPV0tfR1FMUzNGeFA3VWTSAYICQVVfeXFMUHJfSlloN1ZKSTU1a2dMaWhSaFBtWHBWVXFROGlZYVV0OW9sOWtCc3E5ZFZzQUJEWWdIYmdMSm9rSVB0RnhueVFod1JQVDQ4aEllRm9lbEZSakd0SGloamhaRHdKU1pkZDdIZHVkaUlaaGtieWpDeFRNV25PRDk4T0RTQjliel9ST1J2bzZaSUk5NV9MYmpWc3g1eWdqMFNRX1dXTFNBOHpIV2RxbVpuOFVGRWY5TEh1bkt6dHFTT3JYM3ZxSnJBNXdvWTFPb0pKaTNZQjA3VFEtMXNhODY1N2xIZi1LX05GcGx4U0xweGNIUUV5S3dJQmRRVE03dGViaWFB?oc=5,
6a8498035dbd7dc252890d18,573635a11827741ddd95b8db7668fdc10d30eba19c4774d0c4f95b5c91005d64,0.9,2026-08-18T17:36:34.771099+00:00,"This is a cyclone alert/warning, not an active disaster event.",The Times of India,ai,Cyclone alert issued for Andaman and Nicobar Islands: IMD - The Times of India,https://news.google.com/rss/articles/CBMiwgFBVV95cUxPTVRueGxxOWp6TVR1d2VDVHJvUjRadHMwb1FGMWxENXk1UXd5RlJJbHVlSGQ2TWJhYU13b3VVTDl3eVJ0MFpfbjhrWnlxTVY0ejVFWjRLS241VFpLVTlSWS1RelpPVDUwZ1ZYUUluMWxidDZGcGxRMWl6ZWR4bHBwNWlZUVFodTFKR05OUk1sN2RIai13dTFPT0loQjZDR1dCYmYzUU9fbUM3MVZhQnlxUlBxQm5WLTNtLWx3QWJlZXJfUdIBxwFBVV95cUxQV0E0MHlxdHVuYVp6aDlWZk85TjNuUTctbFlIVTY4WDJpbnNYSFZRV1JIdmNoNl9VWXZ5ekQtekZNMUZYV0dfWlMxTHE0clotbXJBbnFiejJtLVluNllDNXpUaThmejlTSTJneWVaMmlDNUVFc1dRV05XbEtwdkZOLU5oajR1S0ttY2Nianp6UWdJX1JrTVhwYlM0SmlGc2R3MnZKQWJIc3B4c0ROb2k4M3B0X0Yya3JsVkx5NnhQVUx0Qmpfbmd3?oc=5,
6a8498035dbd7dc252890d1a,c7b9b5ee41944d81efe027420f1f1f4a6d19273968974668c6c3508080f7e0b1,0.9,2026-08-18T17:36:34.849753+00:00,"This is a weather warning, not an active disaster event.",ThePrint,ai,Cyclone ‘Montha’: IMD warns of heavy rainfall in parts of Jharkhand till Oct 31 - ThePrint,https://news.google.com/rss/articles/CBMisAFBVV95cUxNTS1YQWxNY0UtOHV3Z0MyNFk5OHU4djZJXzJYcDZYVWhtYWJVLWVEMzJ0NTVTal96ZmVGNG1IVHVxTkNJNjFFcEtKVm8xNFVIOGd6ZUJWS25kS0xGai01M1JHWGxhVkFmZFZuS19sUHk3dVc0NnNkNVUyR3p3VHB6dE4wNkJzdEdCNjhVN3hmUlc2WG5XaDBILXRhTUdBUFFuREMwM3RMQ2VWVjVjNGxFatIBtgFBVV95cUxOeGNWakZvUGs3ZGpGV2VxT2o1bmhiVFBBMmJTVkhncWJuLURXQWQxMjNMR1ZKUHp0RjhIVVB0RUZvRFo0a2hnYkpRZHVrQkRPZmk1U3kySVdJYS1iNHNoN3RBdnp1Mk9QcTRYWHM0UGlpSlhEM3JsVHRzVDVqNm0yaUw5cHZ3R25RUldLdzhicDJsWDJwMlJoNUVCR3BMMkN5V2V4RHNveVFZRUpHVDdlQnpqOFhYUQ?oc=5,
6a8498035dbd7dc252890d1b,7ea11ab38887bed385a8bd9ae4b3d0e1351529b8e6079b2ff93a14a1a4368e7c,0.9,2026-08-18T17:36:34.888332+00:00,"This is a cyclone alert/warning, not an active disaster event.",cnbctv18.com,ai,"Cyclone Ditwah intensifies over Bay of Bengal, IMD issues alerts for Tamil Nadu, Andhra Pradesh, Puducherry - cnbctv18.com",https://news.google.com/rss/articles/CBMi0wFBVV95cUxQMnAzc3pZNHBPc1FvYkl1VUhuWG00anJqTGNvRk1idVpMTE9lTHdON0J6ZGJabTlpemZuVWt6WEpFbDdGaEJIZW5RZkFGdVZkLUZLbzBGVDNYckZqTE1HTHVSbWNaajVrb1RPcl9ydTZmSTBQZktaempyVDFKa3Q0bllDYkZTNTdQdzV0eXFqMy1lZFJ2eXhmNDZtNXpvdTRmSmVfcXhCQXk1U1J5QW5RZ0l5VEx0Nm1ST2d2UUE5bS1LdWFzN0NtNWFQVVBuQVUwY2FJ0gHYAUFVX3lxTFA2T2xXeE41STRKOWw1Rkc4SkNsUVVKbllsX2VzZGhXcVdDNDU3QVdQSENHSk1laXVHal9JU3g4ZW16bW9lWlhFMFowMm9jRWFpWTUtanBxc20zZnlnNHJ5WTgxUTZjakpWbmNncm9ib0lEYmhoQzdsNnMzaUFIakJ1d1o5MGlCWjZTemM3ZkR0RHF1dEVOaFVERjdrdkY4WG81ZU1xV3F1bzVoejJZSnJWTTAyOERHMFo3aWZLbXJxYzVMVnk5TnFmMGZkZUJCa2tZcjNNUnVwQg?oc=5,
6a8498035dbd7dc252890d1d,dcde0b4868bfe32881af0d95d53b5c702cbfe78b7ec50b84816ba25284a000d0,0.9,2026-08-18T17:36:35.222389+00:00,"This is a cyclone warning, not an active disaster event.",ETV Bharat,ai,"Ahead Of Sankranti, IMD Issues Cyclone Warning For Several Ports In Andhra Pradesh - ETV Bharat",https://news.google.com/rss/articles/CBMiywFBVV95cUxPOHRmQmllb2s5T0x1a0t2YVd1NEhKRkdmby1wTHVVMTBvNC1pUGw5QkFiT19jbEt3V3VNS19ka2ZaVnBGaWdGeDFoUWEtVi15RG9LWmZ3M0ItM212SkY1eGxyWmdLejV3UUpUSUMydFpydXpLVzhGcFRaclVlcm1UUEVjcTFYcjY3bVNHdlJENlV2TUg4RXctRDl5dmpDTDBpSkNZNmlBREN6VEVYZjRqOXpDOGdHcTNHbHUxcmN4U3VfQmt2UFA1RVkyc9IB0AFBVV95cUxPcG9Hd3oyaFBKT1FmS2xhSE9fS0FyM1AtWXJvLUlUZ041ODRYUjRTc1draXQ3MzNKYzgtTEt3SENOVkxYT01Cd1Q0QkRDa0RyQ0tDSnJZWVNQZ2RKNWVqZ2tyWkpLQkxRa20teWJBcjJJWV8yZ2NTVUpNM1l0NGZhQXA4R1BxbG5ENGc0anphTFR4YTlXMnFfWDhpQ0FBelpoZ2UtNVNNWHFhSlJrSzdSWXRiUVIySGppeWFENmZ0c185eXY4a1VpYUFWRjl4ZllV?oc=5,
6a8498035dbd7dc252890d1e,16574d1a90d1bfc7bd764c8d1250967d81eca133b0ea8355e48f60d910404b8f,0.9,2026-08-18T17:36:35.269849+00:00,"This is a weather forecast, not an active disaster event.",India.com,ai,"Maharashtra Monsoon Latest Update: Mumbai, Thane, Raigad, Ratnagiri, Pune, Satara to witness heavy rainfall t - India.com",https://news.google.com/rss/articles/CBMihwJBVV95cUxOamFaRTJBUkpic2dTMUxfdk00QnFEdHJqNWw5U0V2RExOaWFuaWs1Y2JlcVJLa0lJUm5VNE5pNVFLZzdrUU5GWW9Nb2NMbUlxY3FCR1prWmhZWkFxLXJkZk16Y0s3dTg2d0RRcGpfTFE1eWZmVFBDRlR0TTRZWkstc3hBOFRVSmFNWjRnbUhjVzc5T21OMEcwVTg0VERpcElzNzBCcmJnWXBwTnJhZWxyQ0ZEYWI2OXVlWFJzTkdJeTZRNGNMWFFMcHpaY1RDOWFZeE5aYU9lTWFxQ2p0UE1aT3dWMjR5MW9RMUdaVGUwcS03cFNRTzJnOXFZU3V2dnFtbWhhd1F4b9IBjAJBVV95cUxNR0RuMGNFUk5ZbGRBbnNFX0ZZYUFiNGNfR2hEWWQ1M096SjNfLU12Z2d2dkpaVDgybTBMbmtxQWxVU09wN3ltcWQ0Q21ha25sR2RtbnFzUVhUX3JxTzVRMFUzSjQ3NGhjQzZBM1I2WkdOUnZvUkt1MDl5bmZqTENGX2Rvd2R0Q19vX1l6em5tcnBHbVFxenFLUS1rLUFqWUV5RFpKbDExZlJjYzRPbC1aY0JrbmdEMm44Xzh4cDNWNkd2akNzaEZWTndRMmVZcnMzdktvWUpXNUlZa0tYVEpzY2RwOHpMNmVGVjFKZUNjajVDVFVqVGV4YVVfb3BORHBzTFEtcHFaMEtmLW1H?oc=5,
6a8498045dbd7dc252890d26,26ace0a8573468c685e9a6071d814a62ca138b8ff03256ff850c59c37ce4dbf2,0.9,2026-08-18T17:36:35.889248+00:00,"This is a weather tracker/forecast, not an active disaster event.",Down To Earth,ai,"Daily weather tracker: Monsoon fury continues; Delhi among several states likely to receive heavy rainfall, alerts issued - Down To Earth",https://news.google.com/rss/articles/CBMi9wFBVV95cUxPdi05Z0tQVS1yRWNRWk43aDY0bHhjSDhlcmw0blR0MzJGaWd0anQ2WlF4dDhGX1E3Mzl0ajFYeTFOOWVGUVliYkJlaElMRGp4WnE3NnVOYTVzMGpTY29RR2VpdWcxSDhMRnRGX1VRV3h4M25ILW03cFVxLVlwTkJaaWc5bGtvUVg1c1RBSkotWlRLX1hfcVgxdk5WemplNC1IVnZ6d3VyTjNmZHRpTEFWWFNmWGg1UTM0THlxV3AtQXNtcFBQNFg5aVh1LWRkbVF6QThlNU0wNHlWSlphODlHSkJ5aWQ5NG5qWEFFZTU3c2JhZzNpRmVF0gGEAkFVX3lxTE9NX0YxdUh5ZThxUkRjVWdaaGI2dURCaXBsQnJjYWxEOERXX3I4NC0wZjlvdk95MERaTkJVaUh4Sk5mWkxiQWlfOWpqN0cwVlJUcmp5U0ZjbC1GNmh6UVoycWVpRjBnZmJYUmlvaTVqU0g5WUpERURIa2VyZ3lfUW5feGlIX29YVWRBQXRVLWhvZHRFMWNTbjZOOS1lN2lVZENSeG45NWpvLXdLVVhsV1F6dkVLejR0ZEh5bENhU0paQy1obl9ZWG9ET2tRTnFmdTFrQUE4UUI5RzZfZ0pidHZzQ0RsREc4RU9NRkxsMlQ2YzFuS1k4Q21rbEwyUHExU1VqM25K?oc=5,
6a8498045dbd7dc252890d29,44f218fa34e79d4727bcb5255a11bda0db9f118d8b9548f872159fabe7664d8e,0.9,2026-08-18T17:36:36.044443+00:00,"This is a weather alert, not an active disaster event.",The Indian Express,ai,"Brace for heavy rain: IMD issues red alert, waterlogging warnings for South Bengal - The Indian Express",https://news.google.com/rss/articles/CBMiqgFBVV95cUxON2tDWU1qNEs4VEgxNWs2a1psazFHRHVFdFhNcFFUd2tVZENwVnB0UkU5ZXkwWkFtYzFKbnp4R3EtQlBOZE1VazVNdlBDVlpHYzlrV0JiTG1yWVhhTnR4TjFmNjRCS29MWjdlX1VjSHJkTVJURHBpUm9CdmFfLTRaWkJsTGlhR2hLNnFERTRXaldqaTRHTGtjdlVQX2hEWnRONmYySm9qREZyd9IBsAFBVV95cUxObWVqem5xUVdPWFhlQTY5cmZsejZHeWUwYTBuQ3NyZWpIREI2T1dOanJXZFZlODYxMUY2MWRFcDROdDRlRnRnQXFZTlVFZWpvYWxaeXRRMkhZSjlXeGFOOEFlNFhZUHJ1RlU5XzUzNjlHRjh4SE5aNXBfR1lLaFhyWm5FaEJNVWVRV191Rml6anMtU3JUTmNqQWJnT2pBbWROemxxQkRGRFBYREVTY2lfOA?oc=5,
6a8498045dbd7dc252890d30,f1f3eaaa9d5a6bf6f5b7e1985ca2f25a0e734a99e5d08cd21b2c0785a6f965a2,0.9,2026-08-18T17:36:36.303589+00:00,"This is a weather alert, not an active disaster event.",Down To Earth,ai,Daily weather tracker: Orange alert for heavy rainfall across Eastern and Northeastern India; know where it will pour today - Down To Earth,https://news.google.com/rss/articles/CBMi-wFBVV95cUxQUWVqdVpveTNPcWFfSUVzck01N04wTjBTbjh6eG9DZTZDZWJKNDl5QlREcGM4X255SGFGVHJGQlRpeHRYdGVKcGh1eHVpUnI1My13Y0lTOWdoQmJtYldweGwyQmVFYzU2Z2VCQkNhUWdFaFZBbG5nQVhUaGdLU3hEREIzWW1raHNQWHM2RFFEbjlzYXBsS0lUVGsyUi12MFdJTzdsd2l5ZDBPbVlPQVRBTmY5blNfTkJJbzZzeHF0TFBPNHRCUlpoYS1hRWR0WGlWZEpUZVhKUlJUZzRXN2h4UENWTnAyNTI4V3pBN0U1XzZ6SERmdnJkSkRPY9IBiAJBVV95cUxNSXBWWDdDMzMwaldTdk1jQlk5c1owV1NHVWZmY0NtWW9kY0pFYVl2NEdrYlJQWWsxRDgwT1Zjc2tJMHFzTm5mM2RWTDJMTkEwVnRVeldUdnFWQm41bF9mUDRYeVA4M3ZuS1FQbzJ4T1owLVNxMVR4RUdkRW5rakVzMERpVXVCMEl4S2YtSUNEUER6eTljZE91a1pqdWNFOGJVcGp2SEJoTzRYSzJaLTV1TjF1OE5UTTFVT2p3NC1sdUhCNDQ3VjJHUXQ5OVVhOEhaMXJucXlyN3ZseHl5Q1FTS2V4ZUVkQ193OXR4RFFqN3hWNldBcDBickpWdURSdlIwdGc2UkVnNFM?oc=5,
6a8498045dbd7dc252890d35,a70041f6d2fa2bfcd7cf9ee6654e8c8b7ae362f6a8304f6da3ebdda3bfc3d834,0.9,2026-08-18T17:36:36.521148+00:00,"This is a weather alert, not an active disaster event.",Down To Earth,ai,"Daily weather tracker: Red alert issued as monsoon intensifies across India; Rajasthan, Gujarat and Maharashtra face extreme rainfall - Down To Earth",https://news.google.com/rss/articles/CBMihwJBVV95cUxQZVEyOE9icEFqQ3QxY1RoQUdwXzg3MGxIWmxBdmluWkJ3dWVMME1ReWwtQUxkZzBIbE9Ob0NTZmItczBzcDJNdzFHeDB0VG1iMVB0WnpMcnRBTVBIbkFRVEdlb0Ffb2xJSE9VS0pzdTVDY3NHSTVsVEluZHI1R3VPQTlwMUJ1MWU3bmpqdmZ5Z3hlT2pyMV9zTHhkZGRHV184QmRKd19zXzROMFdZTUF4SktXMllqbzg4MjZRZUJKY2JtT3lDRlFfOTF4eWFFTjBDcG1QTTFTVlZ4LWdaNVBtbWlfYmh4b01nX1NQamd0WXVuQ21aQzlkN2w2bnd1dUoxbGxMTE9vZ9IBlAJBVV95cUxPcjlkQTdMbDlpM241QjFGTVVyUjBiOElINXM4UlFvb0g2aDV6WXI1cjByblhnVXFMWFRwUDhiMnBMUkNPVnM4djFhMUlkSjBvUkc4NHlhdlZYNk00bTdfTUhWYk9WWmRqZ1dLLUVRN3FsQTItaVNnZ3Y3MmYwLVh0ek1PTjA3RnVlTVBaQkJHQUZIXzZqOTdZZGFjYk5DSGc0YTluTm13UHVhUURFVlNPd0plX2VYOFlsQWQtN0wzZFByVXluSHNPMHBNSFdCNHZsSEI0UFR4b2hyRGE5QUNvTktBMWhWbnFtb2piYnFBdEJ0WllxQzdfOU53NW96TmJHWG9nTldOOVkzNVVkWXRkQUZUbXU?oc=5,
6a8498045dbd7dc252890d36,8e34e0014d90cc172d7f013f296d37eabccfdda292f29f64eb09fb859ef400cc,0.9,2026-08-18T17:36:36.562737+00:00,"This is a weather forecast, not an active disaster event.",ETV Bharat,ai,India Records 12% Monsoon Rainfall Deficit; IMD Forecasts Heavy Rain Across Several States - ETV Bharat,https://news.google.com/rss/articles/CBMi4gFBVV95cUxQSFd2ejV3OExEWDFpQUFQbHVzVjBOVTRIZmlBMTE3UWdUeThEYlhRb2QzSVVaYkJpcHU2aXN1M3dObWhfa1VsNjdUbFpENWg0Z0lxQnZMTEVpSk9CUF9oQzZfbFRfSFljN2R4OGpVVnNiZGZvZ1cyWXJnQ25LMjJnczMyZ3pycVlQR1M5MjJCMUFzSHhBMlFmaWM0VThQa0hjUnNMeFBFQjdleUlCZHpqVm1KN1h0RG5HUGFvOHctOFk1MTBqZWYwUXRqcDFnLXppU3hheVg3VU53endvTE1Jc1Rn0gHnAUFVX3lxTE95MkNCemx2NnEyLUNTQUNlTXRLRXFvVDdHdUpJSF9xaUtXMmFKMXh2UGZRYUNHMndMSFpQcjRQTzhId0xaQ3Q0LTFTbHZSZk9seWVuOXQ4TGRFSmpudE1lOC14RW5EMW9fM0NlRUJxNHNXbjRZTE54YzhlUFBMNWNVRGRqRGYwSmVxNl9SWnBKdXlJRWREME9SbG1wbU1fbjhoR3NSTnpDTnQ5eTFRdDdQenV3dWdlaGZQb0JhUmwxRkdXdDNRaXJnZFdodDlzSHBzQVNneTdlamZvZ3kwV1hBYVozUlpPQQ?oc=5,
6a8498045dbd7dc252890d37,8f82a0d8dffa98c677abee80c6788325656eda741490dd3dc9089212bff65afb,0.9,2026-08-18T17:36:36.604137+00:00,The article states that major hotspots avoided waterlogging.,NDTV,ai,Delhi's Major Flooding Hotspots Avoid Waterlogging Amid Heavy Rain - NDTV,https://news.google.com/rss/articles/CBMiuAFBVV95cUxNQkRKMzk1OXNHUmg1VFgwMTRRWWoyUnE0bUc2UElIQnhyWERWeDB1d1VQWmFwVTNITmhzVnJTeWVQaVhkd0lFSGhBNms0YVRXXzU1STVSVUNkUVRoVHA4a29Cci1neGx3WlltS2Iya1dTaXJydE1zcG41WkVfdjNmVGRLUW1JTVFmLVUzR29NQW0tNHZ4aEpJQjJJTlZZbkRLdFkyZ3AxV1RGSU5qZG9DNzdHd2dEb2910gHAAUFVX3lxTE13WXNXUWs1cjNZTlhqOG5sNV8yWE1aaG1neG4zM2syaDZJcWVvWjN0dHVlOUlLb25SZFhmZHJmcGxpZ0VKZms0cmZzZWU5cEVFbDdXVE5lUG9vbWJ1bFlXYXBSODYwZnVybUVWdjJpYXFkX3gybEN4NmU4WVFOZFZPLUlyN1M0UGRvVmk4V2k1ZHF5YTlnM0stSkNEREV2MV9tYk15Y1JyYWNuRGIxakVSYTBhbWV5bVFZbmFMa3BZWA?oc=5,
6a8498045dbd7dc252890d38,8a83d65cd1eeae1937852c0880971afb1b2fff5f648de8fa384d558df3c41199,0.9,2026-08-18T17:36:36.656004+00:00,"This is a weather forecast, not an active disaster event.",DD India,ai,IMD forecasts heavy rain across several states today - DD India,https://news.google.com/rss/articles/CBMiiwFBVV95cUxQOUx5RkdRMXpFX2lSUEFZQmlNUmZhdXQ2cC02LUlNYXhpVDJkQjYzR0VmTG5aQVdNekZYOFdCeHEtbnl3eEMxeXk2SE1VY0M5ZC1BQmdnNDJqOE9CbG1pMi1PNkg3MUpNdzB5bWlXVzFOM2YxNk5fUHI0dm5DVEY1SVlDVHAzMXl2N09n?oc=5,
6a8498045dbd7dc252890d3b,d49a12e7b46920b339d6a7f9330df4b4cc77f9e8c1f01aafac27a18086f15ca9,0.9,2026-08-18T17:36:36.996674+00:00,"This is a weather forecast, not an active disaster event.",The New Indian Express,ai,Kerala braces for more heavy rain - The New Indian Express,https://news.google.com/rss/articles/CBMilwFBVV95cUxQYUY0QjhSV2xLLTUzVE9nbU1wTXVyTHVkbVRwbzJzX1hWVlp5a24ydHphZEZhLTRiWGhmbEVTZWtaWmhaNVBydlpoRzlSQldyM3hMeElBMEd6NEtpR2ZZWU9pOVQ4cXFpdlZXR0xwNExZVUFaZGZBUjVtWEp0Vm0tQmt3cEh4TzJiaWgwcTRSUzdvZG85SFFj0gGkAUFVX3lxTE1JaVIxOVBxRnQxSndFMzUwZGJucXkzMmVHbmdOUlBEcFJpS2NLSXZVR3BFa3FlVDNwYWd3dVF6alRqZmR5OFBXSHZpYmxWSXphSEpGWVpJc196d1lPRjB4ZDdYSjBqTVFta0dYWGJidVQtNWNwd0xULVV2dWRHM1R5U25SNXA0em9NVHNiZzJubGxXMnhqTkNxRE16RVFyQlozRzlW?oc=5,
6a8498055dbd7dc252890d3d,890a6856c0148bef3242375ea4fc17dc73742ad714ec5fa2c483e96afe7d8d88,0.9,2026-08-18T17:36:37.075984+00:00,"This is a weather alert, not an active disaster event.",Down To Earth,ai,"Daily weather tracker: Heavy rain alerts issued across several states; IMD urges vigilance over flooding, waterlogging and landslide risks - Down To Earth",https://news.google.com/rss/articles/CBMijgJBVV95cUxOdl92MXpQLTNQbU9OWmxQUW5rRE1nbHYtaVRkdHRWRVRPQ1VId3hISTBWdFBHNTF1b3Z3M2thY3JYRUFDTllqTGZsdjdSemNIY0pYUzE0Vy1WQVE0QVhJV0QtN3NWSG1TakV6U2g3eUNXbWQ5YlpORUgyMTIxR05JZXlVaTI2a1dtZVJRZFlOVHVjUUlFUTJoWHU1bFVsMnh2eEVidEZBM0tmbXBHRHhmRldreUI4VHBnOGYwRERjN3FYQ2lCaWQwUDZ1a0xvLWppMHZ2MUFhSERTYTlDNG05eUZ6eUdLem5YX2Exakh0aGZDVy1OMWJpcUxlYTlGcnBkMlpyZUJGR21oODR5QUHSAZsCQVVfeXFMT1lQazJlbEttZUZmZTNUaW1ZRkZOUmxCNzhlZkl2cjB3YUx5TkhtVjQ5cFlFQWpNRUI3akdPZTJ1bzVQN0FzSElJSmxQbWFQTGhwdWRUNFU4QWcya2J3Mm50MkF6bXlmei02bjVIMWZPdDZYQ2RodDQ2bkI2blg3bEZ0d2JwTDVmR0dCYUl6RFB5OThsOGV2R1QyRnhaODZpV0VmbUxFdUtsdjIwRmVseUJ5Zi1wUWdoWnBsZWFyb3lJeWJnVU9lVzBvWXdHQTNFTUNkNzJTamVJakdZT0ZoVXAwb0VYdjlRMHVmcGgyaUZuS3o0VHlCY2FmMnpjbGNmeXpzLVRqeDViLXVYbnRacFJtWVYtdW43anFrZw?oc=5,
6a8498055dbd7dc252890d3f,f8c5f302bcb86f2d3bb6364d628e2e164cc3834f968c3ec79e633d4ec14df7b8,0.9,2026-08-18T17:36:37.171684+00:00,"This is a weather forecast, not an active disaster event.",Down To Earth,ai,"Daily weather tracker: Low-pressure intensifies; heavy rain alert in over 15 states, heatwave grips south while hot & humid conditions persist across North India - Down To Earth",https://news.google.com/rss/articles/CBMiqgJBVV95cUxQeWF6MG1wOVFxLWFiM0ZOWm9oT0FTZTJvSE1qX2RLeDRQblB4SE1qQ2R1MmZhWjAwMHZkR1hKbFc4WUpMcC1UVzNvNThIZHhjWkZ1ZlZzVm0xM1RwTHhoMFlGcGY0Z292SVJySXNGc3FiTVRsNHFOZzg2dW5mWVByN2YtZHB4eFZsWnk1WEFFcGx4cGVqVVJ1XzA4RjRpWGlCSjQ2cUpoOXNTcGhQN3hRYVRQWGx6TEwxOEowTnVZbjlFOVlUR3dKaEVKU25kdTJvZUdqMG1nb0dELWtFU0RRYUpWbEhJMGViQ2tjY056eUFPVGJOQ3ZqeHVuNkRZNTZTUzU2U1BtZ29OQXFDb1FoSHZCUjQ2clBMUzdxWGNVSW4yR0RIM1cyUzZn0gG3AkFVX3lxTE9KSmV6Xy1QUGxNeDN3Zl9yZXFwWV8wVmNHWmppWlBHcFJIZXpydE1GczJMODZrOFpQWV9mb0hKb240SkxjUVQ5MTJobzF0YjNRV2hxdkVkc1hCTEFUVjJ3VUdHeG5BbndaaU9CRUhPbDFKWDQ5b1ZSR0ladDVpYTVNQnhIY21IRk9lUUVTU1YxcXFQQVRxTWtRdTZuVFFfN2tISU9SSnZYLTBaMXhUSlF2bFdfZHUzNGtKVFZ6X3E0OW5UZFVDYTl0a0YtNkxuMGpMWnYxZjFCQTRybFBMWnY1eVVfWF9RWF9HRTBKWkpoRURRdmxkWkt0U0RiVEc1RWZXV1EtZ21DNzRIQWpCSzd6WFdESmpNbmlfcHp2T2M3N2tzQW5nTUh4SHdPWHVyWjNTZ0UxREFF?oc=5,
6a8498055dbd7dc252890d41,b543d8de6c0adbc6bb6e741d7dafbe821e8759dfd1a63c580b6a6169b50f5940,0.9,2026-08-18T17:36:37.257889+00:00,"This is a weather forecast, not an active disaster event.",The Times of India,ai,City braces for heavy rains - The Times of India,https://news.google.com/rss/articles/CBMipgFBVV95cUxNSlhEOGFVbU94alVxbE1vby1kWGU4N2pqeVlUdVg1SkJqdzYtU3JIWHhmakJ6ckpMRF9jUTY5ajRYUGZ0X3lYRVVpaTh4NlFKS0tuRmpIWlJ5RGh0aGZJTUwxZ0taZ0NaM1VjTndDS2dJRnFzdTAwMThLam5PQ2ZYV3RTWmtpT1FuX2lDZzk5ZGlOZEstbmFrQzBYanZ5akFiUGpzRm1R0gGrAUFVX3lxTE9KRkozU3I0aEFYTmZocVdSenp5dE9QWjFXV2dsb21sMWItLXVqdElZblFyR25WNDhPUnBEdFB1Y2dmSTBqSWdDVlVRcmpoSTFJNzJJRkxCcGdsaXpfaDhNS3Z1bTQ4M0NKT0J1VjBOeE9tNGE1UEticUt4UXgxQ3FpbGc1TzgzU1R3Y3RpMXdyZFNkXzEyaEprQzk2V3hNTjNvNHNFd0FwZXdqNA?oc=5,
6a8498055dbd7dc252890d47,477bf8559f6d0cf6c1dd6c613fc6664838907fe6d5f48f46936d9a08f3038ff1,0.9,2026-08-18T17:36:05.593471+00:00,"This is a weather forecast, not an active disaster event.",business-standard.com,ai,IMD issues heavy rain alert across India; Delhi to see more showers - business-standard.com,https://news.google.com/rss/articles/CBMiygFBVV95cUxQQ2dJUUNzS08tVWNWaDQ2M0ZLakNpU1VBU3BHcDAxZGRLMmZYQmZfSmdqM05YdWJDeVVZN0UyU2wzZjdGTHNsc0ljd3ZlaUpVS1owaGppVWlSbzlKeEMwVEpaYlRCalNJTnc3eWtpazlmQ3JaUVN4NDRrQmsxdFA4RFU1YkZKbHhVZmxMbmpPbmNUOEVaeHRraGZJMkNQeE9MSjdLWVY5bklRMFNTb1NHWXY1SzBRQnZqWkNaUnlTdW95VUlSaEdxQzF30gHPAUFVX3lxTE5qQUY2bm1kdUQ2NWx3NFZ0b1VJeDZLTS0zVzdYbFphQVFNNFVXVkZldDFGOFR1eWpJZlVxNUhjeDNBRGwxdjdxRi1UQ1AyWjlmeGJ2M0xINDV4ckp0Zm9JUndTQzYtczRLSHROaXRlZUJUMDJaV2FwU2thZmNyV3BUczBtemFDWkw4UlR6NGZXc2hPd1RpSXRWNHBVcWp3cV9SOER4bnlCNWpueERaS3BUZDBEQ0RHV1FGekRyWHVaU3dYTlNNaFVhWTJpbmtJOA?oc=5,
6a8498225dbd7dc252890d49,14523f6bca35ac7dd41ce59e5cb2803cc826994de4da13ff20202bcf0c294622,0.9,2026-08-18T17:36:34.707678+00:00,"This is a weather forecast/tracking report, not an active disaster event.",News On AIR,ai,IMD Reports Cyclone ‘Montha’ Advancing Northwest Toward Andhra Coast - News On AIR,https://news.google.com/rss/articles/CBMilwFBVV95cUxNM21rWE40dFJ6NldFcXpxMHI0QTBlNG01S2N3d0JpRjBmVWpKbXl5bmV0bGdhYzdaUUV0MHpIZUQxaVgzNHJxeFdaQWhTV0s2NllMZEx6anloQnl1X0s1ejNaZ08ycnlZS25PZjdjbjhUWUhORDVvRU9QZldyeWFUMVFmY0pybFpLc3VSN2YzdG03ZC1pcXZB?oc=5,
6a8498235dbd7dc252890d4a,5c02cc9b7d629736606845fe241219cc866e4794486e485953020b466c3cea3d,0.9,2026-08-18T17:36:35.307482+00:00,"This is a cyclone alert, not an active disaster event.",India Today,ai,"What is Cyclone Montha? Red alert issued in Andhra Pradesh, Odisha - India Today",https://news.google.com/rss/articles/CBMizAFBVV95cUxOTFZuRFBTNkhKRXdCbXpXRTFGTTlXQ2V5YllXY1pXM25PZnl6emNpdWpnQlFESFd2ZG5mVGxETXdibno2SkhIUUFEQUl6VjR6S3pFcU84MUdUSDBkdHhkVk1yZ2ozTGtwd3pTVk91RmlTRDFoZE0zckh0S2xVcVV1amNMcTUwaDQ4clM5V2czbHFPU2toTWlsZDBWcGFvQnFFY2hOTG55bzNSdmZVaTJJVl9yWDI4OWhxanVwU1J5SnBGcFVRWnNDaGUtb03SAdIBQVVfeXFMT095UDdURGtkU0pwcmY5a3plRVJNLTNGQ1AyRDNIRmpjZkoyZjlYN2R3WEVHQ3d6N3ZsUm1KaXNPemxocG5DQlptd0NyS1NGR2pJMWZwWldwZjg3OWF1YWUxckRoaW0wN1NGUTBjT0dGYVpQT09rOFhtOFpieURna09WbW1PLUFxem56X2lxU0pkNFNOQmhlLTd0ZC1Td21zQzFleGU5NlZCWGcydHNHbHhxR0NNYmlNZnBJa3hLN1ZiZGtnZ3BrQWFUdDRsdXhUTnJ3?oc=5,
6a8498235dbd7dc252890d4b,98b13f0f23bd3c9dc3eb8548339d71dcfe5e0022d045928d76d004b5b2181f67,0.9,2026-08-18T17:36:35.346656+00:00,"This is a cyclone warning, not an active disaster event.",The Times of India,ai,Cyclone Montha headed to Andhra Pradesh coast: IMD issues extremely heavy rain alert for next week - The Times of India,https://news.google.com/rss/articles/CBMiigJBVV95cUxQZkNmVWtIeUwtX2JhYVRXcDE0NkIyTWtodFQ0ZkhQb245MjV5ZDFaU3RlTkFxUkpFckVCRTRNaldXWE1TeVZUbnM0ZEdKWnNCS2QwZENyV29qRmRLekE0VTd1ZEFnenVRWk1xRDBuZndqNlVCYmRHekVaSUVvc2Z1N3p0VEl1T0Ewck83ZTlGUDBUamV3Y0Z0MlVMUFRpY00zcGI0RWFKaEVQRm9iUmVCWGkxUnZFRlUwRlNaSTYyWmoxY0V4R3NIOENNX3ozV1ZmcERTYi1kbkFfdzZPTUhSZEhOMWxaT09FdDlwLU9nQ01nRTNsckVJNFhZOUUzT3pzdEtwVlhMb3BEZ9IBjwJBVV95cUxPbl9xOG44TnFPZUNTT01GVWVfQlliZ3FCMUJabHBuQzR1YnlWZHd2UlZNcnJpX0RjdUM3aTFpMTZadUp4Tk9pemRKdG51eDlNTHJiV2RRTlNzQlZkT1YyU2xnYmdqNDN3ZGo2Y1lnYkFKMTdlTDhkbjhtSV9ZNUVZOTAzQkVMWThNeUtHRzFRa0dDYndXLWpSRkFOUDZkZmFnZG1WYk9EdWE1eVM4eVFNRlhlZy1VNWFvTGpaaWFfdWpPd2NyeVRPYWZEY2hlWXd3RzFQOUZPbDgzVFhiNmlucW9RbWZ3cllyTU01SWx4VmIwTm1FVERqb1JpbHN4QVdpVEF6MlBSa1ZzSUxVNkpZ?oc=5,
6a8498235dbd7dc252890d4c,00c985c6c78f3be74cad23b07eb3f7008b176421a5f04397a9bfdf84a6a8beb0,0.9,2026-08-18T17:36:35.380647+00:00,"This is a weather alert, not an active disaster event.",The Times of India,ai,"Cyclone ‘Senyar’ alert: IMD sounds heavy rainfall alert for several Tamil Nadu districts, schools closed - The Times of India",https://news.google.com/rss/articles/CBMipwJBVV95cUxNcnB2ei1kTHRJX2NmaUJycFF0a1NiQm9ybnFBWnpwckNxRXlEaDduaTNJUXo4M25EZm83WU5mVkdWRVBYaG82LWF1SHRLVDNIS3VUQkh4NzhzSGwzTHNyUk1FOS1KeFNRSDVSVURIVWRvNDJJcTZXUk9wTWdJd3hqdkJuMzdnanZyOWhibkdMMDVzRXVRUkd1c2dTTWZTX3g4cGlsc2laVVBxVXhNOXlxUFhiY19rdEdlOWFvNlA2TzhBXzZaQUJMZDZ3aVpuZkxaMXc0UDQ4Njg0aVBGTkk2emF6ZEh6czJfRnhFZjJ4dFVRWFh3aGFQMDEyRFZNZ3A1b0dhRGtBcWxsWnRvMkJvOUlUWmtuUU83V1VMLTVuSUdqYlUwYjZn0gGsAkFVX3lxTE81dzdTRmtnUkFxMy14MDY0VnUtRnJyeXZTeGxrQjF1MFBHM1NTYU5vWTRPdloxY2huMlBhazFpWm9RSExEdUloNC12dHo3TFJnenhFYUNDTEhaOXFEN3NWQl9LeFNPM01FT1FiYzRnSEdsVThCczhJU09lZ0hrZjBVUEtfbmpab3NzTndjSnQ0RHRzVWZ2RDZMN0dwVTJFTjFRbzh3bW93VFY3NE1pVk1oTzkzOVpFVEx3ZlZydWptd2kzMjJQb0ZET1JTX2JXaERkVTJ3WlphQ2JqRWdRY1RYOUFBeGFTUEc5MUJUa3FTN0U3clBPSl9teEJ0dWRROU4yTTI3VFhheWhSVlJhaGlEcFhPZ1hReHhQNS1qb0NmRW5XMC1lenA3UjJjeg?oc=5,
6a8498245dbd7dc252890d4d,492598f7d56b92209fc32443cfbbf123e0a715dbe9212c0802fd7bec343c85f9,0.9,2026-08-18T17:36:36.155984+00:00,This is a general weather tracker report.,Down To Earth,ai,"Daily weather tracker: Monsoon intensifies across India as heavy rain triggers floods, landslides and widespread alerts - Down To Earth",https://news.google.com/rss/articles/CBMi9gFBVV95cUxObDFTSU9pOVpHX3BKVURzZGhTaTJqSGJhYjlwNGRpdzdHT1RtSnk3dFg4RThoWEhNT2lhN0h6bGRET3Z3Z1hTSXpNYm1BUkRzZ05OX2RPNllQcm5MVkwtNFV3X3pyT1cxNy1QQlNjTE1WQkc5THU5LVdSM3JYQkxueFdsMkhFTVFGSTVzOUtGYUNSb1RyRjhlQUt5dllwNE1FaE43cnhVcmlWUHE1aFhERmt6dVlaRzFZMXMwcVpIUTBfVlhIU1VSRTJTZ2N1elpGM180SU14dm04NnFYYkVnaVRPaHR5WWd1VHZEeEtsWDhUZzZIZVHSAYMCQVVfeXFMUG81Z3dKXzdCRTljOVBjRGRyREhhVkFRZlRJdmNLUi1SeXQzV0pLb3J6Wm8yd2xwOWRnUXhVc1llTldUcDg4UzUwN1YyVmhJMXVWaVF5NDRXdW1CRU5OOWpzMVNBWGJsYi1WbHRZcWxZZXozeTNrbXJoMG5oWmNNTWEteXF4dEVFa1gwZENROGY3MmhBSy1RbEtDeUNlT0tvVTZmeEhfVmN1RmtndjZ2blUwcWRUOVMzYV8tOWhsdWhodmtlTG1TcnZMMC1iWmJzSS1COHNfdUpTZ09nLVZqXzFKak5JaklacHo0WG15YnpFRjZMc2xuRUpsUGw3RTVNVWplMA?oc=5,
6a8498295dbd7dc252890d51,62edc51216ddfebe5217d7002a59d629f29a7f895fca3b440b73b9a43adcc1e5,0.9,2026-08-18T17:37:14.164217+00:00,This is a weather alert for potential heavy rain.,India Today,ai,"Heavy rain to welcome August: Gujarat on alert, IMD issues extreme caution - India Today",https://news.google.com/rss/articles/CBMi1wFBVV95cUxNLXAyRzVIX2x4X3JXOFhoc2RmeU5ubmw2cm1OUkdjRm5nR0ZBOG04ZUZKOFNoSlkyMmhlUERpNE9FSndXWUZvN19EcmJVNDFZdzZsZ3pQbjFqMTlHTld3eHBfbExfdGhrQ1NzWmdUR3IxVnc4dHo2c2ZWT2ZpMXNoT3NDRVYtbkZDV1dHSm9raGdSZUt2bTRyQXkxQlpQcXJOLUwwc1FWQ3NJdUY1VE45NHBLZFcxbEhXZmRBLVBuNE0zVklHYURZdXdubUFjTGpkblE2Q25qUdIB3AFBVV95cUxQN3o2aHphYk04S3V4SU42NlNOUExrQ0p1eTRHT0RSYkdldlZtLUdiLU1GUF9tVEFlTHgxMWNKMFFqYzdCOHJnUW5qRk5FdHFpbVF3STFZekhzT0FXU05kcG9GTGlhcjZvc3RjOHk4dmNaZ2VPMWFCZzFpeF9FU19BVkZFNENiSHFQaW5TOUhkaEpqSWQteEF1a0pDNnVfVHdXM0JNdHNNWXlCVzdfMUx1RUYzcFFuV29SRXI4ZnU5Z3RRSThqakp2MkEzNGtYUkdSRXBKZ25ZdnlLXzBL?oc=5,
6a8498295dbd7dc252890d55,053a58c790186777c9f9f527a73385863b2a816d941d205089eee8b4dd31b4ec,0.9,2026-08-18T17:36:42.049074+00:00,Minor waterlogging reported at the airport with no operational disruption.,business-standard.com,ai,"Heavy rain causes waterlogging at Noida airport, no flight disruption - business-standard.com",https://news.google.com/rss/articles/CBMi3AFBVV95cUxPVlhsdDY1cy1taHl4bV9BME5mcGpqQ3R2a0JTRUZ1NWUzd0ZrbWdZNU5aeGhLMXd1Tm5lU0NncmJMdDRLR0lzVldwZEFMcWRmQ01MazBKU0ZIN21VenRrMlRUenpGMlFheGU5TXE2QXFUV21mX3pnSDhSajB5STZqR0lTTURkdUw4Sm1zaUt0SVlKRzc4Sl8zblVwY1hEZFV0ZnlnOFFudXoxZG9oZVV3UzFmLU9wSl9HMGRKaW5hUGxjVkFsMl9LZ0RlcXBNWG1kZlhYNUlsMHlQQ1Ni0gHiAUFVX3lxTFBGNGJ3bEoySUVubFFRbE1vbVZ0VHJFY3J0bU5tcWNmVVAxRzAtcFhYYi0tUm5MWjJXRHFFZWRvZTIwUFVHbmZsZ2luZkRSZ0NnQWxOTE1TZHJkcldzNjJaRUstLVBOT1N5V2p0b0l1eUlqTGt3Q05SUmsxdGd1N0dGQmZZRlJkRmdKRGJCTWkwOHNrR3JvZWFrdF9fZTVrVDRzOUh1dTZlR0VyazB3ZDRyVFRIaFY5dUVRR1c1RUJaLThxQzVjYURoTHZZUzdDdzllTWMwSW1PemZpMTZDSDZKY0E?oc=5,
6a8498295dbd7dc252890d56,d330ab18871ec3f100e7c45442a2ccd51ca588c2572a390729fc99efc48e62ea,0.9,2026-08-18T17:37:14.395637+00:00,This is a weather forecast and warning.,India Today,ai,Prepare for heavy rain on Saturday: IMD cautions Gujarat; Bihar to be on edge - India Today,https://news.google.com/rss/articles/CBMiuwFBVV95cUxQdjhIV3pLR0tpdmxzdFp1N2tLekppUmlad0RZRUVXREpJcjNTeGhkNXhSZWU3QXpfVVhJdUlWWEZVN0VzNVRTS01fdmdjZ1oxclR2MkM0TG5PblE2QWdQVkp3Tk1DcUxQSEh4MUltRXA3dE1TaUREMVFJa2FJTklNVFJYeUsza1RWdk1PanVyNl80RE1ZQWxlTU5IdDg5YjNnZ1hGaGgxM2xMaDBWVWRHTmxKUVN1bU5fOHJN0gHAAUFVX3lxTFAtX3hnSXR3c3ZYVFYzblV2cThwQnV0d01Gb09NRnYzbHRsVl9IblBNbG1Dekp6S0pYRkU2Vk8zd0FNN2ZROVQ0MlhSbldLMGdJXzRrQ0dpN0lOUms5ckVjMjFKa2FwYkVlYmVqM1BLSFU3VjIzUmZnVFFnUXJrZFBKa21ENUw3UG16Ry0tejYwWGE0ZnlvUmZxV1dBanhxZ0V2a1F0cDlmcTJONFFZZXRQaTNYNmx5MDg2bHJOTEtVVA?oc=5,
6a84982a5dbd7dc252890d59,c3550dd95e6bc49573e49dc9ae13945e42274c42684c5f1949a9093c204e9bbf,0.9,2026-08-18T17:37:14.553190+00:00,This is a weather forecast and warning.,India Today,ai,"Heavy rain to continue across North and East India; Delhi, UP on alert - India Today",https://news.google.com/rss/articles/CBMizwFBVV95cUxQM1BhT2FVY25FS0wzV0F1ZVJtWGxFcXc0aElNN0RvVUFDR0dDdGRmMnJFejhvVEhhclRyYmhKYk9zaVRqMlE1dnpGY3RpNVNZVkNRa20xS1dLQ1NscVNWZTFEcTByLWRwTjg4UVJmZ2I3eWxobFU2LU1MbzhXV1NJU25FOG5RLTRBMkhVQkNEWlhnd0h5VDg2R1pUbjdPdmExQ0FDUlNqSGk1QnBXaUxNbFB0ZW9qZmFZcFJCR2d2eFZsUnhUMVVUS0xBalBpYknSAdQBQVVfeXFMUG1tdzBYNmFmcl9nN21pVGZrM0xBQ3VRX2RqNWd3V0hWcXB1NEM2UGZvdGp1bEJWbUhSTkU2VDlTOUUwOHRUSFpoX2VqRU0wNjZxT2JQMElidXRyN3ZxUnZGejVvdENLb0NuRUsxUENjSEcwWnNVODVFeTZPRXdKaFEyN1RkLWFlc2tOcEJmVUJGamszUlFpQUF6QUVnMXZMcjBxOUl1amRlZGdzMl9qUHNKYVBaaV8ydTlDV0Uxd3J2dUg2WTBLRjNrOFhPNHpIUGVNaU0?oc=5,
6a84982a5dbd7dc252890d5c,4fc19a510bb68074a826d4fd899ff7891e4a7f1b95ae78d20d560cca52330a40,0.9,2026-08-18T17:36:42.342447+00:00,This is a weather forecast and warning.,Down To Earth,ai,"Daily weather tracker: Monsoon sweeps across the country; Uttarakhand under red alert, heavy rainfall warning issued for UP and several other states - Down To Earth",https://news.google.com/rss/articles/CBMimwJBVV95cUxOZWIzVWRiWnhlZXNEUjJvekJZalJDc3pQMm8wYjlESHp6SGtXczd0VW1iVDFRaTlOMkl1TWxaUDBaeUd6NGhLN0REZldIamNTVE1fUjE4SVl2RFhBNnR2VG5JLUpHUUNRTDFGN2g3d19kS2k4ZnZTMnZsLUNmQU9OWmVmbHlwOFRoZ3lUR0tJYVRpMHh4bWloV0U5MExWdzhiT2lvOWRid1RjWXJPeVdYYkVMQjJFOXNCZFNvTG5ITXNyMTNWb2hIeE1RWllnZ2FMRVRkUzkyam1RUXBGck9yM0ZzYUx4OTdsVFlYX1dfc2tIZTdDMWdmNjdZUlcxLWtMY0hXVHYxU3VIeTVXQzBhc2JpbXNmMjhJM2Rn0gGoAkFVX3lxTE5sYXBTSzhscWNqakZmVjN2dXp4Y0ZtWlZnNURJdjVYbFk3WUlQZ0JfLWtpeXJqZnFxREhNNGtwS3FVNTlwZDUwYUw5WjdXUkR1akVTdWtjSjZ0cnY0VVZtZWlJbHNVUEFEdENlOTR6MG5PRUh5V09DUlU4ZnNBb19PbW05dlVxUU1fLUpaeVVwSDVjMmxHdm4tTVhZVmN0SktadUk0UXNBSTkyRUh4UHVCTFl1YWlUc014azRUN252OFZMV1ZEVUIwTHJ1MUhVR0x6em5jbFNMdmtVd2ZIdHQ0WHducWt5Z2oweTlSeEZtUy1wS1Z1SXcwdVlkbG5nNnBCSS01ZFo2dlpXTUxUX1Z5MmdYc3Fucy02eTExV3FOcHJKYnEyamot?oc=5,
6a84982a5dbd7dc252890d5e,8c3d607781a1a5b01a16c050379f32d00e8ca30c5fc34d8f5310d8087b67391a,0.9,2026-08-18T17:37:14.988414+00:00,This is a weather forecast and warning.,Down To Earth,ai,Daily weather tracker: Monsoon momentum dips across several states; Bihar and Odisha under orange alert for heavy to very heavy rain - Down To Earth,https://news.google.com/rss/articles/CBMihwJBVV95cUxNQWxZVUd3ZUNZcXlSQXNvd3lvTTJXZG9RUWMxT1BTbWVveVlacjBfMTNZNkZhVUpsRTlpampJcEZUMWpYaEYtVDVIcC1SbWhSSnF3a2NJU1JoT3NKZXhYN0prUTRkN3FkUXczTFFwcTF6a2VJeEw1MUlBZjFCOFMtYmJzYjczNlRCMF9GeEw5QVA4MUZmTWN2Uk11QzVWMEdabzVHT3JrTlpIclVZUTUyUV9EdzFJV2lub0VGdDdVZFdoajlRVTNYX2lKcEl5RG1QT0wzTUhVUkxxOEJ2MlpYTWhqN3Z1aXhjenJseHVVMlpqQmlMd19USjFIdGNLQmNWX1o0akxuNNIBlAJBVV95cUxOcnNZR1BBVVU0R1Z3TURDLW5jZWM2NGs3M2Y0NTRmNlNkQmZGRGR5bksweERyQm0yN0VvUG1HV3VyUl9lVWtZSUpZYVM3YlVtSTRnSzNRR0RwS3FXTU9ieWlqR2ZqTGhmdE9TZ1MtdnhDdlZkWGdxRG9Eak1heDRvMDVvYXF2d2tRRmJTYnY2czNudkt2RUgwYTQ0bHhpMzZDbFJVV1o0QVp4cWdtN2FWNFhCT0pEMnpRVFk2aFpRQlNnWVFNb09IcHZMZy1QcTRhZWE1VklTd2tzVDJiSTI1OGVuZFhOdHc3dWJISzRiaTcwbmZ0S0RDZ2tiQmpBWUF6NTRkR2ZKamljdDF6RVdPWk9Nd3A?oc=5,
6a84982a5dbd7dc252890d65,e80147ec7c0247ba99f906c41e762c4abdf7f6b8632415b0c9d3fad272451b22,0.9,2026-08-18T17:37:15.435368+00:00,This is a weather forecast.,Outlook India,ai,Heavy Rain To Lash Central India Till August 15 Despite El Nino-Driven Dry Outlook - Outlook India,https://news.google.com/rss/articles/CBMivAFBVV95cUxOaEVESHRjTVh0SUl1RUk2aTBlOG50Vnl5Zmkxc3d6R0o5T3lKT0pybTY1VGZoR3pQTFktaDJhWWZ6OW9mUWNEOEN5UHdodnR0dWo1UzV4bFZqT0RWV3d4YWUxZ2pzeUw5VEs4NzZTSG1hNG52VWs3NUpBaGtkdVlqLW1xLTY5VjZ3YmdSVVRiZWprLVo2Q2JYeEZER3ZhcXRXRnZvRWlUelkwNnFPbkNMQWZhVm5KV3pGUEtTSdIBygFBVV95cUxPUU14ek9VZUtDaWpXUEd0Z0xHWXJlYTVPYVRkNlBTYVF3bUJNLXhuRi10RGZzSHp2TDBHTWNaQ2xRTDdJMXIyVTctLXFzRnM2RTlNY2p1QXF3VGtHUHg5bnpBazNHZHZ2RlBqWG8yeGtBbV9EREFUMnVkOW5NWmJTZWNMRXl4eVA2YjZhaFVETDFvcHhzSkk0S2RfOExLTi1zbWRIa29PSnNNNWhzQ192c1lOc19jam5qdnEweDNJMHhOWXJsNUZNMWNn?oc=5,
6a84982a5dbd7dc252890d68,80d30436c63125ec108603807be33fa1ab812d650cea9e3a744f9a108f1f644d,0.9,2026-08-18T17:37:15.543465+00:00,This is a weather forecast.,The Times of India,ai,"Will heavy rains disrupt travel across India? Extremely heavy rainfall likely in Gujarat, Odisha and othe - The Times of India",https://news.google.com/rss/articles/CBMiyAJBVV95cUxPaUJpNFBqZGJiMS1GYlNhQ1NmWVJwNVNMT29mbWxpUFFFVWVOam00UDZUNDhZNTNkTlMzcFJLUTlSLWxVMjhpbDZ1Tm1UZlk3VVZjd210aDRFVVEtYnFzbHlUVjRkQVZMa0FHWnpGT0JOYzlhXzJkZDF3OTl5UjNLNG9CZG1uUk1PLVdseU96YXpDM0xkbDh2aW9Od2V5NnFTQ2tKNkVTNWpWWC1KOGpJSFF2WGl1aW5MMzNYQ3hJMkFqamZscHdQN0lfUmhCMXExTXY1OVN5eV84SnJKb1htVW0ydzc2dzRBOF90QnRBY3hDXzQwZ3dFZlZObGs3SVA4Q1Z1SFdzTDV3LWRnOUN5WmJpakwxNXE2bFA0ZmoxVFFzRDZiUVpyRDk2ZS01dV95Rk81LXM3dmdsNkdTVHg0QmN4MHJ4RUxP0gHOAkFVX3lxTE5oUVNmYm5BV0dMdmtNNFhqc3JVdVlLNmJCQUJHbmRWbzNGbG9sT3A3UHRJczRCMVR5WXVabEFKM3NXVWZFSDhzMW4zQ0JfdmhGUHBYNHA0RUV0NDFzdl92ZW5ZWTNUeWFlYmI3dHh5QkcxazhzdkwxNEVBTm9MeGJ3WDFjcFZEUzFYYTNMcEpFLUtnRUFSOEhJU2cwbFViTUhVTUQzYWtEMDBoQmNldzZrVGtyRjhQR1BPMm5VWGhvZHAyeTRxdkphQjNVSHVPZUl1YkJMMWJzcVpuMFVEYjYySnNGbzhnaXNYUDEybGs2Y09ZQWZXV1hKQVowWnJxMF9ya0kxdHdtUlhZbzFtTks2MFV6TU9kYUtSSy1hTml2UVlYOVVoQWJLSWZ3UEVFaXg0QkNPTjFESktQMDlTTXdwb0JCZGFvNFo5MGVyd1E?oc=5,
6a84982b5dbd7dc252890d6e,43fd12f5639dfd9efc0cb29fa19d68b32ff012be996660e71be871280b457701,0.9,2026-08-18T17:37:15.820304+00:00,This is a weather forecast.,Telangana Today,ai,IMD warns of torrential rain today across several states - Telangana Today,https://news.google.com/rss/articles/CBMiiwFBVV95cUxONmY2N0ZuMnRtcEZXRWloaDR3R1ZZTjYydk84b1dHRXFuaXh5a3pndTVabkM4bXczZDNESjJCTExXb1lNMFR6WXFnVWl6WkdlZlpyYUFWYzJqM20xMVkwbzBIcW5fZlNsdVdhSi1UZ3o4TEp1NURucXFnZW5qOGlsVWlCWW94X1lmdzYw?oc=5,
6a84982b5dbd7dc252890d75,34342793ac7195ac1ddb869763cce843da01b8b86c225675f00feb217f6d748d,0.9,2026-08-18T17:37:40.127318+00:00,"This is a meteorological report and warning about past and future events, not a single specific incident.",The New Indian Express,ai,"16 cloudbursts within 15 days in J&K, more in the offing, warns Met department - The New Indian Express",https://news.google.com/rss/articles/CBMixAFBVV95cUxOZ3k0MEFheXB5QjZtMzF4Yi1YQUdfdWluSVpUME81aVZremhOTHFfVVlOb2NRbTU4ZVg0aXVEbGI0WXlWS3Q4LUp2dWdXU2EzWWFKaTdjenBBVUNkTUZnUWJwLVdUM2dzTVVFSG9aLXpveGdKREQ1MVRzWlJ4dk9GenNabUZuQTZ2ajN6NDM1M0Q0ZmVZT1BZRTY2VTB5NjBEMkFaN0FtWUJwNDNMLWtLWXB4OUdDM2RHbkc4N0FHT3JwckdI0gHSAUFVX3lxTFBmTVh1TF9zcnZtRnJ6U0tFUmVvQmtIUDhaOXdOU19raWd4bllRVVdJMzdaczBGOU5VMnJmUTRqaTBlR3ZMdV9HZndvcG50b3VONjFDQ1dLck1rb09OdWhlT0NZU0tpQUMzYW5td0ZZQTdiVzRRMnBGTHNEVFpNY1hZYldmSXotZVN5VExOUUdaMUljdmMxNXJUOW8wWGljYkdzSlBsSmFhd2YyRWJHa3ZnZ01MU1V0dGxXaE1CRXJwZnBWbzV6el90MzdxRTNFdi1hdw?oc=5,
6a84982b5dbd7dc252890d78,1c026b63954bb6a4ac96d683482fe01c61c1103dd9cf1e1f793ad23580bc3523,0.95,2026-08-18T17:37:40.233357+00:00,This is a retrospective report on a past disaster anniversary.,Kashmir Life,ai,"A year on, 30 Chasoti cloudburst victims remain missing as families await closure - Kashmir Life",https://news.google.com/rss/articles/CBMisgFBVV95cUxNR3oxaVlOS2FUYTN3ZWtFSmJzUElwSjl6QWpUQmZPZkU2WnNZOWZqOUhJTVh3R2c1NG8zRjJKMk41Um15dzJ1OXVvR2pncHlxVlJ3REJ6ODRVcGI3bkkySXg4YVhfdUtaZDRubUZjUVN3M216MU40RjNzX0dDM2J3OFktTVo4WTRvaFAwZ1d0bmFqRjBjVkpGZUx4SGJsVUw1ZjRxZVpIOUtNUV9VWW5CNWF3?oc=5,
6a84982b5dbd7dc252890d79,e7444abc4c2e80f8e8b10be40a0898262723f20d1bbaee2007a69dc862216f12,0.9,2026-08-18T17:37:40.267339+00:00,"This is an analytical article identifying geographical hotspots, not a report of a current disaster.",Rising Kashmir,ai,"Kulgam, Shopian, Baramulla emerge as Kashmir’s new cloudburst hotspots - Rising Kashmir",https://news.google.com/rss/articles/CBMipgFBVV95cUxORWY3eFVaNE9adVo1ZlZvclZsbXFjUnp6cl9jLVVFRFBKX1hyM3F2SlNVUTkzWTVTWXB6MnlScHZCSEtzVEI5THVrdTlCOFBYMGRHUkVEVTVkT2Z3NzN3SWNiSGNwU3JvUjFZWnVpdmpPZnJYNHgwdFVxRmFqTDduNS1UVDNWUjU5cmlEZWJyN0gyQnNxaHBjUEtwRkJWRWUyUmZraDRn?oc=5,
6a84982b5dbd7dc252890d7a,892a20e8d78f09a2f7ff022179e6208aa0484471b7e5523757f9246247f1e493,0.95,2026-08-18T17:37:40.303421+00:00,This is a retrospective human interest story about a past disaster.,Greater Kashmir,ai,"A year after Chasoti cloudburst, SSB jawan recounts last video call with family, loss that followed - Greater Kashmir",https://news.google.com/rss/articles/CBMi2wFBVV95cUxQbXlHNWlwaWptRkdRb09KVDBlaTZEODVrTllwR1dPT2FPOU5fb1h0eUJxc1RFMzRwVXJ3NVNNNFFoTWUwX0prTS1nWGRadWR3RkhfT2NvcXhGLWkyMFoyUk81UV94a0xEYkNXYWxoeU5NQ0pUUGJ3dHFBc1otbU1jb0lodU1hU0ZiX2pabnZwTU0wc29XQXFhakkzN2hFODg2QXZfelpoazhGbW9naVZJal9RTWdwZ1N4TkFFMGpRZmRjeTNFRmNxZzNGWFRvLVhUVnlPblZobW9mN2PSAeABQVVfeXFMTk01dHJJa2IzWE5ULXJjTFJSems1Ni14a0JKOXdGQTJfXzU2NFVrMDk2S2hYTU54U1ZuV3NsOUVGbW5DVGlLS2JDb3FyQ0U5SlJCNUFvQV8xcFR5MGctWE9QVk1mQk5EajZYTndUTzRWZWJFMldFMFJLV0pfaHZLUnZoSGlYSjlPMy1jd0lxaTUxV2I4aS01N0VMRGplOUp0R0R3a1dfbjB1QVRLX1RJQ2VYanR6VGEzN09ENkVnaDhLTTU4bEtFOXBxZVk0RTFLSzFNeDBaNXNIM0MxeFQ0OFQ?oc=5,
6a84982b5dbd7dc252890d7e,4acade7fe67904308ceed84944f0e1877fe34e74c28fc2c62f45309899538fac,0.9,2026-08-18T17:36:43.748597+00:00,This is an analytical article about recurring cloudbursts.,Rising Kashmir,ai,Why is Kashmir witnessing Recurring Cloudbursts this Summer? - Rising Kashmir,https://news.google.com/rss/articles/CBMipwFBVV95cUxPQXhNdkRfRDByemlyR0plVktnRUgwWGJnODl0ME9CYjcyTW5ldDMtcVBGUG9RNk1DWXhtTTRJaE9zZHJvNFpQbDk2N0hOYndrWndxWF9oSGtnMmhQRy03QUZ1VEZwY29EelAtWHRKSHl5aFZjZG01RXEzaGhBTXRCVXdYSS1lcndPd210Yjc5WVBaV2c5WGI3WU1FMmRjdk5sUF9FYllPTQ?oc=5,
6a84982b5dbd7dc252890d80,61566e31d3347627cd2ae43654e3804776e80fa8fe1a9ed2d3b77f3bd3d2f068,0.9,2026-08-18T17:37:40.456324+00:00,"This is a summary/short report identifying hotspots, not a current disaster event.",Rising Kashmir,ai,"Short: Kulgam, Shopian, Baramulla emerge as Kashmir’s new cloudburst hotspots - Rising Kashmir",https://news.google.com/rss/articles/CBMirgFBVV95cUxQQnREYzZTYUNkcnZJUHRZTDA3VVZwSTliWmVzRmNzZC1nZ2pJcEk5NEhWQ3pLcWlDX2hpaVNpMjZ5REZ2aXNNckk1SFRDNmtEMzcwU3lRUDVoV2syZWUzazJtS3VndlFDbm5ONVIyWkFpMENpS3ZrOGxvTWhEZ2tkUDltNTdCd09FSFF1SWlGekpuVFBiM2UwWV9wSGlpQVJMTjFRQUZiblhJZ2taMVHSAa4BQVVfeXFMUEJ0RGM2U2FDZHJ2SVB0WUwwN1VWcEk5Ylplc0Zjc2QtZ2dqSXBJOTRIVkN6S3FpQ19oaWlTaTI2eURGdmlzTXJJNUhUQzZrRDM3MFN5UVA1aFdrMmVlM2sybUt1Z3ZRQ25uTjVSMlpBaTBDaUt2azhsb01oRGdrZFA5bTU3QndPRUhRdUlpRnpKblRQYjNlMFlfcEhpaUFSTE4xUUFGYm5YSWdrWjFR?oc=5,
6a8498495dbd7dc252890d82,6ead7820d96f679f328885102a9a36cdde81d2c50f922c5b684bd9dff10abcea,0.9,2026-08-18T17:37:13.414339+00:00,"This is a weather forecast and warning, not a report of an active disaster event.",livemint.com,ai,"Deep depression may bring extremely heavy rainfall to central, western India: IMD - livemint.com",https://news.google.com/rss/articles/CBMingFBVV95cUxNVTBuYWdweUJHeUNxekJJVnoxcTQ4Rm5NWTcxUUNrZTZlVHE2UG9iRVhDVkhmcVdFZUtXYnQ0WVM4YU1LdVR1WXhXX1lqeEJtQXdIWVIwYWh6NW5NNVNVXzk5YjBzZkMtOWdBT2dBUDN1VnVGRGgwam5FZ2g1SURRbUgxWTYxNk1Ua19QQmJ6NFlmcEU0Q0FRel84b0FBQdIBowFBVV95cUxNazM4VElpWXJ0Yk12Q1RtSktLTDdaZ3hNRmJJdTB5UTIzRnhQdk5QbTlPTGVIQTYtX2RKMTF6aFJNMHptTHhWak00ZnZnTzJKY1NOdlJiM2w5cmJCSzB5cjVZaEQ3cF9QMnV3SFdubEhhMGJpZDVYZWwxb2tQQWo3aXM5U0hONFZmMXBaeTMwa3d1VVFBZDlOcFdUM1dmVVV4QTk0?oc=5,
6a8498495dbd7dc252890d85,d0940beb983b0907facd1d74d440c23d7a3228f7784fe774a98c532f80852980,0.9,2026-08-18T17:37:13.553440+00:00,This is a weather forecast and warning for potential future impact.,hindustantimes.com,ai,"Heavy to very heavy rain likely in parts of Delhi over next 3 hours; waterlogging, traffic snarls expected | India News - hindustantimes.com",https://news.google.com/rss/articles/CBMigAJBVV95cUxNMVdnYUVsSnUzOXcwUTR2NE93Y3ZsQ2VXQi1zZmYyLXh4T3BROHIxNGlwQ0JNLUY0TkM5SUdTdDNGY0Ftek1YMHk2N3N4TXFFUUF3UU8xNnRmb29KSEJ2WTNYelpOZ01BSVY0ckx4cjlYOWZNcklqTzRpdlZVR0NRSGdzdEQ0SVR5UGxMMHozdmRHRVlyRGFIcHlhTU5OR2hHYXc2QVVPT2FkYjhCeEIxWkQ3MGczQjRjT2JfeW9jZnVfX3hxRGlvV1ZQSldEbXZwclJvdzRiSFg0WGZLWmVtMXBNVzFyOHh3cjZ5UkEyXzhrZlh1Zk5BSjd0T3FNaTVy0gGGAkFVX3lxTFBkOTl2RkdRV3I0cy1NTG5qOXBPaHh6MDNocnpZYWg3TW5USDdqRDVvQTY2Y2NhQlVqODB5c2YweHRabUx6TG1xVVFYbUxSQWRMcGw1Y2o1akNVV1hLY3Zad1lhU014VFlHV0hfRGJ4VVpuZWdmenZEdm4tUWpKdnNHcHRQNmo1RlpSUmgtTW9FU3Y4UFl6R2dpOVpVRnotMFB2d21ya1Myc01ERktQMGYySGVRcG9OcE5iNWNZamdVSmRadDcya0hXNlp6ZnRyeVBHQWZiTjM4WWVyalB2Zl9nTmZxWGNFRC1zOUluYVVsRzl3RXE3NGpDSmZ2NnhaV0tNVkYwLUE?oc=5,
6a8498495dbd7dc252890d89,32230bc6f0f50f68b959c628fbb3b710448d3c6addfde2f6ec0cfd617c86a455,0.9,2026-08-18T17:37:14.071817+00:00,This is a weather alert for potential heavy rain.,ETV Bharat,ai,Heavy Rain Across Maharashtra Including Mumbai; Alert Issued For Next Two Days - ETV Bharat,https://news.google.com/rss/articles/CBMixgFBVV95cUxQY29hRVQyMnZvTnlvNE5PV2FZbVhGY0tGNkd0RVBWMnkzRGNuT0dWY05hX2VRMG1tQkFfeTdCcWJTTXRXaGxBSVhldUw3YmJfWmwtYXVEcnA1aVpoR2RaTDlNVGlpVWpGeUxwSTdQbGJ4NU1IY2c3LWJPZW1vX2R6djd6UDVPd0lzcmtDQmI4bThqcjZFc0plLUlibTZZMHRjWW5tMzFqZXh4WWZicTN5b1lvQ3Y1S0Jza0RrYko0RXE0b0ZITEHSAcsBQVVfeXFMTlYtdS1oMjlwTlNfY2NLQlhGQkNNdGFaVEY4Z2pJOTVpTW0waExuc3lXTUJpYXZpUXlPUlFvTFVYMktseWRFQkwtaEdTNUNXa2FvX2xTQXp4QkZ3azhpSWdaWlI0cWU1dXhXVV9POEtpazRQUmhGZ0ttckNtUFlhVXRVb3EwV3g0c1VaRFFnS3l0c0R6MmNkaVdjY3NRNlJyYm1nS1FqYk5KbE5vRm5IcUM1S3YyYnV2YThQWlBMMU5NMDBULVUzMTR6MXc?oc=5,
6a84984b5dbd7dc252890d8d,ddef4595d3fe4ad2cd480f2ed8078e0f71901a2a943859d54e8fac546f1aa4ea,0.9,2026-08-18T17:37:15.266799+00:00,This is a news article about school closure policies based on weather forecasts.,livemint.com,ai,"Will schools be closed tomorrow, August 8? Check IMD's heavy rainfall warnings for your state - livemint.com",https://news.google.com/rss/articles/CBMi3wFBVV95cUxNUDl6a3VaSm51OXpXdkZIRUh2QVFDSzhCMW5BY1YtTDVOOXdTWUM4QXI3Q0IyLUhDY1IwTDN4a0poS25hNlVZeFVzYnN4TkhkeF9XaEpvNEJ1NWpIOURrb0pnVng1djhnRXhwVU1MQTVfZTRiZ0kyTlF3NHRaVkktWFIxQlJuX2tNMHc3RVl0R2pTRVRvakYwV3pRQmlPYkNSNDc4LWV3LWl2S0ZfOFd4SjNFYU9Hdll1X01IQ01VTy15RGg5VEtRRUhacDNLVC1UR1l0ZnA3UzI2RTRwWUtV0gHkAUFVX3lxTE9PLTlhRF9FZlM3T1lmVHBMRUNHMEVoMTQ5TVVuT3VtSEZvX0s2MmljdzFPVk52WGlZQkhSa3BIRV82RzNSck4tdlhCbUstMVQ4cFNfU2E2Z1hib2J0aURlZnVMZ0MtbENCZjJPZ2tZVlFCcS1TX1NJelRxb3lVN1VrUS1rdE1senlsMzhwSkNCZ25qX1E4T2dib3BCUmdrQXhKWVJTb3NXc2FMWXRTcEZBbEdXRFYyUEIwdThfb2QzWG4tSlRhMEhhRzhuYTRkbks0M2tNU2g4d1dFaVJfeUg4ZXNpUg?oc=5,
6a8498645dbd7dc252890d96,5e8c9ff0046d7134fd14264721ec1aed5751672a3ccd0aebfa651ad587c063d9,0.9,2026-08-18T17:37:40.536501+00:00,"This is a policy/administrative call for research, not a disaster report.",The Hindu,ai,Himachal CM calls for the systematic study of cloudburst triggers across the Himalayan region - The Hindu,https://news.google.com/rss/articles/CBMi_gFBVV95cUxQOXVRbHp0LW9fWTY3bURUMlc1MTJVR3hFdDVMUDRQUTUtOVI1elJaU2Y4a1hiSE9TcnUwUEJLS3l5WUdjQmJvN3FHMVF5cndCWmg4cmhtRkRmb0RUOV83cF95QU9CY0hwUUhicEFHN0FCMHJPbDlkY1QwdnlNOGtGRVpCV3RxSHptakdWVWJsTllNbTQ1dlNwTXRCRnVIel9ra2FDM1QzLWUwbjYwSVpSV0FJSGRCM2JTQkZ6WURYYnZQX2RSM28yRDZqYjBfM2V4MEJBWktkVExkYndEdGwyeEVzbDMwMXNTaUlzdDhFcjhQV2ZRb2ZOWFVNU1UwUdIBhAJBVV95cUxNLUlNRGo0VU85bjlWai1HQXlzdE1RRXVEUVdEdHVzYkhvWlp0X0hfV3l2SklCR01lVHNCOEdjZFpreGpNLWUyZlgwVnZtTk5wRmZaNXJfMmNkakgweEFidndZV0l3RkwwZmx1NHZHYnNjZGtZRDVmTEVGUEJlcTUwSnZNdFpMTXV1OWtiWURUbENoSkVOQWZBTnVSY3J0OUI1UHFBMjkwZGUwMTBmUHU2T2VuY0Q5LVdsLXNaTFhCblc5bmZPTmhhUGFPQk5pdXN6cWQtN3BWSnJzSURrTlRKSWpvMW0wNEk2SVpSc0g1SnpJaXQ4OUs4NTc1c3FqejF3TVBFbA?oc=5,
6a8498645dbd7dc252890d97,29cf10e6c48ef24bca49a2e04953ab4853535b34005ce7bae8c6c878513975c3,0.9,2026-08-18T17:37:40.573563+00:00,This is an analytical article explaining the causes of weather phenomena.,livemint.com,ai,Why it’s raining cloudbursts in Jammu & Kashmir - livemint.com,https://news.google.com/rss/articles/CBMimgFBVV95cUxOWWxKWUlGZTY2dFV3UmZlZDNOQmllSENFUFFZZUJld3dPd3hfSE5IZzZ1RlFfVVYzbXUzMUl6TTJXMUNCVlgwa2VfRlNsRlE1Y1ZPVkRBRGE5MFJqanhJVnBTTzh1Zkd5MXlKNVpUcFoyTHNSWnhNSFVRWXFIdnNQOXI2VlhJX2psQU9kalFGQU5QMEZDOHVacTN30gGfAUFVX3lxTFBTd01ZbGdRa2RYeDMtMDFaUGl5dlJMYzUxSDE0RzVBa1NsSGZrQlUwZ1AzeERzWE9fMm5JczdEZEI4dDA2U3R3aldKSXR2THBNOW5va01XeURuQXJCakR2VUl3VUd2Y1JMWnJHdnBEWXJndDMyOTRZSzJkNG0yaFhiLWtaLUVQbDhjRGpDM0VDVTc4TTNwMDZFZHk5OHF4bw?oc=5,
6a8498645dbd7dc252890d99,82a29d4b8229fe37e90c18c69a88d904942b5a292d83b415b190d1160fc61bc9,0.9,2026-08-18T17:37:40.658855+00:00,This is a report on government relief assistance for a past event.,ETV Bharat,ai,Boh Valley Cloudburst: Himachal CM Announces Rs 8.50-Lakh Assistance For Homeless Families - ETV Bharat,https://news.google.com/rss/articles/CBMixAFBVV95cUxOaGxPNXZKcUdVOWVWa0xoT2NmQUtpYzZBanlDTExweGhUelVYbDU1a2ZaRjdjOUE0U1NaMjlEWk9rZGtpakN1eFhGbm5HbzVtOXBSZGNuM1JMUV9MeHBkQ3JXZXgxQm51SWlBYWZ5VE9GekNVUEZSWUJuVV8tNU5mdHJocU16Z0RWUTNaclVNOVR3dUlVLXdlU0ZIOWFCYnQwd2pHYzBjSnpkbkRlMGJUdC1BYl9jZHU1TXdqVXZiNkJyTEJa0gHKAUFVX3lxTE5kd2tPeml4RTZMNEtha3VWeEVjeFA0RUxRSVZpWk9KanVDdm9iVy01ZmZJZ21iREN3dThkb3JhYkExbTFJWUVxeUFEd3JISnM5SklwM2dpZXg1SUxGdGxXWXFnRlRZS3hvTmdYUHFWTHdHUXdCSHZWSVZSeE5FS0JxYmFPS0h2dUk4cm1pQklYUFh6VVJMVFRiMlBGT0NKekt1clQ0Vy1sX2l2TUU5d1RSMFRyR051dkdXUWNEaWdERmFRTWktSmdZVUE?oc=5,
6a8498645dbd7dc252890d9a,e7c9d2e0470c5b7af7ba6653db118cc0774da6aabb91111b17878646238bd708,0.9,2026-08-18T17:37:40.704433+00:00,"This is a statistical summary of events over a period, not a single incident report.",News On AIR,ai,Jammu and Kashmir witnesses 35 Cloudbursts this year - News On AIR,https://news.google.com/rss/articles/CBMihAFBVV95cUxPYngzdTRDd0NHSml4ZFBmeFcyMWRNWjA5NU03SktzWVNmRk4tWGNFdEN3NXktcV8xX3Uybnkxbl85cFhHbUdrNWtUbFQwMEUtdXpxTExOblcxWFU0QlFqbHlKNXA2czVyN2ZSdXBlTm1vTjZzeERGU3R0TWtQUHhkUHlLc1c?oc=5,
6a8498645dbd7dc252890d9d,8e2d704e7581c665807696c2fb322618e50063ad993a79539bf5459082a3724c,0.9,2026-08-18T17:37:40.815627+00:00,This is a report on government relief assistance for a past event.,ThePrint,ai,Boh valley cloudburst: Himachal CM announces Rs 8.50-lakh assistance for homeless families - ThePrint,https://news.google.com/rss/articles/CBMiwgFBVV95cUxPTjVrOXBYdmNranJ3Zl83U2p4bmwzZGZQYWVubFZ5c3VtNFEzU01EY2pLekt5aXJVQ1ZjTXlVUEdZMmVXMU8ydjBOV0tjZThiYmc3X3ZnYmx1SnlEV2xIdGs4d1ROc05lVnpVVnl6NjhmeGdHOE1KSGJyUlVGU1QyUFVGUS1jMTZ4Zm9UT3kwaWVxNzllT1ROM0M1MmU3VFJONm5vNUhmRG9PZlZhSXc4bDFqSHdsVFhUVkxmeHJHM1Jpd9IBxwFBVV95cUxPczNLamdRek1fMmIwclZPei1pODR4R1kwbjZLTVdOcE82dVdObXlMX214T3NMdUpWMWNjV0h3OUVVR2h0UXVnYUlkanNkb0JBQUdjTFpzTEo0MEgtTzlZc1ZBTmNoWWEzbmkzamtUdE5lVW55bmpQWHpMMVZqRGNObEpScjV2M3p6Sm9VdDJSV3FiS0JxYVpZcFJUbTNJNDlPMkR6WS01VjBpaW5lM2dCNHRZanozQlpEUW5VcWVXZTJYNVE5UFZn?oc=5,
6a8498645dbd7dc252890d9e,aa1b9051c2bd0ddb8fc0f86b6353c5459d27e95bed9327c67a2ef4d5c6085477,0.9,2026-08-18T17:37:40.896772+00:00,"This is a statistical summary of cumulative casualties, not a single incident report.",The New Indian Express,ai,"44 cloudbursts hit J&K since onset of monsoon, claiming 35 lives - The New Indian Express",https://news.google.com/rss/articles/CBMiswFBVV95cUxPLXVvMTNNMWJER2NvTDBFM0lkdUdNN2xTYzVOZUY2bk1hMHowM01vdU8yNXdrakx4NlFQYjZQdjA5Zng5aW04VzNidEppZk1IRERHbW9USUhPMzItdDBTZWFYY2tsdUFaUjM4Qy1XdnpTWG1QUVY3MDcwN1BsWk9HNUxOdldIQ2tSWFc2NVBKM213ODJoc3dKSnhmVjRlaHU3cnFxaml0SlJTUHNidFgxTHp5UdIBwAFBVV95cUxNWk96N0lPZ1lVQmRyY1JjNU8wY1JrVDVtQzROb1pSX0lBdVJ0Q2JOZjlZZjdOTEFtX3QtcXZDVUdkaEt1MmVLbDI1Q2xlSDBVWjFlWU5oM0RReVhBS2ZHUm5rbm5DbjVYVDVPQmhmVm81V3JHQ1M4QUdodkhvZWg0UkMyc01lQmZUV0ZyYWFsX21wa3Q2SERvUE1lSzNmN0FyRHBfZGZuU1IzaDQtMnJxLUF6VnUyT3ItVXZUUldGVjA?oc=5,
6a8498645dbd7dc252890da1,8b396e7e541d6b0d3fc9342954fc1e20d6c3700455be655658d8ed3b1ec8e964,0.95,2026-08-18T17:37:41.035875+00:00,This is a retrospective report on a past disaster anniversary.,thechenabtimes.com,ai,Jammu and Kashmir Cloudburst: 30 Missing After One Year - thechenabtimes.com,https://news.google.com/rss/articles/CBMisgFBVV95cUxPZTdMTG9pbUcxeFFVSlpJYkJNVHg0ai01N0hSaFdfeldDa2ZxYk4tTkJyRjRSZEdfNmpTZ2xSWDhvN0liUGJ0ZjQ4LXl2czV3VGVpNHAyTlIzb1RvaEFEd1pWZDhsUFNScklwT1ZySUFNZVFGTkhydy1LRklpTTVrampUbFB3dXVmNXZuejVhcmRFMG5Ld3JIWklUTUEtUm5LV1d2M0xZcXlwb0Z5Y3hCTTBn0gG6AUFVX3lxTE9peEZvVmk5V2IydEJGMEhNZ05HTjhNTVk0NTRoRjlfbFpvcmpvSTM1V2dUUmxIWmpWMnFHa2tlU3JKaEhJcGdtMG1CUExNSS02bGlQR28xZEN5MGFtYTFDX3VZSk5hTk1tSGlwQWQyMEp5YWtWQlBxMTlyd1VaSEIxbVdrQnlMQ2N3TXFnQjBCQVlRemt2cGs2Q0JYMWtJVTktT2hHNTlIOWJTQ1FUX1BGV2FFSXRlemI1dw?oc=5,
6a8498655dbd7dc252890da7,b870b3491e1ad90bac649c686a3ca9f38cafb1de1d2825765376ad742bfad793,0.9,2026-08-18T17:37:41.300922+00:00,This is a report on a political visit to a disaster-affected area.,Free Press Kashmir,ai,Omar Abdullah visits cloudburst-hit Poonch; assures relief to affected families - Free Press Kashmir,https://news.google.com/rss/articles/CBMivAFBVV95cUxPcU8tajdJekJXV0FWMl9zblpYUWNCVkVvcy0xb1JYZ0d1ZHhoYXM2d2VUcmNoSzJVY3BxcEN4dXNXeGZDQ3NEWTFua3kySEhzLUVBSDR5bHF0NTdDSklFQXFfSmptUWRTNk1ScGdDSDM2cmNSeWpXc1A1MkNENXhHY3BVUlhLaXloY1FkUWxXYWt2b3UtM29PYllFUDJGdjBpTUwwOXp1ckNTcFZYY2tsQmRyUEVxeHZadzRqR9IBwgFBVV95cUxQeTFIdmNOcjFUYlVCVmxDSkY4X2phUHNHV1RMVVlaTXZqQ3BpaTRQNnZhYTJPRHlzUTRHaXMwQjMwTTVNRW92VXlpNE5kMHN2T2JuS1owZmxzT3BkRXdfUHo5N3hmaTdkNldPVm1KQ254b201d3VneTkzMkhsZGhFWXkySG9HN21wTDE2ZEN1cmR0UDRneWtFZkZmdHMtaEpOd1RET01RNG1RT3pwU0R5d01RV3dYOXRraExnQVVsNUFMUQ?oc=5,
6a8498655dbd7dc252890db2,94d6f215d771d1d4a2eca64a57fc8e5a459fa8b8b14204d861abb6bd078be272,0.9,2026-08-18T17:37:41.722432+00:00,"This is an analytical article about the increasing frequency of events, not a single incident report.",Daily Excelsior,ai,Jammu & Kashmirs Growing Cloudburst Crisis - Daily Excelsior,https://news.google.com/rss/articles/CBMifEFVX3lxTE94LXFpN3RnLXd5SzBOOUFqWll0Q3Q0aktxelBCSkFVcGpfclFsUlRPQ294QlB1bFJmMHhPejFRNldZZGRBNVZ1NlFENG9vaWhtZFRMZ2RqdHBPY2RfZnZpQk41MUFmOXg3ZWViSnFLSE9hSmQta2J3RTJRRW_SAYABQVVfeXFMUDV4R2JndmEyOGtwZmRHYzlpMFI0dzRRZnJLeGRWVmVCZ1NpV1d4RUs4c0poS0FjT3UwbmJYWGFQQUkteEhXYzV3R3FyVVVhc2R2eHV3LUdoS2JLdTRoVkNzZGt3Si1fQ0ktUVZWeVV2R243SHQ1T3RDRDh6am9MdkY?oc=5,
6a8498655dbd7dc252890db3,32b9d4efc3180ddd21a9d5c7a549505455bc8a284629010f2e7483b704b94f27,0.9,2026-08-18T17:37:41.760285+00:00,This is a report on a political visit to a disaster-affected area.,Greater Kashmir,ai,"Omar Abdullah visits Poonch, meets villager who lost eight members of family in cloudburst tragedy - Greater Kashmir",https://news.google.com/rss/articles/CBMi5gFBVV95cUxNLUxVb1pNVlgzVkVMTEw4dlNScVpkTHZSQWxXYmJ1ZmFsMjhsVUFFS3B4UkRJN1hnVGVTMVVqZjRINTI4RmxfazkzRDlBOHZpM1BTTXZBWXliMDhTbm93cGU0MU5CQ19QT3p0QXZ3MWNGWXBGQ3F0eXpHa3RFd3hJdzdWYWk0bVdjOXFfSEhxSG9sOFpDbnNYR0Z0Tl9XZ2wyX1dGWDE5UDM0Y3Q3X0cydzJqNHZpc3U1WldXSWhqOTNwbU1td0ZtaGhfMl9kWTVBSWlMOXJqRFZlYm5GZG5vT20wNTJid9IB6wFBVV95cUxOeGhRVFVrNUZiVVRWeW82V0xOZWw5ZkxhcEVsN2V5S3FUYlBpS21zY1B1cU5jTGQxU2JZcGhCeDk3V2JNa3B5cU5vMzl2NHo5UUhBSG5kbElJS1VMRkNoTEpZZ0pqeTdWZDVGZFpkXzdEQkRzb2xsa2U5VFFqbEpqSDZUb2JkMmhQcXhvZk1NbVVHVFluUDBobGtvNmg5R2JYU1FYSWMweVpjYWgtMUoxeTJHRmtZUjV0X0JHOF8zNG9PQjlOTzlxbm9xQ3NfRXRYcDl1OVVHLXQ1bi1MU01MSlB2N3VvX0Z6dWQw?oc=5,
6a8498655dbd7dc252890db4,3fa1756361cff4791e39ce04d17a8d89b2c918813599a4b2f34f7cc406224b51,0.9,2026-08-18T17:37:42.049926+00:00,This is a meteorological warning about potential future events.,Rising Kashmir,ai,"Cloudburst threat looms over J&K as monsoon, WDs converge - Rising Kashmir",https://news.google.com/rss/articles/CBMipAFBVV95cUxPZFpuVUVTLXVwVGJqc0RQdUgxbGRtSXNCUjN3bjVmSGRYYkY3aEppdTZyR0JaM0psd0VfZEI4TjhKcVl3YnNQYXc1QVNvcHNmSVBPOTRjcUVJM3Q0enB5aG5VLXdsNUdwSnRERVNZeGlpdjBjb2dJSGVIM0ZfU3BETVVJOEZFZjdqYVJvRFJFVW1nZDMwZUZFaXRSdG42RHIxVTBReA?oc=5,
6a8498665dbd7dc252890dbe,7504bba7c3f0793c3b977e6340444e9b8e748082ebe907a2d7dc4106241215e0,0.9,2026-08-18T17:37:42.214652+00:00,"This is a statistical summary of cumulative casualties, not a single incident report.",Kashmir Observer,ai,"Over 35 Cloudbursts Recorded in J&K This Year, 31 Killed - Kashmir Observer",https://news.google.com/rss/articles/CBMimgFBVV95cUxNcnRJYVpfODRJRHRwQkNEa2U3b2pmcVVDNFpNcldfYXk4Y1RsUjltU2ZMa2F6X0k3REdmWng1N0VtLTFwSkhXcDRJeVRxYmRzWUNpaXV3LUFlMklXbjR1VmxQLURQN0RxUFVPbi1FSGUyWW1TUTBILWtUY0ZmNnNNV0l4NmZnN2VVWE83WjVLTVd6X1Z3bGRJUFl3?oc=5,
6a8498be5dbd7dc252890e4d,f8793fde382f64521274af320289061126e0e732aa888517e606253c7f0572a7,0.9,2026-08-18T17:40:48.972470+00:00,This is a historical data analysis article.,FACTLY,ai,Cold Wave Deaths in India: Analysing the Patterns from 2009–2023 - FACTLY,https://news.google.com/rss/articles/CBMiigFBVV95cUxNZmlESlF1U3BZQVVCMlNfSlp1WEFROEhGSFJTZlRwUVFoVXY5VGE0ZktqMGZQS2swYkVKMWpzbmRuY2Fkc19oM2VOd0pqQjhnVi1SUG5zc2tWZXlIQ0NMYzI3S21Bc0EtTDk0QTcxS2pUQVoyRTJJZVY2djBVdGR2R0VDOXdTdWtHQlE?oc=5,
6a8498be5dbd7dc252890e51,0e8713f37ecef05473b7d359d476e5073b20ad8b73fd0f5978ea01c0e4c46f08,0.9,2026-08-18T17:40:49.127593+00:00,This is a report on NHRC directives regarding historical data (2019-2023).,Nagaland Tribune,ai,"3,639 cold wave deaths from 2019-2023: NHRC directs states to protect homeless, infants - Nagaland Tribune",https://news.google.com/rss/articles/CBMisgFBVV95cUxOYk5lSFJ0SWVfTkM2VkpRTDJ6ZmFuX3F5S2ZIa3ZsMkllQ29WNUQ5QTBsSUNfU0ZwTEo2WUlDUGRyS0ZDd2Vac1pkWkJHU0g5cWZrMWdveEl1blBHSkc5bTRsb2pqeEFlQ3FOMUxoMG5uenRndmZqaFVlbmRJelRJMHFzbVZoT2ltclBlYmNLYzVUYzdsRHZmWmhaRkQzczlDZGE1YlNkdUFNMS1uYVRfVlVR?oc=5,
6a8498be5dbd7dc252890e52,c65a6f9835c80c6951b647ba968c1ae2033ed1a78b40446ef66f9c9ff14d9d82,0.9,2026-08-18T17:40:49.164897+00:00,This is a scientific study report.,The New Indian Express,ai,Huge rise in number of cold wave days despite global warming: Study - The New Indian Express,https://news.google.com/rss/articles/CBMiuAFBVV95cUxNdE9GWC1xRGdNaHUyQTJXRmIzV241QTVNUkFRdlFuUXpBSlFTUDFFdHFqeENzbHNKYW1rWjV3UHZHajVUejdvN3VVQnl0Y0VWUnNnem5jSG1zbDQ3b2FUWFBrY0kwQTd5bU9jakhDTUs3dzdzM1p0cnhoVUxVRXVUbmNkUlhqcmZZLXdELV95eTY1T0kxQnNMVnFqbFRXODh6MTBIdFpHd3RuRzFfdDl4RUpaNkxDR1hM0gHGAUFVX3lxTFBkOFg3ZU4wLXVaNWI3X1dlSHYwTmZXZElqYng2Ymtic2RTVG5CNXVjNmVsSG5wUDAyY0dpTTJtclZ5bzFBRUlCOXZTak9PYldYWm5GY0lMSm5RNVFOQXZmRm00d3M5ekJiSzk2VUN6cXVraWptakJYWkVpMkF0OTV0X2tyVGh2V3FOOWJCRE13Y1FQSHhCM0ZXeEE3QTMwbmxUQjRTbjRTUktoaUVEbWxQZWdLMVBFNUFHTjdtT2otX0RfaURTUQ?oc=5,
6a8498bf5dbd7dc252890e53,dcdc8088483270568b32d727daf98669b304fac9e09c5d17316d007b86f4d586,0.9,2026-08-18T17:40:49.200204+00:00,This is a historical data analysis from 2020.,Down To Earth,ai,Cold waves claimed 76 times as many lives in India as heat waves in 2020 - Down To Earth,https://news.google.com/rss/articles/CBMitwFBVV95cUxPZFNsVnpHOFhkUTB3cjIyaXZpUk5pdkNBS2wzR3lJMWJpaklpaEJiTExueUtqTDFWRENEby13SW9sSHBKS2NNXzRPVUhDajNLekpkSHBCV09TYTV6a0NLS3ZYaGx4MFIzUjlySUoteTlrNk9YWXpfSzZTSUN2OFZwbTlkUnNhMmtySG56TUIxT1g1azFPN213ZFZDSzQyeTZ3MkpCY3JGQ3lSMnA5MjY4NnpNNm51TzDSAcQBQVVfeXFMUG5wcWE0cGF3dDgyWXNzRGZNcDJLNEFtaTVxUzFaeF9xVi1HNEZPWGp2UGp0cWE5cW9MazNKYVpxOGxCc2UxNTFhelNySE1ndHc5c3M5OXlHQXFnM09pSHhYa2xSNDF5dG91Wl90eUZuQmhfLUlQcDJVRGVyRXZ6MUt6NU9KdmFlQndTOVB2RVFOSW4tVTY3ZDRtOXZ5YWNnX1doanI3M1BoQnhkWXp6SkNfd24yRDlzUlM4ajF4bmZvSVdOaw?oc=5,
6a8498bf5dbd7dc252890e55,e807e60eb7fd09c29d6655539483910882bff5867b6c8f3aaf452bbcbe84feef,0.9,2026-08-18T17:40:49.270551+00:00,This is a retrospective analysis of historical data.,Ground Report,ai,"India’s cold wave crisis: 4,712 deaths between 19 years, 2,910 in 4 years - Ground Report",https://news.google.com/rss/articles/CBMivgFBVV95cUxPZDF3aWgyTmRzSG1jWGJ5ZUlZMWdnZUlQa3ZQb2ZMdjB5M3JpYXlnYkNibVpmd2pfa1djeHozbDBzN2JHdVlYVnd6RGRDNmJPRUhic2t3SWdhZ0xWYUtpaFBZSDhNSmY3Y3N5T0o1VjNuQU94ZVpvV3NxVExQUU43NnN0cHJuTkN5UE55SzFMRF8zYk51RmxrWFFHQXB5TFpBaUlfeTVwYjhFZGVac21Da0hlc196MkVGYW1CNkNn?oc=5,
6a8498bf5dbd7dc252890e57,9bdeaaae6fa24b36f391c118b94f597ea582e183f2cfc3f74efad4d333e6b296,0.9,2026-08-18T17:40:49.381076+00:00,This is an educational/health advice article.,The Quint,ai,"As Cold Waves Continue In India, How Does Extreme Cold Weather Affect Your Body? - The Quint",https://news.google.com/rss/articles/CBMijwFBVV95cUxPS3dMYUp6dkYzNGpkWWpfOENtUTlBbTJYd0FnbG1rclQ1Wl9uMmpRZGRCM0NVQWg3R3J3YW55QXJOM0d2LW9XeHFrU2gwdFB0NEl1dTAxeXpDVHZHVC1TMzNEckdSOTE5RFhzRGlhVUJCWWJzd3pMZjRLcXFFNHRwYXk1UTBFQUQ0UkpFS2ROc9IBnAFBVV95cUxQdzdWaDJKVnF5QXpBYTNPZ19SQVlwNk84M0tiZzgwVGVqdUJTdkpFODBPRHRXSlNmeEpydXNIZGxqNGVrT251UklJSS1jNGZZOXdVenI1eTRqMC1JVGFtbnVDaGl3ZUFGUkRQNTVlMVJ0bzQ3WGllVGpZM3c3VmdGampKOFZHVWtuVGExOEpHWElWQVVJdGpqQVc5dHg?oc=5,
6a8498bf5dbd7dc252890e58,a973fcef22897198a4cab5e08e6048355787a6d474f8633735af6a47d13a94e8,0.9,2026-08-18T17:40:49.415929+00:00,This is a vulnerability assessment report.,livemint.com,ai,"Bihar, UP most vulnerable during cold waves - livemint.com",https://news.google.com/rss/articles/CBMinwFBVV95cUxPZEFoV0NwcjVSOXVPSWR3Y0F5SnhBRmRsLU5mZjc2aGhZUFc3endSaTQtSGI3enFsVDhfcGliMmN3UklRVFpMdkI1T1NER2lLOENEYXVWMmlac2hNNXBQWXFBS29vZTVoSjg1OE1BZzdraUZKcktCUlE0cEFRY19KOG82NkhvcGFCbXpPdndYVDM2akluTDh5R3RyM1FtaGvSAaQBQVVfeXFMTTFrYkphWEgwTTlKeFRxR1pQZ3pWdlFWR19KT3NsTG94eHRsSmJEeFNRbW56RHlOQXJvR1NFQTloUVc0b3VpUjdhN1gxRnMzYjJfTEZTT1Q1SHZBeHY1LWh4YllVcFNFZDRSM0lvMFJWNlptU0pkNUlnUFNNOGlMYWRCZ1UtTFRfVlE2cGN1ekZ6QjRCUWc2T0xwbW1SaWtSQnZoWGY?oc=5,
6a8498bf5dbd7dc252890e59,ac5e1acd081106d329b399273151019aaccacabda8c411535b53d73ad33bfcbc,0.9,2026-08-18T17:40:49.452467+00:00,This is a historical/retrospective article from 2021.,indiawaterportal.org,ai,India in the grip of floods - yet again! - indiawaterportal.org,https://news.google.com/rss/articles/CBMiiwFBVV95cUxOQkpsc1B4YVhQZzZvSC1SUUpKYUYtTkhsUE5GSmc1eTNRREdyR1BGVUJhUWhTbXRKd3diTlZ4UzNXQ09Vem41TWRzcWRTaVNIMGdQeDZ6TmNPX1VDYnhsb0UyUWt0WVR1eVlsTnBKOW9tTFNBX19KeEltNmNBdG1PWE1ZcnA0S1FuWGM00gGYAUFVX3lxTE1ZNDdLSWNmZWZ5S0NSRGYta0NlV1NpZTRIbU1Jd3JocDl0SVpQQV9QaTNkc1NzTC1CT3ZEUC00WE5LR0dYSFdCcEp1cE9BNlNzQWRKN2VNa3ZMNXlLUGpHcm9VWUJ0NWQ4dTZqZ0NhZVBEVm5yeEZObDlaelF4V0FJQTkzNFBjTk5TbjFSNWwwNHY3UzZLSEst?oc=5,
6a8498bf5dbd7dc252890e5d,6fc052d14e7d30433e68ff33e336dc480925813711ce6d4b5a7e176c48dba52b,0.9,2026-08-18T17:40:49.659237+00:00,This is a political debate article regarding historical death reports.,The Quint,ai,Kejriwal & BJP Spar Over Reports of 44 Cold Wave Deaths in Delhi - The Quint,https://news.google.com/rss/articles/CBMiogFBVV95cUxNVkFkQjhHWXFMREJfWDhtWnhrRmZ0M0lzZHE5R2FpNUppcDRmeXdsU3dSaTFWM3pQREV5WDRKSEZheE5XaDJvUG93QzE2aUhPTGhuSW1CZU5hNXJmcWpLOURwaFQzeklrNG1JYVpsRE56YnlaZFgwdnlpQzVud3BDcHRna1lBS1lEYjNIOWRfVFhtdE4xdS11aUI0UEVwWDJPN1HSAa8BQVVfeXFMT3J3Y0ozb2VlQ3NfVmJvSDJEcTVESXRtVEhGUjNlamJxdWxpdlVLSFBENS1GRU5uS3QyOWJxU3hud3EzUWoxQnJUQVJ5bEE4bEk2VXVIaTVvV0ZFZktNblQyU2xzZ1NnQlg4Ty1aazNYQlVZcVF1TENueGxMcG1xVjB6WnNjdTZ4dldtVExnQmVhS3ptZk5JejVGdmF0bjU0YUVTczBSNUNsSl91SjRZaw?oc=5,
6a8498bf5dbd7dc252890e5e,60cc1aadcac5cb525d0976dd3f3ae3df5d280464685e151b5c0e4372a4df7321,0.9,2026-08-18T17:40:49.693237+00:00,"This is a report on a court petition/legal discussion, not a current disaster event.",The Indian Express,ai,‘We don’t have a planet B’: Rajasthan HC wants heat wave to be declared national calamity - The Indian Express,https://news.google.com/rss/articles/CBMi5AFBVV95cUxNRGFNX3R6OFd6SmRyMmNpNUZDdnZlQVBlZEswMlEwdzRtTXdRb19DZFVqWkRaRU44Q2pZWnVqaDdDWnlGTFIzMm5ZamJ2TDF6dkFpNG9wMm0tekRTVC13a1FtUlItSW9YaUg0VEJlbWl0Qm9PUWtOcmlDTnBsckgxMUthamVWeWxUd3F4ZWdYVG9neVhVb2M0TUFON1FLSlNiUWhrRTN0eWU3NGZXQ2QxSERFemp6anVEWDRIR0pVYmQ2WlBraHdQMUpYbVU2MG00X0hpQXhDWHJUWGZqeW1xLXpZNHfSAesBQVVfeXFMTTFlNFZIVk84eFVfY1hwZXdrUktpVWJXQU5RVGMwWWlGU3hHY0U1c2pMT2dpTzRiY1BEQ2ZKeVlScXY3dVU3VVh2bERlN1lkOWNGc29RV1IxRk9yV0Q5YVJVOGNBcG1QQjlSTGluWnI5ZmtYZmJpRFRpMlVhSUlSZGdTUHZxbGZJM19qZGxSdkt2U3lVZmdjblB4Mi1jRzVibDg2TGp3WUY1LXMybHB5SUplVUhON0ZrWjBkaUEyZUlvajhia1JKUnpiQWFMamNkbTZBdFlNZmRpcWt4QXVzWlNDSjFDSU5oQ25CVQ?oc=5,
6a8498bf5dbd7dc252890e64,ef87b215a783b7de991d5098c1b3dcf19b3b485aa4cec640944c95df1654ca3c,0.9,2026-08-18T17:40:49.905677+00:00,"This is an analytical article about forest fire trends, not a report on a specific current disaster.",Frontline Magazine,ai,India Forest Fires 2026: Why Are They Getting Worse? - Frontline Magazine,https://news.google.com/rss/articles/CBMikgFBVV95cUxQYWUwN3plbmNHQWtpZDVGcUVDTU10V1JEVFYtaDI4UkROeHhTa3NKbDZOTHFTeFJyOTNjczcwSks4UjNrY3F0TnVTel9MMW0tcUdiTU5CYl85Y1JvbzZXR2lIVy1wajdGTWg0ZVNxam9mZnUwWk42VldscWJZVGozcUJCbjhkc0w3aXJOS3lMRDFid9IBmAFBVV95cUxOREpvMlI2QXo4aVVCdV8xaEFQbFBqX3l6eWJmUzB0WUprSmVpamFJWEQ2NFhiSG5EbUV6VzV3dFJxYUFKVTAycjROR0NuZXBIemNsSHVmYzZiT05jY3hiYmNjblJ4MEVqQ3dFY1Y1cnZHODFPNDJsSmkzRFZ6cUpNWjk5LW80YmtqODFWNnZGVHhMMkJ0WFlPRA?oc=5,
6a8498bf5dbd7dc252890e65,03a62a2fdee9b0f53ac2635baa612c77de5c78eebd8c64b2887c605917fc1ce4,0.95,2026-08-18T17:40:49.939525+00:00,"This incident occurred in Belgium, outside of India.",Telegraph India,ai,"Belgium’s biggest wildfire burns 3,000 hectares, advances towards German border - Telegraph India",https://news.google.com/rss/articles/CBMi1wFBVV95cUxOc19GV0xJRHNSbkdOUjlmTk82b3hramNpLWJ1ZzNVMU5qNDZCYWZ0LTNKWHF2NVNqMnBXQ3ZQVTNoOWpBUURONV9rTEwweWpGWXhITFF2ZWdhYUEza0p5MmZwWjBmT0tCQWtVZ245TnlVNEpiNnl4ZGJpWXhfMTl2NEx1dGhHeEFWZFgwalVkaEkwbWpHSFZ3eVpISXFfUi0xOTVDdEVIeVZaWTZ2N29YUmJPblpOdVg5WkE2MnpJSzBEV1R3QTZ1aXZzekhzX3JXNlhkRHloUdIB3AFBVV95cUxPOXpzanNLV0RqVnZ1SWVLTTE3WFh5N3c4a3lOTkNwaV9HUERTeVZMaW1tMGVybTEtbGh6TTJQVVZjQkZJZ3ZpV09jMUxwRWI1M0txQjN4SVlyaXhRU1R3S0oxUGNzOVVUWmZPR2hwNlRFcmpwNG5QN0pBWVBGRUZyZ0JqZTJ6LTQwaFhGblpodktCZVpkWkZ2QjJhUDNIbzVTeUZndkZHZ1VqemNMNU5yelpDTFF4Mk5kVjlzTTZaRUo3WWRHMUMyajBwd21HR2dEcklRN1JvTUpjNjlK?oc=5,
6a8498c05dbd7dc252890e66,63abd159e32f747adcd190f9e35d5522f3f167fe72987de7cbee70f6df3037b2,0.9,2026-08-18T17:40:49.974718+00:00,This is an educational/informational article about forest fires.,Vajiram & Ravi,ai,"Forest Fires in India, Types, Causes, Impact, Initiatives - Vajiram & Ravi",https://news.google.com/rss/articles/CBMiX0FVX3lxTE4wX2dld29QMHdodEhHYm04c3RJSWUxN1BXSkhuLXctNThWTm5JdFl6NGJyYTVjRElIdG8tdGJTbTZQTmhIaS1FN21SLXlMT2ZoamQxcFhrSEhfX24xT0NR?oc=5,
6a8498c05dbd7dc252890e67,dadbf8cdb13aec9be16f5da560b11a21dd77216c50a847caa0a1aa735d4deb26,0.9,2026-08-18T17:40:50.009393+00:00,This is a report on parliamentary committee findings.,The Indian Express,ai,Knowledge Nugget | Forest fires — What Parliamentary committee flags and what more you should know - The Indian Express,https://news.google.com/rss/articles/CBMi2gFBVV95cUxPVWUyVk02YzJhaXh1X2tqcF82NmlQQmZvbXV0ZXdrMXd5WmYwYU1qRmxHcTRBck9BeTFzWjJyMHQ2NDVKM1Z0dXM5Z3hHcFN4MGktNHd2Q3pqR0FZSE1MOG5IUG9rVFVLQklrWkVOYW1yeUh3MmxMT0psY19tYXFDVlZuajgtbC1NdGJmVUU0bU8wLXZ6UzAxVkYybmdINkFiUjhQcUpfVjJoRklndjdnYnBWak9VRGk5T3RfM05zNi13alNCWGVxakw0V3BxZ19LMExlb3J1ZE8wd9IB4AFBVV95cUxPODV5dWw1YmpWVU9wejloaVMwODFna0dOdXljZFpxLUQyVnJmLXVxSm1xbkpVR2h0MWdGLTRyZTJpd3d5X21GenBmTkptaFg1ZFRfNXZPd2szVUtPMVVPS2gwNHBQRkQ1X1JJb0hvNHJ3NHdtaFExMjBkZlR2blNoMUxIeWM1d1VKTnp0MGRYZlIyeVF1dU44Nnd2U1VMRzFLMWk3c3ZsN0NOemJCNmVGUWJoaHhxZnZ1SlRnV1VWUG9uOXMwQXZUZkVsY0stU002RWg0RTFnOHFTWE5FT2E1NQ?oc=5,
6a8498c05dbd7dc252890e68,c8cd834cfa6e9a5d709c5a0999c807d788bb5bd79b3d9fd7335d0ed284fd77b6,0.9,2026-08-18T17:40:50.044074+00:00,This is a comparative analysis article.,The Times of India,ai,"When wildfires make their own weather: As France sees its first fire cloud, should India be worried? - The Times of India",https://news.google.com/rss/articles/CBMi-AFBVV95cUxORUtQOENyY0ZkNmUyMUd2X0QxaGxnT08xWEh6NlRzNW11NnNnRmhXSWRvRzNuOWNkU3hiSFltWURvb25oUTVpa19hdkhCQ2wzdDFtQ1hFbVItNEtqc2ZKQVlfUUUxb1pFaHU3M0xRUlRsZXhkVlNJMjNfM21wMW8zOWZFWFBmXzNsWXRzajNNX25uSzk0OVRmUWJqcXZLVGFhM0Jhb1JsSWoxRWZZdlJNbVNzcGlvZVRDTmVLUkhqRU1ZcW5tZG50Nl9BR1BrNjBCVHBrVXJtRFFTWFB5c1lBaHE5X1RCbDdleklWck8yaUs0c2hNWG9KYg?oc=5,
6a8498c05dbd7dc252890e69,c69c98c4ed781ece3df24b04866e6cd89c29bd8d173e43a694a15374b4839e59,0.9,2026-08-18T17:40:50.085795+00:00,This is an analytical article about the 2026 fire season.,Down To Earth,ai,Why 2026 stands out as a worrying year for forest fires in India - Down To Earth,https://news.google.com/rss/articles/CBMirwFBVV95cUxQWWZzZnJ4YlBnYWpRYmRPdnREeGJJdFFGVXg1Z1BnTlY4QURONHhUdWNtN1hudEpHT3RFNG40ZkFpWmxvcVVXZWJWWnpKTVYxZFJ1WnMxYTd1d29ReWlDdEhTcjFnRzJXT1NBQ1p0MjRMYURTbDJmaEI1LUFUUVBnVkJ3VVlXdGxzeGpFclJMZ05lZ3NrNTBXbU92bXZLWU1lc29faVJ4MkcydlRBa0130gG8AUFVX3lxTE9kcU5CNnRNQy0teDdiSEhyQ3pxa0pESnZtaTF0TTBBSTYzMmR0N1MzVnc4Nko1eTdRb3JpZWpzRkZ3ZjViTDk3Zkc2aFdldkRsdGppY0xYRHR4LU84YTZDcG5wWW5aQ0U3aXZHUTJFeEtab2ZTVzRSck9pbkxOWFJSRXRyc1R6TXBSTlJSWnA0UWdRZm9zbHRWMEhkRGc5MGQ2UWFFc0pNTlpYcU84eFlHY1ZOZzZJZ1VPWTFS?oc=5,
6a8498c05dbd7dc252890e6b,e25892071630cc8766a17d6771cd5c10da118d36eab498f31ec5277332421047,0.9,2026-08-18T17:40:50.165364+00:00,This is a research-based article about the causes of Himalayan forest fires.,Mongabay India,ai,"Rising temperatures, not just human activity, drives Himalayan forest fires - Mongabay India",https://news.google.com/rss/articles/CBMirgFBVV95cUxQNl8tU0YzX3B6XzItRUgwYXFsUGh4enRrSWczVVp6aEI2MFFIUjV6RDFZYnFBU2tpaUFzTTBGSTRWb2ZRSlJocmtCTURadjk4YllNM21URjJfZHpjSVBOTWxxbGZPZ1JNbk1xbnNwcE5TY3hFVGZZcEE0bElpVGRrRTFZZTZhTVc2NUhPajFDVFFDcHlCVlc3RE5jMFdVSnFjVndXa1pJTWRLVElGWkE?oc=5,
6a8498c05dbd7dc252890e6c,71bedfbca799a88e5307037f430f4b69f8d0c2d757a7ce5a07553c8b198f4a19,0.9,2026-08-18T17:40:50.199459+00:00,This is a non-disaster related lifestyle/news article.,NewsForKids.net,ai,Europe’s Wildfires & India’s Cockroach Party - NewsForKids.net,https://news.google.com/rss/articles/CBMijgFBVV95cUxQeE5nLXVEa1B0UkNwUF9rUEluVkE0cVZuMmNvLTN6ZDNiR0ExcWlaVXFUMHNldDBsZWdzSkkySHlDRG90alFrYnMybEhKNWNRR0NTcW8zbEYxOS1uMlJuZzFPVTNydnYtV3RvVkhTVTZvSXNPajM5UG9VZFBTSER3Ym45WEFxX0hvUjR1dkpn?oc=5,
6a8498c05dbd7dc252890e6e,13154700535b6b4db154b0e42cae895587f8954e57ab5613d36aa9d240a5089d,0.95,2026-08-18T17:41:09.695424+00:00,"This is an analytical article about ecosystem changes, not a report of a specific active disaster.",Mongabay India,ai,How frequent forest fires can lead to ecosystem changes - Mongabay India,https://news.google.com/rss/articles/CBMilgFBVV95cUxOVHMyTFJ2V0kwVFR6RjBkd0p0dGhEa2xwYi15ZzdpVjQzcm9qQ29kV3hPZDNaWktjdEJYSTlGdlhBTWtqX0NYVW5KaXVnZno0UW14SFZDemNqTTZwYkdqejQ0dnk5MjhNOTItZ1dzbzNOYmlsZzQyeHZwRFpXYThiTEpMSVNma2ZzXzZ4ZlplcklwVHNLTUE?oc=5,
6a8498c05dbd7dc252890e70,c691db6875bf50b72112141248052092c84bfb70e442f9f41c8bafb353a8bc2a,0.9,2026-08-18T17:41:10.705667+00:00,"This is an analytical article about seasonal shifts in fire patterns, not a specific disaster report.",Mongabay India,ai,Winter forest fires signal a shift in fire season - Mongabay India,https://news.google.com/rss/articles/CBMijwFBVV95cUxPNTRZUVEwcHFMRnFSUWVZR1VVX3ViYTFoQ2VjbGJacnVGNHJfaC1kQ1htREcwWExJekdKSFA4bW1HMTkwVXpmSElCejNwOWJ0WGdGeE9GSncxYVRTek9Tc0tzd19YMnBBY09Ndk9PRklMOGhybC1SYWRlZTZLNFA0V2Foc3hlU1hvbEtsSEM1SQ?oc=5,
6a8498c05dbd7dc252890e72,073ce1cbd45dc2b5bb4c2f78855137513cf2998667f6d14fd903b8f050d9cd3b,0.9,2026-08-18T17:41:10.795228+00:00,"This is an educational/analytical article about forest fires in North East India, not a specific incident report.",INSIGHTS IAS,ai,Forest Fires in North East India - INSIGHTS IAS,https://news.google.com/rss/articles/CBMiggFBVV95cUxPc2JfVl9UX21sWVlEOVl4X3RpZ1A5cXNBb0VsVk9nV0xBWldDelgwb0E5dzhqTG1nLVhpS0ZuZElfM2JnQUxFQTZPaG9iVV9xdGdnNDZnN1phUy1zby1rLXhLcWQxYVR4c21maksydWlHakhiRk1ETm5lY2UwV2lIVFVn?oc=5,
6a8498c05dbd7dc252890e73,5549107e894825d9073cbc9ed007ad13d49be0dd22b085a695930901d631e8d0,1,2026-08-18T17:41:10.852181+00:00,"The disaster occurred in France and Spain, not India.",India Today,ai,"After heatwave, wildfire rages across France, Spain; over 10,000 evacuated - India Today",https://news.google.com/rss/articles/CBMisgFBVV95cUxPWkFkTjhTQy1Qc0NxZmxQelFrYk1wZG5IYlBuclM2ejRvbmlMSDk4ZHJpMEx1LXJxdl9zTWZQOWpNUnNTZEZQZGI5Z05vcWdLLV9LY0U3MFhGTVR3X3Q1NXNfZlV6R2tXcjJaS1FZNmRzaWI3TnlYdkxPVllfRnlIUk11RlF4OTQyY0NhMXhzQW5lVnJqUEdDRFAzSkVFUXVUbHRaY0NDT253QXYwT1hrczdn0gG3AUFVX3lxTE8tZlJGcDdHVkd0dHZ4WTBpQmJ6N19hN1VLbldoQlNTd0x2d1VzSVpVRlh5Wk1pWEhOdlNXZGRtelVrc0pvQXo0RWFwTXlLdm9RZVBFTnVpaDByLXIxeTA4R2VNc2E3bTAzLW5yRm55emhXS29YbzNsbkw3aC1wcDNxRV9kcDlSYWFHQTBYa2RIT3dBQUlZQm5DREhEdS1xUjFUTEdESXJtaEt6SXIxWEY5N2NONFpfVQ?oc=5,
6a8498c05dbd7dc252890e74,b5bb299f093f48b4496d9bf60b4fe7dbe9815a0e5637e3cbefdb9f3c500d549d,0.9,2026-08-18T17:41:10.907399+00:00,"This is a retrospective analysis of past wildfire data, not a current disaster report.",The Hindu,ai,"Global analysis finds 15 million in India affected by 2024-25 wildfires, UP most impacted - The Hindu",https://news.google.com/rss/articles/CBMi4wFBVV95cUxQaGo3RW5KR21KX1lfRkdRcGFNWTk1WkhuT3VTUWgxcF9ocUNKTkVJWHZhZFVKZFA0ODl1V0k1LUFBM1Q5bzNjNU9MQ1V4UzNuc1o4Y0hvZ2d2Wm15QVBWSVA3Ukp4ZXJzYUNXNWpITFczNmpjLXN0RGNaUmtNbVNMakt1MjN2aHpQZFA2UWM3VHZMR2Ywc01LSGZsVV9CZkk5OWpmT3VuUDNFV3dCQkNRNHc3SndlSGNKQXFqeElJMll1RFVQUmdnUV9HX0NOYVQ3eS1uVTdtanBTcDhQb0dDcTV2d9IB6gFBVV95cUxQWlFPV3pVcmhNcW00VnI5bTctNnRaeWNJSFVnXzhSc0VpZnhRdmFBS2tETFZxNDdOaHhPeHlxcnlpbF9mbzBLTHlDX1JPX2xjWVEyeFJReHh1N0ZIUmI0MEtsX1RieFNpMm10VUdseU94aURXR1VFc3NyZlJCVDZ0X1hvdHBOdmdPRE5DTHF3ekthcVpNVVY5MkVtMDA3ZUFySXctbTVLbmNhSm9PSmFjWElLTzNIRk1jYVhtSFI3UWJ5T1dJaXNfQWFvaVU1Ujd1dnprU3Awb0FQby05MzNuWW95Vk9mRUd6dXc?oc=5,
6a8498c05dbd7dc252890e75,24f2fc32b98cf7968e2771cc83476eb47f1eeae19acf8b1f658cc64f0de711d9,0.9,2026-08-18T17:41:10.978782+00:00,"This is an analytical article about the causes of forest fires, not a specific incident report.",Mahabahu.com,ai,Why Are Forest Fires Increasing in Northeast India? Climate Change and Crisis in the Seven Sisters - Mahabahu.com,https://news.google.com/rss/articles/CBMifEFVX3lxTE1VY2JjSGJIUE1kU20zZXdGelJlWjVFTk5qY1pPSGljYTRvb01fdmlOVWlUck5CS0doa3B1MWtEOWllUmU5ektyVnFfb3FacXVjekozMW1UUEpGSnMxUEZoZXBMNlc3aV9NR19Nbk45VFRKR01LR21heHl0LTY?oc=5,
6a8498c05dbd7dc252890e76,7c723e453c033a7d7fbb17278779e9385a928f01653bd780a3f0e6a7a6b09e90,1,2026-08-18T17:41:11.057760+00:00,"The disaster occurred in Canada, not India.",India Today,ai,"Watch: Intense wildfires ravage Canada, smoke turn skies apocalyptic - India Today",https://news.google.com/rss/articles/CBMiwgFBVV95cUxNOGxTdGdVcGFNaVhnRjl6dUFCWXAwdmcxQnJqTEdTVERIVWI1QXBuVHhqbTVYREx6dUthZUY0R3pyYkswMUlYVWJxNFJPWkFGeE5KNHFCMTE0MmhQU19ycGVTNjNsMWFtWHhlbkI4ZjFkX3hRbm9iMFJ5VlRvSHNiR1hGbkMwWkdYejlObG9LbWZfcHhDZkV2YURsSF9zeUpGbTY0Qlc2MFhVZGdqcXBQb2x4bGFTcEg5M1l0V2VadnV2Z9IBxwFBVV95cUxPRlFMLTdBbk9obXJjQUs3TUNVZ3V1WFZvakpka1dFRTJ0bVJxQ3ZLcGFuMnhoMXA2UzNXUHlBT2RoZnpyZGdxZjY4TEhnOUFuWkdKS1JyVTRBcU8wRkh0ZFhaaUd5QTdRUUdrQjVxTDVPWEVRMkpxMXpFVDNjcWswaTdneEhPb1hWenh5VXVUWmRMbURiMG5HOHlJcURBY2FaUEI1NjRBX3VUWnRDQ2hUSldTa05HdDJoUXl5V0lOOUJIV2l1bFBr?oc=5,
6a8498c05dbd7dc252890e77,15ce1ab6a0427d6b6eaf78662d313d97134b321de5b1e7962dfbad86b03b18a7,0.9,2026-08-18T17:41:11.127794+00:00,"This is an opinion/policy piece on fire prevention, not a report of a current disaster.",Daily Pioneer,ai,Why India Must Shift from Reactive Firefighting to Preventing Forest Fires - Daily Pioneer,https://news.google.com/rss/articles/CBMingFBVV95cUxQRFhSZFZIME1UTkNVcVMwUUR3clA5ZkQ0b2w3Nmg1TXE3VTRxOExkcExWZGtZM2VqQkRNTjM1RzBjZVZlcDZYTkhDTG4xVy1UNWZzQkZya3M2VksxQTFTWFljanAtVXIzeTg2OTVwRjZPd0ZuUEhRODNDa25WNUtDLXc1R1p3RzluX184cFgzWks1OWd4TWZpakVXdF9Kdw?oc=5,
6a8498c05dbd7dc252890e78,dcbca4841db734f7a997ac4dbc32d044da2ebb327ded0f15a781d70030c2d78e,0.9,2026-08-18T17:41:11.171390+00:00,"This is a retrospective report on historical data, not a current disaster.",The New Indian Express,ai,"94,000 ha area in Odisha hit by wildfire in last 10 years: Min - The New Indian Express",https://news.google.com/rss/articles/CBMiwgFBVV95cUxQWDQwWUNDbUZpMDNNTkVldUlJVzJsSkN0UUp0cldwdkxXTmZFYl9MUVhqaWhZTXF6enVha29EMkVRTk5Tck1ZdDNicXk1dHNUOUdTZ3BPazEtbUluOHdsa0RXU0EzNUdYR1lCTi1wUVM0SHd3TGEtNENHNFdRTlBRZEZ4Wkk5WS1qdFpnSHVjQXQ5TG5TaGo5c0hqdEFQc3NBWnlPa0d4bHlTMFF4Wm1CeWpmQ0ljS2JKQllhNjQ4VGxJQdIBzwFBVV95cUxPVHFRTUxTbDF1NDkwMmR1UGlRUHNEOFpudFlaZnRlaUMwejRTUVpJVVg4Q0QzWERXRFgtaGl4SDdTNE5BZ3RoRUFCQTl2VlRHX3BPLUR1WDVxb3Vra3dFRWo5amlYYmFWNTdWRUxrdTZVMUswX1BqRFhKWHd1eEJJeFdhRmFObzBTU0R5czg1R21qWUVOLTVrU0VtSXN4eVl3c2NNNTVLd1NLT3FaVW9BSUNFQVFQVWF4QjlfSmxEenc3TEh5X0ZGR0otR3VCNm8?oc=5,
6a8498c05dbd7dc252890e7a,d0f28d49396f73f6a2a53f30fc8dda54af3c1cc77da3c417b7cee5453b11ca16,1,2026-08-18T17:41:11.325294+00:00,"The disaster occurred in France and Spain, not India.",India Today,ai,France wildfires near Paris force evacuations as Spain counts more victims - India Today,https://news.google.com/rss/articles/CBMizAFBVV95cUxOVUQ0S0NlbGFPcUF5cnVud19iRzFqbWN6M0VaUkU1eG13Q1FKY1RPcV9DU2h5QVlxRFJBNTU0aTZVRTRINFVMc3RhM0NYclNGRDNMM0NLM0JteUJwbnR1X09XdHhCY2tfVnM0WXVsUTJwQXN0N3JpLUhhbjlkNE1ieXN3NWYwU1hxSkx0c0JPdWcwMlZwRzhWTm54Sl81aTB0dEo5SjkxbnR5eXdwQWNaUEVUT3RQQ1d6ZWZpamM2MEZjWUFCV3pxMUY2SWrSAdIBQVVfeXFMTTJubUxRazQtZTRsbVM3dF9Bc2R4aTdVRTBqN0IzT0tfclVVRmFCWlI2RkpsWGdfdkxwRkdkWjNJTFpfb0NEQzdKWEFHVHhYVk45TjNkZ3doQmxyWmVxa09WRFBCeTRuTWMxMEVrZWVDLTYtM0F3Q2lkUTRxQzBvYVhJSWVGY2d0WkMwSjBkQ0JjNndqeUdLaGhGeVREOW95TUZoMXg4NkwwOG5JcDZYRUQ5a1Y5U3l3UUQ1eHlod2QwVHpBMm1YeGo2Ry1QekFOMmp3?oc=5,
6a8498c05dbd7dc252890e7c,5166df7ca9210cd45efdc6fee1df897a84648abbf77c29ab84006ceb745e63f0,0.9,2026-08-18T17:41:11.491488+00:00,"This is an analytical article about fire classification, not a specific disaster report.",ETV Bharat,ai,Agricultural Smoke Or Wildfire? Why Accurate Fire Classification Matters For India's Forests - ETV Bharat,https://news.google.com/rss/articles/CBMi3AFBVV95cUxPRmhlaWV2Z1ZMS3RWaFEzOEp1LXIzYW04SUxYYzZoVVJLQWFRdEJ1UjVOWjRyUTREQnd2eTNYbFFTVC1Fa2JJT0pxaThhbFFZa2pQcm1EQlRaWTdIY0tnUmY5TVZfVHVjU0NUb2ZCYUZLMVdnb0w0ZW5kWXNfdWJ4ejQyQkthMGNTU29XeEk2TVQ4VjhjdWlWVHBCdlE3Mi1MZ3RCMHNPc2dwNGpJWTFMMHI2enhTeUZ2a2VTY3d5WE1XSWVtNHJidE00TUlQQldSMllTUzVHeWw2akU10gHiAUFVX3lxTFAwUlg5cnZCenJySVRwZWtoMDJTeDJYS2pKVTlGcTJ0TmFmR2U2TzZfb3IyOWZlMlAyNm5pYnE0eWJDMThlaTNzOTBYRG9EMnVUd0xneF9TVFZfcjVJT1N2Qkh3ZkxSQzV4cXEyNzBON3hkTEEwRVh6WkxPMmN6ang0UHRBX0pQbDMwSjMwMTkzWVBFUGNBUkpaZWo0UTNGR2s2THVMVkRFZGJzSnVTb0RscFZvdk1SdzdBcFNIbWNnbEFRdGZBY1M2d2pub1hwZ0ZXNU9iVmRwdlExSDdUM3BsU1E?oc=5,
6a8498d65dbd7dc252890e80,ac45ee0903631ee2a366aae88de9bbee8ede64156ec5ab205e204066e7f11990,1,2026-08-18T17:41:11.690859+00:00,"The disaster occurred in Canada, not India.",India Today,ai,"One sky, two infernos: Canada's wildfires revive a stunning aurora photo - India Today",https://news.google.com/rss/articles/CBMiuwFBVV95cUxOZmZjRnRVRmVGcENVNll6ZlpqOFdSLU1vRUNNal9nZ0lqdUZTTnhzd3NqOV9oa3dCd2lMaWZqc0lOYTZTVi15Rk1PeGNzLXZBckJUZFJBRkpBRHNjRFVfZWdpOU81cEExampxTnVoOF91Wm9qTjQ0ZzdZNlR1bzhhV3gyZDlyUnlmcUFmalpxbFZYb21lX2pUMzhLRWJ3eDhMSW90OF9JamdraUFOSHhFbWc1R0VIb2Fuc0Iw0gHAAUFVX3lxTE1IOTdSaGZzZzdUYWxvWGtUblRjTE5UT3Q4NHJ4aV9JWG9zUFRWM0NjNm4tRWNyUzloLW40ZU5TRUZMMlMtWFBKeGkzSC1fajIxVV8zMi14djdLX2ZOdkVSVDM3RmlnWHhWbW1tekliTm5TTklMc3dSdWtrZ0xxam5jMU1HSURiZFNPOHFDVjk3WUQzeElQZ0xhZVFzVS1KZ0x5Nm1fbzZfYThnSW96VGN5VG1RWWd4SmxCOXJ5VXV3Zg?oc=5,
6a8498d65dbd7dc252890e82,5c07559b5f97bcb4c01482c5ebe25d793d8c6d30336a9b95c407904515cf1b8d,0.9,2026-08-18T17:41:11.772443+00:00,"This is a report about a government initiative/drive, not a specific active disaster.",The New Indian Express,ai,‘Fire Warrior’ drive to curb forest fire in Jharkhand - The New Indian Express,https://news.google.com/rss/articles/CBMipAFBVV95cUxPT0UxWV81M3VDcHJnaFBVb2dzZ0MxRVFVb3N5OHpMWVNBb2swR0c1VFBOdjJmU2w0QlBMMkVJc2paU0wwSmZlMjluYmJuZnhoSGU5c0V5NTNJTGMzYmdHdHRBeDRSUnFJcGllSWd2WVhfeDBjM3M0MUJWNDVrUmo0X3Vfal9LbWstQVFFcEcwTVdQcTQ3UlRwaWF0ZzVTS3pzd25KWtIBsgFBVV95cUxPcXdYNE4yek1QN3pJMnpUM0FXaUt1NkVYeldPaklCRTM1UFJuNFdZV0ZuQVlPRU1uOGJ1cmJLOEFncThKYy1MZnF3M0M5ckJqR3hQNjc4RzhPLUljSUUtMUtkQWhITG5GMUpYaDR3Rm5fbnRuSGk2Q3FQak0ya3kyZlFvQl9uekhkU1l5bHpjZHVaUzAwZnNHeWF4by1tNDAyUTVyM3BUcV9KS3NGcDIzUFFn?oc=5,
6a8498d65dbd7dc252890e83,324b2718cc5f61dccd295e38abbbba04af3304d9e4da9a761ccb4ca3d35e3c14,0.9,2026-08-18T17:41:11.811656+00:00,"This is a report about a policy resolution, not a specific disaster.",News On AIR,ai,UNEA Adopts India’s Resolution on Global Wildfire Management - News On AIR,https://news.google.com/rss/articles/CBMijgFBVV95cUxPT09JSnNYQndFdkoxd3ZNTl9lTmtHVUMyNmVkQl9yYTM0MmhGNFBmWkN0dTB0TzJOb0REd1F4UExvakx1QzhMNzBsYU41UEtBVFZrOUhGVGZEWllpYkVTNmFaeTRBckpzVkktY0tOSW9Eb19IbU8wVW1IUmEzN1UyOHpzZkdWYUx5XzlNd0V3?oc=5,
6a8498d75dbd7dc252890e86,c73a614c20d37ddb7cf2a46ac2c07753da1f0cd96353220ec92c402c3c19b9bc,0.9,2026-08-18T17:41:11.925209+00:00,"This is an analytical article about climate trends, not a specific disaster report.",India Today,ai,Climate crisis in Himalayas? Satellite data shows dry winters fuel wildfires - India Today,https://news.google.com/rss/articles/CBMiugFBVV95cUxQZFU1S2d4dDgzMHNVWDlOT0pkQnlMN2k1dTJXV2c2TTlZLU9NcVV0VmQ0UDc0bVg0NzAzaDllT1BKekMwbUh0cG81OWdRcVZxT0JydGRrdmZlVHp2U3BSUGtfVVI1TVVnQTdDRXA0QWtfYWtWZWptWUtaMWd3RlNqUmN0bVlicE50VVhVMFZQLTBSMVZnMm42aGdXM0t5QWJ4LXdVMzdPRngtUjNiNXlCbUVoM0l5Q0hwMHfSAb8BQVVfeXFMT3FBTjIya0RMVGF5OEtIYW9YN0ZRaTRTXzZOMFl1X1o1VjM3WnpPaEZOZHVMSWZkWk5ES3k2ckZHX21OZW9CN18ybVAxSk56cHBVeExWQnJSZTJEZ0VVSExmSmd1dlRhYWxJbW9fVU0wU2pXNjZoTHNSQTE1QmtBWXp1V3dfcjRRSG03X09DdmdWcy1acHhMc09ESFozYXEwN291YW1PNW50dmM1bkZSTnJ0bms1WUlWc01XV3REVG8?oc=5,
6a8498d75dbd7dc252890e8e,afe468c17d71fa63216dc3a914b62f405d534ff2d315cbf354f6e06dc606809a,0.9,2026-08-18T17:41:12.479052+00:00,"This is a report about preventive watch/alerts, not an active disaster.",Telegraph India,ai,"Dry winter raises wildfire alert: North Bengal, Sikkim forest departments on preventive watch - Telegraph India",https://news.google.com/rss/articles/CBMi5gFBVV95cUxQZVVfOVpCRTZnZDR5TUx0YUhEOGI1aFM1Um1KTWgzVGF6SWYwSXNGQlJ3WGxjdF96NmZGRXVSYzVrMDE5cVJpWi12aUs3VzByRWJIS0c3NmlPVkgtempGMm5ISlpiVjVUZXhXWTZSZzlXS0Y2MUlnTWZlNDJCNGc5eGNwVFUxaFFJeDRaVzYtenZ0VWYxLWNBYmFLaGNWWWkxWVJZUXNSc1VTNWYyaWtFbzkwa1dVbmpqVnFhNFJmYmNLNm1jUjVRQnRjbVlhaTRQYUlYUG1TR1ZRTG5SbktkRklyNEJmd9IB6wFBVV95cUxPVlFlX3JTc2RFc2N6dC02bnFwQVdRdEJMeWM4U1RaMUJNM2gzZVpkbjl1QU9acWlHTUEzVlNMb003Vm9mS2o5aDVjQXB3NjQzOUxOcUNqLWJpamI0dmRVc2l4ODl1ejBUdjc5VTZ4QWdybzFDaVUyRFpEUXV2U0c0VC1HMDIxOEpMdTlSc2d6TG51Q1V1SlBxbVRPcDlnR3BuS3ZrMUJnaDBkYmdOT2sxbGJpMGt4dlpPM3NTRFBmelBjdXE5QWRJb3lxeHBYZENmTzMyQWpNM2l0MFdRTk12a0FOcE5YQ0UtZTV3?oc=5,
6a8498d75dbd7dc252890e8f,25a04d0be336dcbccf44948bfe84e424ab4bc2f6cbc55ed4cc0a3fb906e31c31,0.9,2026-08-18T17:41:12.522044+00:00,"This is a global retrospective analysis, not a specific Indian disaster report.",Eco-Business,ai,Global wildfires burned an area of land larger than India in 2024 - Eco-Business,https://news.google.com/rss/articles/CBMiogFBVV95cUxPa2JxYXlDV2RvNEJwUVdrOThaMTRvMEdwRTNsMWp4M0tVVjJ2SURDekhSb2xoMUZWZ3dEVW5ObG9NQWY3dzRjZF9QOWduRVNMNG5fbEFrazNVV2ZkRVhjQlZud2FLSTdWNHg1N2hOaEI0amNHcGNtSlVmYXFTVTFUdnQ4d09EdHUtWHVpWlBqSnUzZ3VZOTJMd1luUVNOSndMVGc?oc=5,
6a8498d75dbd7dc252890e90,d12a125513c3e40a8d4ce2a8c276cc4876cc20b3d59b7c13a70fdfed67f018de,0.9,2026-08-18T17:41:12.556569+00:00,"This is an analytical article about climate change, not a specific disaster report.",India Today,ai,Climate change has tripled the days ideal for raging wildfires - India Today,https://news.google.com/rss/articles/CBMi9gFBVV95cUxQMnpWaTI0MTZreDU3UkFrWWNTSDRfQV9QTHNZTm5SOHlQbEVxbVZoRVNzb3lEaVg2R3J5cjlSNHlTZmxsdGtxazhGcUpWdzFKZllEMGdRZGhHMWIybzliaWlCXzdhUnZYZUxFelljTFFQd1hzckl5MjlNQ0hsQXVMcVBXbWU4WDVXTzB2c3JzQWhsSW5hbmRTR2lOd3VWU2xuS3FybGZOLTk0ZThYY3kweEpRZEp2Tm4xRU52MUdwWnF5QVBXT3lEZENuZm9YLUo5OWFPREFSQnJDUklQT3ZIc3pHXzJ2dWRxd0hFUHRra01FQjhoR1HSAfsBQVVfeXFMTzV1S2hpM1FOTnQ5N2ZyU0F6OTVqeEI4MjUzQmY3RmpwRWJleEpJZVYzMmQzYl9xTHlyaVg3NEx5ekZDak1lYUlGTXhsYVkxRV9xWEtJT0hZS1pTWUR3Rzk4ZEFkRHNaU19BZnZnQ1FDZTdyMkEwVDNFblN1blNra1pNb3ljcm4yZXJjc0t3V2JtelVvWXUxRS1zbThnWEdQLWZVX0VMUHBiMG1ya045bzJXc0hQWmlWSW1pYkdBblQzM2lMUGFJNW5CY1FDNUJreVh1TkloamFIYjBQdXVpcTlsNmdsRkgzY0FheW5zSWlmMGRSZDRWSDM1emc?oc=5,
6a8498d75dbd7dc252890e91,f8429d3ab5d97d6f0444d9f0a53649cd8d51654047f2705fe299cd48cf1e021d,0.9,2026-08-18T17:39:35.674262+00:00,"This is an educational/informational article about forest fires, not a report on a specific active disaster.",Sanskriti IAS,ai,Forest Fires in North India: Arunachal Pradesh and Nagaland - Sanskriti IAS,https://news.google.com/rss/articles/CBMipgFBVV95cUxQeW54Nkp3eDB2LWtzTmhTTnJYcDEzdmhDZFo4S05idFY3dmh4ZGpjVVBtRHJOd0JJRlVlR2VtNmdvT0FVM0ZYUEExQWpSX3lubThQR05QMEFPR2FJelhmaWtrZDNDWDNJMW4wazRJRUVTc3MxWWtmUmZUc3V3dE0wdnhISFlTTkg1ZzhFVUl6SXh3Q0g2UEt0Q0IzZlhMMnMxMWlmTVN3?oc=5,
6a8498d75dbd7dc252890e92,c2a126fcf51e81f3c0d1b4d5e534bfb706c6d115d713f8c00bac1fca91731d91,1,2026-08-18T17:41:12.633549+00:00,"The disaster occurred in Canada, not India.",CBC,ai,Members of Okanagan Indian Band mourn loss of forests and irreplaceable artifacts in wildfire - CBC,https://news.google.com/rss/articles/CBMi5gFBVV95cUxQb0lqTk15WVAyRmZMdWpfY1Y1MXQ1dUtsbTlwZkpvNE1nRV9YV3JweUhBMEEwTVc5cE42WWh6TjZfXzQ4WUsyX21zLUgtak1ZMjRWSlRUNWJQMWh0Nmh2ZW12YVVzaGVUQWdnNk4zZExtMmxoZEh1a0h2QWZaOFFiOXNuaTMwaTBfdmlITEkyRmRneGRDenNOaHVZMTkwcXlRSzBsT2F4dG03VWtKY0lsSkZYRmZDaDREM0hHdDdaMGJkbHRlN3lwajJIZ0xSVUFaUVpVWXZBVm1OTUJ4bkFjRVVURkN0QQ?oc=5,
6a8498d75dbd7dc252890e98,fcfa6b81e62f85a14aa8f6a5d0852ed3699968e8deb532578d6a32b0ab371a1a,0.9,2026-08-18T17:41:12.862022+00:00,"This is a report about a predictive model, not a specific disaster.",eos.org,ai,New Model Can Better Predict Areas Vulnerable to Forest Fires in India - eos.org,https://news.google.com/rss/articles/CBMimwFBVV95cUxPMTMyV1JFVXpkUFBHYjdpeGcyeU4zVmNZbWYtY2E1Q0pMRHNONGJic1VYcE44YUtXOHl3TkdrSXNwZzJKb1d1QzB5a3F5ZGNZMGlSU3FlZkdmVk9jZ2xZUnRwUnpBR004SG51d1FCZkFWWEF5RmRsVXY5TnEzaTRBeFdvTnJUV0hHZTdBU0tnN1ltOUptRXBGZjZabw?oc=5,
6a8498d75dbd7dc252890e99,b2b6f34625bb761597c957270c5db254e46e17e78f73629a67a729303c61a8e3,0.9,2026-08-18T17:41:12.914000+00:00,"This is a commentary piece on forest management, not a disaster report.",Mongabay India,ai,Wildfires and the forgotten science of community forest management [Commentary] - Mongabay India,https://news.google.com/rss/articles/CBMiswFBVV95cUxOcVJqZUd1cnctZktMLUo5SXRKa1I2VVhucm5MVl9YTG81c3dqUVFIY1JSVjRzQVlwc09tTHdtdlQ3Mk5Pa3ZMLTE0aTlxTFZ1S29MSUtjbFJrY1l3R1U3Q2tsNjRwd1l3TzR5TGk2WkR1VUcwRGd6SXQ0Vlh0cmdMMmoyc2RpMjFYSW1xbnNLSkcyRVdqc2YwUDJwMGlvbHVKLWxOX2t2bkVvYkt4MGRvSk90bw?oc=5,
6a8498d85dbd7dc252890e9b,c289fd376811e9cda71b4f9a50e1669a332cdf347d7a409513f8661c73cd6bd2,0.9,2026-08-18T17:41:13.087014+00:00,"This is an explanatory article about why fires occur, not a report of a specific disaster.",The Hindu,ai,Why Uttarakhand is prone to forest fires | Explained - The Hindu,https://news.google.com/rss/articles/CBMirwFBVV95cUxQbzZUTjZQYllaLXlFY1FXcl9zU180RnhELVB0eHBUa19nbF9rZmJybnhyREtleUVMUDBodmg3U1dqZGM2bXBPbGd1Q0VtN3lzOVVkUHA2WS0xa0Q5VFhQbTNwWGt2M1ZqWnM4VFpoZ0lfcFY0aFFLTjI5VFB0SHNWQUpsQV9xay1odUxibUMtaWpaNEZvaDJ4WG92RW1oS1Q3REZBMFlEcXVVMGdJb3Nn0gG2AUFVX3lxTE96bzJ0SU9kN0c2bmdUcEZGQk12elFKMUhJWF9yTHpEcE5mcEhoQW1yRGM0NUZlUWs2UVF3SjRrekgwWTlXd004OUJONW9uVjNnQ2p1bWJhaF9jdXF0RVpOZlpzTE1mYmtJbWF6ekJ4SnRfazdRVW9yTUtuUF9QWUNIcGJFSjdXTkdUN0p2eGFnaGJ4Z2Z2M1p0M2FmZmMxVXFzNGZiRDdIa01CVEhzT2pwZjZnVE5R?oc=5,
6a8498d85dbd7dc252890e9c,f08326654238b55f4ca2d8e85935c3c20ec3b3f21b9883d50f4ca888f52c3f45,0.9,2026-08-18T17:41:13.145870+00:00,"This is a report about a decline in fire incidents, not a current disaster.",The New Indian Express,ai,Large forest fires show a decline in Andhra Pradesh - The New Indian Express,https://news.google.com/rss/articles/CBMiugFBVV95cUxQNVAyUzJobGJCTDBrV1VfamlqTGN2LVhCWHNhenFHdHBGc0hVYXdhYjl2bUlBalRFRVFfSkJVb18zLVc0X3lnQmUxY1BmNTJEU3VGUWlnN2JvYXAzbjFLbzdUN0hzYm9mb3ZOcHI4MWVMNFVMRmtaTmJKRkFaS21QQkVBRV84RFBOeVE4YS1Lc3FiMlRqTkxsLXNjTDkwMUpIU0FCQnpDT1JzaHpoT1lrUVh3cEthdzJfVXfSAccBQVVfeXFMTU51WVdmdjZxQ2M1cmZGb3RuZXFjeFV2Y3RlS3hFa1dNcnhnbUhFaGNhdE92YThQaFZUUWY5Zms3bjFUNXNGWlJfbVY3WWJMSThjVlZvUjd3eG5qTWlHS1JUcF9waWU0Tk84Q3YtblRTRms4LUtYeEJFc0hTelBfWDk0Mng5a1BMaURrU01WOTh3LUM1Rndob3dPQkxKal9WYk5odDRZazZkenpWbVBlam1RcHRZQ25IWFVrdkNTQkkta3dhUllORQ?oc=5,
6a8498d85dbd7dc252890e9d,e52d7efb2632eec5317cfee2c97cd681cbdaa063fcc18b4058108a390bfef638,0.9,2026-08-18T17:39:36.203693+00:00,"This is a retrospective/recovery planning article, not an active disaster.",Mongabay India,ai,We didn't start the fire? Speculations over cause of Goa forest fires continue; state plans recovery - Mongabay India,https://news.google.com/rss/articles/CBMizgFBVV95cUxON29kaWh2YzZWMlVIbTdDcC02WUNOOTJmUUdWU3NZVGZQUjFNb0VXWHNlT3dyN2dPT3R2T3pZMTJ0UnBtRThMdjZrYkhEbFFMZTc2NVJEMkY3NkVPSjcxNUFMX2RVc3RqXzVSZ2lmUW94cUJZV0N2Z1lvRmdsSWIyVlN0V1BYbG1RMENCeVM4VFQzMWtVMmdkR3FLWm0yRGhMVGQzemg1X1Rlbmg0TzJVaXp0WHBIVGpuMlVHTUM5QmtLR3oxdEVVMGdaNWdpQQ?oc=5,
6a8498d85dbd7dc252890e9e,af7faeef96c913f150a05d389f958d1a601d24c8d828bf8c2e43c6263ca8e89c,0.9,2026-08-18T17:39:36.251231+00:00,"This is a statistical report based on historical data, not an active disaster.",Down To Earth,ai,"Forest fires increased 1,339% in Himachal Pradesh, 2,822% in J&K: SOFR 2023 - Down To Earth",https://news.google.com/rss/articles/CBMiqwFBVV95cUxOS2VnVzBGUGtEdExZM3VsMWhoNjQ3UW15V29Sb21QWkxZSkp1X194S3h1YjZkMnU5UEdfQUJ0ak1PeEFqdWZwVk1DT3dYTHVwWER3X2JTaDNxalNXSGtRSlpwa1lGZFRyN0kzbXg4SFozd29ucmlzdGJXODBZbHVza3hRcjFpU0VsaUlidXdaVXFNRzJxakx6YTZ3OHBnUi1IWW5STE1RSVJrTVXSAbgBQVVfeXFMTi1EVE84QVRMdTZ4MkhnMXFRSTJkd3loSE05ckFnQm1hOXR2UzlWUFJVdHlpNjJlX295cllhQ1NhSnpyNHJOTmkyZzdsOHlKNXl2aTFnUTNYZUFqeUdzczBiek9rNmpEMHY2MW9WZ0JkdkFkYXRsQW9JOWVHVEFkaGtwVldRX3lZcDhDMVpqRjFfZzJ6ckc4NjNqOXJzaWpBWWphN1hLaGhQWkpsbnN6UUUydmF3Z0dnSA?oc=5,
6a8498d85dbd7dc252890e9f,9f280c26b6412dbbcde2573ab07f3551db9530890d5c5cdea72cdf9b9470fe93,1,2026-08-18T17:39:36.312770+00:00,"This is an educational explainer article, not an active disaster.",Mongabay India,ai,"[Explainer] The good, the bad, and the ugly side of forest fires - Mongabay India",https://news.google.com/rss/articles/CBMinAFBVV95cUxOel9jV2tiSzVwbjBCOXZmbDhiNDI4SjI4QlBvaXZJelZscS1VaHROLWprMEhrOEctZExXdkQxcnVhZ1QyOUMwTUhOYW9PMjVVS2tlU0oyVUNZeUVyVnZ3bTNzZHpucXd5X3lSdXB6QXVZaTZFMFlCcUNEN0dNY3dFd3VrNkRBU2JLVnk3LUswc1ZmU0tna1JoSkRlaEY?oc=5,
6a8498d85dbd7dc252890ea0,ee59ed4e4a8a039613945d7438147f45875767d93c2406e66ca0429218181051,1,2026-08-18T17:39:36.350315+00:00,"This is an educational explainer article, not an active disaster.",Manorama Yearbook,ai,Explainer - Forest fires in India - Manorama Yearbook,https://news.google.com/rss/articles/CBMijwFBVV95cUxOeDNtaXBGM3BDb3FJMFl5b2tGMm1IUUdjSVViVGpkSUZPRnlwamJkaTU3VkwwdEIzdUZhT2lEN0tpUEFZTkRlTzBUelpaMUVyd3ZpbFQ4VWZjRm5uUnUwek1tZUtLdy1aa0M3aEstcy1yZVZWMUdKdElxX1RONTRVZ0lLSU54dF83X2xmaXlzYw?oc=5,
6a8498d85dbd7dc252890ea1,483ee95d193f0c698c72c87585ed08882fc856ce40fc5690536280930e26ef2b,1,2026-08-18T17:39:36.391865+00:00,"This is an educational article about the menace of forest fires, not an active disaster.",Drishti IAS,ai,Growing Menace of Forest Fires in India - Drishti IAS,https://news.google.com/rss/articles/CBMipAFBVV95cUxPRVQ4WGRfbmxkVEo5cFFiS25HWWQ2ODRkaHZKYzF2amdOMGl0cEhadUVLZGlLZWQ4cUh6Y0w5TTZFX3gyMVlIdUI1ZjBGa0FiOS1TeFpmMW9WTlBMWGFnME5lTFNfVG5QVXQ5M3VxQUUxcUJfWTdYMkJlaWpvNzVUNDRMM2laMGxIVmRYTWh5T1RiV0ZLRHN0azZPNV9OdVFnbjV6eg?oc=5,
6a8498d85dbd7dc252890ea2,6cfed6b8e35aadf7b0fe89895e7a9afacae2eb84ad43de5e150b2be94ba46d23,0.9,2026-08-18T17:39:36.427932+00:00,"This is a statistical report on past trends, not an active disaster.",The New Indian Express,ai,West Himalayas record sharp rise in wildfires in a year - The New Indian Express,https://news.google.com/rss/articles/CBMiwAFBVV95cUxQa3N0VEpMZVEycThFM1pGTVRvZm51VU5zVU16Ykp1MnFPZGt6TnFvdlFYQnhqdWlKRDcxM0lacHZRaFE2Yl9BdklXbGhHek5TcjNxRVdJdkhmNk5OanZFem16N1diXzhWQ2hwRW4xWlhGenp6d1Q4X2psWVZWRlREQS11THRPV2xqamszTnctRVd0YWpvM2RoZlcwTmgtWjJhb2E0MnBHWTNIR1lDbEhNbGhFZVJWMWhPREQxRVRJQ1rSAbcBQVVfeXFMTkhza1FkUldSdmFvWlJCcDlNVTVyNXIybFhoQmVUcjVIcXozX3RYNHp4NlRENF9GUWJNcXkzUWNuNTBsTE5LaXdmU3BiSWwzdE1qUGg4VTZKaTNvWkNRWUFabGgzeFpyOFM1ZGZ3MmtjWUZEZnJNZVB6cmdWOFZkOVMwbE5SQ0gwT05abDRoMVlOOHlMTjB4RUlaVXZlMmlkZ2hWM3pyVVBXNUpvcnN6b094ekI3N29z?oc=5,
6a8498d85dbd7dc252890ea6,f1fb4d8b313bc22780ad662840c8669d4addf56a429148a2ed59f5bdb4909861,0.9,2026-08-18T17:39:36.608549+00:00,"This is a warning/advisory report, not an active disaster.",ETV Bharat,ai,"Uttarakhand: Trekkers In Kedarnath Region, Beware; Active Avalanche Zone Near Lincholi, Says Study - ETV Bharat",https://news.google.com/rss/articles/CBMisgFBVV95cUxQVVZmY0lreU5acC1Bd2RWT1NDQnJIeF9aTmM3RkpTcWRhYnk2RlZmWjR6d1Azd0E4OHR1RUVxN2Fsc3NlZlBrWkdLVnFNdVBfaGs1UjBub3dIWkpWUXB6QVR2YXpjRjN6YURoU2x2MHI5c0F6TXYxTW9DczFYUVpKcVZzd3cwUEFjbE1STzRlN3J4WXEySnRsVVFZVElTTUFGZjBtdF9PMmQ4dEZzVWxlT1dn0gG3AUFVX3lxTE8wUEdaZzRSMHBNNGFGbHRGdUE3dWQ5M0VCZVFUOFlaWE5CcHNHa3g3WThJZDlHc0VBQTY3TlI0ZGs4dnFHMUpEU01fN29nbFJwNjFDWEROX1NiQk5ENjVBak5TeElxX19HamxqTi1PU2xaZ0FKOE40cUFtODBxd0J2My1IYkpyUkh4LUxFN193bzJabVdHRUtqWTFpU2FseUFHcC1uTVZkb1FXOWpTbnh4SU94alNlTQ?oc=5,
6a8498d85dbd7dc252890eae,5252d31d049268cc4f8dd22e26a4a5cbe66f8ba861e0d3384b23d89572f7c28b,0.9,2026-08-18T17:39:36.979041+00:00,"This is an alert/advisory, not an active disaster.",ETV Bharat,ai,Avalanche Alert Issued For Three Districts Of Uttarakhand - ETV Bharat,https://news.google.com/rss/articles/CBMikgFBVV95cUxORng0ZU5ISjlSLU1vamdBQ1dVX201V09sY25sa1ptc2dReUtoYW1lS21nNWZGUDAxbGRaY01QT2JXT3RucklVMG56UGRWRkJ1MHV6bU56S3R4S1NfcHNSTk9OY2J0TmFnZ3pFY2QxX1VHTzNwcHlsR2FzeC1MVkswNXhxV3BmU1AyeTdaTVk1WDJhd9IBlwFBVV95cUxQSXd4ZDdRczlQTTVsS3BaM2xVdjlTVDRncWV6dW5rT0ttWlI2aTdIeUQ4LUkwc0J6RjlUTUtWM2ZKUG44OGJ3NTI5WTVzaGs4RTRoWmswYnBvMWl2TjVOTFd3ZzVnS0NjZTZkTUd6WXRENEJzSEpaeVY1bFY0V0RHNUNUYjhVSktCWllpWXd5RF8xY1MxNEtV?oc=5,
6a8498fc5dbd7dc252890ebe,93bd5b1fb8913da955f0aa6cadaee3313a09fe0b574482b432bf4bf06b2021a1,0.95,2026-08-18T17:40:12.611105+00:00,"This is a historical/analytical article about past avalanches, not a current disaster event.",Kashmir Life,ai,How Have Recurring Avalanches Shaped Kashmir’s History? - Kashmir Life,https://news.google.com/rss/articles/CBMijgFBVV95cUxOQW9Hd3BuT2d1cmN6OEFmMzVZMWZDWjBxaVhqU2lRejBzSU9VLVRmY1FXQlZxYTFDVy0wcHVDUllMdEoyZVJrWUg1cFVKTmdNT0ctRXc2d2dkWVByNjFUVkJRR2VtTlJrYXRTd25Bd1gxM0NDOXpDNEp0RkJES3JhRnhoMmtDNWFxUTltYmZB?oc=5,
6a8498fc5dbd7dc252890ec1,b7a851a308cb66bcdef145f6513d42f80b7c6c3d4da6e93ae1e5655b64ef44ba,0.95,2026-08-18T17:40:12.752007+00:00,"This is an editorial/opinion piece on disaster preparedness, not a report of a specific current event.",Mongabay India,ai,Better preparedness and warning systems needed to deal with ice-rock avalanches - Mongabay India,https://news.google.com/rss/articles/CBMi0AFBVV95cUxNVTVGWjJVcXdtajE3RjltQXBsc1VLeVUxbUtfbWhkR3dHbjdtQkJRSmRaOWk4SjlXSF9PMVFEUkh3bVBMRldJUlctSjJ1VWFmTzluSHA1RkQ0V2lFLTVQX2tCMHJ3YTk5NHZyLTUzdGU5OW5kV3p0bXhYV210aWJ5VnNuOWRteEpaQzFiUEJqV0VBUDVOcUxpRHJjYVdEb0F6cEtQUHlLMGN6WmpOSmIxY1pTMU5JMXM3MVRPWWZnTHRkWXNhWjZUVnh2cHNvQnBI?oc=5,
6a8498fc5dbd7dc252890ec4,a330df99bed58ad9b71489fb968c15e1642add0f4dadc6db11f0d38cf9b20239,0.9,2026-08-18T17:40:12.901959+00:00,"This is a weather warning/advisory, not a report of an active disaster event.",Kashmir Life,ai,Medium Avalanche Warning Issued for Higher Reaches of Kashmir - Kashmir Life,https://news.google.com/rss/articles/CBMimAFBVV95cUxQUEhZRTZlYnBKZm1KdDRTdVhBbkJVNzBUWkpxd0dybV9KN0VlNTcxamlJYVZiT1RxNHJFcnR4YXhkM3cxUVJFMFBDUmVETE5CU0UyTHZWbkRIdms0eFZpZDlHMmwyR1VfUmhuTGtEbVBfYWRSYnVCcWwtN29URm9kYUIwa0E4Y09hVlBnRU5JYU45VVdoZWNqYw?oc=5,
6a8498fc5dbd7dc252890ec7,5ac0cd958294669f3a17fcdc2250a2019db8b48e2d8ec30937abd31fb4436564,0.9,2026-08-18T17:40:13.071141+00:00,"This is a weather report and advisory, not a report of an active disaster event.",Kashmir Life,ai,"Gloomy Skies, Fresh Snow Dampen Kashmir’s Mood; Avalanche Alert Issued in North - Kashmir Life",https://news.google.com/rss/articles/CBMirAFBVV95cUxONkp1bktkTzlpelA3OEx0N2ItYWpySXJpaU50ZVZreERBcjRkc1lNMVdkZUJmS1p4RHhYUTZQWEtHMVFlRWFBUjFQNXVzWEttRF94UHM2YW1OVUktQ2Y5b2EyaUxjM2xLd2UwN1hlQVlobG9CN01FNjF0dEV0c3Fvb0ktNm1DSXN3NDFmQi1uV0w4Mjd6VmJ6aV9jZVNUTG1vUFV2a3A0VFQyU2xC?oc=5,
6a8498fd5dbd7dc252890ec8,2de3c983449a2ac331a535a55a5de2820a7a344550d50a45f5c6a22479c663b5,0.9,2026-08-18T17:40:13.118134+00:00,This is a political/administrative follow-up article regarding a past event.,The Times of India,ai,"After Zoji La avalanche deaths, Ladakh hill council stakes claim on Zero Point - The Times of India",https://news.google.com/rss/articles/CBMi3gFBVV95cUxQeG9SU2hiNVFRV0tFUERpRG94WVlmUnRoZV9heGFTdkZYeDN2RTh1ZExIQTVUelBveGFIVV9iNVUyMjhtOEZsN05Oa1RKcjRHMnZ6WWVENzhBSldyYjRHWi1RYVg1aXp2R3ZQanNDalJWZVc1cERYNlY4UVdSN0VBdjVOOE96NWFDV25Ka2UwdmI5WWk2RUhBS09HcjVCcjFaQTVORnhVbnJJb2tKNHhDX3lNX3hTRU44WGV4SWtGamQyUGFXRGZsMVZULVhZSFRDZldxRHRfbmp3dGN6VXfSAeMBQVVfeXFMTWF6eDBsT0QyX0txXy00SEJ0bzhjejdKNGMxMFRld2pTOTZmQTU1RTBsbncwWVhBT1pQSEp2UTVFekJxLVJiUWpuclJfVTdMcjNiRC1iSzRaRm1VMTFXZ29iMlJyemZYR1VDUXdQTEZDV1VnMm9DaXNlbnFQMmRQVU9CcUk3bVBfZlpkdld1Q3RvSHE1TFZzQlNYbDdSQ2hGazNjaWxqRWpNMEFjQXlhS2czLUVjZWpWR2MzQzlYbjlEMWJ5SmNHa0F1bXVZeF9sX0s0UlVSMy1LUjVzc1UtcGVGVzA?oc=5,
6a8498fd5dbd7dc252890ec9,c86acced352ee6ea43ffe3bef4f6bad9b76d39a994ee14fe2ad6613157b5b929,0.9,2026-08-18T17:40:13.164098+00:00,"This is a precautionary advisory, not a report of an active disaster event.",The Times of India,ai,Avalanche alert: Uttarakhand issues warning for high-altitude areas; tourists advised to avoid travel - The Times of India,https://news.google.com/rss/articles/CBMi4AFBVV95cUxONTNmQTFCNWJreVl2UXloTTYxeTZjQ01BUmJfM1pISmRZRnh5RWJwZEtBbUxsNFZUbDdXeVFFWGxGUDR1bkFfbVZvQ1VTWXVUUlNnQzJhSlNTMU1ubW9TbDFpNGdSMW54eV9SRmpldndlRlU2YXRaMFZnUHNTUUViYU5EXzFHcl80UDhqRVBZenM1VlJBOG1iTGttWGQyUlV5QnpQTHZacUpqdUVSWUVaTjU2QmVtZVktUEpuaVBrckRUVWd6RHBWVF8tQ1dBVjdQYmhoMG91TVVMSE50WlNsNdIB5gFBVV95cUxPb2NUZEhBc3A1bldyVjJVdFdYSnd6NjkwOGRUSWsxNVh6dzMzRTFlU2ZNWFNTSlNYZHpPQzU4cVBEb3hGbjJMLXVlNUNFSXZKekU0dlByUGVFeEhKYmljVTNlMEpTRUFieWxEUi12MkkxXzlIMVY5Zzg2WEdJQXVqUEYyUGlVckUtZzQxZ3EtTmtyVjRXRmdOVGEyakg2d2JjcTlhc01kUXpkeWZLQXo1VGZPajR6ZVdhMzc2QXdYb3RQcHY1bTF2Uk9JZDlBYS1IOGZYSzZMdzNjczNRUzROVUkyN0EzUQ?oc=5,
6a8498fd5dbd7dc252890ecb,e365b05a559db085b143d4917ac2bf0816563195c308a8e52c7cb63490d38128,0.9,2026-08-18T17:40:13.250433+00:00,"This is a weather forecast and advisory, not a report of an active disaster event.",The Statesman,ai,"Avalanche warning, Western disturbances forecast keep Uttarakhand on alert - The Statesman",https://news.google.com/rss/articles/CBMiwgFBVV95cUxNalpsdFBobGtIb1JGRjNtclhBUmZrS1JqZUh4Vmk0Sm9BTkd4R0VIU3NzMmhUN1ZERTV4bFdVY3FJR255ejVWbTMyTzlRMFhzbmlCVEVXT3g5Nnh6WjdsWEtlQWJPdHhjbVJ0ZndiaWtrQ3RBMkcwek1jdGJXRmkyVXlkTGp1OXFWWWVKOTVDWExkUW5uU1lNVFNzRng1dnhLaDJjc3VwRkcxTDBjd0txWTFiX2hCOVZvZjRrQXpMMmVWQdIBxwFBVV95cUxNeHJ2alVOenVxRUo1d0xUNVk0UlFLeXdQS1lvc0JHVWFZVGdicjZmWUpWVFYzSWMtcnhBcngwZTZ1YVBOdjY2c0FONkJYTnZqd0g3Q3hBNlkweHl3NlZ4WFdRckR3bEhCRUtUOFRwMUFlVVMwcVVnNmxXV0lldjd1WExBT3lvZ3FvMW1VOFE5ZmpnNHU1VG56d29GUHZhb0VFbnRval92OTJfVk9uWUxXVmxBRHFNbW5YNF9jUURremdZSWVDNF9N?oc=5,
6a8498fd5dbd7dc252890ed2,dbbc8716beff64c52a0ec538f82a17cf6e22f0df7c62a23f7b75b04dafbde25a,0.9,2026-08-18T17:40:13.581528+00:00,"This is a precautionary alert, not a report of an active disaster event.",The New Indian Express,ai,"Avalanche risk spikes in Uttarakhand, authorities on high alert - The New Indian Express",https://news.google.com/rss/articles/CBMiswFBVV95cUxNOXNSLXpwbjNfUzFMSGx2Y205SVVwdWltTDJlWU5zZ2x1dU55VUFzUXA0dUo1TURoUHBMZnRLWURtTmJiNFZqem1CNjkydGcxNEZPNkQ3aU1YRGd2MDNiaTczYXo5S1ItTkdpT0JkN3d0YjZyMkprUWNOc3BoaEhaazVrNklVb3FNTGU3TGtJaWRvdXQzZDVjdjN5R3hZZTdmX182MjREbktzcE43Q0drdEh2b9IBwAFBVV95cUxOTWw0UTU4UVdhWGlDdlplaHFfelkydG81U1ZZU0Vid0JCTG1ScHlvU1lKclNBcjcwcVJnRERfYkpMR1dUZW1FYlh0cktaQ1R3aW1FZmR6eHRYZ3R4MUNVTmJBMEN6WUlFc3IxNmhPOGU3Y3BUYWt3aTVwWGwwUVc3RmVxTVhJc0d4QlJOS0NrY1Y5NjFtSFpheGt2bG9HeFBrclp2ZU9mN19WWTZVWlVkbnhsMFhVSzFaQVhkSXBxQ3Q?oc=5,
6a8498fd5dbd7dc252890ed5,e6e0ccba188b6ba08584b06470f9d8981f1a5e02a116cc26903361c44b19b2d4,0.9,2026-08-18T17:40:13.983223+00:00,"This is a weather advisory, not a report of an active disaster event.",hindustantimes.com,ai,Snowfall in Uttarakhand’s higher reaches; avalanche alerts issued in several districts | India News - hindustantimes.com,https://news.google.com/rss/articles/CBMi3AFBVV95cUxPekRrMXBxSENjdUtyQ1lQYjNlbkdlX2lzMUw3VHpwdG9xY0xkOVZPM2V4d2FlVTZpVWprZDc2a285UTVjQmswVWYyXzdIYXpnWDNqcDVnSmRwNWhFbktWeGJaVU93LUpqUE8yZTJ5WW9IZGlBOTNNbF95dEVlNmFlTkVTT2J2NW1xbWRmMHZKcF9UN182eGNfTTVYRW1qTHZmZzlvWXB1YnJRWWZuNFRQQ2JGNXlLMUU5WkY1NHJtbE1KeW1UbF9pSW0tclMxVTVBeHYwZ3g1ZUh3Yl820gHiAUFVX3lxTE9FZV9Ia1E4ZWo3bjNYcURUb3oyV0JGMmdHa2Zpcl9rVFlreG1jcS1jeVpwb2daOGRFcXJuUVJod1M0V2VjTVVpa2JYcDMwLXR0MlphTGJGU0lsQ01lZTFfczFRbzBzVkFwYmY1anBwcWJfNEJta25KaXNUUVZlNFVPWXFKeUpjU0ZOY1FqMVBBQ0l2THVSYU5GT2p4ek5hbnROTFhGR1pkakJzUHZwUnFIaGlnZFRDcEZqNzNvZWVNVjlJRjc4a3NQY3pFUW5wQmtzQWFaWW45dkotbHFIUTVlb0E?oc=5,
6a8498fe5dbd7dc252890ed9,e6b421e1ae25ce6553d1514f2b2f48f97bbf52d5bebdd414e94401937c9a91ba,0.9,2026-08-18T17:40:14.200808+00:00,"This is a precautionary advisory, not a report of an active disaster event.",ThePrint,ai,Avalanche warning issued for high-altitude areas of Uttarakhand after fresh snowfall - ThePrint,https://news.google.com/rss/articles/CBMiuwFBVV95cUxOUk9JNmRvbEJYLUktNmVQZmJXdVd2VXVnaktCUTEtTXNfY2NfU2NRNnltaFVHU0h0MTdWZTBDNkhoTUhkM21pTUEydk80S3dwSUg1QnQwVEdUZERWZ0RFNnVFeXVkdllSTFY2ZldGTjZSRGtEajV0MlprV2k4TDh6dWZ6eFREQ3dveFBnRjFSNG4yZl9OWlZIZ0I0QlBOU1NuSEVyaUhhUFRLdmJYVXlrVFc4eHJXLXBFNXpV0gHAAUFVX3lxTFBSclFtXzB4MjR5eWlWcUx0OE15b1JZWnk4eF9RRTN4bGNsVElQUUtidFdrWm9CU3pfdjdQeUNmOXM4aWhFT2RaM0REM0dZZzQ3ZU0yeVJSN0gtcmYyQWM5d1ZDVWVZRVA0Z2s0UnVFbGtiNFBqRUZVZHh1TEdPNnVuR2VpX0dnal9OaU9RdmhBMUNITk1zMTgxeWNEdkx6QjRldkh5alJndVpQLWc4bDlHd2JvT3hYbkhUUFRLZTBETg?oc=5,
6a8498fe5dbd7dc252890eda,d0a86affafe573b5752f951ab578fea3e1595c7e255a6d298f101a7a16819c7a,0.9,2026-08-18T17:40:14.238811+00:00,This is a retrospective analysis article about lightning deaths rather than a report on a specific recent incident.,The Indian Express,ai,Bolt From The Blue: Lightning accounts for the highest number of ‘force of nature’ deaths in the country - The Indian Express,https://news.google.com/rss/articles/CBMigwFBVV95cUxOWWNzZWdHUks2WFJES3hNeXNHb2phWUVtS1AxbGNNRzVIUkFydVR3dFU0LXRDX1FoWVJmcFl6djlTdHhnYmxBdXBUVExJc2k4T1VBTGxlQ1BDa2Y1ZG1lZU9ZY3RsR05RTUkzeVNsMk1INkRSdGFrOVl0R0NmYjI1WDJiZ9IBigFBVV95cUxPei1yMjZOOVo3MGVGRWZaczlraDJMWXoyLS15akRWNGk3c3dXa1VIQUxsWGM2RmZja0lqVlU3d0RyVjFCMGUzX3ozcXF1Y2ZiajAydG5RbkJsS1llOEJMeVJURXJyQ1VJWTNHV0J3bXNnWE9mMGtqUEYydVdUUTRna1BMUEZ3MlFYRFE?oc=5,
6a8498fe5dbd7dc252890edc,4b8f86ee30d62fcfffa14d7082f0c143fc456d7556e4d5b5423d58a6f1826c6e,0.9,2026-08-18T17:40:14.294231+00:00,This is an analytical piece discussing lightning as a hazard rather than reporting a specific active disaster.,business-standard.com,ai,The killer bolt: Lightning strikes now India's deadliest weather hazard - business-standard.com,https://news.google.com/rss/articles/CBMi0AFBVV95cUxQOVVyRUdqUXo4NElTU1pLVGpHTVJKU0dtYkJWVFNmSUZ3R0dwTGZQWDRnSDdCZWgtWnMtNUJLODdTLWNxY0ZBYzRMVHNLakluNUgyYXpSSUJXWjRYUzA3SXdWZWROV1hRTnUydEtsNGFlMThveEVOUnA4dmxMWFpqOEZXMzFJOGwyUUdNeW04SXRocndtalpvVUZoQllnMjdlSXVoeE1UVExiaHJBSnkyZWJjUkVla21KeS1yN2Y1dWl3VG5FLTRpQXBwWEtIaklQ0gHWAUFVX3lxTE41TUhHdnpzakEtaTA2WktSOC1rRHpCTTNBaDlUbzRDck1lcXNNWTBhcXVDc21vaXJmaWh1STlQOElmRmU0OXVFLWQtOVYtek5jbVFzQVJyOFM5OEp0S3pidXRXczBVZDRsWmNnN1hmSkZXZnFTZnNDUF9NUFlKSjhTN1ZJUlg0YXI5dmJRR3BDeWx4cjE4WUZJNkYwcnNycW1VcFFVRmRQcWhmOUxWX3llQ21wZDNwTWU0WU5pUzQyTVJTc0w3akhsZjVWQm0zeTlRamdBYmc?oc=5,
6a8498fe5dbd7dc252890edd,6b84062021fd3fca12720b9591b35109bc2a2c4ef9aae4b196fde9b299cd31cb,0.9,2026-08-18T17:40:14.310230+00:00,"This is a weather advisory, not a report of an active disaster event.",India Today,ai,Kashmir Avalanche Alert: Authorities Warn Residents After Heavy Snowfall in the Valley - India Today - India Today,https://news.google.com/rss/articles/CBMi4AFBVV95cUxORV9uY3doZWlZeG1aQW1CU1FfZVhJS2VnRlVMTGZHeFpqN19rVDExb25wMnJqR0NOVm82Zi1FVENPSUw4bXBORlVUckk0cjhweEQ5U0xXcXh2UmlTcWJRS18xLVI1VzNMSzVrSjlrRjBtTnF6N2d0cXJ5MDFPZkVGNFVwaHBwZ1JFWVVHVUxHQjhuRzhLRXFNQ2R0MmxOcUNrZ1VYRTNKdDRBQ2w3YjR6NGlfamlhN25aSUwtNGV5NlI1bTZqSmh0Y1dXQlhIRWZ1VlRTU29xZjhDYzhmZmJERNIB5gFBVV95cUxOYm1kejZvZ2pMMG9WUU1FQ3JzYllLbUIzUFpSbzUwLWxFOW5VWnVyelZfS2dSN0ViNjVrSHVfc1FzanZ4MWs2MW1vcy1SRnQ1b0ZWN1RrOVlxbzZ2bXZ6c3Z5bnIxdWJLSUdKWWJ5eW82cmhzRk9Od0Rsb0JJTkRWR2JGSmZsTUgzSFFCbWwzaThKdFhNZGpYYU1YaVBWa2x5UF9CVVZCNU9Xb1VDUVFrc2x5ekxxMTllZWxRRkJzMlAtTDdxYzVYbmRQT3U3V0lIeFhGaVhwS2ZFRnpuS0R4bDdYS3c1Zw?oc=5,
6a8498fe5dbd7dc252890ede,17ba24c288531acc65be4841a194aaf9d15184feeb826b0172d904ddf535db53,0.9,2026-08-18T17:40:14.345232+00:00,This is a news report on climate trends regarding lightning strikes rather than a specific recent event.,Al Jazeera,ai,Climate crisis triggers spike in lightning strike deaths in India - Al Jazeera,https://news.google.com/rss/articles/CBMipAFBVV95cUxQOWhCbmc0N1hTUEdGR3dxQ2dNS1hDdzB0bzNNbkF4SC1UZV8xNkdNUmlqNFJlZ010UWpTYVlTTDZLS1pqdW5qeWRXR2Y5c3JiNFdoSEZVRTdWS3lYMXl0V0ZacFFwZDFxOThjeFYyMy12dUNIWERpSlZWd2Zfb2E5UG4wMngtLW9OMUxLenJEYi0yTldteE5iYjBPT2lXVURZdkpLdNIBqgFBVV95cUxOOVA4Z3g4RGdzMlhlQ24wQnBsR0pUM3BWR2NDXzQ0SHlkTDFkUTNqT29mcjNySHBPNWV5dG1aNW5qNWdpRGNkempGUS03ZDRWSEpPWFBZUmEwakJTeDVvUjQ4aEEtMVFOb20weEpRazdpcXZhTUQ0NnlNQ0dHOXdTZ2lBOWZiRlhENUpPNGlaZGdCbXVha3RLUG1FMW5tRTZESmFQQTlqT0Vqdw?oc=5,
6a8498fe5dbd7dc252890ee1,c53a2266e750f6df4550f551fcf6cc0db2685bc11ba70a41d7527ece9ff2a110,0.9,2026-08-18T17:40:14.392487+00:00,"This is an advisory, not a report of an active disaster event.",Kashmir Life,ai,Jammu Kashmir Police Issues Avalanche Advisory for Ganderbal - Kashmir Life,https://news.google.com/rss/articles/CBMilwFBVV95cUxNRWh2cy1lVUZTTS1vRmFWelFKRHBVbU92NWlZdmE1bmhyRFBCazBxWGxaNkc5OGo5QmctSzB5bWpkeDRvNEc1WDZXQWJBRnJRRFN6V1oxWjd5M210MDk4Um1UMmlDbmlYdjZyY2YzUFlfNDd6RUVpNFYzT1NNSG9fY215eE5kSFo5VFJ4LWV5QmtPaE1wWHRF?oc=5,
6a8498fe5dbd7dc252890ee7,3bc93f0ed811396e55cb8a87b2196d2ffeb7d15b5bc457950b9d100e9f70b800,0.9,2026-08-18T17:40:14.538751+00:00,"This is a weather advisory, not a report of an active disaster event.",ETV Bharat,ai,"Uttarakhand On High Alert As Heavy Snowfall Shuts 66 Roads, Avalanche Warning Issued - ETV Bharat",https://news.google.com/rss/articles/CBMizgFBVV95cUxQWnZ3VW0xbllPRy1JMkJSU3BBSG5wUFB2Y2I0QkN5UnJ0bDYxbHVCbXNUQ1dLTUFDLXF6Q2ZfSGItWXVHMnZvYXFSMkpZd01HNHJObHlZTllnOHdITlVLckZaVnVrS0lFbm5tSTI5S0dKUnJObGJmSWVuZHRiX1FJQ3gzMUhEa0h4YXhnZEJZWFZlM0RBeU1UekdIeWd6YnRvckdEbG9rQ1dIZDliajg1YTUzOWJBd1dlYjlaeFdmWXpteEVXZkFHS29ULW4wQdIB0wFBVV95cUxPTUs0OTlHLTNvQUhlX2VGU3hEQ2NnMlNXcDFkWHBzUFNCbmJBcVJiSHI0Qzl4MTJQV1YzeWtwa0xpcUthbkUyZVBXNWo5WGxFVkZ6alg5ZEtBYU9RSWtCR0N5VVduV2E2Q1hGemRXM3dMZi1GdTFkdmVaMi11Z0pKWDNwRjRzdmZlNzBfLXJHQmNTZC1Gb1dURFIxYWVSUmo5dkdiTjNUcTVHdjlXOFNpZXUteHNycFRzOEpLLWl4UGMwMnJQZHUwb2xraE9ZUEFYek9V?oc=5,
6a8498fe5dbd7dc252890ee8,64bf75cc3767909e50d4b42776c8643c7c33b2eccaa6ab43037df76eb78d7011,0.9,2026-08-18T17:40:14.564898+00:00,This is a summary report on rising death trends rather than a specific recent disaster event.,GK Today,ai,Lightning Deaths Surge in India - GK Today,https://news.google.com/rss/articles/CBMiZkFVX3lxTE1vcmpRN21ESk12cW9TUWZZY0hfcDJHcVE3V09ZaXZZa0M3VEEzYkQtNVZkTV80eUY3Vk9kSWtrYkhRUXN6eXlQUHR5a2djeGFabTRjSnVLVkY0clZSdnYzSFhlMWdoUQ?oc=5,
6a8498fe5dbd7dc252890ee9,7e7ef94956c7d43461915c13e671482bd2a6107f7223982c5bbb9a97832d0e79,0.9,2026-08-18T17:40:14.587169+00:00,"This is an advisory, not a report of an active disaster event.",India Today,ai,Avalanche warning issued for vulnerable areas of J&K's Ganderbal - India Today,https://news.google.com/rss/articles/CBMi4gFBVV95cUxQaTk2ZVRyMFRoX1RtNU1nc3FPeWxSdFFwMjVUdkpIVHlyYWdVblI2TTdVa1ROY0V5aGNld285ckhvTlc2UzR4Vk9SMWF3LUVhLXJSNF93TG9mSGtnN2VpbGFMakFycmkxcjFlekZDM2tmYkhtbW9Ubi0zQlduRTBWN1ZPZTBFMzRvNzgxLTBsLXF4TWtiMHdxNnp6YXFDOVVKck9QNG13T2Q0LU9lcWFYeUN4bmxLa1dIdXJHSFBMZ2NqeHk2R21MVXpTSU9SS1VTdV9scl9EMWlCSnRmV0dNZktR0gHnAUFVX3lxTE5zTkcyenBrcVNPX1FwNzlLT25XV2FtNW4yblROb210cVRaQkg1YS01NHNESlFjQnctTmNTSEF4TXlRdnVpdTJRLUdZTDNtU3RsLVNqTVRZM0s0RFhiRE9TZmxTdW9HZ3ZYUWZSVjd4Tkh3UHpocG1xS1FfdVNxRV90SVI0VFpGa25TeU16M1VkTWlSNHppcFJmUTExRVBic0pvNkhCT0huNUxHWXVYTlMxNzlibDczREtmM0ZKbnpfSm0tMERoc1R5cXlvSmFIMC0wQldNaEpvcW01MDZpaUhSUUFRRU1jUQ?oc=5,
6a8498fe5dbd7dc252890eed,53a3951eb5d7a6ca02108101d3e831ab618ee78d57a8a605ec10b151f449b2bc,0.9,2026-08-18T17:40:14.686291+00:00,"This is a precautionary alert, not a report of an active disaster event.",ETV Bharat,ai,DGRE Issued Avalanche Alert In Several States Across the Country Including Uttarakhand - ETV Bharat,https://news.google.com/rss/articles/CBMi1wFBVV95cUxNR3U1dWE4NnBfRVptUkdydWlOdGNyMUZscTlFd2pzWDZVLWF6TzdZbDFyOW8xNTJ4Rjl2dlZaSTJLWmZnNTFQWUVUY3hlMFZZQTZHUUhSamVhR2ltNkFTem5WU19nWEpfTi0zTXdENm9jVVdlNXJ5NGVpaVVGM2p3V0VhZjRHX0VIX1hvd0ROelpaQXY4Y0g5d0hhRVQwQjZFZl9oQUJZQjFFaVRzbl9WUkQ0VHV3UC1QUDVPTXBTcV80V3R6VVVHUmdENGhFa19oNGRhazVCa9IB3AFBVV95cUxPSTFrVkZRZVY5R1JCZmpYcVhzT0hxbWNMMUp0Z3VLU01lQnp1aHBJeTloXzdpTG1PbExlUWNpZnFpWmhrVDczc2lpajc5b04wOE9QUENNU2Uxb0VJLWpjWWROQWtDMmtfYXhJRmQ1bGd4cF95TnFibXF5eWM1Mkx4dnV3LXAxMS01SUtieXJPX3A0NTlNbWh4SWxvVVFmV1dHdjZyRExxdlhlcXFmaTJyVHZhRm5kU1BQa3dfaEMzN3cyVzQzLVJIczdJZGFYN0tvRnIzZk9wNmliN1pH?oc=5,
6a8498fe5dbd7dc252890eee,14ab93dd9e65cd8f5091b39d1ec90d9fd6a3ab3748f596d84e24b602119295f6,0.9,2026-08-18T17:40:14.700518+00:00,This is a scientific warning about rising trends rather than a report on a specific recent disaster.,The Independent,ai,"‘Alarming’ rise in lightning strike deaths in India, scientists warn - The Independent",https://news.google.com/rss/articles/CBMiogFBVV95cUxPTElMVzRxU1E2alN0TTVXeDVuVXhpSENNTUVlS0JlVl9sZFMxeUZtNUhwWURPT3h1cnBtdDcyZXFjRS1jVWFrbFFjNHROenpydnZqZEpSbUNIbDZSalA2TEpWZmhSX3hrbS1sZUVHWjdmODVIRnVXMWQ2V3UtcnJvUUZqTEY2NjVxZWUxUEtDWWxfcGliUmlfeDBKdTBiZW5odWc?oc=5,
6a8498fe5dbd7dc252890ef2,f3168e9a8ee61182e43ebc99ae27d61bbc386d59327eb8d51058fa5ac739420d,0.9,2026-08-18T17:40:14.774307+00:00,"This is a weather alert, not a report of an active disaster event.",hindustantimes.com,ai,"Orange alert issued for avalanche risk as rain, snow block Uttarakhand highways | India News - hindustantimes.com",https://news.google.com/rss/articles/CBMi2AFBVV95cUxOcVc4aVRLSzlhT1hMSVdnVWNoVk0wVDBYZGxENGU0b2lNSFMyeXlsM0lEazZ6dmI3Z2lrVno4VTBkQ24yV2JmazJVT1VCQzFRUFNHdy1haWh4bUtrOHlCX2poWXpGb3dVdVNBS2VDeS10TTFuck05TTFPVkhJVW1VUk43VFRqV05Sa1RsaEJuTHVlQlBjd3hHeW1jaXdMYVFxVWQzV1Itd3pvaDBUaXgzcnZ5Qml1V0YwRDYyc3o3dXBmOFNPajdKTmw3N1VqX3gtTk5fT0tJRHXSAd4BQVVfeXFMTkNMQWI4aTB2RkJXQTFPV3FpbkJZYlBpVVdnQUVzWTVjNTZiTlBmUU4tMG15R19xUDNsVjc5ZnV3b2x6SEpzVWpvSk41VjNQN3RRSFBiNldNNk1mcXg5UXM5TFh5RFI3VzdYMXRrX3Q0azRESExzdDdIc00zLTdXMnJRQmFXUENoMS1PRk9lazhxbHhELS1TX3pRLU92UFRMbEJKTTkzRTFZZFp1RGk2OU9Ybk9jcVRWT2ZRY2dWWnpkVF9DUGthclBNODUtdThVUE9ZZ1dBTGIxWGZscXZR?oc=5,
6a8498fe5dbd7dc252890ef3,1c91a53b3abb3910a991780db451fda0a61334ae2a0be193dae655e7f8a37921,0.9,2026-08-18T17:40:14.833907+00:00,"This is a precautionary warning, not a report of an active disaster event.",News Arena India,ai,"Authorities in Uttarakhand have issued a warning of avalanche for several high-altitude areas of the hill state, including Badrinath and Kedarnath, after fresh snowfall across the region. - News Arena India",https://news.google.com/rss/articles/CBMiogFBVV95cUxPRW1LNFlzRWNLWnBkT0w3UTMyS1JuWFVFaG5pQWFCV1NTUldXN0U3SzMzTkZxVEp2M2FDQjZUd0luTHc1YlFBT3o2X2VDem9CYUFtWllHN3NSVnRRTWZ6WTQwaTVKQlhSZDRpaTcxUEhLZzkwRFNXSDJiVndCT3U3c2NGeVhFdHh2QWp5UFpJbWZOa29VS3FuZFpaRTBRVExOLUE?oc=5,
6a8498fe5dbd7dc252890ef4,d9857dc43ef5b079e8a72bed9fc5385bc5125faab4924906d716e2ef05522b74,0.9,2026-08-18T17:40:14.830300+00:00,This is an analytical article discussing potential causes for lightning deaths rather than reporting a specific event.,The Times of India,ai,Are missing palm trees causing more lightning deaths in Bihar ? - The Times of India,https://news.google.com/rss/articles/CBMiygFBVV95cUxOVURyVHpnaHJBX3V2ejJZQWdzZm1FaTdOY3VOVVBwXzMxMTBadFl5SF9HaUI4Y2pVSnNWQzJvXzlfQUpYUjl6aGRjTWdEU2l3VnpUT2YwelIwZjk1LWxXazN0azJ1LS1VODMteXBfX3lKdG9TUFdwLWdGZHpPc0RFaEgzS2lmYTAtNmR5S1VpbVVLcG9Ic2QzaUdqRGF3akdCdGY3ZWRNdlhKemc1eVlhTlc1OWRhd1NDM2tyeXFMSU4yRS1GQS1lT3Fn0gHPAUFVX3lxTE95UGgwbFp1VTdiekN3cDRncENKRnZ0UHZDcjBvSGkzNmw4NmxWSlN0U0pDcURZRTBpckJRZ2pjLXBmVFd5MzEwRm44dFZpd0g1amZHZW9RNDlabnlfQUJac3hyNHJSbDk0NlRYc3RjRGhfR0RfVFNsOEo4S19qZnNzWk9oNW1wWDExek1BYkU5NVByVGtvQkR4eG9wY21jaGNCemVJQmpIcHFkaWhNaG5HbWlnNEpmRFM4VjYySTlZcldiOW8xSUNESmU0TE1yNA?oc=5,
6a8498fe5dbd7dc252890ef6,9f51c564bf99065f5e0d97824d3090434dd6c8bc163990727147ef81eaf6ab1a,0.9,2026-08-18T17:40:14.903205+00:00,This is a statistical report on historical lightning deaths over five years.,The Times of India,ai,"Min: Over 1,600 lightning deaths reported in Odisha in five years - The Times of India",https://news.google.com/rss/articles/CBMixAFBVV95cUxPNERpUHRBT2FGbmdpNTlrVjZhY1JOZndTZEh5OElCdFh4bDh6MDJPOGktd2w3ZldIOVZtQ2N4eDhhQkNQdHJtR1VMVTRUM1ZVbHpDcGIzRFh0TXJ6MERXUHFfV2Y2YW96MlhqOGtRREQzUWN0LTVjaVlERW1VVFFDN2VzQWlmTHZmRnlWLWhQOXBtYjVCMEZWa0I0bTRWX2FVLUYyVExqcHUyNU5mN3M4OEFXcUV5MldOaUVXdkxBMUxfSmJD0gHKAUFVX3lxTFAxbGJnTUd6dEFfbnZwNVlIcUlBTGpkV2pHS2piY1NKSWZfbTRzZjNrZkU3UmItc0ZKLWg0bVZ3SGl0T0VFVmlRT2dnQnh1QjNrVTBDT2JSYkR1SU40VWprT2x5TkxhNzlYOWdQNXZzQlVUQmhPQ2wyZXdzMGtVb3lRd1d3WXdiUVdtcS00UDRnWnh1OC1nOWVpUWlJY04xNlB0QllfMUtZQVV5ZmFva3RYR2w3V3BSOWw4U3BCWmV4QUNWR2tiZFpCV3c?oc=5,
6a8498fe5dbd7dc252890ef8,f2d875ef050e35866777c48da22203b1b80e470d6d7e6f11a7c4f976fa4050bc,0.9,2026-08-18T17:40:14.941866+00:00,This is a policy and data analysis article regarding heatwave mortality reporting.,The Quint,ai,Why Can’t India Get its Heatwave Mortality Data Right? - The Quint,https://news.google.com/rss/articles/CBMikAFBVV95cUxNYy1pa3ZKZEtHWUR5NF8wSGVYVDA4dmIxb3VBbjI4QktaLVlHN3pIQjFhdE9qVUtnNVFUZGhLekg2dl9JejdEYkttcmwtbmRueG1SUlR5NmJFc3FDYjhfNnQ3cDRBM3V1OThSeEJvTzV3QWNBbWJ2Yzg5dnd3UktGVmt2R01KQWdsNk8taTFwUFDSAZ4BQVVfeXFMTVRYQ2N2eTRNRFRPaTNrRV9JWFl3V3Y4RWVhQlNESlFXUFhvZk41UWJFM1RxNlM3T1duVm9lR2J4Y1ZaMGxma3JObDl5VHdWNUtRdWotOXZ6TjVYXzZ4LVhDdTFYVlBFZVo1ZmtzdzJPSGxIamd5NjBWanNyQm9ITTc3aVR0UGZYWEdjd0hRTmRpb3ZIaDBnUGR5YlBUWlE?oc=5,
6a8498fe5dbd7dc252890ef9,6022d828be94c39c96bbd3707c6dd1fda84eb37b60ce06d4817879d8a8fa12eb,0.9,2026-08-18T17:40:14.997048+00:00,This is an explanatory article about the challenges of counting heatwave deaths.,The Indian Express,ai,Experts explain | Why India struggles to count heatwave deaths as climate change intensifies - The Indian Express,https://news.google.com/rss/articles/CBMiqgFBVV95cUxPT09GVU1ySkVNM3IybXE5N3FNYm9OY0MycUJPS3p2MXRrSDNSRXVhR1RNLXlhY0diWXR6UC1BTXA1Rjg1bFh4aWxFZVJ6M01kTU5JVlVSYnFhTGxpQXdlVnNqbEZvUlhwZDczRHRLbHFXdlR3WlBVelJ1Q24zZEFPU2VNX3dRMkZmMTYxSE9aZGtPQXI2MGtqaVBoNG9iY2w4akpaS0JydktWUdIBsAFBVV95cUxNdXl5WC1tVlNEanlCa0pqbWRLOVpRa0NTSzY3UXplR1RXaFlycU1LTlRhQ0E2RU5nbHk5RDhCUW5uQW9oWEVqTTZFczdXRmFwZ0RNbzVFU2taeVpMV0ZfaF9JbGlFdXdCaTBjNDZHek0zTkR2ay1ReUMtM0ZvbWFtXzdDbHJyWlNXQVhRVHZQUFlkSFhiX1lVUXZwRldzNmUtbWVseVEzYVlCbFR6UFFjVA?oc=5,
6a8498fe5dbd7dc252890efb,3fc3d3c8f4b14cfd71d771254fd6164f86b2bf43fd1ac64f4077dd98e286b364,0.9,2026-08-18T17:40:15.039199+00:00,"This is a follow-up report on road closure, not a new disaster event.",Greater Kashmir,ai,Avalanche-hit Srinagar-Leh Highway remains shut for traffic - Greater Kashmir,https://news.google.com/rss/articles/CBMipgFBVV95cUxNRUZ2WHpVenlJUlctRnZjaWM5SEQwa2JPcFRFY3h2RC1LSjl6TWx5S1M4eGU0eG41UTE0NGYyanpPTUU2Sy1fd245M0JFY0k5QkUzR21pZDV2aklUVE5EX0FpU25mYW0tYWg4VnBpQjRJVmtvNDd5ZkUzd3hueUU5N1VRaklGRWEwWk5KOEVZUFBybHJHQ3RvSlUwcWVka2VlOW8tdF930gGqAUFVX3lxTFA1TmZUQWU3QVEtN0Z2WVE3QXpoZHg3ZTBjVWoyRnlLY3c2b25KbXVmd0FQQmNYNkRtYzN4VkdQeG4zLTlKVUYwb1JFNDloVFNXWll5ZWdzRTFnN2R3by0zMGpGR0Z6YmdjOGNHR3Vqcmo0cFVfeHVTazN2ekVnaDE5aFVXd2QtTEhCbHYtVWtGeEtJU2RjT0dFcG9qY1h0NnZ2Wi1rbWhKd0ZB?oc=5,
6a8498fe5dbd7dc252890efc,bbaa859a59f98a9558dad364f282fa69ada39a646a0e5802e8d643e729742aad,0.9,2026-08-18T17:40:15.040735+00:00,This is a report on a study regarding estimated annual excess deaths due to heatwaves.,thewire.in,ai,"Depending on Their Duration, Heatwaves May Be Causing 3,400 to 30,000 Excess Deaths Every Year in India: Study - thewire.in",https://news.google.com/rss/articles/CBMi4AFBVV95cUxOS3NWRTBQWUN2dWcwVGw3eUc5MDl2eWV3RmZFUElQZFVDZ1lTMjV6NG1mLVN4aktLTHBhMVJzYWNtR2VWdDh6YnRTbEdtX3JycFdmMDZ2eHVFZG03SDRjVk9WQUs5MEVSRXlWVVd2U0NRY0d6cjVqbElJOXgtemszQm53TF9DdWN4QzdiSU5OaV9LWl82V0RpdkRKUG9aVENXdHpoRXQ5RHVvZ1IzSnRiNGYwQzZuUWpXbVExYW9aMmxrM0JyaWd6NlptdU45dXZJWjVHTmhVNXBqYk5DSjRHWtIB5gFBVV95cUxNbFU1b0hUSjlvcE9lVjNpR2puWUFtY09MaWF2eHk5cC0wOWFESy0wVmVFdmgza09FeUdISkJMdkUtQnhIZlUtMVBNUjBvLTFmVDhrY3cwRk1ROE5LOWswNmJPdWFydXlWeERuNUJMSGJOR1hjd2V3Wk5fRVBfYkgyNmVFTkhWTjFZYUV1Mmp5NjZOOWsyZEY0amVsM01EU3JMWVM5OVhGdk9ReDVrN2E4OUtnU1JMUFdIQXhQdUZUbU9LelVWVlJORUtqQVc2azlrVk9wcWczaWRIaHJ6V3F1SDlXaWtoQQ?oc=5,
6a8498fe5dbd7dc252890efd,57f6269b48adeaaffd2dd0b25f164f3969f196e2de837fb0ef37477cb028e951,0.9,2026-08-18T17:40:15.098819+00:00,This is a report on a study linking ozone exposure and heatwaves to historical deaths.,Down To Earth,ai,"Heatwaves may have driven ozone exposure linked to 26,500 deaths in India in 2024, finds IIT study - Down To Earth",https://news.google.com/rss/articles/CBMi2gFBVV95cUxPUkZ5VmJJTTF4Ti16Qktibm90STdwNXMzR19mSURGZ3BXSzJnTTQtQ0F2eThUUXZ5WmVpTU5LVTJpZURDTGI1eDdRbE9hNm54RXAzVzlqTVk5RFFqV2hxcS1qWjBqQ0hjdVREWWRGYXF5Y1huVWJIcWJTNGprV0tIWEp6ZXh5eGlxb0d0eEJUMVUtOWo4Ri01Q2hSWEtSOUtlZ2RNS3NsdTZQREQ4bEViRzRZMnFfdTQyTk9xLWVndG55SjN0YzVwd2dMZnU2bURRbC1BYUZLRmdGd9IB5wFBVV95cUxPdl8wTHQ2RThxM3NNU2Jsb0x6RHFKbUlvNnlDejJuOGxCTF9JX3h1bjVCNUFkWnE2Y0hnSGZlcnRHb0ZVRkNveU1yOTJRTEhZdXExUkRLM29oMWloYmlyZGFncmRjanlOSkc4bFp4QTJTeWZlMEd0VEFEQS1CUHRfS1N3OTd4dnlsRms4ZnpIQTlpRkRzTzhVTDEtbGd4RXlvR1pUeDhrSkg5UEc3Y3RZd09xUHRjaU1Wa0M0c2h4TGZ1LTNrVVRKR1pTSzVnblEyTlBFa3BySUJickExekcybGZNMm4tYkk?oc=5,
6a8498ff5dbd7dc252890f00,3df10c6d3410c4829995d941656be3939649273c5b9f0451832c28f2a1c5d01f,0.9,2026-08-18T17:40:15.180286+00:00,"This is a precautionary advisory, not a report of an active disaster event.",News Arena India,ai,Authorities in several districts of Jammu and Kashmir have issued avalanche warnings in vulnerable areas and urged local communities to avoid non-essential movement in risky zones until weather improve. - News Arena India,https://news.google.com/rss/articles/CBMioAFBVV95cUxQbEdHQi1Wdnc2WXktWm50eEw0c3dpbm16R1dYYXg2X0F2SDRBVldJcGZDWTJLLUhDY3pjWjlpaWFzV1V3VEJoM193VHRCdUhRQUVwbTVtRUQ5aTlkbDhfS3BUaVdyZHgwSTB1S0ozdThfaTg1Mm51YXR6cHJaWlpHbmZGaVVwODkwZDFBaE8yY25ubGx3RWh5LW5QYVZqeWJ1?oc=5,
6a8498ff5dbd7dc252890f01,12eec77c1880ff39890759e16d0915048abdbe41b531f451986a08c1e1279389,0.9,2026-08-18T17:40:15.561030+00:00,This is a comparative article using European heatwaves as a warning for India.,India Today,ai,Europe heatwave sends urgent warning to India as heat deaths rise - India Today,https://news.google.com/rss/articles/CBMisAFBVV95cUxNTTQyR2ZwYXFYN1ItckprdlFWbVVVVUVwNXhaVDdRcHpWcWx4alB3WE50M3RDM2loaVVYLXh1NGpweGF1Q1JNU1ktdldLZUlaMGpnS2RZYWttZWNxRUR3aUExcm0yb05zWWlBU2dOOExpUWFYbXRDQ0ZOUmI0SlktdlZHYURFU0pyQjBsZW12M3JHRjVVaGJBTmgyb1BOY0dmNmQwTnRwVTh0d0lnOFlZaNIBtgFBVV95cUxPRThnRlE3bXlnZVVDNnFGMGRuOXlVczcyTFU3c1VfTTNjWEZ6VVBrcVFTaERaN1RjWTJGaG5VWEpoSmN2NEU4WmVLMWxEYW9HU1lpT0xrd3cya2NSNXJfS1p6dUNGOFdNLUhHaDNrYjdrMTQ5WG9EZkRsNHBDTnRJSkZ0Q2VmQ2FTdG5TUWdlRm5aT2h4RVRmUDIzc0VXcG1pYmVDbmYtV2tZLWYtdFJ3NnJxNG45Zw?oc=5,
6a8498ff5dbd7dc252890f02,998f7b5458cf009155e399dea9e426711736eb41de6fa90eee870528281fa0c0,0.9,2026-08-18T17:40:15.633312+00:00,This is an analytical article about vulnerable populations during heatwaves.,NDTV,ai,"As Heatwave Grips India Again, Data Shows Who Is Most At Risk - NDTV",https://news.google.com/rss/articles/CBMiowFBVV95cUxPQUhQT3hCdkQycFBNbEx6cXhPYmx4aURreVpOTDFvc0V5WVU0SFdtNTQzSW1UWVk2TjdENU5JQ0s2dXlBQ2VRWnI3Z1B4OEM3RFZaNW9tTUFjODduQW1RSS1xR3U3a1BSSEROOHItRGNfRlNBT29rSjRQRllKbWJGcTJPMkw1ZWs5U0NRMVZZVUtuRGVMbmdhUWk2SGhmUm1od2JV0gGrAUFVX3lxTE90c19LeS1WTmlrby01OWVpN1hTc0d5Y1BKQzlhdVZmRWlUZXNubVRHbVJMeTQ4YUFsc3libHh1T29zUFZSaTRKM01tZ0RpUnI1dndmZFZvWGFrcUFlaFNpeXdBTUtaTjZMMk1pRTRYeTB4NUtIa3F6T1hDNHlrbjJSZEwxVlZ6c2UzanVTemlOZGl6OUN2Ykx6SFhkTkVJaTNuTlhJTUpjZjVXRQ?oc=5,
6a8498ff5dbd7dc252890f04,b0926b91311981d47fc255f65343fc66e0daf76023eda6b10e3541145cbf1231,0.9,2026-08-18T17:40:15.738342+00:00,This is an explanatory article about the dangers of heatwaves.,The Conversation,ai,"Too hot, too humid: why the sustained heatwave in India and Pakistan is so dangerous - The Conversation",https://news.google.com/rss/articles/CBMiuAFBVV95cUxOX2FyLTZVbmhqV0RpWGxwQU53STJNZHZwNkdweldoUkpOS0hfUGdsNDlidFJfTmNldHhJNHFabTJvQVBwSXhyTGpTSnN4R2p0NkJ3M0ltX3JZV1VyOE1QSzBUTEtpSjF6QTVEOHp2dF81Rm9aX3BYLVV2b2JQNkpOV2NHR1p1N1hPeFhyNE9MeVFTNElTWkVWb0g5dXJCX25BaV9wWnpHRTFvUW42U2xjM0VmQ1llOWVE?oc=5,
6a8498ff5dbd7dc252890f05,3a8547a464857e7050c1b57b385c3b726f90054984876fe1813b6d365a4b097a,0.95,2026-08-18T17:40:15.787895+00:00,"This incident occurred in Europe, not India.",The Times of India,ai,"Europe death toll tops 10,000 during late-June heatwave; scientists blame human-caused climate change - The Times of India",https://news.google.com/rss/articles/CBMihAJBVV95cUxNSS1WTEVhd053Z2lkWGhqNlpiWXRoemdJdDZDckltMWJWaWFYX25ZNzdiX2JpNjY1Z19xUFVtdzlNbXRkRXdXTVlLTGx6bmxKMXRoNTJ5c0NkZ2NFSDhKMGNLZ2d6SkI5eXN4aHg4QzduRzdmc0l1NHhlYzE0WjFfSXpqNk1KREJ5dzdaazdQQXBENGd5YXU3VnNWYnc4N1RkbDlvRVZGSlE5MnFKX3hiNlFhOTYzdHJrNGZQOWRBOG9TNnZ3T1V3aS0yemVRYlNEUWwxdW9HaGxnblFheXcwLTFSVkY3cUkzVEF6cDZ6U0lGX1dja1Y0RDRiTDBmd29lYUE0atIBigJBVV95cUxQNDA5WGM2c1RreDdhZVg3QTVxZW41V1dCUFFnazlOdHVrY1ktSm9SLVd5M2hLUXI0eXZ3QS1udk5rX09mclp2U2U2SzBnVXc5Z3lWSV9tM0szRXlicW1OblRDYVhLajBBbzBwTFJKYUZKdzJKSVNTeGFSdGxZWkk5Y09rMTJ3TmpBNG43WFJSYlRKdWtjcF9fX3pCUUhRNkpVbi1aOWIySUptVUstLV9BUk1DdGpTeWo5b1ZyX1RaM0d0cE9SVklSQU8xbWdSQzktODA4aTI5bjFuZnRxVjJtYVZEa1VtdHRUQmxWcE1XRmNZTnBfU1R1UGVsY3dveXAxZ1EtTHBHaXNrUQ?oc=5,
6a8498ff5dbd7dc252890f06,71fdd389f9680ab726832e02b458a3640b50efdca4204cbea31fb51672074ad6,0.95,2026-08-18T17:40:15.844937+00:00,"This incident occurred in Europe, not India.",The Indian Express,ai,"Extreme heatwave in Europe: Seven dead in France, temperature shatters record in UK - The Indian Express",https://news.google.com/rss/articles/CBMixAFBVV95cUxOY2FMcUc4MjFjZXFObnJUbW55VFhCOHZjb0hSdWg2aTBzSDI4aGswcFlMaks3QVNPc1MxWDRILV82cUt0UDRPNEp6TmY4R05iSGxmMldPQUYxbW1yeFk3N1UtTUI5aTlsbDRzZDNsMFRJZjdDWU4yY28yLWtYRGthUjlnYWpVRE85LXlnbFRYOEtPVTVSWW9Yd21tLW9ub09qWXJ2bGNEMExmWmFTdll4SjhfeGpBTHBOalMzWG5YcFlXR1Rh0gHLAUFVX3lxTE5jU3NhN2xTdmlTV2FKd3psUFZaZzgyWGdsQVlfWlpUOHlfWER2a0oza08wYU5yVEVqM2k4Z190TUZwcGhseHRXY1FUSzBGUllvVXNhazhLbWtaUUZRczk5cGZ3QTctYmtJMmtyS3FUN2d2eS1sWk5FN1ZuYzZ4bDNFNHZwbU9aZEk5dnktb0dQYmkyUjcxUHRyT0VNaHhyQktzcjMyS1kyVnUwbkNvNDRqV2h3eVhoU3RCV3NqSHpvTDhJbHZWTlpWeXFB?oc=5,
6a8498ff5dbd7dc252890f08,1330a852aece8fbc6c86eb620eb56688ec083094276d5cfc1552561a9ce53309,0.95,2026-08-18T17:40:15.935883+00:00,"This incident occurred in France, not India.",India Today,ai,"1,000 excess deaths in 4 days: Why the French heatwave is a warning for the world - India Today",https://news.google.com/rss/articles/CBMi3gFBVV95cUxNRS1Fb0Y2aWpQNjdlU3puUHphR2ROUlgyZnZFT0VLWkhNRW4yWURYaHk3SXNWcFppQXJIT2dtMEZUYWhQUWFnOXBUYU1odEVBdTZQdkNuaVJkd3ZhTV92blJLZWcwX0JTVXhjRmZOUHpVSmJ3eVVVMk5FNUxjVjZQWWh5WHhuaUp1V3hOVjF4c2dhWXBwOUFpR3JxdjdSOTdpMGx0YnVSVk1EUUYwaDRRZWt5emZDWUxFUXZkX0xmNGJTM3hvdFlJRGYtYzRMVnY0TlFjbjQzbzVvTVRibnfSAeMBQVVfeXFMTk16cDJEUjRreFYyVFFIMVNiWUozSmJJcmhaRWdUdU45Z3ZuMDNfOEF1b25uV09BamFIU21SbktFWHowN0dHX3JSTWFua1BTODlTUVI5bnVaeXlRNXEyMi1LNTJzcFNOT3NXRTF0MXJBcl95Qnpjel9HTHpOU2tQam02YkJyYVJkYVdZamNUX3l5eHFrUGd0QzVqak5jU0hJcHJGeDRzNmRwRnVpS2JxUm94SDNSa3lTaV9tQ1dUVUt2VjljbjR3R3RKM214eXBiUkwtRTVHOURncjBseV9WLVBZMmc?oc=5,
6a8498ff5dbd7dc252890f09,6aafa0791d2598a4a862b189aa5b358483f1ca051b2abf429de0edb0dc9b8d80,0.95,2026-08-18T17:40:16.016305+00:00,"This incident occurred in France, not India.",The Indian Express,ai,France heatwave kills 18 as temperatures hit record highs across Europe - The Indian Express,https://news.google.com/rss/articles/CBMinwFBVV95cUxPQTJLbUdWeGtBN1laOWd3cmhUaFVYTFBVcmVtSndHeFVaRTZLY2dnNnVMeHVEVHRfNlQ5bk9hT0E2Z18xY0tjRnV3NThQYWpWT2x5cjlrNUxKeExxeWtsSDdwX1NHMmgwRkFxS25teUVwcWVqdHNvMUVkZHZmM3A0Q3VCbmREODRoZjNiMzRxamd0U19BMVBLaEN4ZEl6RGfSAaYBQVVfeXFMTU9HSEZ4NEhoNjVxWEdVRkNpVnByZzVPWmZYdVAwaXgwbGZhWV9rSmttclAxWGtCcU1WQWVrcDdDb0RwWjZIdTVOM0M4UEZmUGpYMkdZelRoUGt4QnBqYjlLeHB3VzNCQmRaUmZ6SWMycXF3OFd6dWJUMzdxa0VfQjZoUFN5U3dFWndrenRQMjRoUWFWdnB1R2FEckoycTR1RkhzM0FQUQ?oc=5,
6a8499005dbd7dc252890f0a,7e6727ea0ba4af76ef04ef4620ce76d3eb0bed88307d79991648d639951612c8,0.95,2026-08-18T17:40:16.184172+00:00,"This incident occurred in Europe, not India.",The Times of India,ai,"Over 1,300 dead in Europe: How 'Omega Block' turned a heatwave into a continent-wide death trap - The Times of India",https://news.google.com/rss/articles/CBMi8wFBVV95cUxNbWQxa3NHenFDQ1FzckdlaUtraHRJRDB2dUZ0NEk2Y2hIVHNfM0lLLUpza2N0MXFVcDhDRlh3TXJTT2k5U3JldDhmczVfVHppMkNuaEg3TmF4akxSYXBNM3NOUUpxLUxYMUt0YjVUZ3VtS05Xek1RM1AxNmZhWWpiMnFZMW1yRURGelNBNy1CRE5PTzlhTEFRZjQ0cXNqZ3czLUtyN3VYT2Z5VjVqOTJkRFFHVW8xLVpjNUJ0TnlTaks0YndET0VVZWplWWtwTGdpTjVQRFZIVWxxcnR2Yl94RWhSOHJQalpHTGkyT2EzM3pfM2M?oc=5,
6a8499005dbd7dc252890f0f,63051056610401a4e3e70d8e1fe964ce3101360de16ddf67817baddc75fc232d,0.95,2026-08-18T17:40:16.472230+00:00,"This incident occurred in France, not India.",The Times of India,ai,"20 drown in France as people take to rivers, lakes to escape heatwave - The Times of India",https://news.google.com/rss/articles/CBMi2wFBVV95cUxOdEVpY0RQMElocE1td2owZGtoNkVRam9sb2V3VjI1YVAxVkZHalRMZXV3czViM3ZPZURGOXV4Q3lCSFNxRHVLM2lYcE1SN0JzZWFwS1l4U1BFbzQyN19YT21iWGJDWVZsWHpncDBLQ1NMazBpMURqbkJTd2cyT2QxWG9rYU5wZWZmR1FxX1BsMjlpZGFTNElrZklfSEZja01JVGRJcmFRbGZQX2pTaTl3cUV2VVRWYWV0YWk0VmFlc3BDZEVkUDJvTlAyNEtIb20tZTFWZFhNNkdXS1XSAeABQVVfeXFMUDZiczVHamRGdHBncFRvNS1uVnEyRjQybGI1c3g1cGxaWE5YSlVucjRkaHBKajB2cmZzRF9SRmZLYmp3SmlZcExWU2VoUkk5Vk5xTlJQNTBZc0ZVQk1CbklPa0M4Tmh4N3BRcDBpQ2ZsZEVyc19aUjBsNThSVTJRU0xhQzBibTRiV0lnRlpzZnh3YkNEQmpJS2N4aHNURkVESzd2U3poa2E1TGtoTVZqYWsyQVhaN1BpYjlFTi1SMFFMYVdFV0JsenFpTkg2aUkwcUZEeXlHV2xiVTk1R1dBWC0?oc=5,
6a8499005dbd7dc252890f10,05d41fb74da21aa12b0e11e0b71ffd4ce498e74dcd346e41c3cc250ad4ab0f7c,0.9,2026-08-18T17:40:16.508354+00:00,This is an article about government preparedness for heatwaves.,The Indian Express,ai,"Amid growing heatwaves, how India protects its heat-exposed populace - The Indian Express",https://news.google.com/rss/articles/CBMi4gFBVV95cUxORWJNODByTHJwU3MyeGZydWN2bE9HZkdoVDRGS3Z2V2tQMnYwVmdvQWlKbHgxV2V6a0ZCbjVaZ1dtLUhmZGdfQ2E2cVBmT3U1dHFXNUlSakxteVltTU4wS3hKUUVZRGk0aEw4bjB5ZVlSV3lFcDY4UWl5VEgxay1seU42VGxxVFo1SzZxQ1plUVRyMUtubU9DS3pNbFJjbkx1djE3UEladnJ1WWxvbGQzNGlMUVMtY2Q1a0xwUjB6MEdfTFRfYUhFZ2FYR3FZdXpzSTE1ZUIySFVrdno4SlhYc2ZR0gHoAUFVX3lxTE1BNURfLXpqNmxnamlfVlROX20wQlZ1a3JhNHcxRGtiQ01NMTdSNTlkY0JlYjNqMXNSdTVNTVVGS2tVRnYyRFlkOVEzd052ZjVER3hpZl9XcXloQUYyNGJLd3ZfOXJ2ME5qektNdTRaZjY5aXhfOFNEbTctemd3dXc2bTdOMnYwei1KZlhHZXZiVlRDMXRNSWFDR1I1U3ZwWnczZXR0ZlRPVlIzdlV0eFR2OVVMUHpaVll4d2pRV1FaRVNINFRybmhNYUFHbkN2ZHMwaGc0RERSb196NVM2eUZjZlVnUjM4cFc?oc=5,
6a8499005dbd7dc252890f11,e0b3c53325693cfc13860ceea91af64c882d1ba2a9fa70a07f8bf10f0d6a88f8,0.95,2026-08-18T17:40:16.563970+00:00,"This incident occurred in Europe, not India.",Outlook India,ai,"Europe Records 10,000 Excess Deaths Due To Heatwave, WHO Warns Of More Deadly Weeks Ahead - Outlook India",https://news.google.com/rss/articles/CBMiygFBVV95cUxOdl96YzlQNjVRSXluWnZyV1dXb3dFTnB3SWFSRm10UlRvS3N0RmtOdHFobTh3UHpIUWZ6TEdhNzIzNTdORVk4LUxZc2t5dFlUd0R3eHRCVC1tcFVZZ2VjZWRRQThEczhWYzVxYWNNYXc5bEJZY0M3MUY4YjZVUmlRNFIxSW5VYXVkLVJVNGxnaXUteGJqckRuVGN0YlFNUXQ4cFVXZi1DTzNWMDZIaGhUNE9zb0tIUy1Zc0lqaGJ2blJ2ZzFqZDBTX21B0gHXAUFVX3lxTE5vd0NoTkdGLW9zVmR6NENTUVlOdy1jVTRIMlcxaWRtNnJMbGxlbFhPaHdLSmxpSWRwTnM4Z2hGUWlaYU51YjI5elc5UVUwWDF2aUlaRGFLcVktSFZsay1pdWdvd0RqcDA5NUhhR1dHOEdZeGJCWmFmUXA1ckxhaFd1TjlycFNtMEc3MmIwdzkzbUVFMTNYZVZhbEpnODRteXpWVVlVc3BsZDNTb1NURTByVUNPeFNQd2dQVEd6c1dPbldYV2dUWFJsdThHeWF4NnJJN3dZby1z?oc=5,
6a8499005dbd7dc252890f12,31f9669bbf4d28f4ecbdd303f7b29dffa3a79ae65cf74d4e5c0547e41e264878,0.9,2026-08-18T17:40:16.609719+00:00,This is a report on a study regarding long-term heatwave trends.,thewire.in,ai,"Heatwave Intensity, Frequency and Hotspot Extent Have Increased in India Over the Last 26 Years: Study - thewire.in",https://news.google.com/rss/articles/CBMi2AFBVV95cUxQRC1JS1pWX0dRWFY5WDVsQ0lGWkhrSXJhOGJHTzk5ckpxS1pKMlNKSS10RWdCbU5qTmNEaHhIWktjVmJOclVqMFA4QzJtcGFyUDhHVkZlQjZFUjdKT0laY0RIU3pQTW5rZFdaaWZLN242c3JibVZMRktpcG9sX3UxTnhFeFE5cHdNZHZ2dEtNNndEb1YzazM2Q010WXpsUnhXYUtmNE84cFBjU1MwdTE3V05FU2ZzSGpLSFdFdUNCSWxkQkxrVVlhX1ZiSmNaRklFTGoxR28xc0zSAd4BQVVfeXFMUGFpMm1LdzFrcEpnY1NGU2FmazNlX3ZtbHVlakhZZjJBbHdDWWNQVHdTMVF1TmtNc0JBQ2dISGR6WnZEWlNSdkFodUFqbmJXNGtDVzNDTndmN2dtd2tNb0x2YnVEMW91UkZnS1VJVjUxNWdYQThEOWVQTlJQcEx1UklFYnN4ZkxHbDNYRTdQV3ZqaDNuMnNjVExhclVsc2dTcWFXSTZ1bnRFZDFzMWRqbURldUoxNzFzMWFJQllIZHpsSlZsY002aU9tZ05WYllzSG92dnBBZHlTNEZsOW5B?oc=5,
6a8499005dbd7dc252890f14,b231e278ec8b2835454776bd822fc9c5da9bec355bb84b0b5ab83dad76208c09,0.9,2026-08-18T17:40:16.691727+00:00,This is a report on a study linking heatwaves to long-term health issues.,Health and Me,ai,"Heatwaves, Ozone Pollution Driving Heart And Lung Disease Deaths In India: IIT Study - Health and Me",https://news.google.com/rss/articles/CBMi3AFBVV95cUxQN3k1MlJWd0htci1LemZoQ0xMTDRCbUtDQVpwcTgtVHMyZ2UtajloMUpXV2k5VUd2RVE4dnd5NldVX05jTkZvWHdlOVZWcFJjWFNFZFJnSng0X2xhQzNoRVhkM3IxSnI1MVExS2UyZm9ENnE0VEYyM0I0Z0RxMFBBbWlWeVhJX0RwOFE3cHdFcVFERjBnR1ltWkU5Z1FPOHZVNnRrNUo1NHdDV180SjRpekNScFlycW9kSUpCSTZmdm9XNXNrTjZQdTJJTV92R1F6RTBmLWI5dzEwSEVJ?oc=5,
6a8499005dbd7dc252890f18,9a72fb07d4a7359b67706d90a9d10a3a21fa0d116976de122b850e670c8f01ac,0.9,2026-08-18T17:40:16.856150+00:00,This is a retrospective review of extreme weather events in 2024.,Down To Earth,ai,"Extreme weather events in India 2024: Heatwaves, avoidable deaths and an uncertain future - Down To Earth",https://news.google.com/rss/articles/CBMizgFBVV95cUxPNFlRV3V3UWM4dmhuSUl6UjNLcjQ5WXRjaU0xc0VtQ19TTElIRk5LQ1JNT3daSFNyZ1VQX1EyZTRpTkh0aGdwRGUzSWIxcmZVLVN0OWV1amFzNGxIQVlvZlpVLUdNdEpOQ2I5QVlLX1Jnbi1mYTBzYTJqMWZEWkhTVjdBNG9HLXFaa0tCd3VHZ0FMUlZWY1hESV9RRE9NYmkzZkZzUXBCQmc4eU9udm1xQktkX0p1SlZsRWoxRUx5Q1FWLWItRFdBLW5rOGhVd9IB2wFBVV95cUxQbE51MWVzV211YVZXeXl1aXVvcEE0eWRDVE9KVXAtbXItS3BuMjhadklEZkdHVGdyYl84VXlrams5alZGdzlQel9fZDdaZVZnSkUxVUJWSnpDalBISzQ1bDYtamNrc2lCblNNTExBSVdTb1pnZnIyZmFrakNXSG9acDZrR01yaHRPUEFEd1MteFZMbnAzNlBoaGxfVHlQS2tjWmw3VmJwT096SGVqS2ZBbFJ5Z3h1YTNraHNPcUE1d1N0VlBwemxpTUtERmkwdnZYV2FPRk9FZjlhX2c?oc=5,
6a8499005dbd7dc252890f19,193bc653a17366c1a2bdc112c14a5fbda19034a380fe606b9d76e420df1d1989,0.9,2026-08-18T17:40:16.893514+00:00,This is an analytical article about recurring heatwave patterns.,Nature,ai,India reels under a third straight year of severe heatwaves - Nature,https://news.google.com/rss/articles/CBMiX0FVX3lxTE5zVndMRExXX1o2SUxicTNzVU1EZy1ZLWw4aEl4dEd1eWI1dFV5STZIbnQ1UEVWSHV1X1JDS1VCcFdGWlJleGVZOUVhM29qcWF0bks2dXY0Rzg1Q1dPaEVz?oc=5,
6a8499005dbd7dc252890f1a,dae7b8ab6bde4c6db81e3b6999b2b5dc4bf8f113696df8971fd5e684146e2fe7,0.9,2026-08-18T17:40:16.930948+00:00,This is an article about the challenges of data collection regarding heat deaths.,The Hindu,ai,"India is likely undercounting heat deaths, affecting its response to increasingly harsh heat waves - The Hindu",https://news.google.com/rss/articles/CBMihAJBVV95cUxPeEstV3FGSlZLOWxTdTBpdHNieFBLckloNmxMUzZjR2JONFoyRVIyaUhuWUhOYzVGaFFTVW80dkpMTU94Sm1fV1FnWWRwNWxsRjRHRzZDSUxBT05BTXF2V01FY2NVaVBHb0xTZkdEZzhFSDRCRGhaaGdvbVpvby05ZjZvZHY5eDdybDE5TEdUUzJobFB6WjI2cG1EbUJYVElFZUZIMmRpSTdDQzlHazkwY2g3a2owZUVBeGZWYzVqX2FhMEREeDc2elRZemxiSUN3Y1FyMGtYSEZhR1VaWnRJUTdOWTJMVFFFQV80VTNPSU11UUdmMVowbF9yYVhOS1Q5dVBZOdIBiwJBVV95cUxQSXdnZ1I2dWEzYVhqTXFEUHZ2cnlJRTM4dVBJaGl5RHNoTzVkQVplcUdpSGpuTDF0Z3ZCYXJBWndlM0o5UTFTLWRTcUNJeVJBVkF3VkphQy1qYnRIQnBiZUQtcVh1cm91cE9iaWI3VzdtQmFLM3pwWWNzN0VXMUVHVHpzTWN5UzVlOENiNzdVMVdiZGFCVVVSbVBGd2k2WHFKakZaSjFzMEtTaXlyUXNMYlkzTE1TQVJ0WVh6UmU5MzRmS3UxNG5VYU93MWZJQkYxMmlLUGtFT2tBMzQtcjJ1LWxuMTYxRnVsTHhuclpneVFmWEcxOHM2TkFDYzBIVkplQk50dGR5SWc2TnM?oc=5,
6a8499005dbd7dc252890f1c,af3306dfbbec5bc9f3cab4f56b8d25b88ca86f3eca42b0af7ddc8044af4e68bf,0.9,2026-08-18T17:40:17.021819+00:00,This is an article about the challenges of data collection regarding heat deaths.,AP News,ai,"India is likely undercounting heat deaths, affecting its response to increasingly harsh heat waves - AP News",https://news.google.com/rss/articles/CBMitgFBVV95cUxQVFpyTnBTWWpzRXVlWDY1WGtNQlB0aHNrdUgzR3hFVDlKQnBqaFJtVkpyVmE4dFZiYnc3Xy1hVHVUQ0R6OEx4dmgxSTZwTW1ZMWR1cF8wOUxpTG5neUNZeUxSUHU1VWRoMHZ4SmFUbDlWR3FUQV9MdTZJa0taSHpVM1poYlBvZlNlcGpxc1piMEZWRHh1Q09YLTUzMmE4TElCaUtfNUllNXVCOWF1LWNzOFB4Mkh1Zw?oc=5,
6a8499205dbd7dc252890f21,7d63ebdce9509c179f441dd712c3e261324eba98a838891e108d3f519742df5c,0.9,2026-08-18T17:40:48.393995+00:00,"This is an analytical article about climate change trends rather than a report on a specific, immediate disaster event.",Health Policy Watch,ai,Climate Change Driving India’s Unseasonably Severe Heat Wave - Health Policy Watch,https://news.google.com/rss/articles/CBMiXEFVX3lxTFBtZElhOG9KdGhZbVFrRnBGMmtZY2d0Y3ExUHdLbTQ1STNpeTNrRWZ4WGhxQUxCWmtsYVpNamtOOFFCTmpPZ1RObFRpWXNNRXhxV0ZvdEJZUk9MQUVD?oc=5,
6a8499205dbd7dc252890f26,2406ea44d584994d3e4dc1b21d1f74a44fb61b952251277285bb94b52acf4a15,0.85,2026-08-18T17:40:48.608182+00:00,This is a retrospective magazine feature on the 2024 heatwave season rather than a breaking news report.,Frontline Magazine,ai,"India Heatwave 2024: Deaths, Crop Failures, and Economic Impact Highlight Climate Vulnerabilities - Frontline Magazine",https://news.google.com/rss/articles/CBMiygFBVV95cUxOY21GX2thQzcxZHVSWUVzZzdtZjBzR3loOHZTLXBOS2FsSEY5TEpxb2JsZ3JTVVRtNjdDZU93VFliNUZlOEd2Y25meTNxczVEY2lzeWJ2TDQ2YzVTUFdTT192M0I2OW5GTUUxbkZYdURnTGE5N2pmcWx0SGhSc2FScGlGbmZQX2l6cmJoUkZmMHhnQWw3cGhmMW9NNVh1RnRDVmpqOEFoRU82c3RjcTJFbUZlTEFETlZtQ1M3RkNUdDMtN0hDczlZdkVn0gHQAUFVX3lxTFBRR0xBSm1Bd2J4cWtHTGNTaGdoOE4tZHRJWEhUZ08ySnpfaGtNQVZYV25OcTFuMjJtU3dGNGVkWWdXOEpXNFFVTVBmVXNvQ3c3LTE3MFdHMWNBSGl5R2RwdmZMVmI1YnUxU2h3SkhOZG9neGpvbUVYR1E4bTUwcFlubVpZSHNpUkpiYlBKSlRHMGlIOHBNSXI3TmVNTkVGcVRiZkdRazVJWUhabW9TdnF4a1BYYXFFY1VOUzZ1bDZKczBBaFpveUxtRC1GeF8zRWg?oc=5,
6a8499205dbd7dc252890f28,dfff19282c8ee82f42d771c29fa35811357093ec4130932a2c3aeb8021f40e1b,0.8,2026-08-18T17:40:48.674263+00:00,This is a speculative/forecast article about future climate risks.,CNN,ai,"Extended heatwave in India, Pakistan to test survivability limits, with temperatures reaching Death Valley levels - CNN",https://news.google.com/rss/articles/CBMiiwFBVV95cUxNQ1FYelpTWndfN2RWOGdVVDFnWW5oQ2FqaTF4Z1JzMHVIMVJETy1IX055NFp4ZGI4a2pGam4zQzU5NXJVNEZvcVdYYnAtN2Z1bjlBRDVrMkNZck9CeWRvLW1hOGVrS1lYWS1jZnNLRVlzVGQtZVNwcEd3cWNCclAxMWVxZHpBMEZjb2JB?oc=5,
6a8499205dbd7dc252890f29,b8bdbd716299791521e864e1ac4e05356be6472ec27e215a801c51ce8d92d8a6,0.9,2026-08-18T17:40:48.714443+00:00,"This is a fact-checking article regarding data discrepancies, not a report on a current disaster.",FACTLY,ai,What is the Number of Heatwave-Related Deaths in India? Different Government Organizations Provide Different Answers - FACTLY,https://news.google.com/rss/articles/CBMizwFBVV95cUxPWmw4MnlRbjlCTlloN1huSWNSaVRLaXhrbTRJT0d0NVVneDF2OXdabkp6RFFRX3lVeVppNXUwNFZ0dW1rZ0oyeGJrQXpoT3pvamt5OWlNbEF5c212STJ2YWxMYmJoNG5MNDVzYlNfWkhoTXlFZHlKMlZNNU1NdzdfSVdDanJfZVR0UDlQSzVPMEhQUnNzRW9OVFpVd29uSUREVzdwVXczaTdKRFE5U3d2am0ySnBhRE45OTRjRWxMeTRySjdkVml2RzZFcmFLckU?oc=5,
6a8499205dbd7dc252890f2c,dd1c402add87d5405b40de563131d83086ac6febfca90b3be1a7922022ed8dd4,0.9,2026-08-18T17:40:48.826225+00:00,This is a historical/retrospective article from 2023.,Smithsonian Magazine,ai,Extreme Heat Wave Hits India - Smithsonian Magazine,https://news.google.com/rss/articles/CBMiiAFBVV95cUxQUzlsWWpjY3l1UlIzYXJXMkwzQU9xWXp6clN4MUg4RkFFcHdmWUdUTkJ2MFZOXzJrOXYyaUwtbXZpdzZuSEFZZjI5blV2VV90NUNBejRkbG01akQ3U0M1ZkxrQ2JZTHBkZURETjkwSFlVdmF5RkZaX0doT3YwYVY5eERoTzBQa1VG?oc=5,
6a8499205dbd7dc252890f2e,6e075f1320a6017b80839a81f27dce8a2bda77139a9a2a4a39e246c263833713,0.9,2026-08-18T17:40:48.903310+00:00,"This is a research study report, not a report on a current disaster.",India Today,ai,Cold wave turns silent killer: Study finds higher death risk than heat - India Today,https://news.google.com/rss/articles/CBMi1AFBVV95cUxOOXQ2TXRrOXZHWkdSN0x0Z1BWLXN3UHVaaFctVkFObm1lcjFQR1pUdmI4V1pldlJPejlBM3ZxQ1hQeHF2aWZVUFctNlNqTHVXb3FLU0Nxakl1RzNPTVVtamh0MVpjaTNZRGJHaGxZM2FicHdvUlpBZzJpeHNCLTU2X2lUZW1iTXBTWkFZZDJLbzd3ZkZPV3hsZmNwSEc2aDVrd21PMDdGS1kwMnIxWnF3d09ISE8xUmNXOEM2eTdTN1VvWU5TTlpQaGQ5aldra3NEUlBqX9IB2gFBVV95cUxPcVdNdWZXdm9GaFIwcW9RSVE5VEVqWVFVeXVrdVpGU21GdDNSM3dGS0lCeTRxdkhHOUxreGswNEtwS3VDVTJicWlybWdMXzFZVy1BOHNOMlVYLXRWaDdLT3MyUG1XV2VXWVNkY0RDNXE4b2YwNmZ4TjVheUp6d1Q0Y2FHSUNTeFA5VGhfZEpMQVVBZHhoWGZNVDJDU1puc0lxeTgwQ01JUS1OV1QwczlRdGFyMjUtdFpmLXdmREcxSm9hR1Z0NDZXRnhSOENwYnMtWktCd2Y3LVZJZw?oc=5,
6a8499205dbd7dc252890f2f,11f5d0cafded3af3ea335b9b82caccbab5402f04d29c035bcc00ae0e5bc1124d,0.9,2026-08-18T17:40:48.938089+00:00,This is a retrospective report on 2024 data.,The Times of India,ai,"In2024, cold wave killed 168 in Punjab, 26 in HP: NCRB report - The Times of India",https://news.google.com/rss/articles/CBMi0gFBVV95cUxQRFJrTTByRzZOdzhmekhyTzRITTNwbWdpUXBGNFVCS2k3cXBrV3YzWnNYQ3NHSmpVSDJHclJxeE9IcFV2cGxlOENUcS1WTFVHQXR4b3U1cU9xU3JCdndaSjJqdDdycEhRNWQtLXZuMXd6UEhSY25Yb0dneXRPWlhDb3E4aDJPa3BEcjJURm9NOHhfcTlZU3YyRUlnNjV5bW0wOXZweU94NXNZVTZDS2xrOWlGMHRaVkZiRk5mSE50eXVXSmpSQWFQUXhhU3QtSVNPakHSAdcBQVVfeXFMTldVTWRxelp3T0NaTXJ1MGxKa1o0U2dFbUJTQVBjZk5OdDZDdjlmanc5cGsta2ZJSGxIbWVkRHRwbXN6Wlg4a3NwNldkOXFhb1hTcERKNy0yS1pEbnF1bFN1Ym9GNVBHWHM1X0wyemJqNXZTVnB2a1dyN2tUUWNWN0otX08yY2U3MlBQYjJRWVlGSlAzY3Z5ZWpYYmRvdGl0MDNTelh3SUhIYlQzSU1OV1hSUWZYeFYyem82VGlSdEhzLUFwYnNFMXgtSjE3SVBUSkRJWDFvQzQ?oc=5,
6a8499215dbd7dc252890f31,1756271a4c584a01c7d5cc90d1bb27c67069612ee88eb2147e1f8526b75c75ec,0.9,2026-08-18T17:40:49.492468+00:00,This is a report on historical government data.,ETV Bharat,ai,India Registers 10635 Deaths Due To Heatwaves In Last 10 Years: Government - ETV Bharat,https://news.google.com/rss/articles/CBMixAFBVV95cUxNSkdnRTdTRExoc3RRWnZvejVaUU1BRk0xUG9GdUF6RDdCaTdFZ3RGWWhSYmQwUmV4ckVWclJmR3hJam9KQkZraTh5SlhpeXAxU1RtWXQ0ckJ3dTIxR3Zua2RZT2t2TnBCTm1tVWJ2UjhIbmJCcVB6YTJpQ25vUzNGbms4VFk0d0VHbUFxZDNPLVhiMDRqeHpUOTBTRklDMVZaZ2xyTGFKamNHbU5oMVFLZDhmSDBRWTh2RFBCREk1VVV6Y3ln0gHKAUFVX3lxTE40Z2dObnl0Njdzb3JiQXZra2s1NDRRWXZmdzA3Mm94TzhUc2RuMFdjSm1PZTBySHdKeHBHd1ZVZFNHNjlEUDlKWWk2aVZUVVROWHNnTDVBemdmcUh5eGJRWXpXMC1DaVlRQXhCT2sxeWVUd3pzNERxYTNReTJrbGgtbWZuU09TSVlhS3R1SkNTM2ppQUhhVEhySUtVRHBGV0lON09ySm1pSVg1M2gwdUxoN1ZnMzhHelVIV0RXN3NYVFNlbDlPSkdUV1E?oc=5,
6a8499385dbd7dc252890f36,b454ba8873ebfb5eb6a6ca062e35d3c95b6b15a54e187ec12932997287a6d3d3,0.9,2026-08-18T17:41:12.786464+00:00,"This is a general analytical article, not a specific disaster report.",Mongabay India,ai,Wildfires rage amid dry weather and heat waves - Mongabay India,https://news.google.com/rss/articles/CBMiigFBVV95cUxOOVQ5SzNJcFZ5RkdBc3NzUEFFY0tRbDN3ZWY1WE9lc3k2cFVhVTVfRFZQWUtBRDc2Z1JoaU1QNzdmcjdKQVl0X2xuTjlBMlQ2Y2dJN3ZYM01aYVlVVWtvMGc4N1JlTW5QUURZQTdVY0dCQ1Z0eFdpUmRUM2NuT3FtVTlJRTRmUWRJRHc?oc=5,
6a8499385dbd7dc252890f37,e296e30f7a4b24fb265e4fad22193ec67daf9304f8bf3eea78576e5896940f44,1,2026-08-18T17:41:12.977727+00:00,"The disaster occurred in Canada, not India.",The Narwhal,ai,Osoyoos Indian Band plans to restore wildfire-ravaged forests with native plant species - The Narwhal,https://news.google.com/rss/articles/CBMiekFVX3lxTFA0NVVZb0oxWmpNamhHUVljVUZmNDlib0drcGVPcWhJWXk3ODV5QVpsckxHN0I2SXZCVU0xd21WQ2dyak0xSWRqU0dObExkMmZRTS0ycXhJNTNDaFNHNEJsOEpuYnQ0YmtXN3JvMVVkbmxyeWU4MnZkdjl3?oc=5,
6a8499925dbd7dc252890f42,6a0efee444becd9cad2da75c9c3a0241a8afb8dd7e77431506351dda985f5968,0.9,2026-08-18T17:43:43.743898+00:00,"This article discusses administrative follow-up actions after a disaster, not the disaster itself.",The Hindu,ai,"Saket building collapse: MCD drive to identify, seal illegal structures in south Delhi - The Hindu",https://news.google.com/rss/articles/CBMi4AFBVV95cUxPTDZYQm02V050RTRBLUFWLUxIUGVzTWN4OVJ6eWpVVTNJQkVfelltM21iVDk5WlRQNVFZVG9Lb1hXOG1yV0RNeTNRalRSd3BGQ3NPOHgtb0FJeGNFN0NwbV8taU5RSmloTllUaHBnZXVUNEc3T3dfaWI2b1hsU2FNOVNDZFNmZWJibm5xVk9NVmRnOTNtdkxZcGtRcUEtMXVQMHdLVllyZFNqZ3dWN1lDZWY4NDM3UEpnT1Bub25pX2dnME9hTTNoVFRFWDB3YmM3eHdrRlp4ZW5FcGZpMC1tUdIB5wFBVV95cUxOOGFvcjFzWjh3ajFJU0cxbGxsaW9fZTJWVlFaTlN2UTV6MExVaEM0UlZHb08ycmJuQ1NtWE1BbGxsWVp0OFVPWXJzYkcxN1NwTU1QSHhydjJMMWd5ZGtDWlktdlhRR3FEYmF4OUx5X3A5eHRmM3g3RVA1ak9uWmVsUTNkMVZsTlVWQlVZRmxVbVF5RVNDSk9QQW16UmdNOF9aWG1nQ2VzQXctTXdPUk5LWnZJNk9GNHg1SnZqdXpJU3hhcVBNV0xiN0R1eFNWVXFCRnpKYVl6TktJb1NkOGlrcGlCejhFT1U?oc=5,
6a8499935dbd7dc252890f43,8df355418ae00e2a5c77608a1fa79f61e12a3fb381d210c8729e09d5538342ea,1,2026-08-18T17:43:43.800164+00:00,"The incident occurred in Saudi Arabia, outside of India.",The Times of India,ai,16 Bangladeshi workers killed in Saudi Arabia's Riyadh sofa factory blaze - The Times of India,https://news.google.com/rss/articles/CBMi5gFBVV95cUxPZVJUMF94ZWd4cWNsV1pabE1FTWtZdFlmeHl5a0ZjSVNvV1JHeHE4TjRtTGpyM0U0cjRjMXo2N3hxMEZDSU5CMDV1RDQ1U2RLZmVrU0xpbm94VzBLdzYtVUo0dDZYalZBSVZiTWVSVW44OFNVVGdHbGlubndnQ3VxcE55aFF1MHp5NWtadTFRdEYxamNmN1FPWFJvVk9WVkk4QUl6VHZvSUs0Y3pLM3h4NUtqQ1RZcGN3bVd1UHFpV2x4eVRoRTRVOXZmQWhHbHNxVEpRZHZUUTU3SmVsX1NzTTlLTmk0Z9IB6wFBVV95cUxOQW9MVmNhbWotRTM2akNDS09hNXZ1c3g3TW8yX0lCUWJPRldCNGxLd1hpUm9oMDNpZUIwVjhVSkFaUTk5TFBCT3Q1N0VkaGpnVnNNWENjTElZMjFwUGdIZkpmYVhzQzk1aTNUMXp0OXpNZjN4MnNGRGpiOEFQeFo1TmZFZUk4cXhUdl8zSGczT3daUVFYLU5ScHVNQWwtNm81dFpzMHE0UVVmVzhaOFVkVkVGSmpfU2U1aFJNZ25SWHRjUkNxU3JxeDU3LVZyeWhfNUtSb24waEp5TGdvTjVZX2xmemdzRGZ0VVJ3?oc=5,
6a8499945dbd7dc252890f48,b60b8125460da1695adb28f26e95cb0aacb53f2cea91e9202c1e2df191820cf2,1,2026-08-18T17:43:43.982113+00:00,"The incident occurred in China, outside of India.",The Times of India,ai,28 killed as massive fire engulfs China shoe factory; Xi Jinping mourns 'heavy human losses' - The Times of India,https://news.google.com/rss/articles/CBMi4gFBVV95cUxPdWFxY3VWcFVIOUJwVy1qSWhKSXJhTTgzT3NSQzdUcU0tRkdSTllKR3F5ZmlvVGpRSHVneU1DOHNCVDhhY3VYUlA0WnQzTldYSUk4ZE5KeDgzU2MtOEt0TU9kS1ZoOTJaaFByU1lwd0x4enM3Zl9kNTBWdTVqN2pmdU5UTlpTQWNUbDlMVm9KdjNiTjh4eXYtMUVDQlpLaEJWOU40LTdMaUVTZ0ZLRUkwMGxMSTU5WDlxekNIcXM3TUR1NzRVZTNYQi03RGplLW9qSGVRUkhkQnktRlVtd2FOMmtB0gHnAUFVX3lxTE5mc3hfaXdrdGF1VGlmQm9VeUZ1c2pURC1KNjFnN2JLODY1TXlVU0czVnJvRUtsdTFFUTBCZFJKcl9tU0VpNTQyV3BKSzlWVVRINkdScVl3RURlNFJuS1lYQV9STDhsVjJObEZHY3UwN2VmamxSVFV1SGRTN093RjBydlZrQ0NrQ0NsTzU5REQ5QTJkdGhKc2pzVGJDUEQtLWxGYmUxb2Fic0toQXlYNlpxLTA2LVRmaHktN1pQaUZkVERZUHEyRnNEY0I3QTd2cW9IVjhaNTdzTzhhYW5ZVXR3M3ZJcmxXSQ?oc=5,
6a8499945dbd7dc252890f49,075fef9942ab09462670018b60133152cbf2325395d2b4fe82a93074b12b1adb,1,2026-08-18T17:43:44.014420+00:00,"The incident occurred in China, outside of India.",The Indian Express,ai,China shoe factory fire: At least 28 killed in Fujian blaze; rescue operation on - The Indian Express,https://news.google.com/rss/articles/CBMirAFBVV95cUxQY1d2ZDk0ell2alhpV1FrcXJSNDlSZWdDVU5YUFJWVHBCbUcyd0dVekZqeHc2d2FtNmZBTjZZNnVxV2MweXdBX2JaZXZjTWVIYUdfYXV4WnAyYTF4eFV5Rnc0SHZjbWx6V3lNMVZHWDRHVTRuWTk2Qzl5RzdodV9yNXRFbUVmQlh6NERtcFJ6RnE5Y19fTXVJajg5TE5uY2pWb29aTnlCYTFYZ2Fh0gGzAUFVX3lxTE1za09RNVN5NGN6OWF1X0g0RUZaNEJ2a2xNWS1zcTFjX05aRUUwTFdxSUVwcFZESjZkQlRtUlh4c1I4MHN6X2RtRE56SkJmMzlRdE02OE1BUjVoMDBxc1FBbDhhZDNObU00VnB5TnFEMVNhMXZySGw5cURPbkh0SkdkOXpWZmNFNXlYTzBLaF8yOWZ1N1o4TW9IeXdFOE9sWkhUcXFfS29UZW5Ka2dnZjY0Nnlv?oc=5,
6a8499955dbd7dc252890f4b,6500a447a59f194bca89087ebd100e19897fa2ee7057c501f12c7bc87c0aff5d,1,2026-08-18T17:43:44.082830+00:00,"This is a fact-check article regarding a viral video, not a report of a new disaster.",Deccan Herald,ai,Fact-Check | Viral video of fire at Delhi fish market shared as ‘Indian drone factory supplying Israel’ on blaze - Deccan Herald,https://news.google.com/rss/articles/CBMi7gFBVV95cUxOTEl5MWVRSXhTcmlnQl9CUjJzNVBFMW1kSExxSEcwT054a1BMam8zWktQYlo4Q1hfUWdLUWMySXRsR3M0Q0JPd2x6TEp2QkMtaTY3NE9XT2ZKMWlVVUx2STNOaHpBNUZCQXAzdWNCaXZrdzcwUjF2Wk5kelRGSUFMZnktX0sxWVZveV94c0dDTGtWcGx0V0xZNExwbkZuMWxmTloxZlhjVUJKc1dzYmxPTWVPWjdWUDJxeUJwRkZ0U0FJbGZxSE1rT21mSVJZY3dhdzFJOVhrWXlaSFNtV0ZfVzBDblpfTkV0ZFY0R3lB?oc=5,
6a8499955dbd7dc252890f5c,a6e5e77ef6941dcc442cbeaa4cc56e43d5b9df942d74370e1a11851ccfaec1a8,0.9,2026-08-18T17:43:45.753359+00:00,"This article discusses administrative disciplinary action following a fire, not the fire itself.",Telegraph India,ai,Kolkata factory blaze: Senior fire department official suspended on negligence charges - Telegraph India,https://news.google.com/rss/articles/CBMi4gFBVV95cUxQM3BPRkVsSWl6ZmxtWlNJN1BMODQtQjB4VnVwUDdxcVBYRFlpbGdRX2lGczJ5cmZub0VPcFB4QWhGVFRrQmZNZlBXdlV6cVZQM3JNOFhRcHhSdF9QLW9LNndRVGgzdnhtQ000TDZoa0l4RTdYdkFVOU9vdzF6UlpyS2hNeEo5WEVKbUJnS2VVelhtRDM1OUtsRVVTRFRjWnV3UmJyTmx3Z3dwTmtOTU11cUtvWE1sVk1naktjbFB2M0E0NFpRc003U3VxNTBnU3AwU1YwQXZwRGNwbDViaFJZYXRn0gHnAUFVX3lxTE1BbmFIYVNaajRvQ284Nmxyakhpd0tZR1Azc0tuc211NWV1T3dzZUhseHgwRDQyd0dOcWhpOXh5aGU3ZmRWQ0dmMUtaM24wRkQ3UE9RQkZUQWxUT3dJMDJUZ3VySkJTbVdZM05ycEkwY2dneWo2ZUdJQXBWeGhxa3ZsU0xyTmVDaTBWdFN0a0RTZC02SjFlanVVXzZHY3hsOUI1UVBWOHpZN216b2RVRi1icjBRaVZ0U2NYRWthN1JvZUNTak92Uk4wNDE1NU5GX2dkMGgzN3JUTzh3ZC13MGQ5WlhaLVlhVQ?oc=5,
6a8499a25dbd7dc252890f71,72887106ddcfb0af0542afff90ba8c42167e80f284a4b0b51b2617f1bce9f8a1,,2026-08-18T17:42:58.105977+00:00,no_india_location_or_context,IQAir,local,Indoor Air Quality Alert: Indiana Flooding - IQAir,https://news.google.com/rss/articles/CBMihAFBVV95cUxPZ3VvNmdRN2dKZFp0U2VGLXc2RHg0alp0WC1kelFuQzkxZDZCUEFmLS1rbUV3bmR1YjNCX1VDb3dPYVB6bkNqaEE1LTUtbG8yRUFzaXg5VVdERmI4REdCOGxUR2ZiTlVzcFZ5U0RCeWEzaDF0NGJ0ejgyeTJoYTBvdmZ4RXc?oc=5,
6a8499a25dbd7dc252890f72,3a6fbff781906c349823aadd7b622a1c67c15c4efc9ac89772edf6b21510c594,,2026-08-18T17:42:58.165198+00:00,no_disaster_keyword,The New Indian Express,local,Search continues for two workers missing after Chamoli tunnel accident - The New Indian Express,https://news.google.com/rss/articles/CBMivgFBVV95cUxONm5EODZ0aFlSdkxxVTRiZ0o3MEVZNGU1M0RoajN5b1ZYRXdoRENfa2pTR2lteTItUE1EUGZMd29OMENRUDdYT2dINVpmWnQtdkxxU2xPX1g4YTlLNnJ1TDlVSGZQRy1nYmw3TERlRDhrMU4yeG9Kc0UyUmNRZ2pEam55T1RsLWtRV053bW9YTDBJMjFQQ1J5YUtMWWoyOUUzMlpRM0ZoZUdDT25HMVNOekZ4R3hGRkNPelFMWTd30gHLAUFVX3lxTFBCVE1EcEtaSmtrOVBMT2sxRjU3S1hEWGhWUldzUUNxQy1yU1g2V1BpRUNlUGZIalJPUXloSzlzRmtaaWx1Y1phY2stRUw0clNBYmYtU0xmdTBTQ3JEN3Y4eTZuOHNHNWt0aDFxbW5KWm9kaHhYdEJHdjNJbWk1SGhNblRnTU02MG5DWGFaR1dfWUFCbm55Q2ZJOTVBaXpUV3MwandiRU9Vb0tHWUozcFR5cUNrUGo0QTA4cnRqbk81M05IMGtlT0Zkc25n?oc=5,
6a8499a25dbd7dc252890f73,35144ddb42dfc3edc4193fb9cf864d7276a9205475bffde9f6b9bf72e289bec8,,2026-08-18T17:42:58.231573+00:00,no_disaster_keyword,Al Jazeera,local,India’s severe monsoon season causes more than 100 deaths since July - Al Jazeera,https://news.google.com/rss/articles/CBMiqwFBVV95cUxPZHlPR1JvSlB5anNILTllOFgyNE4zb3BoQzFpWFkxQVJvU0lzaVJoYVRqelN0dE9seklUeDlmZnBkM0JrSS1ZVENxZzAwbUEtR2Z2dWxUR2J2UWNyckFKMVM0ZHp5b3RfbTdiRnZPMkpITFdQUTB2SzEzempISXR1UlhtVnpzWHRuWVlFUkxxQ1NWdGZwSFNFUnp6cFpxWjdJOUp2WmVFX0NyQ2_SAbABQVVfeXFMTmp3Uy0tSm0xZ2plZVVsYjM2cEItWm5URTVEUFl4YmlfSnNHXzN0VjN6SVJhQl85X2U2VkRZZXh3YkJxX2RrLXE3dlpRdkR5OHNBc1VaR2lWSWtvNVJ1RjBWZUxYVkplSHhhTDkydVh0NTJwTldFSmlyN1NVcXlHeHRHbzN1V0RuTTZncWo3VkNKUTFYUkR1SEQxTUxVMjhLZWpKcjA4M3hEZnpxWS1pcVg?oc=5,
6a8499a25dbd7dc252890f74,05bb095e4f5f927045f47e726fd905c48db7181563c70143edb1abf8e65af4c5,,2026-08-18T17:42:58.288488+00:00,no_india_location_or_context,geog.ox.ac.uk,local,Rivers don't burst their banks on a schedule - but the world's flood maps assume they do - geog.ox.ac.uk,https://news.google.com/rss/articles/CBMipAFBVV95cUxPMzNfUzFVX3IyMnlZd1NwVTU5TmtCQWtWVmJNc3FjcjlXSVZrVU03dUVGQWpiUGFPdWNmMVZJMDNKSkVrMC1icnprQllVakdfUkxSMy1tYnNLa01POHpNdGdfcF9GWktQdzh3M0FMajVZNEItLXRIbU96TGNKR1VwMDc1UW90RkVOdDNVZlBvcURMZ1luMGlLTzZZTFNLclNxbnpmZg?oc=5,
6a8499a25dbd7dc252890f75,5fca22bde7d1360c4bf3df1d261e3586830021312db40840549ee6fbc7b82ff1,,2026-08-18T17:42:58.340921+00:00,no_india_location_or_context,assamtribune.com,local,World Bank warns Pakistan over misuse of funds for flood-hit poor - assamtribune.com,https://news.google.com/rss/articles/CBMisgFBVV95cUxOSW9BYm5FdGYwQUJIdDYzSEVEaUtUMTJ2aTZLR1hWYmJPakdPalNXcV9pbml6b1JIdFJGamw3dUpXeFFxRHpXMmdYS1JoUDliWG9WWVdvOWlULTJmaTFCYm50WmZyN0ZEZGU0X2dZN2Q5ODlUenAzN21JQm5QcGhDRl9MUm9oa1l4M0Z1Q21wSXV2dVo5bFdEUnB0YlBhajNyOUowcUxTWjUwa3ZxWmloRGVR?oc=5,
6a8499a25dbd7dc252890f76,885f4147eb950d2f76cda5f60b03d4655aa986624eeb9c7cef24d5da1d4a871c,,2026-08-18T17:42:58.394473+00:00,no_india_location_or_context,Down To Earth,local,"Where rivers are denied space, floods cease to be natural events and become governance failures - Down To Earth",https://news.google.com/rss/articles/CBMi0gFBVV95cUxQUmJqYVVNMnlxUTJBU3pfdEVHSFZ0MGdTdVhYckNDcnZTT3IwODVDY1NEMEFyLTlCejAweU9mLWpNLWdlUC1hQngzX1NlbEdPLV80LVdMWnZaNlEtUVJSd3JBTmpadno2alZOcmg3MmRxSUFYQ1lBVTlCUXdkQmpjVXJhVWoyZlVYSzNER055LTlwekpMQUtJYzk0UkJXQ1N3alg0T3g4OXlkTnJjYzBEY1hQeVB2RFdFSV9QOHFWeGNqNDBteVUwc1FxSWZmdDBNdXfSAd8BQVVfeXFMTzNRU0Z2Z2FTX0tRdlRuNnhVZF9vVHRnNWJIaGEycnR0WU51V3RkY0kyT1JNdHdSUEJVUjlxbjkxQjR6R0U4NVZUUllNN1AzaVk2OHhOQmMzaVBiTTZ2dXRocDhpbVBLWEFMLUpLcFVQS2hNUXd3Nm8zVFdYOHJ3WE8wQjJoTWFRRVMzaml1ZUN0ZHB4LVNDWnZyanhUdElvSTM3VGVLTDhsbE8zVTQ4aU50TFpDd0Fpem1YZjg1ZmFiN3d4bTQyMHpLOV9GblI2RFAxV1FBX1Q1VThIS3V4TQ?oc=5,
6a8499a25dbd7dc252890f77,ddce71e4ec63c3cb27feb2f0ac9acff118e557a34fa52f16a76851ffed1ad135,,2026-08-18T17:42:58.451334+00:00,no_india_location_or_context,NDTV,local,Monsoon In Bursts: Why Several States Are Flooded In 'Below-Normal' Year - NDTV,https://news.google.com/rss/articles/CBMirwFBVV95cUxNOTJwT1RMUG5iRUl2RkJzQmY3bzluZWRzSkF4bjQ4RzNFUWZ6VHRRdjRUcnVoanZjLW04MHh5WUtQblZESzFFMGFMd3NpYUt1MnlaMnY2bDVJYjhNX2ptc0VCcjRhYXRxVm1Jd0xZOWtneXNSWkdtYVlzTGJ2cUFidTV4OFo2U292WlpBZE5pazU5aXJkNFNkVWtKeWJTb2I1RlRhb0hIZk45QlhwbFVj0gG3AUFVX3lxTE1wOVBBQ2FCX0VZaFBJTGdMRGJleXpTc0xIY24zTG1tLVo0NkphV3NLWlA2MkgtRlRCa3YtTEFkaVlaNDVMSFNPcGRnczhfOVIzd3VNQ1JNVnAtYUlCem1PUmtWeDh3VTQyclVrQ0RLTmRDY3haU0RjZFZONWE4N3p0SVRWTm5oS2xpUXdZVnVsMUJjMUNxUHJaVFk3ZzBEcVAxaEpGX0NnZ3NHUkZ1Tk1mVEJuZ25QRQ?oc=5,
6a8499a25dbd7dc252890f78,c1a808adcec0c378827884374a0a9b4682ee9a90a7642845f289f076811c1aa2,,2026-08-18T17:42:58.523403+00:00,no_india_location_or_context,orissadiary.com,local,"Marooned by Floods, Kendrapara Villagers Forced to Boil and Drink Contaminated Water - orissadiary.com",https://news.google.com/rss/articles/CBMirAFBVV95cUxPRW5mTlJvaFZ3LUtwR19oWU1VMzlPSk53QklodC02UFhQWjZSNk03UHF2M1ItVXpWWkxSX1J3RnpHcjRrQ1NJMXJjNzJ0S3djWThaNXJVT05oMUl3VW5vNzRBUnJiVUtYQVc5R25BZDF3MjBzRkc0WUU4aGdjaGxSODRpOEdMNzBxZlcyWnpGUXNZZllORzNIek1fd1J5RVBPWHJBNzg4azUxV3BI?oc=5,
6a8499a25dbd7dc252890f79,d931cef5cbcb90ab2aa448b5c02643ce33ed5824d8be2dd0a68e4680df36a636,,2026-08-18T17:42:58.579756+00:00,no_disaster_keyword,assamtribune.com,local,Kaziranga ESZ cut: Congress alleges govt move could give 'legal cover' to mining - assamtribune.com,https://news.google.com/rss/articles/CBMitwFBVV95cUxPdnk1aENFZG5kaHRCcElQSVNMUTFuSmtaeUlhalU1YkJsd3NUbFJyQURKem4tLTlCOTM4czAtdGdQSGZBRXF2LUp2UjY4c1RtMUpwVXhpWDJMLTZOM1Nnd2RUT25EemhiWlA2YzZSTlVXSWNuRGdaZXJfUHlQcXlOTExnWlNZeVdQTEExQ2gxc1lSQWdkUnRyM1otdXhmRlZrMTRmNUpDSUR3c0xjRG44ZVFSM3FUMG_SAbwBQVVfeXFMTUNwTnROMTdBQ0ZkSExBa0Z4WHQ2T01KWmVwOGhMWWNIWUVXdHEwYnYxejZIb09mMi1PbDZxcHl0MzFNZ0V3T3h4RW1yOV93cUlFeE41cm13QjA5NkZrOWxzSkpHTU9URG03aGlhc1ozZTFHUWZkeDkya0owT0JvTkUwS3hpR1lEUF9IbFl4Z3ctTUUxV0dUTkdNcHV3T3dCa3ByN1FJcDlmRkw4NTlZM2FFcTdieTZlMmZ5Wk4?oc=5,
6a8499a25dbd7dc252890f7a,ad3bd0d365d56f418dc906295b24c885096b022b19373989557fc0029630de9f,,2026-08-18T17:42:58.629806+00:00,no_india_location_or_context,orissapost.com,local,"CM Majhi announces Rs 1,000 cr package for flood-hit areas - orissapost.com",https://news.google.com/rss/articles/CBMijgFBVV95cUxQOURNRmJDa1I4c0VEYktteXZzX2xiNTMwcFVGQzhpcU03dFljcDI3V2NPX19QMl9SVFdpQm5UWlkxdkFLY0VlODZaMDdiamZPc1NlMk53RmdsVzBwa3I1YlVvUTVydS1QV3ZPajFIRnhQYjNDNE9QaDJqMWlNUHd1cnRPMTlnVEhZWmVwVFl30gGOAUFVX3lxTFA5RE1GYkNrUjhzRURiS215dnNfbGI1MzBwVUZDOGlxTTd0WWNwMjdXY09fX1AyX1JUV2lCblRaWTF2QUtjRWU4NlowN2JqZk9zU2UyTndGZ2xXMHBrcjViVW9RNXJ1LVBXdk9qMUhGeFBiM0M0T1BoMmoxaU1Qd3VydE8xOWdUSFlaZXBUWXc?oc=5,
6a8499a25dbd7dc252890f7b,783facf5d8e31dbd5f5091cc092ce164ea09fa4e9a4a7f4dbeb8d71d91b2837f,,2026-08-18T17:42:58.683644+00:00,no_disaster_keyword,Red Cross Red Crescent Climate Centre,local,IFRC: Assam monsoon rain nearly 500% above average in places - Red Cross Red Crescent Climate Centre,https://news.google.com/rss/articles/CBMimwFBVV95cUxNQlkxSVBHWGNFeE5KbjNHUEhENUcyWHo4UklocnVqSXdLOTdZZlNVTktXbmtFNXZEbTZrT0VfZi02MF9vRFlRdmJDMlA3T1F6MFI3LVFGeDRFbl9RR1VtVjVoY1N5NnBJbVV2VjFhZjNPMU5FMG00XzlpeDFySl9TakFqVkFKeHJ1VWcxbmRsRUY3eFZDWVN5ZFlZMA?oc=5,
6a8499a25dbd7dc252890f7c,b16fdc84d68f3a3481bce484e9e2b72dda5e85543e257ca67ae32dc8962a2428,,2026-08-18T17:42:58.735691+00:00,no_india_location_or_context,NDTV Profit,local,"Palghar Earthquake: Two Back-to-Back Tremors Shake Jawhar, Spark Concern Among Residents - NDTV Profit",https://news.google.com/rss/articles/CBMixwFBVV95cUxNMHUyX2RreEE4RGJsQW1TSW1ZdmhmUG1mN0VuaGxLbmdEVXFJUjM4dG53dUZQNnlheGVkTC1tX0picEpoczZScFVVRDVTMDBUMk1HOWxIR2txaUlKd1kxWG90SGR1elFhUy1NTWhQQVhwbWJvQWNxdWZha182amo2M2o0Q1dGRnQ5RTdxWHhuR2NZamtfbW5xWXlYY3BGOTZTTE1Wb1ZhWkMtRnBxZ3NMNkZjQmc4NzB3SHpQSnZvN18wcFc4UGhV0gHPAUFVX3lxTFBBQ3BsSWxBNGxUS19NNS1qUFJYZnU0NmhxQjFuN0N5cG4zRVNWNmxlUEJZU19VS185ZS1lcV8zSjE1Qzc0aEZvSjZNRlBUYzYtdnkwSTNpaDdTRHVQcFVfRlpYUnZpMGp6S0tUcGFPUGhTbEhEc2VQcERsV21fclJwdW1rWjB2eTZ2b1N4b1lLZG5fNGU4MDBCQ1IxM3lPZGtyUHVSeVB6eERwZzJvdGR5OGplQmNobnFaTXU4djFlRU5ncm5td3dnUFpqaDJKaw?oc=5,
6a8499a25dbd7dc252890f7d,31feeb7520a70751bb1f34f358c98de9d1141af36afe09d3b8fba6aa5cc0fc17,,2026-08-18T17:42:58.801232+00:00,no_india_location_or_context,Deccan Herald,local,Four tremors in two hours shake up Marathwada districts - Deccan Herald,https://news.google.com/rss/articles/CBMirwFBVV95cUxPN3hPQW5VU2FLWjBLMldfYUhqVTZEMW5pZmptQ2pYS2Y3QWdmeGhRRE01VXlJZnV4VjdqaEZqRU5EYjFwWk1sWW1rUEplRWdVUlozRGRIczVnelRtQWZ3aXRQaXFfNExNbWlncGNZaWVjVENQNEFvMHlhNDlQclVzSmNwUDBpLUU5YUpad2o2bWswRFJkWnp0a09ORzJHV2JwbnBkX0tyOWY1Y1VzTGdZ?oc=5,
6a8499a25dbd7dc252890f7e,884cceb02d6d890da38a05336174a4f66b388ed02e4058a461aa9dba1149516a,,2026-08-18T17:42:58.909041+00:00,no_disaster_keyword,Al Jazeera,local,Seven killed in tunnel accident at Indian hydropower project - Al Jazeera,https://news.google.com/rss/articles/CBMiowFBVV95cUxQVkgwVjlQeF9zZHFhbDRSTkE0UGlmQlUxNTZ0ZnBZWjNyR1pzNUJHeE5jWm5GUEVwRHZJN2lwNlhNRG1GMWlSdHAwdEdwYUoxdEpjUWxnSW1ha01uRVdzSVNtVmN0R1B1RlVoS0NTbHBaUHFEQTNLNS03Y1hMVWVqTlNTQmphcFI2S2RrdGkyUzBXcWVzNTU0MWZJNk5EblZ4bHFN0gGoAUFVX3lxTE12YjBBbGpQUTJpZkxHek5vMzBxX2xxb3RKZU5oOWd5MVFkaFdRRlVUeDNrUTNjaHVBbFlBYTQ5bGg3b29NYWhxbVpwa01jbUppNW52UGtrcWdRUW9BVUNoZGFHcXJrVGdqMXRnTS1OY3NwZl91NDRJeGdHVkpJU0t2NExnYVlYbWRfWG55WWJvT1lVUXlzRE1zUnZIcHgxSVhNaVktQUZnWQ?oc=5,
6a8499a25dbd7dc252890f7f,faa732b9c67a7c80fa654f8dccc41e887aeef20597d2227fd7593a54aaf2af02,,2026-08-18T17:42:59.013342+00:00,no_disaster_keyword,NDTV,local,"15 Killed, 7 Missing In Rain-Related Incidents Across Kerala - NDTV",https://news.google.com/rss/articles/CBMivwFBVV95cUxQRzM4TUxtdjMybF9WOTItZU11bF9mT1NqSks5WDNWc3JacGs2ejRjRVlRMUhKQXRiZnpBeXl0YUhqTVJmYU1hdk1IeF9CMFFWdElzU0hBZ1Z2WW9BcjJnSS1BbVZ4YWVWZmhoekFzemtLem5sOTdBUTdodlo0Q2c3M1NwOWVSLUlsYzJaMVdqRElscmE3M0lsQzhxR0RlMEpoYXJmRG1scFcwbGJrRU1PdjhseWY0NnptLU9pLS1MY9IBxwFBVV95cUxPZV9abGFwQ1VhOEpoX3JIV0lpWFF0dElDUUlkcm4zX0o5R0ktMm50dDVESDd2QkllZXk1cDBscEtEbU1OWHFINWtrVi1OaFR3bFRGQV96d183WURxdml2anpiUGtpajcweF84ZXpYcVlhYlFXMVdnSTZEenVTQ0lQUms0ZEZ1cmFQN3k3eGJKakMxd2NtSjZfeFNTTHZiSm9sMm1LeWpNb0loa3ZtRXBDVTVwbXpUd1hrV0lKS0wydFpTTmFYMng0?oc=5,
6a8499a35dbd7dc252890f80,dbfbd1301e65c9da0a18cc0498352ee4739cd2b77ccf767cbd72f19e6c7d013c,,2026-08-18T17:42:59.143387+00:00,no_disaster_keyword,The Indian Express,local,"Blue drums, unlikely rescue rafts: How rescuers hunt for trapped Uttarakhand workers - The Indian Express",https://news.google.com/rss/articles/CBMipgFBVV95cUxOSEM4dFFiWWl2TWlpVzM3MkFtOFItb3duQXBqX3Y4dU1MZE14MENDd3lLcVhmOFVEaFdWb2ZrZlhVMVNwSFBHSHdFek1nWk1zT2NBLTdVRDhKWlJPT01wX09VaWF5ZjVfSWZMRFNHRGppMzJCU2FtX3FYaE5yWDV3Ti1YeTBDaXFOWG1vUVdsdnRQa3E0Y2R4OERDRGc2dEpMdWd4V2tB0gGsAUFVX3lxTE5jSENLYkh4bmkzdEdRanJIZC0zRDU2T1JsSElBLVdsYVN0TEVoZnRKNHdrdjdLNWt0RzNEYWE1dE1PN2dUOWMzeGdPSjlQTm9rTXpSRU5rZS1VUG1oUmo3eFY2VzZaMFgtVE1pNkRLOW56N1pPc2ZhY2ZoUW9CWXpJT3hHU1NaNVNId0dEbF9qWGc0X0VmNWpNX0p2ekxRRXNwb3oyRFVtbUMtT00?oc=5,
6a8499a35dbd7dc252890f81,446755b9834ba5f11652c853cd5a7ccab43d7172149db878d40ac61e04750386,,2026-08-18T17:42:59.205635+00:00,no_disaster_keyword,Down To Earth,local,"Two years after the Mundakkai-Chooralmala catastrophe, Wayanad and Kerala are at a crossroads - Down To Earth",https://news.google.com/rss/articles/CBMi1AFBVV95cUxQMlpDa3pxa0hwakwzRXFrbmdwX1MtOFF6RjQ0c3JIOW5Fd3FVUWVPb01UNHJOT3BySzNuNWVraVlaSnhVOTdzVk51bFBSekU5TVBnUVZpNG9tcm9XcGFsSFpadE5vZWVSbWZkVDJ3TUI1T1BFM3RRejlWdUlaNFZsRnQ4ZUx0ZGk2dDZMbkMwTThmQjk2MFdkWkRWTVl4dE9MV2ZaNHZGLVdrdXRmR1hQT1B4dUxCc3pzQkszUkdaM3g5LVlMNThraXFkaGVzaG1PMTcxeNIB4gFBVV95cUxPYmJxREUwRUJ3cko1R2pKTjJlbjQ2aXN2bHZmV0tuZmNHNzBLUHB1OUszS3d6Z0hYNWRiUkNtT0l0cGt1Q2NtNC1lel9Fa0o3Vk5qZlhtdVpTbnJSU0ZnQml6b2VNMVprUGxUenFXNU8zWGw5c2FzSUI0N0RXd2dXWWpfbUFIWkRpN0FJLVEtWTN1ZmIyY1lHQnN4TlU5Tk9QbFkxWDc4Q0xHaUpZUjdvZzR3NzdHRnJtSlozRDdKclh4S1ZDYU50QWp2SHZGMnZPN1dUSndHeklPRk1wVENTeDBB?oc=5,
6a8499a35dbd7dc252890f82,14d6914cbc20c695083aa3c98f5500de433c0faa3cbfe1ccf855183c47e916ed,,2026-08-18T17:42:59.562005+00:00,no_disaster_keyword,NDTV,local,They Left The City For The Hills. Nature Tested If They Meant It - NDTV,https://news.google.com/rss/articles/CBMi7wFBVV95cUxPRV9PS1licXFzRGVtZnpybFlHVXlZX2xCdHBSQzlKMHZOejZkWkhQa2xoUnhOUHd2MkFSQ0xvSzk5RFhEN2JXejBZd2N5VlRrM2VKSGdDeHFOUXpaYmJwLTd2anY3dkRTQUpGQTRvUVNSTk1TeW4yYlh0UnV4dHp5Q2ZIRjdweTFRTDBBRHdPb3VjOW81TEpwT2p2eHZxWHEtSUlucHFBRlZiWDRHUFJXZkhSTkkwLUlaZENtcGVrY1c2R193cExhTzlscnNkbWt1aG12ak53eVk0V19BQXpJOE1rdVYyVjUtZEFOSXRKYw?oc=5,
6a8499a35dbd7dc252890f83,31f5603580894c386f21f82b805a26b741c7b6116aa07e492697f09d144bd60d,,2026-08-18T17:42:59.663452+00:00,no_disaster_keyword,The New Indian Express,local,Uttarakhand identifies 49 high-risk locations vulnerable to debris flows - The New Indian Express,https://news.google.com/rss/articles/CBMiwAFBVV95cUxON25TZ0lIbGgzSlgtUDZWZVVWOXJOdXNhWGdtblBRUDdmcGJnRVB5NDIzQzdvdlZmOFB4TThGWXZWQ1V2MG9ZWVA4OU4wSXhTUnJNWWI4MXZfM29jZk1FMTdxLUk2eGVwRVBXZHp6bms2Zm1LbmRlWW5IQUxwTzMxaXpTbjdGODQ1NHpoS2M0QUlob1FBcHNleUNXM2hCRFNXSUNiVXhWQjVDZVZMNVJXeVlTM2dxeTRyZU9pQUF6SDHSAc4BQVVfeXFMUGhQQlFLRDFzcjZWai1nYWltUE9kSFFiQUxLZHc1RjhxOFJkSjBJNWREcUF1RWdFQ244UERLNFA1X1l3a0docUlnQW8wVWl1dTcxMjVKdFd3VDJvQk5WWG05VjFUeHpybVFCYXkwT2tjTm9SRzI2Y2JRR0dmTGtNRHhaUXlJdlc1RVhXd3IyOHFXRkFKaFI3TXFGQWNxQXdFdVJCRGhmajRQWThvNGJISU9NWkFCalRpd3QtTmxvYlJseDhuNVlwaDBCVDFsQnc?oc=5,
6a8499a35dbd7dc252890f84,307dea04e156bb2c7bd330a551cc262541b4975dd12c3ba3c6e234812997b602,,2026-08-18T17:42:59.745686+00:00,no_india_location_or_context,The Hindu,local,Heavy rains trigger landslide alert; evacuation ordered in Vilangad - The Hindu,https://news.google.com/rss/articles/CBMizAFBVV95cUxQNm5mQXFIOXFkZU9DODR1cGljMkh1bUpZQ2c3Z1A5d1djR2VFMUh4ZUM1VTZvVXJrcF92Z1YyeDJPS05NZXVfcGdKX3BucENFelpTLUFVemJVRnYycEV6MVZEV2hBcVByQmRNOXViOWZjQjRpNTF0ajdrblRZeXlqZGVidDU5LU1xeHlRY213QXEtM05MVmxyZjRZMjl6ZXhMVUIwWTdsR2RGcmllbndRMDZuS1hwc2F3b0hzVDlLTDJmU1dWaFhGRG03aUnSAdMBQVVfeXFMTndFY0lDMHZFUl9OQzRZeERUWFJiTUNYVFFwZE0yaURXRndsZ3FnMHVtRGVBVnpBZktRdmhmNXg4WVN1WXlCdW1SeFpXOTlOYjlyc2RRTmZ0RXk4VDl5TVh2c1VLd0NXWFVIVGZ3amQ0QzBMWjg0LTRCTjlrWnNPMWVhbk5qbW5DWFloZk9UeEphQlBKdDJPeGRiTDlaNm1EQkZIcDJPblBvenNIZkRkbVJqNkd3clE5ZlJvNzNYQ0ljajBJbllhUVNVRVdmUVAwU0g0Yw?oc=5,
6a8499a35dbd7dc252890f85,e5f70f9ab9d66a3c6cf6a622773de4f770da2486f956f42c809a1989fd9f16ce,,2026-08-18T17:42:59.783391+00:00,no_disaster_keyword,The Hindu,local,A perfect storm: On the Wayanad debris slip - The Hindu,https://news.google.com/rss/articles/CBMipAFBVV95cUxOX0QtQkpaQzc3eEg5NUhTelJ2NmotbGdOdDE3b21HaS1OSFZpaXpxalJrT3JLaWo2eWljM01PdlQzRl9NblctdlF5WUFVVHliV0M2N3A0SV82TEwxazI5ck9Ic1Rydm03T09UR0JzX0k0YXlMNG5tU2hWR3d4anNkemZPcFhScTFnejlqY3BSYXhtRGg4T1VDNWw0ZEl2OV9yNkhmZNIBqwFBVV95cUxPa1dqUXpKQ1RjYUl4TXloNGEwaTY4Y1d6ZXpaNE9IZURtcGpvWUFtQzJ5ME5hUTdJTzh2ZFFrdW5BWm9RWXliRUR4VnZjS0RZNXRWQ2V5TmNtbHBsRDAyNUJ1VkJSMTNMckV4bXlCRl9WS2VyQ0FvNFktZWFyemZkUUNiS0FkR3p0dmh4Y3N3b0trYXdGQjd3aWxja25vWTZQb3E0Xzh1ZWVkemM?oc=5,
6a8499a35dbd7dc252890f86,c27b13cee611afedff09db630862b30a0f419f7a618292c0d688a49ee00d786e,,2026-08-18T17:42:59.830527+00:00,no_disaster_keyword,Down To Earth,local,After Kalladi: Should Kerala rethink building a tunnel through its most fragile mountains? - Down To Earth,https://news.google.com/rss/articles/CBMi0wFBVV95cUxOc00xM3hGQVpxUXhHaFpHUEs0QlQ4eDlNM1F1bzliVEhqZFJLTjZzdDdWMzlSYWhUMElDYzUxOUVsQkRqRkx1eVRZVmhySWxxNTdZV1RKT29ET1A2NGdaNXRSRHpJYjRTZlNGNzNCVzJFU1lob2ZWR2dnTmstM0pwUnRJcE5pQ001ZlR4U3lfQUkwQU81aVg0Mm1TZDlYVmlwdWdmNVBTZ3QwbzlucmVCQkRkMGZKXzRocHhuLWdNNm5rcHdKZktZNE1icUVRWHN6SzFZ0gHgAUFVX3lxTFA4YW04UUhTTEt3cWF0b3Q1VFA3UmI5SWwtb3hUUExLYWpabnJlRHQ4cXhFaUxTbm1UQUVvTW1pTXVxdy15UjFueWRpVGlidy1CQldCUGRuczctbGRUNUR3MTA2eEpvSUhORUVZT1hjVVdJRDdVRnlXXzhjazd4ZDdPRTY0YjVPVHBuYVV5TXJGLUZ1NEdrSm1XdWJaNEFFTXpJaFNGV2xnOHBIS1FjSF9hci1yOTdSWlRnR18yUDdudmJJUW9Ja0RUelkxNWFaQ2RPQXNhUlR1T2JOQ2Jfb09i?oc=5,
6a8499a35dbd7dc252890f87,9a97a083652dfd18dad5ab0da3b19b240f5c4bfdfef3391fb75b4552a79d6ee3,,2026-08-18T17:42:59.882429+00:00,no_disaster_keyword,The Times of India,local,IMD weather update: Which Indian states will see rain and thunderstorms this week? - The Times of India,https://news.google.com/rss/articles/CBMi-AFBVV95cUxPMXlWUXhoQ0N4UkxXUHlia2w3b3N3bThHSVVTUGFZWmNXRXQ5eW5vdGVZYjB0WkdxTnRsczlFcGZPUV9tU3o2SFJoc0hTLVF5R0ZXNHB1N19vSlVqWHY2UU5nQm5GRkwwNTc5Mmw4eE5icmRyTG0zaDlSa3Y0dE9VT1B1VGN6aG1CV0FiNWN2SEp3Q2tMc09fdExyRkNndXJMV2c0cGhfU292MjYxM3Q2aDR5YWY4THBuWjdGUHBZUVZMSW5ScXZ3WWJGWkdiN2xLTnE5RVVjNEVvcXNxcTlsem8zUnpIZFZhdlFKSmh0eTduUXJISVB4dtIB_gFBVV95cUxQTWJJeDFVOF9na1doWElLVVdYcjUtY3BOMUZ5M1hLVERjaC1fM2xIOU1zdHZSOFhmU05icnhqSlFZVVc2b0dKWWtpa1JnQmtwaW93VzJTUVFtdU1JY3ZRN0xOMVNUal9OdGVsVmIzUVhhZ0hQbDJFNWdKR252MmV2ODNCd2lnQXkzRzBNLWJINERDNHB5UFBoMzRLeTBqM2ZTRWNqV2NqdkpTTU5Qc1h5NHo2TUdKVEZCRXlPLXVDSG4zbU1TSzBrVjk5RTFubThsOUNfeEp1bE9zNEoteE9DWjJFMHA1UjNKbDFMYXcteXF0bWR2eExOY1NPUjR6QQ?oc=5,
6a8499a35dbd7dc252890f88,0b692f07421a6234f7c921e740766beeb9cc909d87916478d32a8d662fecb81c,,2026-08-18T17:42:59.926995+00:00,no_disaster_keyword,Down To Earth,local,Why is May cool? Varied weather systems have been active over India or the surrounding seas this month - Down To Earth,https://news.google.com/rss/articles/CBMi4AFBVV95cUxQWUJjMWhLZDBTLXBsU2JJcDJ2MW5iRzZ3YmpOYXpDVzZaM3R4LTFFa1V0OGFRUV9fTGo5WGZhVGlucjJMQzVMeDVRQS1UVHF1djJUTFkwTERzS283SjJLb2pUQVhFMUttVUdBVmtsQTlNU2tEcXYtZ19fMXdMQnZBZk5SbzItU1ZWQUhYWW9yOXlVZU1hWkRPS1pmRXZVYUtVVk1xLVZZcmg3MnBlcTUtVmowNVNYdEZKbTRQTzFXcU43NThUTW9GamNmOXJhaWtoVG1LUnlnRW5wQTBIaDEtb9IB7gFBVV95cUxQT294NnVUX1p4NTZWVlpYVFd6V1hxajR1TlFFbFB1QllyYXlXNzRUSVJuN3d0N1pveWFHd1ZnMV9MR0xRc3pfNTBRMzh0ZTFyUHp2QnlNQjNFWHpZQlVLd0JuRFk2UVJVSS16dVQ3c2VSLV9SNGN3clB2UmJIWDdDRjVLeEduWXk5UE1idmYzTlMxRjBHdEU5NTlaYjJsS0RZX3g4NkxWOW5rcEpSR3VtdmtUSjZyVlp2NnZRWTVtT2gwR3MzRldTWkFqbzRKNThtNTFQRktheGp6TnJ5c0ZXWXg3ZFdEYVdINGE3M2ln?oc=5,
6a8499a35dbd7dc252890f89,efcd8d04656c064faa375e5518e28d8425121c161af665a133a5f018b0e4de88,,2026-08-18T17:42:59.975330+00:00,no_disaster_keyword,The Indian Express,local,"Red alert in Bengal over heavy monsoon rain, storm warnings across North India - The Indian Express",https://news.google.com/rss/articles/CBMimAFBVV95cUxPSWFBVE5XN2N1SnRFcUw5UVp5dTRmRzljYmp1d21hbmdxckZGOVZkaTZ5ZXdEYXBoTU1nVzA1LS1fNWJfV29abTZldFl5cmVZZ2dVbWtHTnozdWc1a3hTbGJuRkZTNTk0S0tVdjJ6S3pFS3FDaEYxNnMtOUpreTVGSElBUmM5MHN5RTlqUTJjOUtidWNkRVZ4TNIBnwFBVV95cUxQTzJwSDdiQlU5S1BuM2NtVHZmT2xjMUJiYVlKUEh4WW9zZFdMS2RjeVNiZTNEdW13cXM5M2ZXcUJIYjlwbk5KM3J5WUhiS3BzYTU1cWJoSTdFMXNHYmFkQ0FmX3hlRWlNcElHV2p1WDhQZFRvTjFxWWx6anJENW9tY2I3LXd1dFFnQkNycTEweWhScndYVEZtUmJnV3hDd0E?oc=5,
6a8499a35dbd7dc252890f8a,5063c05aa0e626acad5cad364d3a11ff6b58c186259f109d2e0f8b33508c3fb4,,2026-08-18T17:43:00.032919+00:00,no_india_location_or_context,Down To Earth,local,East-West anti-cyclones linked to excess pre-monsoon rainfall along with hyperactive weather systems - Down To Earth,https://news.google.com/rss/articles/CBMi3wFBVV95cUxOOXdxcndycURIdm9xbnBfZEEzWHhVRHJUMHNzaVV1dFg1c2VNSndhWV85WTN3S1gyNnZnVUlCcGx2OS1OWXdoZWdZaTNiaG1PNEtpOWZxM3NJazFwMmdwUkY4NXJpQnB1bU1FQzJRQXdFNFY0TENUY0FTUDF2WUdYUGlTWFpod1JTeWNzcHJMSEhaYzZ0YXR3Z21aRUNWNzN4N0FBTjZobWlBaXBncERRdV9wdWxfdHhxa25Ib1BhWmJZaFBUakhJSWdycEZWT3BMRjFQclA1bjVpTzNJeVZN0gHsAUFVX3lxTE5rZWlmVG9zdWl3Z0U5andFNk9ZaEphVGU3QlVuZkNUZmZUOGRuaVlPYWdoMWhwSDY1a3p2QS1VTjd2TV9QYk5DVW9xVXJqOWMwQVFfMVR5R216bUZWaDJsUTlfZ2tLQ3Ftc0pIWWp4bnFNbjliQU9HOGRrOGZNaDNhXzQzbGZTRHFMdy1NUWJpY2ktYTJPNFFYS1J3RHZZZER1UWZHcEN6ZkNXNGlOQlM5SjJNRzFhenFIbjE5Y3Nhb05hS3gzdE9XXzE4NVNRYzl5UjRvX3BmOTJDZTNpclhlQ3VQNWxUQUZOT3l4?oc=5,
6a8499a35dbd7dc252890f8b,326b0bfcfad7eed6da68231dff17764cb1ed3d395b6703a6f8a1dba467b62471,,2026-08-18T17:43:00.077302+00:00,no_disaster_keyword,The Times of India,local,"IMD predicts cooler temps in north-west India, rain likely - The Times of India",https://news.google.com/rss/articles/CBMiwwFBVV95cUxPN0Z5XzhMM1VVdXduaGZJdnZVOENZRVFzTHNWN2oyalo2R0toaVlZQjJXQ0RRRzRfeGtMRVR6djAtb1pxbkg2RWFDT3FBeG9lMElmNzV1c1g4S0dwRXlqYkJwVUJEd0RrUy1FVnJyQ1NvN3BWMk10X2JLSm50VVpCUEd3Mmtpdml6X2JkT1ROdlMyWmt0Q2RUcEVTai1ZYnBLSHhoZTVwR2tpQ0p1WS0zUHFDSmJ4OGJVV2RzLUNZcjg0LTTSAcgBQVVfeXFMUE1BY2REYmdsTFpLZHVyVVp5VU9qR0dWY3JMUklTZDBPb1FfaXNDUjUzcGYwU2EtcDhucTFJZ0d1NE9kYWhMclBZVFpsZlpzM3QxanF5ek9aVk9LdWcwTUQ3OTNkTDVMcDlHUVE3MkVUNFgtN0J3dk1kMlZGQ3pZbTZueXpUUnlVRTJGdmtKOC1QNEljNEV2NDk1a1hCcHV4d3UxTC1fUi1KeWFSek9oaWFieHVONHNGLTd1eFBxOGZDeUJlbF9mem0?oc=5,
6a8499a45dbd7dc252890f8c,b80c26537b4811e63c6dd34681d47f5e8f3633ed39b09019f744247205bd8c3b,,2026-08-18T17:43:00.121702+00:00,no_disaster_keyword,The Indian Express,local,"IMD forecast for November: Normal to above-normal rainfall, cooler days, warmer nights - The Indian Express",https://news.google.com/rss/articles/CBMizgFBVV95cUxNTHExMTkzZTg4cDhpUFJxeHhJY2hDWEVpU0hnXzdqYlR1eURwQXV0MUZIOTFEMVFyN3hWN3pTNzNyX1lpYmFzbFhTX2lSWDA5MlVpNEpHRjFHTjB4cGk4anBrTGtxTVQwVFlvRk5ZbkdoYTBnT21sekpidWwxZ24zUXhyRVdMelBiOGlLTVRrc0RxUktwTjl1ejRIeGJXWFNrLTRCaVJCSFg5ekFOT0pIM3VpQXRGZWtDRENnQzdhWEYxdF9LWFo0Qzl1TENIZ9IB1AFBVV95cUxQdTk4aVczWnhJTkFvUWFkcDBCVXpNNzlZaEFxZ3hteVhFSGV5R1VOQkM3dnBYdDZpcF84RmhJeWhZT0pDeVV3Tm81TjVWSUJRSmJtY2x4YjRRM3M3QlpZM1ZSQWJvRzdabG9hZDZKcDQtekZ3c0lTUmQ1UTc0blNuc3pOTnV5OE9DNHc3dGZDWVBVc0k5R1BfNENPUk5uaS1odS1MYW91NjA1dzcxUl9JNUZVRWRlWFlOZzdadGREbzczUFRRNGtiNmxXOHNfY3Y5MVhTYQ?oc=5,
6a8499a45dbd7dc252890f8d,4169945d11d25410e8a45e57e429a5e2d369919d094164feff29d6cbc7497eae,,2026-08-18T17:43:00.172784+00:00,no_disaster_keyword,livemint.com,local,"Delhi likely to witness dust storm, strong winds; IMD issues orange alert - livemint.com",https://news.google.com/rss/articles/CBMi2AFBVV95cUxPNWN1MlZLVU8xd2lPV3cwMG0tLTlyRUtVMFhIZFVBS1lYR1lkVFRvTVRfQ3JVTkV2Y0xkNzdBU0tmV3ZrOU5BT2w4RDNYZzBkSTMyQWMwLXk0Q1pUeHpadWd6T3EwdVRyMTlScUZYcnpqRG8zY0I5ZDMxb0ROMmZ6Yk5HeU1qREkxOW9yQ1BLSGRNSlZKeWN4T1RTaFRweUU3bF9YMzFCMHhjNklpdC13MDdoM1ZzUjA3aTBRRW9yandSTVdNa084WktXeVBXNkE0c1dFQjdKeHbSAd4BQVVfeXFMTkJGU0EwWGNiXzA4cW1VS09LcWpDem1JNGVkYmh1Mm4yaDRsNFFYYk1yY2tDSWZNUXVJMFZWS21maXlraERzaE05NHYxd0hubkxVSXdEanhNN3VPOGdVWjg3d0E1SVBNWnpLRnNIZGZ1YlhuMTRvRkViLWZVS0xFNEM3bjBKQ3NDbkJva3JyVUNwaGRjNWJNR2NHZzBOUDBpd2JjMXVrT3lfRE9DZjNSRkxqemY1MmdDbzBRaEJuaG9jX0ZlbVNmb1hpcUxDSlFrS25UOTdXRHlyV1lGeV93?oc=5,
6a8499a45dbd7dc252890f8e,9f4f4951c359909db08635bfe4554f58ea2e17b00667c00581d96c7ef3077249,,2026-08-18T17:43:00.216365+00:00,no_india_location_or_context,The Hindu,local,"Depression over the Bay likely on November 24, no heavy rainfall warnings for State - The Hindu",https://news.google.com/rss/articles/CBMi7AFBVV95cUxPMnJyaUVZYVJyZWtQNXkzUm9INHpfXzRkY0lBcG9TTEppcDk2Vkc1bi16emw3ME56MkVWeERGMEFhbU40ckVMOHpyTUFJdDhxTEtMa1Zya0pZMVdKMWhxRXhNSEVXMUdiX0pyd1hmUk83VzhXTlNyT3NfWHNmSGlIWGR1UmhjeFFUNFk4UW14U1pwYURabGRydjl1NHdCVEVoX0kxOGJQNDVNOENHSU02MkdoeHpkbFJOR2JOZlNBTzZRNGxXZld1MnpWTnVacXF2SEdlbmMyY05jcF9ReWgxaGZVMnV2X01fMkpmbNIB8wFBVV95cUxPYlc5M05Sajc5R3JvUWVhNXVSSjVXRFlYNXpleXF2QVZaOWtxeTVoYm81cGhmTXlIYmJpSjRNeDZTbHh6WUpucUZVdjE4bHBxcHFwVURjY0Rhb0NWdjBrRDJ0NkREU01kUGFpVXNJVW91QnNRZ0VZREdpLVhIclZsZ19ac19meFNreUNVLXUyak9JVEZuZWJjNGRCaEY1M3UtVHBMcWJVR3lDWXI3cWF4bGVtRUVmdi1RWkVEUXZNbkVteDJ4cXlGX3dycDNBQy1tdVV4a1hfOGt5emlTcmkyOW1hN3hzVTJfWXNSZVg0aWl5Mlk?oc=5,
6a8499a45dbd7dc252890f8f,69828ee36f5c297ac94832d8cc305fd55510208337d10defacf0bc8c0cb3fd1e,,2026-08-18T17:43:00.258609+00:00,no_disaster_keyword,India Today,local,"Colder, taller, deeper: Storm clouds cover 70% of India, Isro satellites show - India Today",https://news.google.com/rss/articles/CBMigAJBVV95cUxOMGhreEhfRDdFVm5rVmpKcjA4X3ZzLVpzcEdWT3FPbEtIQ1VLVDVXc1M1aUR2anAxNnZ6ZTBYNFh5Z1h6WUZPZFdtVWNvZnNPeWh2RFNLUmcxUkREc0pPSjFyNUdJclc0SGk1OHc2MVAydXI2bjMwLWpZb085TlVqMkpTWllCNHp4U1dSY1E5YTBOVzlSQmRzNWRJQkxEM1ZaVktGbVFrT0xvbklMcDI1RWEtbVZMeExtYnluZF9YZlFQZGY5TWFxV2U5SGdfVVNtV1lqZ1JhcjEyckl5UGEwM0ljMEREQko2U0djRVhGYS1DbWttZ3JBZjEwTlhwNU020gGGAkFVX3lxTE9vYy04R2JtNW84ZXdsRW05OU4zOFR1WTFnRlRXUldFeE8xYlBmQWQwMGpmR3NUcUxYS2c5Qy1Ub1ZiMjNnZ0w4Tzd3MHYwVWxhcmcwMXBSdFJIbWVJNDVtSGowZTFlaEpxdHdCSlNNRkowYURsMnI4bE5zVzFlSU1qZUNzR0hOZTdtSFVCaHI5T09aV3pLU1VMNmlpc1JWdTlnUHdjWUQwZWJBVFpueXMyeElYZ2FoeGVDWXExLXFYRlBqZS0zN2ZXSWFMTHFhVTFEdVhmc0pTanZ4ek5XemR6eVRwWmtMZnVVRjJpWHhSZXJsMGwyVTBXSU5pYll2VllISlIwdHc?oc=5,
6a8499a45dbd7dc252890f90,8a7f0f3229c477910ab21f79d2d3c5ef89f7c04110196eb08e38fdae59ed8dee,,2026-08-18T17:43:00.310284+00:00,no_disaster_keyword,India.com,local,IMD Weather Update: Will it rain in Uttar Pradesh today? Storm and rain alert issued in 15 states for the nex - India.com,https://news.google.com/rss/articles/CBMi9wFBVV95cUxOSHp4NVdhdFJubFppYUtUdTNGYjdfZUxSTUFNa2N6ZDIwZFlKWWNqOVBUT2ZyRlZJS1Y5MFdlZnZaVU9jalN1eDBXazhEZ2ZGaFViZk1pcVVPS1dRZHlGdkxhakVacDFYTTVHdUx6d0oxT3V4UE5IY0gxZjctcXo5YktMYmNLc0ZoNXJWQkJpT0NIWEF6MVRYaDNSa3dIWkl4UnF4TDZZRjdOM3h3OHVqNXFvOWlSY0N2V2lpS0ZySTFMSmtaM3lJM3ZScTc4eEtsemc4WlJLVklVMHMyTHI1d0trbl9qaWRQMndFaHZ3dUs0V1RIWExr0gH8AUFVX3lxTE5FVkZrX3RNRk9ZQWo0cVJzcVEtcHVHWVY5OXozazNJUDlPWHZ2S2NKQllDeUZCSjkwQlVlZWY3a3lPdWo3Q3A4VFU0RFJzdllUOHlmS1lYd1FJRjZLZmRyTXlaRlI0T192TGFZOG1LYnQ4bmdYSGpoU2tjNGVpc25Qcl9mTUl0dndIcUlvZ09Ca2pQLXhJQ0xhc3pwNDVFR2ZTLWpFSWpOcl9vcnlteE92QjR5akZKS0l1aFdXbGM1VGJudXY4UWU4MlRZVmllanFMd1hNeUVSZk9pQ2c2aTFiOHBUejUwbVBxaE9GUEtMN0pJa2RWVnU4NVo5eg?oc=5,
6a8499a45dbd7dc252890f91,331eb27e6bac012a2fb08dba11573596f2a5496e17081e131e4825e515836961,,2026-08-18T17:43:00.358607+00:00,no_disaster_keyword,Manorama Yearbook,local,India Meteorological Department celebrates 151st Foundation Day - Manorama Yearbook,https://news.google.com/rss/articles/CBMiiwFBVV95cUxQOFB3ZFJvaTRCM2ZiNnR5dm1qVEJGbS0wXzNYMC1CVlRhWFp0U2VQcjNwQzhmY0Nia2l3ZVRmRUxGM0RfNXhJME9SbWN2N0U0REZIRjViazhvVzdNRFNfQXV5Y3hhOVBzaDZvZmxpVHUwQ3ZGX200OXp4aHA5dFlEX084bmdTOTdLLWlr?oc=5,
6a8499a45dbd7dc252890f92,5c302bf3cff91cb159ed3ef0fcad40a689701206ae9d458fa2d3fa8daf8d62aa,,2026-08-18T17:43:00.398977+00:00,no_disaster_keyword,hindustantimes.com,local,"Massive dust storm hits Gurugram, Delhi, Noida; IMD issues red alert for parts of NCR | India News - hindustantimes.com",https://news.google.com/rss/articles/CBMi4wFBVV95cUxNLUtoOEpZT3V5ZGhaQjdJY0hNZkVnUWpweFBRSU1KY1FyWlJxS2MxcTlHRUhfejVGR1VkMEh1bERlSXc4dDBhUC1fdEVWT0hFYjlQanR3VW9lejZ6dGpqeWJhOVZXNUlINFB4N0tpb25FU2Y2TEZlRkhLZ1dJV2N1cU9jQVM3bnVtcFVkcVdaaGtUZVI2T0lSZFZGUGlYTkpnZEd5TVR5MjZlX1RTUHZ0dDlXa2JXdlRSei1UVVFPU3A3dUJmNWFRN3Q3WG5OZHNVWnJ1dmY1eE1lVGk2YmFiSlNwWdIB6AFBVV95cUxPdGlyYkxQU1QwUnZYSldPZHhJbml2TlBCcWc5QUwweTlVempXRDJlVGtxTjdONDhLbk9RN1JIaUdwR2FuMllkbFBqaklIZGxnM1piaUt6OWVkMXp5WWRPell0bU5oX1h4UjIwcXpiTjlDZXlmaDJUM3RpQnp6Rmg2OE9RS193WU5yV3VlZjhMTWdfU1pVRWhZTzF3WXZFQTBjbHMxVENhVlkxdHBKa3hzd0hNMDVxNFZ1TU15SmpHODNIbm12aHc5VFVmaE5uY2VRVFhRNlkxT1ZiQS1raWZ3RW1WLTd1aE1v?oc=5,
6a8499a45dbd7dc252890f93,3dcedfb879fbdb6c88f24332e91ce8eda1dc912c668be5bc131e35211501c67d,,2026-08-18T17:43:00.443890+00:00,no_disaster_keyword,hindustantimes.com,local,"Intense storm, rain hit Delhi-NCR, skies turn grey; IMD issues ‘red’ alert | India News - hindustantimes.com",https://news.google.com/rss/articles/CBMi3gFBVV95cUxOMDdiMi1UQW50NGNsY3ZwMVFlejZTdEVqdy0xZEJFVmU2bXNGY3MxeWdFSkhaX2lFNUxuVWVtdGF5dml0NDBUaVRRaGtRRXdNa05TNVZnd3NVNDJWSV8wWG9hODJodWMxWmYwaDA0SURmSEFESGRsblpPOUU5RnZqa0VJdFJkcW9UWDRwRk1EUmFFUmw1UXRsQmwxVWdQLWRhUzJtSDIxQ1RiUkJPeEF1OU9LWDFCdWF1Rl9sbnFpbDlSOFBLR1pmOVMyUlZTaHFNYnhWdUZRQm9XRjhQR0HSAeMBQVVfeXFMTXBnalQ0bFlBVjl4eGFSMXl5ckoxb2NiNHd1dWxBT2FlbkhMTmlNTS0yTm81bl83dGpoeW1vY0x3bkJRNlhjRndkZ3dpcVZiaTl6VHoxRFd4RF9hM3puX0pUR2t6amJzaVhlRkx2QlB2UDJraDJaMkRra1lyTmd6ZFRibFQ4Q0JFTThpMjdqSFFCVVVGczRPQXFDS1hhaVc5RjREVmFENTRHUVNQcC1faHFwby1qS2kyQTNJVkFDaGhpZVZMYUV6V1dUbTNQT1YyS2k3YkNlNVlxb01kR1BORDF5M0E?oc=5,
6a8499a45dbd7dc252890f94,02e8591662350248dce5c31ab4928087297064f65a59fc501e78d3ed69dadc8e,,2026-08-18T17:43:00.490816+00:00,no_disaster_keyword,The Tribune,local,"Storm, hail threat looms over Chandigarh, Punjab, Haryana; IMD issues orange alert - The Tribune",https://news.google.com/rss/articles/CBMiwgFBVV95cUxPQXBnck5VN1N2bmloNmRIV2JxUzNGMTU4dlBnQ0RBeUtCMWltSE5JblRSSW0yTFo1YkFuazQwTmVrNkZYWDR2MUJBT1lQWXRNcmpvS2FyMUlNTncxa3g3STNFNXQ1MDdQcHNPeHRkLVJfb1BCWUx0dG92LWdmYlRPa0RZVUR3WnE4R3VOQmZCbVFsQmREa2hPQkttOVd6b3ZpMUpyamRMQU80WThWRW53a1lZeFAxWElqY3dRc1NkY00xQdIBxgFBVV95cUxQVDUxWWpVNTNadnhRc1JwYjhnelZNX2lVLVh6aTh1ZzNiSi1IcXFIeFZFbkZ2OEppRjJOcy1ROXVBYUdfdlhBOFIwOFUxeEVXTHN6a01MbmRta1VpVExOcTVEVm9McWF4NkpmSnA3MnhVOHRscWxoMEdxZ3J6Rm80S3l1YzZYX2JWZUx2c21GMkllZGpVTDB1NXl2UE9NcmpBMm5RYjVlZjZPZmFGTFlmazRlX1Q2eW13dnhqeWdRZTVkZXRCa3c?oc=5,
6a8499a45dbd7dc252890f95,0c2f6c8674c7e1432505def0fa2eb19280449987b496a1b4e18f86b888555cd3,,2026-08-18T17:43:00.534956+00:00,no_disaster_keyword,ddnews.gov.in,local,"Overcast skies, gusty winds persist in Delhi after storm; IMD issues orange alert - ddnews.gov.in",https://news.google.com/rss/articles/CBMiqAFBVV95cUxQY1RTb3hqYUJIeVp5ZFFvNU1iSXRaeE9ZNzZoWE5BQVJNb1U4QnpqclpBeVh4Z3ZkRGdnMmtyLVl2ZXU0N3k0UVVsMlVYRUxVT2ZfdkpsVTB4NllCWGJhdTM5STloRmFCSTFWZzExRWpxSUNEbDFCc1p4Qk9qLXg0WlA4RGxCVjJ6MEpZdlNlRUJYVnR2S0tQQzN6ZkRiWDJiTm1PZkFVQk0?oc=5,
6a8499a45dbd7dc252890f96,c573c4ecaf3abab28cc920e2c475c101bc60e000aba14a2ae50388a19a9d5aab,,2026-08-18T17:43:00.581658+00:00,no_disaster_keyword,News Arena India,local,"1,000-km cloud band triggers storm alert over North India - News Arena India",https://news.google.com/rss/articles/CBMingFBVV95cUxOaXR5WnZCdmk1Zy1YWm8yNUJ4VzF3Y2FLN0JYVkM2REhpWkl1enpRZDZoVDJoTWd2RVdIZDA1bFpBNE5ORnFDNlRHaV9fYTRIY2JzMEc3LTFTV2F5OHg0c0pNYmZ5ZGQ5MGlyWldabGJ2TklSNnJScVNqcXM5SmIwR1h3dU9hbzV4SWp1Sm9YNTRheGpybVExTk1TTjQtZw?oc=5,
6a8499a45dbd7dc252890f97,26a5cdd639b46fb944fdec2f61e5c3224585b273ec8cfbfaac80e142db2d6c9d,,2026-08-18T17:43:00.631846+00:00,no_disaster_keyword,The New Indian Express,local,A November storm in the offing! low pressure in two days - The New Indian Express,https://news.google.com/rss/articles/CBMitAFBVV95cUxNMW1hdTVMOHEwWTlQWWFIeWRTZnNZV1hkZThQSVM1Y2VvMkVPUDktV1pPVHhJSm0yWm44ZldFbmJaN1pSeXU5bVBuQ3ZNZG9PS1gwZ043MW51QXdZeVFrX05GWWhDdzdjZ2kzblczcTJuN2IwVm5CVElHQ3Y4dDAzUHl5M0M4RkV3YkR2b2x1bURtQUQ3QUgtNFdQOFdUSkJTME1SekRHLThyb3ptR3BTOHJkTEvSAcIBQVVfeXFMT2JFUXRUZXFoaTV0bENLRFNPeF9RTkpnWHpCUkZhZllfQkJMV1F1aUdEb3NjMWRpVFlkVDRDNWJHdHlFMk5xTDlGakRfbk9GQVlWcXF3WEdFeFFhNzgyeDgwX1BFVjgzM2VRVDJrNF9scS1SeVhOM0Z1ajVNZ1NlRTFpOWtia3V6TXVxR2JFdnM5a012NDNWZmxraWxtQ18xNkw5UUV6NUtVYndyejAyOGM5ZjEyd2NTdElzRUhmaC1oN3c?oc=5,
6a8499a45dbd7dc252890f98,ed2c671d9e8987aea7388c1c08933c515a18b36017068fc29728a309346206dc,,2026-08-18T17:43:00.673216+00:00,no_disaster_keyword,theweek.in,local,Weather alert: Southwest monsoon arrival pushed to June 3 by IMD - theweek.in,https://news.google.com/rss/articles/CBMiswFBVV95cUxONGFHdjl6UFB2eUxidFhxM0NXMmZtSzNXTzhHQWlDdEVEMzZfTm1DWlJMVUc1dGM3eV9lc0pIYVE2aTg3ZFgycjN0cWRwczdySG44V1g1QWY1Mk40Ni1udzZzS3pIcGJYRTBTMWpzc1JnUUo1TzR6OW5zc3ZUUUVSMktZZURXbE8zVk1TNzh4NHhRTHBrLUpGTXVCWGY0eXhYUmlJUmY3N0lWdVpIVGt4OERKMNIBuAFBVV95cUxPU2JmRjVDMlg4bk1RUTc5UTBDUTYxQmJjdXRCR0ZKZl9zUE5JYkhfUGQ1TDhobG00M2ltQUpTX2dCMU45M0lBTGo5TS00cHlWeFdld2MwUDJjOTlkOTZ3M0t1cnZrNlVwTTZHSEI5YVhMUzQ5bXlTQXE3TmJWV1RnUGloX01KNmdpblU1TlY0NjhqVVl0bGtDbnNEMDFkTDAweVMtU0lXT1dpVXFPUUlMS1ZrbjdVeHRi?oc=5,
6a8499a45dbd7dc252890f99,afcb6b816dc3cfeab56551470bed158c971fadd566889ff9f65c83095cd484a7,,2026-08-18T17:43:00.713328+00:00,no_disaster_keyword,India.com,local,"Delhi Monsoon BIG Update: Widespread rain likely to reach National Capital, Noida, Faridabad, Gurugram, Ghazi - India.com",https://news.google.com/rss/articles/CBMihAJBVV95cUxQVWlUaW1mZTZzRUYtaEQtU3RzcFdnMHh6VnAwNVBDcFhpRmJYQkhLUkQzY3VLYTA2eUpkSjNQWFI2akpZN1FrNW5UZzUxelFwd1BSR0lwRnBnVlBQRHl2LWNRMnYyNkZubF94Nl8tQkVCWjAtcFdNSmh6NUUtbWc0Z2w2eEpDMk1vWWNUUGJvTW1oUldKVk5LaTJZMVJqQXlVTFF0Z2RuSFRjWTg2bDNvOFA3bGd3c3hNYVp3WkhCU0MyeE1NNzlyVG9RRWZpbG1Say1LeUFZd05fLVRtanZ6dGkwakdmMkZpMzFNRGtJblhfX3ZpRGhCd0JIRFpHUGlfSWREZtIBigJBVV95cUxQUGZndDd3QWMtaTc5T2RPTEhYenpHdUlMTzhxNU50cUJjZmprTF9PVjVVRWczTzcwS1JvZTl6VWRIc3p6RG00ejNzLU5kVDNUTnJLZUIzVm50bWtGQ01vam4zSlJFanpVLVZ5Qi1aM3EtdUFZVjd6UWo2QXhMNElwckRfM212YllNNi10d0JjVlNaZXVXX0UxOGsyRjg5bU5Ddl9kUGhlQjdCTF9pZnlXVlN6VWJoOU13am5HMDJqLXlKdWFkQV90TnZ0SUowVHVaeWlKUjVLazh2Qm91UnFSNE9ic3k3eEVfcEZRdnJwRHNVNzlHbXhVZ2FUd21IY3FSMndaSE1yTVZxQQ?oc=5,
6a8499a45dbd7dc252890f9a,eaff7f4f3fb9e81ab3dfa55f0ce20bcbd2f549892bdd1539e33807a02a297c81,,2026-08-18T17:43:00.756170+00:00,no_disaster_keyword,The New Indian Express,local,Hotter days on the cards as IMD predicts rise in mercury in parts of Odisha - The New Indian Express,https://news.google.com/rss/articles/CBMi1gFBVV95cUxNcWxCa00zcW5Fay1UZjNmX1ZTWTJpV0d0dW8taE9QOWVrR043TGlqYm5oaF9hSDZ2WkJPc3daZER4Q0pNN2Z0Z1YyQzFCMVVLa1cyN0VnMUlXOTJ1UFFnNGJTNnlJc0tMVFFvaFlJVzBHd1pGNUxHMUdyaG1FSXVQdXg1RGRJVDN1S2ExamUzaGFEbjI5UVNwX21kejdDUmlJWmJoWkQxVC1vRDhYbXJVNGh0UmhlaUhkbnFnVDlycFVHdDVIOXd3cE5hS00wS2xfZlhoMnhB0gHjAUFVX3lxTE53N1Q1SE85OURPdXhJUzNpcWZWOW1RaEg3RUxkblVRc2xIUFRlZmZ5bXFaeUZBLVF1bDNyeXczeGtXX2puQ3NfZ1BSd18tY3hQSU9leG9SNjBvbkNvRUxjQWJEa3RBVTdnS2xERHlMTFFsN2ZfbU1ObTZwbjVFRjB1TGxEaXh4YVMzeGZIZEdxWnVhM0EtUEdqa3V2NjhLckZ4cDd1ZHZZWC1wR0hVR2J6UnBhSFI3WF9wVlFSamx5VHVNLVgyVXNWOFpFSmtLV25QSEtsUHpXMDhjZ2dBZVVfaDhF?oc=5,
6a8499a45dbd7dc252890f9b,b493d0df57b3b2b97940f0ced59b60f7da1c6e299f757e8b8f2bccabc3fb674b,,2026-08-18T17:43:00.801270+00:00,no_disaster_keyword,hindustantimes.com,local,"Massive dust storms hit Delhi as IMD issues red, orange alerts across NCR | India News - hindustantimes.com",https://news.google.com/rss/articles/CBMi6wFBVV95cUxOeGlvY0NTdEJ5RmdOOFcxdlQzR3EyQmxiQkFpUzBvUU9QekdlZTNERFBZUUJraGdFTWFvWVB5ZGo3ZVJ3NGJ0OFNlRFFjNnZSS24xR0V1d2NfV2JrZHJ5d3BGZ0RqRjRpckZINU5uamx6WTVfaFlGaHlVTXQ5Y01YeE9hVVJ2RVhHQkVKVktDb003U0RSRC1pdURyZ05COE55S0FTQ3ZvVnRZcmM0V05nYXBHYTlkTVFtUmdoQmY4TjZ1dnF5cHNMU1dQemg2dXRoTWp6VXJUMjV6ZzVrLWN0eld1NGVyaWRXMXpN0gHwAUFVX3lxTE1hb040WjF3dW5ka3VtQkhuekJwSmc5amJhd2wyS0NBeWpQNnNFVDdubHVGZGZJbGs4MEpkUjM0TGdTa2U4dUZzelZGdThONGNWczVRX0hMSHZaZ0Rsei1BbFNKZ1h3SmVsYVZ6QVFZeDFTdXJWc1c5VUkxeGZBdXJ2akZHV2xSQkFjbm1xZjN3cV83NDVTSXBZTFFfZlJoWmh5OTZYRWRFa3dBUlJ1VTIzMkJBSEY1MzhXNjY3M1lGV28zWFUyU1U3bUFsdmJTOVJxR25TaFR0NjZTQWtYdE5WVkZpcGcwaGE5a3pIMHZlZA?oc=5,
6a8499a45dbd7dc252890f9c,ffc0af8b6c106ad8d649e6eab545c90812226f5f5cd52fa18d140324b09eb763,,2026-08-18T17:43:00.845437+00:00,no_india_location_or_context,business-standard.com,local,Weather update: Cold wave grips north as cyclone Ditwah drenches south - business-standard.com,https://news.google.com/rss/articles/CBMi0wFBVV95cUxNOXhFeHpNc0dSUW1seXlsTHd5OUdRTDl3Yl9GeXl5TGV5MGsyYVZvcXltR1ZnbHRkRGlUZDNEcHdiMURPMy1DQmJ4ZU1Yd2Qzbm9JUWRUYXJobnRIaDhvTzE5Nmt0MGtCNXAyQ3RjSDVIdFJIUW1ybXRHMWdpd2FocU1RRUp2ZjVieEY4RHp5SF84ZTJZZVFIbGtyeUI2endoLWxkd2ZXM2NtWDQxaDVYckxmSFZoRWFpa2hzdHM5YkRFeFNqb3RSN1c4ZEFwNEdUU3Nz0gHYAUFVX3lxTE01OWE0bXY2WWQ3U2xvaUJDTFJtMFJ0RkVBeTRId3VnMzExc0pkVnVSaURreThXNzlRMzVrMVFzajFSYk1GVGdDVE1obGZJOHdCMTFmVWx0bzByRFY2Nk90a1FfN1VYamJSeVllWGVtb0Qya1F6S25OWGo1WjBLZFItS3FOY2NTVnlKYjFnVXZOV2UtdzdEY2lvdHhkaU5XOHNPclRPTmdRckhBbi04R0lkVFozYTQxOUhHSlZMLWVfem9YTnZLMTgxblRSbzBMblU3TURpX0dqVg?oc=5,
6a8499a45dbd7dc252890f9d,64d82a1a40d1e33f6d478b770f7089c08bc10523d26802c9c31ab479b18f7d7f,,2026-08-18T17:43:00.885455+00:00,no_disaster_keyword,Down To Earth,local,"Daily weather tracker: Bay of Bengal stirs again; Orange alert in Rajasthan and Odisha, rain expected across more than 18 states - Down To Earth",https://news.google.com/rss/articles/CBMigAJBVV95cUxOXzZaUlJUaFpMRTZwSDRNWXFXWkNDRy1wUzRqZkZfN0FLSDhoV01XdzdySWtidVFCVFVoWVpVbUw2UWF4bWRKSXhxSi1wVzdLNmg2clloejBwcS1VMmtZUXVwODJ1OHh3bWtjTUFkZUd4NFA2WlEzRTFud28tcm9QMmdDNFVvVUZrc2o3MjVXeUJTZ0JKMkIydlp3SnpaX0xZSDFvRFVCTm9PQnlfMW1wWXRKc0VoNHZ0ZDFvRk1sWDRxdEpXdU0tUFlodVpIb3h2d2dnSDM5OC05M0pEYmswY2dWc0EzTjBLUzFYRVBONnBZbndQUFFoeXhrS0dueU530gGOAkFVX3lxTE5ZLXJaWlhzSFJSQ2puS3B1TWtEaloxODJ4UXBUS0VPblU3V3hQdVBDSkZPZHY0bE9VaUZJa3JvZUxaYXZrVkV3ekQxazMxVF9GNDBPX3FUY1hrbU1PUnlERzNvbVIxNnluRU9qMlU4QjRycE9wRFdHRW9aWkFwNW82eEtYd2kwdHJnZmJFU1o4U2Qta1RFLVpkYmVHcDByRWFqQ29WbU9pSVR3SmFwYXZoOERJU2s0TXJBM1VQMnptQjZlTk9jNGhjNzZZY3NqbnQzRjQzWEx4dnB1SGxfSXdlSkl1b2M1WEtsVDAyMGo2T1B3YnhqZTRfQ0haQWJMM2piQmpEcUZrSE81WkZwdw?oc=5,
6a8499a45dbd7dc252890f9e,f3c1017c80c85c75c975be064811c89777064b074327be664ff8fb0d728a31ad,,2026-08-18T17:43:00.935125+00:00,no_disaster_keyword,Reuters,local,"India's monsoon to weaken over west, south in next fortnight - Reuters",https://news.google.com/rss/articles/CBMirgFBVV95cUxQd2NnVnJrYzZYNVZEdDRUcnh6UFpKVnU3SFZVN1BCRXAxb2duN1p4Qm5fS1gwXzR3Sjc1UlB4d3NJTkFHQ2JaVHpjaktiSmg1LUwtanVRREhuTzk3ekpGWjVCRTdBNFVsQmxJRVFoNlo3cTBsRmxaS2N4di1VLUF1dlpxRlItRV9qdGhLMi11NDhwaE9ZNzFxODlIMUhEOFpsYnRxRlhNWFctNWhnQ3c?oc=5,
6a8499a45dbd7dc252890f9f,ac1ef1d2259a8247549a7abed0761e90b5fbecbde6be75d5de1dba92251bfebe,,2026-08-18T17:43:00.980288+00:00,no_india_location_or_context,Down To Earth,local,Daily weather tracker: Heavy rain alert across several states as monsoon regains strength; landslide risk rises in Himalayan region - Down To Earth,https://news.google.com/rss/articles/CBMihgJBVV95cUxPNldzWVNwOF90NldlQmhXRUNrWU9VOGtCYWVRMDlEVS1PWHktT2laNkxNTkVWMkpIS3BBamM0U0k0YXFjbDNNTE4zMHNqNUc0YTMzNkRwUUwtSmJqdVpNOHdDSzBkOWUtM2ZMbTVpSVV1Z3hLdWlYWXJIdE5ST1hQY05tcC1JVHM1bjd2M3hZc3oxN2pGZlM4T3ZwN2wxMmxxLWlrdWotTFRwZGpsX1BjZXBPR0RyT3g2UHRrZFlSeWxkR0kzc2pMcmZtbkxvWnMxMlBVaWhLb3EwVVdRb1BxOG1QRjZ6bVdzSzlIRFllbmwwYjhaZzBxeVRXT0N2d0lZdHJ6dVVB0gGTAkFVX3lxTE9TUGpYN0VDVE9vUWFoNGtuYlZudnJtcGRseGZOSDdqdU5lTXFEcnBrQ0ZZdEpRSGJGSHQzWEVJZThXam9uVzRmVkRzX1pmcGVjaUhoRnRveDNDamNNWll4TjRnMktJU3lRajdZclpvR3FxNTFvbmF2TE1XQ1ktcXE3bHp0anY5Um9SMzQ1bnJMQ0dYZWRaankzaVFRd3B4MjhTT25hSVlmRy1hYXhGeUJZN2ZkV2o5VVpjUE0xQjFaQnVGcS13a0psWkFPWGpyeGtEUk1RQkhFSVJCWkJkbk8yRHd2RE9Xbjk1TU83WUthN2JtckpwN2xwXzhQZDg5RmM1QWRpZTd3bUtXWVpLU1ktN3Bz?oc=5,
6a8499a45dbd7dc252890fa0,2486fa60a648b4480ebc12bebc1d1a3bdcd79e7c9345a88dfd5646e02bcb8db3,,2026-08-18T17:43:01.028680+00:00,no_india_location_or_context,Down To Earth,local,"Daily weather tracker: Heavy to extremely heavy rains, lightning and strong winds trigger alerts across several states - Down To Earth",https://news.google.com/rss/articles/CBMi9AFBVV95cUxPN3FKa2pLSVo2eTdKTlJ2TVlSZWRmU2VOdGRCcktDcm9VRFdJUThxSnFRNTNNSGgxZkdsQ3pMQTNWdUUySkJMYXcyQzV1cHpqNXpFRWxqemVyWmZCbFhBeVFtQ3BzeVB1SmI0Ny1TYU9YdmtrNjdWTWh5eUpGQ2U0SmxpdXVMejI5d3NHczJaODRiSHJLZTdtVFZsWmhCWE5TSnh6SjdiVVhzRVdhMzJmMmd5WUMyOXd2aWdNNHpUT083dG56NERnclRJb0pjUEVFeUh1bXpQWHVuQnVvOWdVa2Qzd194NkVBWDVmYjZPQkVHZWZ50gGCAkFVX3lxTE92MFhMSHVVaGJRQ0o1OThxU0VMNnpZdVQ3YXRMMUY0QWFTV0lBOG1uWkhuTmxwUVd2VUs1RVpEY3N1U3pjQ1BjZTVjQVdFVDJveU5mMmtndU1xd1VvbHNPcXFEU2ZKWlZLZTUzS0g1M1hjeTdMUC1rTi1icmQxMlViM2JHMkhCSTlXZ3R6UmpfaWZuQ1g5SlNhR1ZrVG9XWjBNRHFKUGdoREJSWkY5WlZzdDNOeGFnbWVteGl4YmtHZ0Y1b0JDZFNjOWhKOTJEZUgxcHNCaWdhRHduLXdUelVvbGw0RHRXaF8xVGV4TEsybXp5X3ZtTzR1bEpGcnNaM3kxQQ?oc=5,
6a8499a45dbd7dc252890fa1,9e70c1aceaf5a2d2d0396d91291dd52349a5ea06705169f5bd17da0776fe9264,,2026-08-18T17:43:01.072147+00:00,no_disaster_keyword,The New Indian Express,local,Gujarat rain batters Surat as red alert issued for 13 districts - The New Indian Express,https://news.google.com/rss/articles/CBMiwAFBVV95cUxNRVNSQld1YTAxQUlIdzBUOWJLNWFoX3lFYWlibl9XNEF1cW9oYjE5TDNIZXV4UFBlNXpBOGppMEtuUllsTlRrOUIxbkl3Umh6aFA4dktYaGNmM0hBR0ttbEJVTmJwQm9feDFDbFRJWFVBdTh2ODBWU0lKM0o2bW1tcGoyV2ZOLTRKcUhCLVhmcFdEVEcwRmg1T3U4OWdtZDJBM3F0czZ4NTB4djE4Rlg2bkhROEdKRVpoTlhweWZmMTfSAc4BQVVfeXFMTkhWZWNhTmdsNHVpdUVNaDlDbFZjQlFRaVNqZEVSdDlNOGdVOVhuSWVzMzNWVDF0VjBkRDk2ZHc4eEhPRTRUQTRSb2hzZEh0UVhsTUNjeGF4Z2JEUjd6ZXpkNjNfM2J3Z2xweWNGQzdjUkxGY0t3STJKNkltdmpNdDhjaXNVQWZRdFpQMmtTLTZSaTRiNkVTYWx1T3Y2VmVQZXo5X3lWSlV0ZENRdm5KcnNwQ2g0TEx4NU9CQVczdFgzSHBFTFUyQXVhMEdiRHc?oc=5,
6a8499a55dbd7dc252890fa2,755c2c85597bd467c3e90350b4f4ed0ee86fc1d8cc7df826d78281b76d948562,,2026-08-18T17:43:01.141736+00:00,no_disaster_keyword,Reuters,local,"Six killed in India's Mumbai as rains wreak havoc, disrupt travel - Reuters",https://news.google.com/rss/articles/CBMitAFBVV95cUxPdGpXbFk1c2dQM2xyVTY5N0pmalV4OFoyb2lxNTBHYXVzOUdrOUpHSks2dTktYzVsSGJzaEVCSjZ3dlZiTGlxYmdHX1U3LW1YdTg1VVFxaDZfRWZ3cVdCNlg0SG10dEtHZVJwbF94ekVrMFVUMEotZHRqTVprblJRZ2lXMEl0U0RiMm9fWGFlakFzNlg4MVZtdWotWnA2TUZZeF9XbjRpRGNhaVFiVkZhMGZmaUQ?oc=5,
6a8499a55dbd7dc252890fa3,e27312040c444a88aee2d5ad46106e4665892446ac006f4aaaea880571d551fa,,2026-08-18T17:43:01.182145+00:00,no_india_location_or_context,The News Mill,local,"Heavy rainfall causes waterlogging in Bhalesa, residents warned of landslide risks - The News Mill",https://news.google.com/rss/articles/CBMitAFBVV95cUxQNnlTOUJ0Q1ljR0FxYS1NY2liYjZNd3dwcTIybGt1cktBOFo1YVRTTVNGOS1lZnJCWlY0bHJOamRVN3M2SHBLMElwTW9jT1MzVjVrUWRsNDUxWjJTT1Z0ay16QWk1Wi0xUVpaQmNDQVhjMzR2RGlKa2s1a2VjZjBTQ0ZsMGpqcnNFSXZQcUJwVnM5Y0h2ejR1RmNrLV9BMENMTUtQTXpIbGh2cHI4Zk1iczlkTG8?oc=5,
6a8499a55dbd7dc252890fa4,49288d24d2a0c350309db9cea9d62579c1983a526424f9977bc1cb4e64f2641d,,2026-08-18T17:43:01.221136+00:00,no_india_location_or_context,Down To Earth,local,Daily weather tracker: Monsoon covers most parts of the country as heavy rain alerts issued across more than 20 states - Down To Earth,https://news.google.com/rss/articles/CBMi9gFBVV95cUxNSmRubnZmRlJnTmdVVFREVGU0bkRXS21MTTVlekdFSTBIbk03ZWJvZFhEOE45dTBtRDFrTzZKRF9jLTlHb3FrUEhIV1VRcHZ3YWZqay1NR0JKNFBfWWFwZkJXbWhpVFBDQ1ljNnQzTTZxN1d6VHhla3BjTjVtbDRqZ0xsU0pURkM3UjRXZGNrUDdzaTFkdUZxMVEtN1VjSnBXM01MLV9FSzVsZDlIYkYzSTh3SV9TQXVyc1Z2YXQtQ0hhR0t3b080c2IxXzF3bHVPVDI0RjhiSmYyTmxidExoNE5KSEdqVGZONi1YX000Z0FFbEx1U2fSAYMCQVVfeXFMT0tVTmdBUzViSUt0dmxHZWM1MkpoZXB3UUZ0RFJLLW0yVmRFand5RkNkczZrVFRaOVBlXzFQTHpDYmdxa09OaDZzbzVwMUx6NnFuWVR5YkJrRU1UQ1E4ZnpEU3ZmWVZJWFpHaWFzc2JzcUZlVnFickpjR2k0aFItRVRjenRtSmVUZzAzOU5QUGhsVWRXMTVvbWZxc3l3LUxrdTRwa19oSlBxXzhmam5sblE3V3Utdno0VHpOWDRXamRwcEJrbXh5NUlQTGxCV0poTkt0UHhMTXJERVNiVG5NVUl1MlpaaVh6REI2M1lHNnpUcVFmd2pUN1h1aWxteHFYckVIcw?oc=5,
6a8499a55dbd7dc252890fa5,bf005f61e0731c750c3f6f705f16fd88341646028983816605fb86efd324d9ab,,2026-08-18T17:43:01.261926+00:00,no_disaster_keyword,The Times of India,local,"Mumbai reels under relentless rain, Delhi on alert, IMD forecasts heavy showers across India – what trave - The Times of India",https://news.google.com/rss/articles/CBMirAJBVV95cUxObk5iWFhkbGdTMF9CZTFMVzVhai00Nkd4eVRhSE1Jb0RleVhlcC0zVFhUbHU1RW9JdkI4MUNKRXN5M29ycl9YZ1U4Q0ZjTGdwci1aUFFQVWZET3RSNTBMbnRidFYzdXl4MVBWdlpQUl9ibFQ3cnNXMlpnTm81eW94TzhncFFJRjdJRUx2M0ljSDJYdS0ybWJNSEptMzhLTGhLZXpxdkJVZ2wwLXRkRkNvbEZwMUFsZkR6REx3T2pJSGxZaXRzdzBUYU9UVmNfcnZzODRnZWxpeDJqR3BXQkpaN0dDTWYwUHpKUzhwbGhpY2I2VDJzLVRvQlhNdkRPN1l0Nkg3bDlQUUtuY24wLVQwVHNha1BVbE42TU5nQVBqZ3RPX0IzUUUwYjhlY2zSAbICQVVfeXFMTV9Oa0NMeFpTQkdBWnljYUJYeU1YQmJXUHA0VHpMdG81ZlhDWDBDSk8wZ2R1cVZzMFM1LVhPUW9CRzlfZTlCSmxQUjNmSlZobnhpZ2tBakNiMU9PQXdqVEJCRkZJdnVQeE5ZbkY5Nkx0MG9pcnhrZnVFUlZqcE1Tb3ByRjRRLVY2N1VQNVM5V3V4MlJ5d2VGRzFQTzVjS2Vab2xuS1hrRnNJX1lPZ3A5RllXaE10WUNlMElwMl9GeUxsM01yaW5NS0ZIOG14NlY5c0FZaEVJanlFQ2VlbE01ZWFmcXplOVlkNnRyZVc1cHNXZUU4WEhUWGNpc3RybURWMkxub3lNTVZWeUZBMld1TFBBVWtvOTB1U01uU2ZwSXRLVjRic1Y4d3hyS295LURMdWJn?oc=5,
6a8499a55dbd7dc252890fa6,a42314805e832bede0db864d76f8501e5bf808fb023c8b7d46c765e2d237fd6d,,2026-08-18T17:43:01.304956+00:00,no_disaster_keyword,The New Indian Express,local,"IMD sounds red alert for Mumbai, Thane and Raigad; 13 killed in rain-related incidents - The New Indian Express",https://news.google.com/rss/articles/CBMi4gFBVV95cUxOQzNuTVFTZVlPSV9JMV91WnFLSGRxX0k3SURuUS11OThydVF6bnY0ZU9RaGtwcVU2NHdVNDJOOXpSU0xSalU4bmIzWExFRDdua19fN3dsamx4MHFwdUJlemxZZ1JGdHc2UHZaaGRRTWp0M29BQ3dNcW9UZ0FISXpiX2RmRWJqd3pNVUNoN1NnZEpDMXFlUjN6X2tIcTRjSFJVNXNTcUpSc25ybXNOcmZDdU5qZTczZ2ZFS2I3Tjlrb1Q0V1NuMy1TSGtPOGxENGhYaG9zT0V6OHNYVUpCX2ZTWEVR0gHvAUFVX3lxTE1NbDdhUGxKTi14NTNvY003NjEzNWNldlAwT1FZWXpSTWtmZXVmcEVwRUlSRWtELWMxTGRUZjNqQ0ROS2RINk9pWHVUbXZMRm9ER2o0RmpGUjdNX2V2dFFEWlpGNkRVTS1FbzVqQXdkSnJtaHBsYkNuWUZzV0RpTmNkOVBoenY1RWw2U0N4VlljYjdHdkhlU2o2NG00SmxlUG84OWFYejlpT3NvUUpGRUZBTkI2S0V0UUJjZV9OT0JDemdiUDdBTk43REFKTFZYeHZabzdLZEdJczVzWEFPbDQ4cVZoa1pBR09GSC1RY1lN?oc=5,
6a8499a55dbd7dc252890fa7,568e66870f90f96c9e0aadf86349acbd38482d08abf808cf332428bb37490e8c,,2026-08-18T17:43:01.350134+00:00,no_india_location_or_context,The Hindu,local,"Cloudburst triggers flooding in Pahalgam stream, PDP flags ‘wanton illegal construction’ issue - The Hindu",https://news.google.com/rss/articles/CBMi2wFBVV95cUxONk04YnJkZUt1YmNhSWVKdUdDSlNOTkpSLUxqb3JHNEotelREZHp1YV9yX2pIa3JXMFFZNG9xTlBsRVRINVV0T1RfVkk4bkJ4ZXdEU2tjb1JzSDdIT1pWQ3hiX0NMd0hkcDIwdDFpeWFXZ0cyZ0tBcFh0SVhxOEdoTkpxaE9KQW5Xc1R5T29OZVhkWjBHWEpWSEFwdmd0OE9Yd2p1MG1UaGxLSUNtSXNGMlpVS3FDdDhmNXhOQXdOeXZXclNTN2JibFQ5R1hSanJlNk1LUXNuTElQSmfSAeIBQVVfeXFMTTNleVlfWFk1V1NndFIxZUlPUlRFak9sNURzQng3Q3ZSa045MXBHX1AwMEVmNmNWVFBwMk14OFFoTnJkOUszNlFFMm81XzB4bGN2eC0zenhzWnR6QkJzS0QyWGR1ck5Zd1lfQkZiV3NEYWV4ZFY2UE14UWZQVnc2Ump2SVRaMV9mZlkxeGg5ci11OEdBTjRrTXF1eGg0X2NSYW1JQVBWT0lrcHhmbXpKbTgyQl9NbzNLS3JqYWFaeEFKZ1hDaC00RDViNXdfVEVIRWV4Z3BvbVctN2ktdjZGckJ3Zw?oc=5,
6a8499a55dbd7dc252890fa8,d87f418f9ac62454b71c968fb052b49680481607ec39cbef26dbc772119b8305,,2026-08-18T17:43:01.398183+00:00,no_india_location_or_context,The Hindu,local,"Houses, shops hit by mudslides in J&K’s Doda after cloudburst, torrential rains - The Hindu",https://news.google.com/rss/articles/CBMitAFBVV95cUxNcGMxY3Z6TVptNVZhUEhyR3ZXVWpMSTNzZHZDUWRTWjRJMjc2NkktVExWREg1UVgzYWZ5dUxvVk52c3hKQncxRC1hdXJYNkhKZDVjTzBzTEpWX05YeUdUQ0RvSnIzYUJkUkc4YXdveE45bGVKZVZWcXNKNzBhWDExZ1Y3bHFoeWNjX0FkN0h2Y3lqVmQ5dXFiSVpGU1JXQ0dGUF9YQWhieHh1VnlLcjZLNGlGUDjSAbsBQVVfeXFMTk5zLU9pdF9uYndZQTN2am4wYzlySjl1cEY5Q0RsVnBjeFJ4cXZteXU0TDJGNVFOZ3FDOG82elpmQzRFRGlKaGVNSXBtTlktV19raTJJaEduYnB2eHBBemE1a0RKT0pudmJER0JQamJTaFN0SWJ1dW5vMFlMelFQR1VtS21sMzdmUHdOUDU0SnFnN2VPRkwwd0hzTEF6RHFGN0doRXhmRENxY25FYmhDMFlsSWpLWjFXMElKTQ?oc=5,
6a8499a55dbd7dc252890fa9,5d330490a9ef8028f14740923ec3bebad1c7ea1fcbc53650033237d810526025,,2026-08-18T17:43:01.437735+00:00,no_india_location_or_context,NDTV,local,"Video: Hotels, Homes Flooded After Cloudburst In J&K's Pahalgam - NDTV",https://news.google.com/rss/articles/CBMi6wFBVV95cUxQUFVfcDlrQ2RHQmFFc0hKcHNDVDZPS19Zamo2ZF94X1lCdWdHUEZHYkhiVkdDclB0UmxYQkRvTU9aNkd1MEVieEVtNWh6UDBBdXF2RkNaeTJzRlB4NjBIck1iUE9YUW1hcG5HMDRVZGxUWEd3R1FBXzBKbWVCaEtRQktOb1lnSEhqbEVzc1NZMjJHeTRKUERLb3hqZ2twZWVhQ0hyYTJkSUhpYTV0S3NLNEs4WDRRdVVoWnJ1VWcxRWRQdGRIWmpmZEM3cGRhTXNpUDdxY1lPYk9tWUhjMW1sOWc5aUdwNzdJZWtJ0gHzAUFVX3lxTFAyQjFHUFROal9zZXZKZlZiRUdMaC1jWGhjMXlqejBHalpOZnJqeTJhaGVWX0cyd0hReGREbTJTVzlQQnI4dmlRaHNvTFlFVUhZUWNpX1Y2UEtVQVU0TzVmWWRPWktkdU9BdEJraGZMRFBWSUNOUFFPaEFJSDh0anJxel9fcm5wUHNsQ0o3aTZDdGktQmZ3Q3E5UnF6Y0FfSXF5NnNFdGF4VFBZWFhKY1ltWmlKcWp5Nl81TlhzeVZOQ3RHQVd3QzI0anRyOEVkZi0tdmZpZ1MxX0FTejhJWFlCVFFMMXZ3MTRybVAwRk01bVpOVQ?oc=5,
6a8499a55dbd7dc252890faa,c5148617e428adb5407c103b6ec03cc53b3ccbe939ee7878393af4b0e90a407e,,2026-08-18T17:43:01.487068+00:00,no_india_location_or_context,Deccan Herald,local,"Cloudburst floods hotels, houses in J&K's Pahalgam; no casualties - Deccan Herald",https://news.google.com/rss/articles/CBMivwFBVV95cUxPZnZ0Q2dDZ3ZBeFJjRmlVMVRZM3BTMG5jajMwcGljUDlyVkRBbVAtV0ZnWnFhVGdUSTc1X3ZDUk9DRGp6VWxlUUx4Ym5WQnZHZEpIYVFpTGFFQ28wUERsRGUzZnNzVnlkRTM5U0k5d09pQUp5aDhQQWNXSWFYUm9zVkZTLXozeG5uNklQR0lMYUhKTHNhT2RpUUJEWDVmNTBTNGxKMDJJTml6MjhYZ0xRTXNzSW9ZeXhJd1FOVGtiUQ?oc=5,
6a8499a55dbd7dc252890fab,b9dca92767d5ab1f739f63e5516b7f80b5a89ffbfd21063cb1d6f972f1cd058c,,2026-08-18T17:43:01.539718+00:00,no_india_location_or_context,hindustantimes.com,local,"3 injured, 18 houses damaged after cloudburst in Kangra | Hindustan Times - hindustantimes.com",https://news.google.com/rss/articles/CBMiyAFBVV95cUxNLTZwTVdLQlAtTXF0VEI1Vi02dnlpZGRrTGoxOUItdHJScS0yTEhWamFucXA3UXRuYkZIb0Y1bXdwbUk3Q1NXdjd5SEtSMmlnRF9YaE83U1lUZkI3ZTB5MFlKSW5PSGR6UG5WT2stY1pOWDlXZ3ktSXM1Q0R1ZDJDeEp3eVFwYnVpcnhTdjFBN2RsUW0xT28wWUxGV2dETmdmdzJYYXZLVEtoTkZqZTkwU1pzWXdFRmx1NnpQUEQzZDY4SlRhcjVHU9IBzgFBVV95cUxQUnFyMjRGaXlxRzR0TS1kZUtWWHNVVE9RenJaRWxpZlJKcjFrVDQ1T2FSZHJCd1FfSlphd3Bfazg1SC12SVFJRkxMR0wtZHdpckR0b2ViZ2twZWZpSGc1VDdVLXd2Rnp3S2J3UlgyMU85Nm1rZ0RQdmN0eHpYZUlnR19EcVB6U3c5cnk0T2JLbTlJTWREZjFianFQczFtVmNXMFFCVGM3dTBDMm9JSXB6ZU4taERZT090cnpvRy1lN2NLOXdvVmVIS0J4RVQ5Zw?oc=5,
6a8499a55dbd7dc252890fac,d821fa924410b40cd31b5724c05908f4fa4b34b93b62129c42179d7e24d725de,,2026-08-18T17:43:01.577001+00:00,no_disaster_keyword,himachalpr.gov.in,local,Himachal Pradesh Government - himachalpr.gov.in,https://news.google.com/rss/articles/CBMic0FVX3lxTE5aUFdwNVh3SzNWcUxHVkdqVG1mUDdRNDUyZVdxQi1Nd3FUblRjS1UwMkUyTXdyRWdQdE5fM1dRQUFNSGpFYTRnZEZuQVRiU3RwZVRIeFFGNTFwMU1ZVFRaM3NlVVlfc0V0NVJHX2FsX3dpdmc?oc=5,
6a8499a55dbd7dc252890fad,ad81921fd13de51c3b921287556b3babc8f58366c78bf8a3641ef47e057cabaa,,2026-08-18T17:43:01.638608+00:00,no_india_location_or_context,Deccan Herald,local,12 cloudbursts in 12 hours: J&K weather extremes revive concerns over Himalayan disaster risk - Deccan Herald,https://news.google.com/rss/articles/CBMi5wFBVV95cUxPYVZ3SVJJeTZqeEliT2x5OU16SW9PWTVEUWVsTWJ6UmV6UHlkZXg0cHBRckI4ZjVhQXpBWGM4b1NKNlpTVmdTb0ZCbFFvWF9NQlhOTVc5Z0pTVS1lNk5CSm13ZjV3dXYzaFRaUWJCQ3RxUEhqbWkzNDRWV0NDOTZOLURrM0h5REd3V1NwWG5Jd0JMRTFQa0JpRWxYVVgwOHIxNGplLTFoNUlNcmtpQWJ5RnI5czZuWUE1ZlJ6a1FTWUJyQjFpOEZUemdhTXVuRGp0a2dxdE1CTmR1My1FQ3hocU0tUUNxV2s?oc=5,
6a8499a55dbd7dc252890fae,5c8b9ba3684dbd12b06c30b576ec3fa969fe0959dd87ddcebb608cd1ac0a6203,,2026-08-18T17:43:01.763549+00:00,no_india_location_or_context,The Hindu,local,Deaths caused by lightning have been consistently rising - The Hindu,https://news.google.com/rss/articles/CBMiqgFBVV95cUxQamh3eF9TQUdkOTBvOWFVSHRlSXVoUDU0NFBadXFoSWRWMk9TcUxab2t4U3Q1VW9ja2lqSVRkYXpFMVNQVjl2X2VuUFVZUGZoQjVmbWNrM24zSlBMWVZxSzFXUGxGQ1IxajdkdjNRZm9FdTBMQkpaSGowdjJVdm1IU2podFlYWkVGQVRNVnVBN2J4M3FjWWlUYkZTZGZJaHQwck1hOVNFMFpJQdIBsAFBVV95cUxON3lybTMyNmdUYktZSFBpcWNtdjNwdWNnVE50Z3c4SDB5OTI5d0djazd0Vy15VGhtZGdwRE5kejVTOUxOT2hTeUZ2RGVlZV9pUVE5dVN6MEtxQU5VblBHUlgyalNrWWNzR3NyUHctY2h5ZDNPUW5pVmV5OTB4MWkzeTZJdVlhWjVZQjdxbDdFSTJkc3hzVENQQ0lBTExVaS1pTlJ2Ql9UYkpOT0FlLTVBZw?oc=5,
6a8499a55dbd7dc252890faf,1dd583f5c5bc538599afea62bd2cb8a6af761234254601f73a41dd868c8b16af,,2026-08-18T17:43:01.827543+00:00,no_disaster_keyword,Countercurrents,local,Who Dies Under India’s Thunderstorms? - Countercurrents,https://news.google.com/rss/articles/CBMifEFVX3lxTE9DSVdIZVJXWWdZbE1wTTR0NjdtRTFzTGVfX2FtS0JvelpXSjJoTE1vU3hKRm5BRWRQZndHdDlBbHNITW9jaWVaZy1vc09sNGZkZjRpeTk5clBUOWdfSDVtZXVRdGVReHpwck1TYUUwYUpCc3RpaHZSd2lvaW0?oc=5,
6a8499a55dbd7dc252890fb0,a8d14214f678258d108a34ce46ad392a49183a21cc3fbb419b303e964abdc49e,,2026-08-18T17:43:01.927611+00:00,no_india_location_or_context,Down To Earth,local,"Lightning strikes took over 2,500 lives in 2023: NCRB data - Down To Earth",https://news.google.com/rss/articles/CBMiqAFBVV95cUxQQ3BlNmY4SGhfRFNiU2pYajYtTFl5Q3JlcXFHWjZKTE84ekRYNmZMRWwwdFZiYV9KNkY1YldZdHUwR1RaN2lSeEktcFdhVFFoUWs2V2NkVGF5S2dnei1LVDMxRDhpRGhxbGR1elJnYV9uRk5sRDI2T2dnQVZKOTc4d3RHNFFUN3FZMXZYLTdIVWpXUkdSek1sTzRxaXRKaXp1S3FiUXhORXXSAbYBQVVfeXFMTTZyQjhhSUx6MjBUU3FQejJGWEp4YW1LVXVwd1RSeTd3QkowU3RvQm9pM0hpbVplUHBUS3plb3VkWjdEQjhGR1JVN01TbTlJeldGR05tUnhxcWVaZEg5RXpKUVlsQmRYelVEZ1E3aUhlbldhT1ZSVk1zR0YxY3pxcjg0XzRtb3JidzRPSHJNQnYxSnhicTRvV0ZqQld3YkxNcGlZZzZqT1RDSzVLWUlid1JiNTR3dUE?oc=5,
6a8499a55dbd7dc252890fb1,ab5cbc5d76b6717f9cd27a4c905b2f56349e9a4e14208497a0a859e24a1471fe,,2026-08-18T17:43:01.979410+00:00,no_disaster_keyword,The Times of India,local,89 killed as thunderstorm batters Uttar Pradesh - The Times of India,https://news.google.com/rss/articles/CBMitgFBVV95cUxNTzdIVU1RUFd2S3hFUTJfZ2NWcGxwLTl0eHh6SktYMFF2c3FtRklneThhd0doVTNUbFhYY3cwVlRERHVoVjE2T29yZFFkSGxwQU13OEZvRmtta0QwS3haYVRVMTF6ZjJyLWt3QzJMMlhTWnVhV1RKV09pNFlFRU0yWkZvMG1RQ3E2WEhzeGpQVW9mNTctazkyMjNFZy02T2ZmYWh2ZXJuUXN0TkhOcllWUFlMeUFuZ9IBuwFBVV95cUxOYUdLc3dnek53dGU4QjM5QXRzRm9reEZjcXZPb1d4V0szM01EZC1zYzJ0enRuSlY5UEdIcUFnQlFjVTczSnFzeG5WbUtCWDJ2OVBfOS03S2FCVkhERUdya2k0NG5QbVpVbjZ1UElSNTVwSTdtQXNOa2ZxTnZTb2JoRGVpMTlvWnpFd0pneGpTNlBvYnI5S2UteHcwbHpFaUhuZmwzaDB6RlY5YTJ5bFd6ZGFXZTFlSm82eFUw?oc=5,
6a8499a55dbd7dc252890fb2,b84645ff46c04aa77d8e8a5dbd64ccd3fbb6b780d38a243cdeb0589985bacb32,,2026-08-18T17:43:02.036100+00:00,no_disaster_keyword,The Indian Express,local,"111 killed, 72 injured as violent storm ravages 26 Uttar Pradesh districts - The Indian Express",https://news.google.com/rss/articles/CBMi2wFBVV95cUxPMjhITldzTlZDOVRTdHVDUmlILXFmLVF2bEhRLWtGZUt3eFpaU3pQMWw5WDVnWWpjaUg5MVFiSWRkWGpidEduR042ZXNHejVmbWJWQ1ozaTBHUm53bWt2a25sMXY1RlpVOGJiSVNvMk5UaG01RzRhZFViT0FvdGdiby1WT0tHTW42M2xuOWpQMTlYV1JVeUpPR09xSXczMFNOS015azlxR25paDVUeGZXM2VmRGlweU1pQ0dTOXlSSll0bHR1RDJORUhpcFpwd0doZXFqSjRScTRJNnPSAeIBQVVfeXFMTmxaZmNXMEF3TnVHMU50TE9LVDJROWJuZlNDT1lIV0N6c2hvYlJWSWg4djdqeE9CTzM5Vy0taFkyckw3VVZCcjBZdkVtM1NCRG9WWC1oT2hWWnB0SzJQQ3RzMjRXd1VhdWNsaDFBSDZ5MGxIV0ZVVDVsaGUwTS1pUDZLeG5YaXBpZkVSRE8wY2l2LXRQbTNjQVZ3UGxEMUdVMHY1U2dfaXplX2pBZVlfd2l3ZGo3bkJYRHFmRVg4ZHlndF9hWjEyREl6aEI1WlNYaDcwc3RxRVoxMVgzRXdiZ3NnZw?oc=5,
6a8499a55dbd7dc252890fb3,f708e7b1e627096fe894f2ca9da6eaf55039c6b0e8301b9d4151750082b8fb39,,2026-08-18T17:43:02.103020+00:00,no_disaster_keyword,Down To Earth,local,A striking trend - Down To Earth,https://news.google.com/rss/articles/CBMic0FVX3lxTFBKekd1UzRxeXlXdXZtTmFXN21MeEc5aXpHT2FrRDZuWG5NMlppakpKRG1nLTJCMXZyMDRRdU9MTXhvTFFQTUotYmw5UWJjcl90emNKVElXZFRQNC01cmotTWdZc1BJeF9yeldCOUxuaXJpR1HSAYABQVVfeXFMUGxfY1IxcldMNGNDM0tMZnd3R3ZtcVBiNF8zQ2ZGSU0tNktWX19TemdXcmdHVW8zYnFRQzRKSmhmWE9JZ3RIS0xiSHI1dEJ1WjR2NVlIOWZIVUZ5TmVjTHdxQ1pLb0g2aVpkbF9jM1U5dkVLWmVOdHpGS3ZwTlo1eUI?oc=5,
6a8499a65dbd7dc252890fb4,2465b1ef077e26e76236b07970bc6cbe50e377cca43b22d6e9459eed06a14fa0,,2026-08-18T17:43:02.177280+00:00,no_india_location_or_context,thehitavada.com,local,95 persons killed by lightning strike in 7 years in district - thehitavada.com,https://news.google.com/rss/articles/CBMirwFBVV95cUxQTnZ6ek9KZFlYOFR0ZnJtNzd5Z28xQlNVNmFjc2w2aTJiME55bEY5YTNmbkI1YzBRWHUxbFVPMUFRUXVuLVVJRzZodVRNcmxiYU1lMG9ibF9GVU5rU183OUhqTzRnNDdiT1VJUVFhYzdDNjRYTTZOWVpzaUgwRVBIQXJwck01cTRuUll4Q2kxX1VYaFZPRS1vNUJNSkVzSUg3bU1kX19ja21ORDZBdVJ3?oc=5,
6a8499a65dbd7dc252890fb5,89d825e6883bf5c69ea7442e9a7153d48b9a8ef5875a5b5304fd5ecf5186b2e9,,2026-08-18T17:43:02.416016+00:00,no_india_location_or_context,Ground Report,local,Lightning Killed More Indians in 2023 Than Floods or Heatwaves - Ground Report,https://news.google.com/rss/articles/CBMinwFBVV95cUxPc3docVJEX1FsVm9IRzcya1JLX1NkLUotbjE5YVVLSkVhd2g4ZkxRRHJTTUFHTXFoMHpEWlRJdTdOdE5XRmJTRWUtMlBOYVcyS3VnWXRpQlJSNURoMjVkQzRRV0d0SmZUM1RUTHRrbGtaYzM2cnNZZDNxX0Q1T3dYbDdyQktEcXZlSF9QSHNxQ3dGX2x0Vk50THZwVmM2UTQ?oc=5,
6a8499a65dbd7dc252890fb6,a14c8d10d274aaa8e903759dff9e5c1d99d2784296437d646d54bc782ed6a48a,,2026-08-18T17:43:02.541207+00:00,no_india_location_or_context,The Independent,local,Farmers killed by lightning strikes as thunderstorms leave 14 dead - The Independent,https://news.google.com/rss/articles/CBMiqgFBVV95cUxNamRnOFlPQ1JBYmNKN0NZSU12RXR1REJ3cDJFbnlkM2JDNVlDNHhmYk1pQXhoTTJMRU5TdU95QTRTMl80V1RyblVXTXdkZGtBVWRta3NOb094YkJxM2NLb2FtTEVKeWI1TVFkbjBvWFhuMF9DQ1k3UzM4ekdBbTExUVp6eEZhQ1VoanZkTy12d0lFLXZiektqS0hfMDQ4OTM1WWZCZlhWdmE4Zw?oc=5,
6a8499a65dbd7dc252890fb7,a2f48e09036a71da0f01c8844669f2538e087b1896cf2856a39ae34990add5ee,,2026-08-18T17:43:02.588156+00:00,no_india_location_or_context,Down To Earth,local,Over 160 killed by lightning in March-April 2025 — 184% surge from last year - Down To Earth,https://news.google.com/rss/articles/CBMivwFBVV95cUxPc3dybW5IOHlTVFZlNnl6c0NRcURFNkxhSWExSWR4d0NHb1hHb3htRE8yVFRCYzM2TDlVa2JucWs4Yl9RTlNvVWRBN1VpRXBSaEUyQVBRU3FiU3poWmVrZE9Cb0E1TUJJR3NFYmUxclhzQzFZOThkNDkzc1FzVHlnV2s2dTB2YVZDOHkzUFNWUjdnS19KaDdWQkdJU2RSQ1EwWFNacHpWd1RYTkp1cmlVd2U2bkxlVjZfdThCdjBzONIBzAFBVV95cUxNVlNWTTZ2UVc4akZBV0RYQmZxdnQwQURBSkhQUlBrOWFJVkZyendBVnl1TE8xU2pxYWRrMFdPVFdxc01waVhCeHpZakR6Z1htNUhuQ1dIZDFyV25lZEFZVlFHYkpCcDcybHhWVUFvb0c5dExvbVFteklLeFloNkp3M2lfNS1sMjcxMnRtelVqTE9tMW1UZlVERm9ZRWZlUTFrbzhla0NuODdacWJkOHhPXzljMlNOOE04cUV5VGg4bEYyOFVZQTNNQ1FwXzQ?oc=5,
6a8499a65dbd7dc252890fb8,7287091f16fda31b8854c064441530a4e4fadc9e0b16aa5d9cb04823e5ea14cc,,2026-08-18T17:43:02.678448+00:00,no_disaster_keyword,Down To Earth,local,Clouds of Crisis - Down To Earth,https://news.google.com/rss/articles/CBMic0FVX3lxTE4wdGhLVTVkQncxdm9sQ0xGVV94a0RlR2gwR3J1MkhCVmZPZVFBVzJFRld2VjFKa3JfZW55VnRkX2syZmwwM1VNRE9sZnF6NGliMzhlOHd5cXVRZTBpeVc0NmNMT3RBb2xhenFOODQxMF9yLW_SAYABQVVfeXFMTmNZeDlMU19nbXR5RHVqdXlhNGk3WjhQVmNPeXAtaGZNampKMTI0aEJId3lYY2lwVFFYOE9reTNDTU9CNHA5T1JMaS0wVlpDXzI5N21YcU1OYnB6Y0lrbzRzN3VwNzkyX2VfUDh4X2FDNGxLaXpReWU1bUVNekdzSWg?oc=5,
6a8499a65dbd7dc252890fb9,7544ea51851dce3098f949d81675b0ed0431f09b5d8e392ddc03fe8485f749ad,,2026-08-18T17:43:02.754883+00:00,no_india_location_or_context,ThePrint,local,Climate change is leading to more lightning strikes. Policymakers need to take note to save lives - ThePrint,https://news.google.com/rss/articles/CBMi0wFBVV95cUxNamhubEVQTmJvVktvMHBBTzlkNkhDQ09pR3M3MVpDMjlwQWRNSW9WZTVpaGNhTlF1eld6ZHUwNTdCTEU2VDJWNTFiVm9ZYzZFdWVDdDVHX1N0RjU2R0pPZFNXNklmRV8tT2ZKdXhDNkNoVVUyUEYzV25vLTl5R2RhbUdqMVhzd2lPYkxsYzdiV1R0RlFfS2ctWTloVTA5b18tVVAwZmVxSkV4WkhXMDJ3TTRHMVAzT1UzbTBaWjJOd1IxV0N2VmtSZWN0N2xQZWt1aU9N0gHYAUFVX3lxTE5EanJIX21zX1hyZzFQWGRaTHlIaUlNR19JaXJrM2pQWWx5ckVVNUdoUUJoa2d3RUxKM3RQeWtiQ3J0amFqZUs2WS0wVHFsVEFPN1FBeGlmMl9wR1cxd2tkR3VkbHN3QXpndzVTVDc3RHFzSTZhMXllWXRuQWFEM3pLUWpDQ3VoeHdlQmtSRWhzLUp2eHBsVTBubTMxd0UteEYtcHRzanBBRlpQeEVNUURzcGc0Y2NUOENJdDI0OHhNMUdSOHVUMkRYeVJsdXk2T1V4dXNuak1kbA?oc=5,
6a8499a65dbd7dc252890fba,1e6b080ab42145d7aa8a505271cba64686f8de0471bb23174219f4bddc756f7d,,2026-08-18T17:43:02.802315+00:00,foreign_only_event,NDTV,local,"A Week Of Extreme Heatwave In Europe Shot Up Deaths By 16,000 - NDTV",https://news.google.com/rss/articles/CBMipAFBVV95cUxOZS1FQlprNjNUaGkycVgyRU9YY3lWOW9sbUpCbnBYTElRRlR4WG81eXBya3A0cEd4U2hHTENrQk1TRFBmT0RmeDRydDI1aU5UX2Z3VWRWR2JwWl9XNm0wSmhvelpFeFZicGhBdmRuTFhaYWk0eENCQ0Fhbk52N3hnaW1tTnZHX0pkb2dCVTlweHA5d2JHUjVNWVZ1d21mUDh5c0F0dNIBrAFBVV95cUxOSll5QjY1aXlxTjZYME9DTk5qX0g3NUVwQ2N3dE5NVmJlY2FDRDBoWHpLMy1YUGRuMndHcVR4UWQ0bzJ3c2I4dUhOc1hORk1CMXFZQVRPYjEtakd5YUFZZFk2cWpaSVA5VndVSmtQdnVLcnVjbXc1LVg0TjdBaXVpQ0N1dmRjcFh2N0pJY2htc3ZqYjFjY0pTcWZUSG5yNU5DdU85X0d5dHoycUdn?oc=5,
6a8499a65dbd7dc252890fbb,fb213b4e7120b15c81b918c44cb675cf20dcdb48cf6b7880a5b042452a116584,,2026-08-18T17:43:02.839412+00:00,no_disaster_keyword,Jacobin,local,Workers Are Dying in the Heat in India - Jacobin,https://news.google.com/rss/articles/CBMia0FVX3lxTE9xdEVHSTZpM3hyRlFxaWlfbFNqQzUxcTNFVHBXMVhBalNXUGZ6bjdCTWRXRXNKZjJsSmNMNGpYYkpKUmNqdl9qaDl3SE0zV2Njd2h6QXlNLUUyM0J1TlVpc3RiWG01RjYzUkNn?oc=5,
6a8499a65dbd7dc252890fbc,0b72ac042d9c766ba1bf6c6e2e88ea65c567564ce106549e47b3526505933246,,2026-08-18T17:43:02.876622+00:00,no_disaster_keyword,Euronews.com,local,"Extreme heat causes 3,400 excess deaths per day in India - study - Euronews.com",https://news.google.com/rss/articles/CBMiuwFBVV95cUxOaU44SC1XSkNqMlZnVnFpREJIakYwSjhnVTJvVEZhWjd1YjBuMzRTRUlhTGRmTXlaTTZMUFFmeG4yUFlqb1pmRndGaXVhNnB4bWV5YWF6N0VQcE9uTC1xejlSMlVmdGg2aXc0cFNIYjFIV2pBcDE3R0NPaVZaLXFSXzVRblphTjEwY2NKa2tUazNza2V1dWNDRHhBdUdNSUtISjJoek4wRkQ0MmdaTzJIbm5Zb0hUTDViZUNr?oc=5,
6a8499a65dbd7dc252890fbd,2acd66643a3bfa03d96018ff2bca9278419be52f59e2d7aa940deb3984e41769,,2026-08-18T17:43:02.921331+00:00,no_disaster_keyword,Al Jazeera,local,India is being left to die in the heat - Al Jazeera,https://news.google.com/rss/articles/CBMiiwFBVV95cUxQZjhPSjNDT181NHAzZEplajRlSWh5RDRWUFJPMnJ1Ylpxdk5IUUxKQlktUzZMWjdhbi1pZkkxSlNVRFpXSlNEdFVGUTdqVVhtNXhTWWlIV2JFVDg0bTRXTklhZkVqUVI2cTV4WmdJTGhaZWdhWkJudkdrWlZTSHhoODU3SkF1clQyeGM40gGQAUFVX3lxTFBOLWVwMzJ2V1NFTUZiaW5tZVJpdmpQZDNSNUh5S1RoblRzUHJDV1ZTOTlWWTA0X1pURk5yT3ZMbU0xVkcwbWZuQlZJNnQxUVpmSEc2Q1VYOGNqM210d1NoUUpBX1NERmhnR09ZdEoxeGZuczlZOHJzQURqOTZUM2gzbW92LW96VzRIeWRxMEl1cg?oc=5,
6a8499a65dbd7dc252890fbe,84ae38e5f4bd2fb6ac2004cb964d9ad347bdd8d373f2dbff3a8331ed3bd21478,,2026-08-18T17:43:02.985253+00:00,no_disaster_keyword,hindustantimes.com,local,"One day of extreme heat tied to 3,400 excess deaths in India, nearly 30,000 over five days: Study | India News - hindustantimes.com",https://news.google.com/rss/articles/CBMi4AFBVV95cUxQSVZpTWo4QkRFX3FOWVpTZkRaM2E0N1M2NW9LNHI0UEhiSDFGc0FEWlU4MDdHd2RoSjRTQnp0d2l2Z1padXVnU3VXV1JIZU1uUlJkb1hqeEFOMFB5TUNfUmotTU4tUWxuWGdxeXBSeExUTkVjUGx3azdGbnYwel9LdE45TC03Z01pYTZueXRTajBWLXRTLXlzYkNXMjNHdjREek1QSnQwRUs1MU5FZkxmbUlIbEFWbTR1TE40VU1zRnZpSWlJekN6U2Q3YzVkWWZwYUk4QVBtMlBuYkFCaXEyOdIB5gFBVV95cUxONlRUOW5DYVE1aVpnVFI0ZVEtVmoyUzVUSXpFbmZQX0RyanBETmg1ZkJxaTFYV1k5d2xITWpacWxrbWZjUkNTSEI0LTVvMk02SURzTVBWMmpLa3k4NkdPYjBzOTQyTWtWM1FheG4zZkhxaWl6UUFua01fdDNKSnQ1ZXUwOHNkNTdMbzM3eHFCRmkzZy1NemRpWXRBTXVSR3p3TXVTTlBPQzBiRjFqOFhvdUhNdTVuNG1hV1NDODhIeE91WHZaMnpUX28zQnFXX1BrVEVwMGxYSkdvOVA3Qm44dDRpSXJOQQ?oc=5,
6a8499a65dbd7dc252890fbf,eab325ecbec4e25286ba0614449f8bbbdd10c23bc8a65cc9cdafde4781bfcd35,,2026-08-18T17:43:03.037363+00:00,no_disaster_keyword,BW Healthcare World,local,"One Day Of Extreme Heat May Cause 3,400 Excess Deaths Across India: Study - BW Healthcare World",https://news.google.com/rss/articles/CBMivgFBVV95cUxQNEJFcGllYm1JMmpDM1FPU195UFdCTkViQlNnZHI4NFZzZll5TXZiN1NTNENneFZPcnVGVmxqU0tGRGliQWxxd2FRODl6M1JFSEFMQUhIblRLdDNVcERvVGNhSmZqelJWT2VOZTFiZ0xLYmpPampfdFQ2UjhtYjBlbmE4WlBQTmlxZFJtRWh5NXZVSG5aVzQxQ1BHWWREaG9tYndRZmhwMEMtU3NKQmlEcnFIQ0cwLWtQVS1pZ3RB?oc=5,
6a8499a65dbd7dc252890fc0,f44ed1d7bdaec5607fd266fae1d9e583ef3a0fde7afe62f6c37856e416e19d0f,,2026-08-18T17:43:03.093360+00:00,no_disaster_keyword,NDTV,local,"One Day Of Extreme Heat Causes 3,400 Excess Deaths Across India, Study Estimates - NDTV",https://news.google.com/rss/articles/CBMitwFBVV95cUxNc2NkUVdza0Q0OXBDVXZWUlhwMjZXb3dmaU0wQ1Z6T1pSZk95ZFpVUjlMRDhXMngzMER6Y1J4dXhNU19kaUliOTR4VVk1MDFMMDV2ZzIwMXNNaFNfWWlwbWFfTENDVnNiRVBtemRPVVdTWG1xeUdndURHd292X0dzOXhGTEJuN0tMUDFMOFcwRDZFalpmQWYwN3cxOHozSlFWQmtQaTRHN0F1NXBHQ056cTlLbFlRWVU?oc=5,
6a8499a75dbd7dc252890fc1,f2e2b68d9a20c27d734c64f07ecb8c67d1f0326ffd29a42a1df1ce3adf8d0f81,,2026-08-18T17:43:03.130651+00:00,no_disaster_keyword,The Energy Mix,local,"India’s Poorest States Bear Heaviest Toll from Extreme Heat, Study Finds - The Energy Mix",https://news.google.com/rss/articles/CBMiogFBVV95cUxNWWpyODhiXzlXb0N0T0NnMkVaQXQyQW5BVlFLM24tVUUzWno4Vkkzd2w1Ti1KSkRpNEVqaHk5cDJ4OG05THNDb1I2bzVOOW82Q3hWblROQUdISG4zUDk3MHVJanVxb045eDB4Ry15Y2NkN1FCTkFhT1BxVTZUWDF3T1Q0M0JXbE5xajlwMVNMNEJWMVNVU3dQSGYxODFCWkVzdUE?oc=5,
6a8499a75dbd7dc252890fc2,488ca93f58ab2b8f43dc69dddf976d4482a42817ddca1d9e3184d15743063ce8,,2026-08-18T17:43:03.178048+00:00,no_disaster_keyword,BBC,local,'Mornings and nights no longer exist' at 47C: A day in the hottest place in India - BBC,https://news.google.com/rss/articles/CBMiWkFVX3lxTE5mZVR2WDNVS0J3LUQ3em9SOU9ndmE1RVlhTHRhOC0zSG5NdWdkWTNQRU5la3BKMlM4QUJpeWNmTjJMMi1XbWdEZVNOT3o5cU1IREpvMW0yenlHdw?oc=5,
6a8499a75dbd7dc252890fc3,6598706541af7b41bd4ee62327c4f9934ad6b6df69a69fec7f9ee5568239fec6,,2026-08-18T17:43:03.227358+00:00,no_disaster_keyword,worldweatherattribution.org,local,Climate change exposes hundreds of millions to longer and deadlier pre-monsoon heat in South Asia - worldweatherattribution.org,https://news.google.com/rss/articles/CBMi1AFBVV95cUxQNGNCSHFiRnp3YzN3blQ5c0tJTWhLeUJtRlcwV21kQWxwVGRqd1NBWC1tV0N4RjhIUUVreVIwTTdnVHROUGZnUU5LMGhpSkRsUDNldmw4dU1MRnlNUl9aYkdmcDFUWFl6bEZSVTJhdmhSQkNhNzNxRnNzZUtSZk5BQzF1UWcwM18tRWxxUFNaNldjY3VPMjExUl9jZmFxNHo5Q0RrbTQ2NjFyY2JpbnNxSEQ3Ry13bzZDdFVrYmcxYXFUNnM1d2xZXzJrWXc0RW9JeVA5dA?oc=5,
6a8499a75dbd7dc252890fc4,2aede132477f41f79d93d661b0e374dcdbc320657b0c858db0ec7ca55c12dd94,,2026-08-18T17:43:03.297314+00:00,no_disaster_keyword,India Today,local,40 drown in France trying to cool off as Europe bakes under record heat - India Today,https://news.google.com/rss/articles/CBMizgFBVV95cUxNSkJXS0ZHM2V6aS1lMGxULWNBQXJ2eHRzczMwVUtYdV9WWmd2d0hXYjlKamwycVUteHBBQkdhbWpWalFlVXVjclNRU1JkSjFocHo3eVg4cFI3T3FJZlFpZ0NZYzhEOFlPblN3bnpKRXRXTjlaMzlKUGtabHdZU2lqMGstbXkxbTFELWlxMTlmMEYybFZIZm9sUlNBWDA5SEtlWWw0RGoyV2R6bEpiNE1LSUV5bWp3Ujl2N0hnaW5TTlpET2g5QVdPZmN6cnM4UdIB0wFBVV95cUxNaU9mZ1N2Z3VwWTdfaERJRF9WTVRQMDljR3JObllLcmFOV0ZoVmFQUE1vZG9aZEZnODkzZTk3c2RGdElPQzJxWWxWZWcxVmxhdjBLRHIwSzN0czl2OG5Td3JLS3M1WENXYlBDT1ZTQ3NwREFxT2Q0Z1MzN1UzT2lHWDNPTFdLb3Nsa3U5eF8xbGZBdVU3Y3RHOTF4aWlLTW0yU1BYcW1famRXQkhLQkZHUktuZHVmUDFrdWVPZnl1Q3o4MUktTVlfRnlNQmZJbE01SF9n?oc=5,
6a8499a75dbd7dc252890fc5,b145676f66dd5cac7e5508613517ed1df023f6af1e6dff8df6b6ecf95ae3467f,,2026-08-18T17:43:03.357604+00:00,no_disaster_keyword,Euronews.com,local,Video. India faces extreme heat as dead fish wash up in New Delhi - Euronews.com,https://news.google.com/rss/articles/CBMiogFBVV95cUxNR0YzVXFRR29wMmZmYk1ZNjFfNUZMWFNwSFIwdFE1eHdOWnBWeVpnWnJ1WV9fWEpUVE5NcXZNTkhoR0dlV001aGNYc0pPZEFENnRtQXhuQ2ZKaWlUMFc1YXlhVXFkWWV0a2RtVXpWVWNfeVFqa2VBM0x1SzB1SFRfVHRoOU1IQWpRM3NyLVVIYnFOUlVRVjJEOGNwemIxdmZSbFE?oc=5,
6a8499a75dbd7dc252890fc6,226a9b17bf895b7b5268443ebf3bbedab2549a9d6e4c33cd97880c92e0a292fa,,2026-08-18T17:43:03.403132+00:00,no_disaster_keyword,China Daily Global Edition,local,India swelters under severe hot weather - China Daily Global Edition,https://news.google.com/rss/articles/CBMiggFBVV95cUxOYldfU2wxZThEOWNFeDd6TTFqcUQxNUVCaGNHZGpkdEVFTWtnNkhQRFB2RktIYkVLcjQ3eDg0VWdRX3pVMWlDaV9HUkJrYlI1MlZXajNNVk95U0ZqMFVraWJjZUp3Uk1Fc2dhN3pOS25aYWVkUTdvNkdSZHI1TTF1MllR?oc=5,
6a8499a75dbd7dc252890fc7,713f4c7fdc3bb3b9dd4446de55bd34ce286e0d97b6b77c3652b1ad8d629c9653,,2026-08-18T17:43:03.446891+00:00,no_india_location_or_context,livemint.com,local,"Prepare for above-normal heatwave days to prevent deaths, Centre tells states - livemint.com",https://news.google.com/rss/articles/CBMi8gFBVV95cUxPQjFma2Q4ek5Gczl4TnFUellTVFBQVEVlbFZUWmdCN3UwRVRMX0hKM2NlX0dQLVR2cTdDMzlzVUZrZFJEc0hEN0NKRzN4U25nRi1EbWYyaVhpc2hXNkhBb2tzNXNVa05GSDV4VUNTU2ppSHR4SU5wZE02dW9fZ2hVWU9hMTZORFlLdTBnbVdvV2Q4T2RiLXVzYkVhc2VWNnlUQlBsd1lHaUx4WVNLSHJ4Q05IbjRPeHRoSk02bk1iVHNxaXg4bnc1Z1NseE80RERWdGFHd3NiSEw2MTg4SFpsbDBXNEI4ajJvMFdzMmJYbWJ1d9IB9wFBVV95cUxOLWpnTGNYMnJlVjI5QWt0MlFodGRsQlVuQnRydFhRdW1FRFctOE9vUmVjZFc1cVpHQTM1MUw0Ul9FanExXzBTOFMxZ1FzLWhuWGg5UjcwU1hwQ0sxY0xyQkp0QnJ6SXBDakRUMXpCdU5SR2o1TmhERTIxczM0NkF3bWVKWVVKWjdGMmlVRU4zRDBDYWw4MXFFTjlvVnlDU1FJcC0zYUp1NjhleTJ3UV9VMHlSNEF3d2pvNXYzUk9FNGpMQndOZjB5cTRreUNNZDFiTzByLWFqZkVMQ053NVhkYVpNRGtPdzVWelMxNURrZDlZOHhmeXlB?oc=5,
6a8499a75dbd7dc252890fc8,94ca76a6dfdf35c6e21af194106a1c1ca667e12799802f64325e6c02ca894a94,,2026-08-18T17:43:03.484554+00:00,no_india_location_or_context,Al Jazeera,local,‘A calamity’: Why is a record heatwave sweeping South Asia? - Al Jazeera,https://news.google.com/rss/articles/CBMimwFBVV95cUxOUkJaTVRrZzJjZnAyZUlrdUEwcmRFVDV2TWxRemJoc2pNa05MLXJGODhYOXRHZ213bWoyQldPRVgzY0FZOEN3bGs0T0xsLVkwS0hXazJSdl9rQXFrcFJFVmM0OHo1bGhObUh4Vzk5OGE4SzFKblp5RTdGTVA4eVMtVDVwdDBQZGp6bVVNWkFzMXNpNG82d2k2T1lqSdIBoAFBVV95cUxNNHpMVEJxTnBQMEtIX1NkQVU2R0FOV3ZwcmhuZlVxbC12eTJfYzEyUHpIRkEzanlnMEZmZzM0OWJHbWt5TUtGYVFfX0gxcC11WjBoWmNaV0l2bDAtNkdTaGVsSUV0eUR6WThJYVZOSXRUa2NkQS1TUzVDM3pwUUlXT3A4ZE9OUTlqTE5qVWRQR3pndmR4cDdhSkR1SkFLVkNq?oc=5,
6a8499a75dbd7dc252890fc9,3137d954630ae58ce44326a8667da63691d5a10768fda46f0fc623553b3a6244,,2026-08-18T17:43:03.528335+00:00,no_disaster_keyword,India Today,local,When heat turns fatal: What happens to the body in extreme temperatures? - India Today,https://news.google.com/rss/articles/CBMixAFBVV95cUxPejBqS0lIQTk3SWFjTFFqMk9lc3Naa0lVSXp2b2tqMUQ0azdxYVpsTUNsNzEtbTVFRGZZYzBrdk1XaFpmc0Y2dldOT3d6LTRrRFFFaTVuTk9rN1NvOGpMQXZxYUZPUldqOUF2UkpOZ3YxbXNNWVNWbk1hVzJRUFotYldDVTZScTR0OHJwVkN6NUtfZ0kxVW9lMENPcnBjeUcwaUx4TWtuQzhYZ2xnY2dvbjVHRTNVOFBtNXdVRElpX3dVQU100gHKAUFVX3lxTFB3TEM0cnZRSlVDcHl3cnRXVGdKQlY5OXVWNXAxTEtrWUZsbUlpbVZickEzekQ3aTlscUlWQXhRMlJHQ2NuZGFRRUVQeEN3THJ5M1B2Sm1EZkZNeHlkaWFlY2dFNWtjODU2VFk4X1JjWE16Z05qTWJ2S1VOWG5FdUFVUEVscEZua3dnTzBHSXVxTkZQZGFXczJ5cHVJcE9Xc2oxdGRLTlN0RkxReE1zQl9rWF96QnZvZHNfbjJjbXlxeWdJX09HM2xMcFE?oc=5,
6a8499a75dbd7dc252890fca,8b2f01a8afb72c528fde73ae989e7004127aa4e7b89550f25a3ca965cfe7d55f,,2026-08-18T17:43:03.565801+00:00,no_disaster_keyword,Ground Report,local,Extreme Heat May Be Killing Far More Indians Than Official Data Shows - Ground Report,https://news.google.com/rss/articles/CBMiqAFBVV95cUxQaTVuMHBKOVlnX3ZNcGtfbERGbzNoWVdDWi1KUWlqUzJmMThvcmFGdlA0WVkzWTl4TnNERTQ5V21RaFMzNTBQdWxmbFBObHB4emM2dmtIV2dSaDk2eFNoZ05FT190Z0JzZFQ3cW9PM21IbmM2ZkdobElTZGxjbkpiN1BrR2U0R1dsaWczUnQwVm1McnlBRHdRZG5TWms3THNqVXMwaTNDbTg?oc=5,
6a8499a75dbd7dc252890fcb,5f07327fe84e9f3f7c02f82ee08cc78d33498d864517dc1c111207ee00a3b29a,,2026-08-18T17:43:03.608749+00:00,no_india_location_or_context,France 24,local,Extreme heatwaves: Indians struggle and suffer from water shortages - Focus - France 24,https://news.google.com/rss/articles/CBMiugFBVV95cUxQb3VLcERUUEtMNENMcGdNYmVMVG1mRmhldWFuSHhIUUdPZEp2bUdEWDBDNkZiNkRHUTNIQU8tcnhETVM2WVcxRE5UVDV3cE9LbjBxNTdWOURXOXZvSW9xQzZyVXpZd1NTYTNLTWlFY0w3RlZLSjJYc01JSm1hd2lGTGJJcVkwT19zTkNsUTJKWlV2bFlyNmRXS2RsanBicWpiLXp2OUN6X21FVTg2UmVnVko1SVNyMWVCUVE?oc=5,
6a8499a75dbd7dc252890fcc,16b040fa615ce533660ce5594e9bfa3fb4c215f6db81282a34d5c45b65ce5d9b,,2026-08-18T17:43:03.646065+00:00,no_india_location_or_context,Health and Me,local,Super El Niño: How An Unusual Heatwave Is Making Indians Fall Sick - Health and Me,https://news.google.com/rss/articles/CBMivwFBVV95cUxQUE1KRWJScnVJVVp3Yk5kSDd3VnlueXJvSTBLN2NOeHp3OE1aNTlSamcwMFkwYWdDSnJYMHBuR3RQdUV2MF9yY1ZsdEVRVnlhSUttWGRQODlTTXlTUkZfVkpZRThXTjAyNndwWEk2TE54NTFPRGlKWGF3XzFLVlhVaWFoWDlHZ25GVDZmRk90Y1RsVkNqUm4tQ084ODlPWUJ5c3diZXc1RTZqRk40OGZyS0UyOVN0VUkyQVVmNXN6bw?oc=5,
6a8499a75dbd7dc252890fcd,589cba010e116e25d0d9c5bf5ea6e315f3bb7769c4021779222b598a4d080e39,,2026-08-18T17:43:03.686071+00:00,no_disaster_keyword,The Cool Down,local,"A single day of extreme heat in India may kill 3,400 people, but official tolls miss most deaths - The Cool Down",https://news.google.com/rss/articles/CBMijAFBVV95cUxQM3Jfamh0eUNFZ043NzRkOE1wYnVBZHdHbFVQeVN5UXJvbS1NbGdPWWhHb3BTQXotbVIycm9XOUlVa2w5Y3BoOEJFM0ZGd0ZJZWZFSlRHNk1mRmlFWDZFR2VXcFNHZUFGZkU2alg2SkpTUkgzdXNibm5ENnJfSmZUbGRSM1hHOGlsV2FKZg?oc=5,
6a8499a75dbd7dc252890fce,759c3be02b3f6992a27129832cd9a0353712c0624ba23d14d4cc5be1b638b380,,2026-08-18T17:43:03.733342+00:00,no_india_location_or_context,WorldAtlas,local,The 11 Worst Heat Waves In History - WorldAtlas,https://news.google.com/rss/articles/CBMihwFBVV95cUxQVDJNYi1ScWt5MXRWN1dqX3c1YUF3VHgyRW9DNnhiUEVqaUQ5WjVKTnBTWXlKTkg1TzBFMXBINHEzZFFNY2hhQkdSZC1NVUwzcGR4RTFQclRmYnVzRG5ieEhBOGNFMmtHRGtUaEs1VFotMXY5d0xYeFE1aDFCeXdXU0ZNM0xRTm8?oc=5,
6a8499a75dbd7dc252890fcf,4e49d92e5555abea1593aea7831b66ee832e48f8c139c133b2776275ef1ae64b,,2026-08-18T17:43:03.772361+00:00,no_disaster_keyword,tabla.com.sg,local,India’s Extreme Heat Days Are Becoming Deadlier Than Previously Imagined - tabla.com.sg,https://news.google.com/rss/articles/CBMipAFBVV95cUxNM28xeU1hS29HNTNvNUZUVnNwWjNQenlTVFp6Y0hSM2JZX3ZUTnI0Uk9LZUlNWDdZRzBDR3htcGhJTFdzdHhlY2dvX1NzcWFhcXBDbmFBUFhNa2hTeExydFRtdVNDVFVva1R3eURGSjE2V1U2bjVzT3NPQ2RjWUxfMS1PMFFEMkVFY2dYREU2QTFyRzBSZG9wOW8yMHBPTENsc2xpUw?oc=5,
6a8499a75dbd7dc252890fd0,f62e06abb916346c727fea94aaab75d4eb78e349a3a48691254cad7082e5e520,,2026-08-18T17:43:03.816184+00:00,no_disaster_keyword,Outlook India,local,Kerala Man Dies Of Suspected Heatstroke; First Case In State This Year - Outlook India,https://news.google.com/rss/articles/CBMirAFBVV95cUxQZDRwRDhlc0R4bUVnTlNDSTZVLVZWazZmWEYtaFI5VEpwV0lYcFhIazlnNm9wVnhNTGM2TEtuTmlXa3lscEhPcjdGcTZPYnlyQzZaSF9pdEQ5dlRyNVBoT1lmbUNOaGZ2THcweEdiWFBaZU95Qk0wTjI4dUZQekd1X21SNy1udElNWEtrbURKVml3amk2dnU1ZkNPRE5WVHNscDhuR2FsM1R1VUFM0gG6AUFVX3lxTE5USHpBS1g1U2JKVDhqZUZxQlA5ZTJ0NjNhYVBIZlRsNHFyTkg0X2hKUkZraWdudURBOWgzQjBXSWhLQmNIcXFwSDNrUEtRV05uWEVMTDJ2amRsQmVSVFZOdnlnS2NZTm5NSGxyWHAtcWRHZWFnWGQ4bWdId0lRTW5JSHpuVFlxNXozXzBmS0ZmaDY0LS1RXzlHR3hQNzFkTnJMc25FdlhxbDBfUTYtX01ZVi1tcE8tSnlJZw?oc=5,
6a8499a75dbd7dc252890fd1,19dad58177e221c72e10e9db3ce557d191d32decadbdc43a197e8ecb3ccf95ba,,2026-08-18T17:43:03.861723+00:00,no_disaster_keyword,Nature,local,"Extreme temperature events and their relationship with excess all-cause mortality in Chandigarh, India - Nature",https://news.google.com/rss/articles/CBMiX0FVX3lxTFB1NmZYX0tKWkE5dlRqaGNVcE5RVlV1M2VBLV9UXy1jSzdfSmZDN3YtWEcwcTRZMEFzZDN3REdnTXctOGxJeldqTEJPR0E0cHVUSkRHc3YyZG9GOVpzYk53?oc=5,
6a8499a75dbd7dc252890fd2,6a7863b315a7653192c020421dce0b3947e7bd39cf77bc1bd611847df0383072,,2026-08-18T17:43:03.900350+00:00,no_disaster_keyword,Down To Earth,local,Sweat for survival? How long can India’s informal labour bear the heat - Down To Earth,https://news.google.com/rss/articles/CBMitAFBVV95cUxQUnl1bnhkcXVwc3pvM3R0WXU2TjB2ajJQSktMU3hrVEtYck5fb3FjYkZ2bkpmeVBOVTZBUWZsandrMkhwWlN4aUk0b21tZmRRSVlCaTY2MG5IWkNESzhWbzlWY0xMNmRveGRxZ2xhSkhaaGhDYXhPVWpuS0R2NnN5M1ZnVGE2T2o2VE9fRFFqWFBSVTRYT1JWdkVOak01VkVid3ZzQ3Z6RnJ4NnFpQ2RHRlZCV1LSAcIBQVVfeXFMTUMtby1kYi1McUg4bG9lX0JINmtBaWQ4SjVQdll1eEd6czBwV1FqRFZTVVNxTS1nam5qVzdLYVJhU0pjQnBPcVRneWpHZUl5d19jS1kzaTBBVWktXy1jcnZTNEZMOHUzQnpFbm9BUG9KdURSYkNyVUtPblpVRng1SDNJYWZENmhNV25jYU94UWhjckJZWGFOT25qYzdZemo3OHpqWUVtVWFqTWt0SnhGWjlGZG0wM1hoa0x2b1k3SFo3a3c?oc=5,
6a8499a75dbd7dc252890fd3,a72be6256e79ba7c64a66ac0a0c750b6549ad66e16dbae610d5ed5914c144137,,2026-08-18T17:43:03.943480+00:00,no_disaster_keyword,Down To Earth,local,Lives lost to extreme weather events in India increased nearly 50% in 4 years - Down To Earth,https://news.google.com/rss/articles/CBMivwFBVV95cUxPMmtyb0ZkRVhfZEJLb3pCeVpxRm4yRXltM0pPMkJhOXZib3FMemZpR3RwSjhWNF93cnVJaXRCQkM4akF0amFmYy1UcFEwazdSMVk3dG92dWRaNjhuSmc3cVFjbVpsaXI1d0ZlelF6b3RNMW42UU9BdDNSQnVxWm1Jdy1tTkFHMEdCSDE3cFNRdVR4T0QzbnFyUk9LdjY3aVdMS2xZZXhjTjN0WjRQV3NvWW14NkRxWDBSekNlSEh3Z9IBzAFBVV95cUxOYjZPXzRxYmgwakNuY0dhTHpBSU04Y19wVjdIaEJuYXNvN2VEQ3N6ODdza2JsaHRlUU9xbmRvcmQ5WnJFSmNPSDhMQVhXY1lQZ2Fma1lLTGJNcWNoTzlha0luaWliY2FVbWM2QjliMm85bTRYeUtvUmV2bXFpeHV0RXRNNEJVWUU1UWJURGJVWmpRZFVEbjN0VWc4Q1lMWmVZQmFkb1ZaQkk0SENtUTRhMTQ5c1AxYUxqNm0tbEk3b3NyN3U1VlRyWDN5a3I?oc=5,
6a8499a75dbd7dc252890fd4,7acad43ebf41c058e2373b8cca643d5cb8370de84472af22c99b4bc08ca0cc6f,,2026-08-18T17:43:03.981707+00:00,no_disaster_keyword,Al Jazeera,local,India reports first heat-related death this year - Al Jazeera,https://news.google.com/rss/articles/CBMikwFBVV95cUxPdFRDOTdnbFVFWDREZnlUNkl1WW5SNVp1QkxlMklsbXRFTUVBd1lrSUlYVWpGY2JGcXN5TUlfdXdoSGRZYk1QSEhha090LXZ4N1RBWU1OalhRZktjSzFHZEphaDBHZWd2bjR3Ukg0S0pzTVc1OG1YQjY5T1Y1MDR4ZFM0SV9oeTRPOVRnbkRUNTg3eDTSAZgBQVVfeXFMT2haNm1FTVJpXy1XY2FHT3kwMDFBcDRxT2tlUUluZWpWV2F1MS1xN05GVXlhWEZncl9lUDg5XzVfbWljWmx0aElBNHFnM29KY210Z0VkVTZxMlJfQWlucU0wM045MU0ydXVBZDhIb0t1NnZHSFY2VXAtdldfNTdiNGdnOV8xY0Q5LWZLNy1kbUtyYllkc1hYcVE?oc=5,
6a8499a75dbd7dc252890fd5,57a97aff3bd364e9f7641e5c8ae08d7ea6d332ec18b92796b3d901914ad39690,,2026-08-18T17:43:04.021191+00:00,no_disaster_keyword,AP News,local,Extreme heat in India has killed more than 100 people in the past three and a half months - AP News,https://news.google.com/rss/articles/CBMirAFBVV95cUxPR0JwYk9SckZtUEp0MVhDa1VnU1FMNEVaWHNxTkctWVJyY0Q4alA3VGpSN3Z4R09NbFBmWjFyOElfSUZuUnhMOVZaTmFJRU1TM28zcmZEcXhNcXQwNXJKcS1ZRHVQeU9sdXNpRXhlLTB1VUxXWWx3VHg0OG4tLW14TUpaMS0yQjY3b2lTNFVDN05VazhELWhpZXd2ajVtS0JiNWdBWm9xcy1BQWVn?oc=5,
6a8499a75dbd7dc252890fd6,f68557e9997056c02dd367b99df982773abebac91598087babdc209061b08d4d,,2026-08-18T17:43:04.059824+00:00,no_disaster_keyword,The Hindu,local,At least 25 poll staff among 40 heat-related deaths as north India boils - The Hindu,https://news.google.com/rss/articles/CBMipwFBVV95cUxNQ2twbEt1NFQ1RlQxQlEzUGhZMXRqaHBoLVJKMkI2ZE5SSGNCeGtOYmxzdkdDVVpqZll4T1c2MUhpRmxFcnllaGlkNmF1RlVVRWFnZHZObW9LeTdvV0Z0ZjdvQUE5ZGJCOElWaHlPZGVybGRKSWlIbkpma19nY09wOWo2d25FUURlY3FMN1R6dHRuQU5tU3ZzVHF5VUhPdXdtYTBTdFJfUdIBrgFBVV95cUxNVnNObDdKTGUzVHhRdWdyZTNpdHNpVmFqWkZ6Y0ZhdGlpaUJqbVhVYXg0VXFnR2VBNzVJRDZtZ29Zb3hCWlRxbl9yYmw2aEtSZnQyMmdmcUw3Z2VTel9RSExaMGNSWTN1cGhIalAwRERWMFpNREpfOGRhWlZRc2FXbEExcUtwanpkaVRpX3I0THJfVTVlSlN0dEN3a1lFd1pvZFdwczJlcXdDZEFyMVE?oc=5,
6a8499a75dbd7dc252890fd7,5575562426b41cc5ddb896a3f65b6bda2e2469f4122e184ef887ba4046cedfd4,,2026-08-18T17:43:04.102564+00:00,no_india_location_or_context,FACTLY,local,"Data: Huge Discrepancies in Data on Heat Wave Related Deaths Reported by Various Agencies Like NDMA, MoES, NCRB - FACTLY",https://news.google.com/rss/articles/CBMixgFBVV95cUxQT1VOdWgybHBqeGlKUmY1NUNBbnRJQ2xNdG5xVG1peXR0bjFCTzdpcFNFOTZmQW5wd2puSnFsZlBSNjFQNFFEYXRfZTRlSS1EMXg3WXFfcmZ4TDg3V1E4ZXNjSHFUWWdNa2lhcXptWHI3YW1FbGxGUzhyMUtzdmlCRC15Zi12U2VPT19ieTJvWHJzVF9IRlM3Vnp5bC1yUDBYT3ZfT1pEOExZUTlxTGV2TFdWME9qX2N5dVllOGt2UnVEa3J5c1E?oc=5,
6a8499a85dbd7dc252890fd8,5a4fedc0007520d411aee16b087ac01f1d21c940ac66466eafdd207cae3dec5c,,2026-08-18T17:43:04.147744+00:00,no_disaster_keyword,Down To Earth,local,Protecting India’s geriatric population from the rising heat burden - Down To Earth,https://news.google.com/rss/articles/CBMisgFBVV95cUxQT0p5c0lZRGNsVzk3bGVGVU5obXdGSWJNaHJXVkgtWkRpWjFXa21pNkhoZXJEX1gyTE1WOERNQU1uZnpyNUE0d01qNzcwV1NtNUR4NlZhelIza1JjVXprZ0pxMTdmazFWSjRZb3ZYdC1aTURyd0VvZXo3c3lCenJVc2ItNk14YmxTY3d0RXY1WEdzYllaS1cxSTRTbGlzYjAtR05ZSlRkRHJmeWFFb1NEV3hR0gG_AUFVX3lxTE5jb0txbzl6ZjFST21sQW1QZjJhQWxnc1k4U0ZNQk45cE9yemlPZmZURUFEMjZSQjNIM2pLWnVsUTgxcGdjQnB6M0V3WDNUWU1BZjhZaTFNSUpzUS1XYnl5QkN5NE5pak1WNXNQWW1MSXR1cGlVWjlmdnh3LUlrLW5uX2NKaDlxQ2JmbkM1Z2g4NEtEZlRmTmJFeHpfaDU1eTZXVE1SQjU3aEF2V0NfcDlMRzBBN0JVWmVoTF9veDM4?oc=5,
6a8499a85dbd7dc252890fd9,a8d4660a4999a26437b1a4b5c0a829e05559f967ca0e0fafb374df9260b77c55,,2026-08-18T17:43:04.203132+00:00,no_disaster_keyword,Down To Earth,local,"Climate toll: Heat and cold extremes killed 35,000 in India over 2 decades - Down To Earth",https://news.google.com/rss/articles/CBMiugFBVV95cUxNQW4xSjNXWDltX2RSejRjNnRDcDZjWU90ZmNOMHJJSE5KRHlkNDhQdmlxRWhUalFaT0xkY3RPcnNQWnJZMUhmaTNNTjE1M0ZvSXlpSWJFSTlReHh4c3FtdHNTLUE2Z1BfX2R3WGQwU2M4Q2F4TW8wb2ZjNFczSFZlaFdHTjZFcTlnay1PR3hQVi1YUnBfbVloVkJEa1E3bUUzYkI0eWRHM2FEamVacjAyWVoySnZTSFRBUkHSAccBQVVfeXFMTjc5VWV2Umh0VGM1N0pvUzRmVzEyRVA1M0R0NllSOXB1QTN6aG1xTTdWdHdfZUF0aHdEVmN0QmJ3WHFTcWI2Qy04d1Q1SHA2N0FORWtKR3NaNzJHNXczYkEyY1FQcmliQllvOU02bDVyNnhkU0NXUTEtSEhSNU9EcllxMmJQYmF3X0w1YXViZm1kYTBkWjBLdnkzUlBwa0Vqc3F0dXpDNVAtclB5YnRJWVF2QlFPRE1pT056WFgxQzE2MjUtV24yOA?oc=5,
6a8499a85dbd7dc252890fda,cad7a154796379d2ef6480362c36e0deae7c29644f7a0d6c5efcfa4e53a4412f,,2026-08-18T17:43:04.244310+00:00,no_disaster_keyword,Dialogue Earth,local,India’s Bihar has a plan for extreme heat. Why are so many people dying? - Dialogue Earth,https://news.google.com/rss/articles/CBMipwFBVV95cUxQR01kZEZ3VXBfQ2tqdXVmbUdwUWRvVFE4bHM0UVV1XzRUa1F3bTd2a0lXSzZOVGtZcUNUMXlXYVRxYWlYY1FxSU5vNWtvMUJ3c01fdmdVTlhnQVY4TEFZc1ZrOFRId1c4RmZZcHQxTE1NaDhydWxEMXlsdXVHVEFKNURPMlpYVk9GTWxUN2ZSQ0lrMW9XVWhldDhMbUVtbDJWWXdyYWc0bw?oc=5,
6a8499a85dbd7dc252890fdb,5910181cdcd4d7488a48c6361d80960c1222501efa993f1cf4a0debd298f0cb0,,2026-08-18T17:43:04.288450+00:00,no_disaster_keyword,The Times of India,local,‘Deaths from extreme weather events in India surged 269% in 25 yrs’ - The Times of India,https://news.google.com/rss/articles/CBMi1wFBVV95cUxONk1oOXpDYkx3ejJ5WjB2OWdrNnh2ZW56V0ZZRjNYOXFZdVYzZ2Vla0JyV1Y0Qk1DVjVmMXd2QXU5WktSdE42bFFfQTJLVFo3Und5NXdCbnpGMkJEMlBSQnh0T1BzdVVrY3JsWUdPOEZ0REdLalRHTk1peC1CUHFyTjZudWlZcXdIU0JtZGR1LWV2enNsWkVqTF9LajE1WVptZWZPeVRybDVwSG5rU3ladC1ZZU13emd5MU5NQlMxWlpia0FQQWhoMFFNVl9lMElsQ0I0djVVMNIB3AFBVV95cUxOVkUyRHo1TGwyTWtCU2Y3ZjRXR1JzejI5Vlk2VGUxYUg1T1ppcGFON2tHRTgxSkJtTTM5ZE51TlUxNERET2plWTVBcENxLUR6V0E3bHlqSkMwU1BscVVsNHNEejNOLXNZblhFdlFkeWpZdzBHTXh2OFdWb0o2ZjRaRnE5dk1jME5vY081MWg5WUVnTU53SGFKOFE1dWV5UE0xMWJpMlMzZk5SRWx2cFZ5N3BZUGZRd1hzZFphbENBVkh1UXdPOWRiQnIwTERreHZIczdlZHc4eDBUaUg0?oc=5,
6a8499a85dbd7dc252890fdc,deef76ae358774badbcbf7dbfb68a77c0ab5522838f384ea0bf6bfc05f979477,,2026-08-18T17:43:04.332924+00:00,no_india_location_or_context,The Hindu,local,Heat stroke death: 61 killed as brutal heatwave grips several States in north - The Hindu,https://news.google.com/rss/articles/CBMiqAFBVV95cUxObnJPaEVjVVdtc2NYNzhELWdrVnpoM0REQUlzZzZCOGxNam9OZFhpVTFhekJIYlh3REhsYV9ONTRMbGQxTnduTUdyWVpXYmYtcmtJQ0JRaWp1N0l3WFE3M3JwbkIyZUhZZlJaUWszVDlRMFlpcEFXcjBibW8yN2JDUEdrVFYxNUFFcFBSdEczbzdPVHc5cjhLejJlb2YxNDE5WmZoOGlQSVXSAa8BQVVfeXFMTm1Na2xVTkNpbTFDcWtpR2M4b0VqNW5QSGZtNlFLOVBqNWRXbUEtYXFoZHh5eDBQaFJLeUV0MzViX09NMVpDZzFPai1qU3VqRE5ibDFDekRiVHBScG5pLTlmSEVoQXZaU1BhaVVrY05ub0FrUllhbWdKU2VmbnVfNXA4bVBGX1FZejBMUzZvc3BuTU5yRzVReGJNMDJreUtHeUREWVMwM2VpTnlVbkpRaw?oc=5,
6a8499a85dbd7dc252890fdd,c6fece5bdce1d6bcc391712e6bc1a36276cf640519877975eb2051780fe4fd0b,,2026-08-18T17:43:04.374920+00:00,no_disaster_keyword,The India Forum,local,Summer is Around the Corner. Is India Ready for the Heat? - The India Forum,https://news.google.com/rss/articles/CBMihwFBVV95cUxNMml4cXR3MmtFcVltSm14N2dlNnVTSEh3YXdCRWJsRzZCQ25iNk16dHJNal9wcHVmY0xVYjMxem5qZ0dNaTE3dzNHSnR6akpqSWpXQWd1SXZoMXhmWG5vVUI5RUVxSDdYYTBYeXpqOU1yWXI4aEt0VDZ5ZjBKTV80MlVidUxkUk0?oc=5,
6a8499a85dbd7dc252890fde,681233fb8fd1b66f301bfb174d407f2cb6fe0e9c5b9526636a5a1ab4d4911b99,,2026-08-18T17:43:04.420872+00:00,no_india_location_or_context,business-standard.com,local,Heatwave crisis: How many Indians are succumbing to the high temperatures? - business-standard.com,https://news.google.com/rss/articles/CBMi0wFBVV95cUxQY0R2ZzlBalVpdWJQZl94TGhtRFdKVWllNHoyalhWdGZsY3Rob3EwQmpXV2ZfNFRZTEpuWVJhTmVuWl92WmdSREFpbnpkRkNPOElpUUxXQ3h2WWhNbi1Pa1lmYkdKVi1pY3pCaVM0MEplS2M2dldpT0ZRQ1FnX0VaQzMzcnU4MXYzTk52RWJmLWZ5TEJJbjl0bTQ1bTlpbWVmZGJpaXZ3N3d4RTdka2pHbGVNV1NHMVdJX09Cbl9fVlZwd3RvbVZNbEo3WkxHN2hrb0o40gHYAUFVX3lxTE93YzhacExfc1FTcDUzbVJLT3BYVGR4MWhMTWxkWm04NkZpZ2xjbHlzWG9uQ0dNak1lVmRVNkdJeWlHQlNrSXdvWHVUb2c1STJJdnlQWnl0c3dmaHZZTnpEcWhyLTlzenlzMUtrVG02TE9HNWxhQnRxSFB2dWxRTnUxa2NLX1JLalN0MjZsbGFLenFCNEhTM2xIaE42S0xRTlowZWd1VzRUdVNuWjhURC1XY0UtWXl1MGNkNU5LQjJ2VDRFNm5QYTRqb0dGWmRZUHA0Tl9iT2J0Tg?oc=5,
6a8499a85dbd7dc252890fdf,7007b395f1c3d920acee59694a17ad0e5d267ef992776b557cd6946a305fd7cc,,2026-08-18T17:43:04.459016+00:00,no_disaster_keyword,business-standard.com,local,"Harsh climate claims over 2,000 lives in India in 2024: WMO climate report - business-standard.com",https://news.google.com/rss/articles/CBMirwFBVV95cUxPWDZNWnEweEx3c1l1aHhaQkFHdUN1eEE1YWFONzM0b1l4TEZpQWlNWXZkQm9nSFJHUFd6NWNBWG5jc0h0VGxFaEd6d29NOWtYVm01UnU1NGNxVzhHcmpOUDdkeTNIUGd0aWJ2SFUyQlRubmxTNDFLTFIxRXN4bHNLSENTV0xsTmtXbDJJWE1MMFdGWmU4cnd2dUduNWFSUk81RWdvSEtzTnZDYjgxaENJ0gG0AUFVX3lxTE9Eb0N5MXZFM2JMQUJqQW1DakRwNm82TXpwOTdBVXZJbk84MEJSNTVReE9yLXNxYW9yN0NxR1E2MFg0U3E2VzFvN1BRZG1qR1pVSGstQ0FFWmRTdXNkRFpEOF9JSE53OWEyY0FfTHpyUXJxblBlRTltZEtkWTVwVS1tWFh4SkxKSlNwYk1hOUtfQk1DWnM5TE5QWFRRN01YQnFkRlZQTmlCREc1ZDNYMkVIOERaSw?oc=5,
6a8499a85dbd7dc252890fe0,931d985018a0a184c3010e84b2f6007f8d369690c1b267aec1c5a320249da2f1,,2026-08-18T17:43:04.498241+00:00,no_india_location_or_context,The Hindu,local,"Share data on heatwave-linked hospitalisations and deaths, Centre tells States - The Hindu",https://news.google.com/rss/articles/CBMi0gFBVV95cUxQS0xzcE5zRS1PYXF5T1F5MEZpYUROanBMVWNHSGxRTlJMUUNCMjFKTU5yLTlKYXJXZmdsT3VXRmlYYi04WWJOVXEtal9DN0ZMaGpSVTIxd0NwS1hQdGVPZldOX29jSzVCajJiaF9lRkU1dmRxTTBLd09kZTJxaVF1Z214SlV3VlBWZS1sWnhDdGxQQ1J4WW1yYmF0R3JLd1JvNTNsN0RpRG5YeTFjYWxCb0NXd00yQWRSamlIMFdSYkJNc2dGNTVUc21BVlFqTExKX2fSAdgBQVVfeXFMTnpSUTVhVVBQdUNpaGFFMEVySEs2Q1FSSlNXU19HajZWZ2VYZ0tJQllrd3JmUktGb0NSbXRYQ3A3VzBkWXZ2RlVxNllTV2xrMWE1WV9ObENmcU1qbkI3aEFuVDFBX0lfYnM0cUFwdU13YUNPaG1aQ3FGdWo3T29RTHNWYjhhdjN4cDdSbXU3OWQ3OE9nOFlNY2RDZHBSX0QzOWlvemw4RnRCX0dWcVVvd2RkWlpaLVczX1U0N0haUUtfRzBMMENzZVNxTFBvYTNaYXM5clVJX1la?oc=5,
6a8499a85dbd7dc252890fe1,d3ddea0b136430ab699ee47e64acaca537d954b08eaf8d35c4ad466a82430acf,,2026-08-18T17:43:04.540820+00:00,no_disaster_keyword,livemint.com,local,"India records over 16,000 heatstroke cases, 60 deaths since 1 March - livemint.com",https://news.google.com/rss/articles/CBMivwFBVV95cUxQay1DdVNWTUFhS1dwQTBEMEc3dEl6WkdaS1BrWnZ5Njd0LXVVRTVFM0Uwcm1xN2NRMWFrZFlncEVQN2RrbmdfZV95aXJ2SnZZNUVUSF9XTmtkT3YtR01jbmlkSS05VWZDUW41aEd4alRuazhUS1hCR2NNX0pOcjRJOVA1cWY2NGpNSGFVMkFpVFhVTlFkNnNkRjN1UFpQcGhYY0NGbjdYQVFIN1ZSaHFkRzdmbThSUGZJRFZlQkNQRdIBxAFBVV95cUxORVVNNGx5QlhxcHB5T0dGRXUwTE1VRUY3R0YyZU1Dd0lfaWNZWnNzb0xkN0FmZ0F3bGlzdktTRFcxM0tRR2VSR3NlcG83aHN3SkV6dDA0dVdua1hOY0V3LTRLZ2hNSnIxWUlzVjdGUW5XTTI0UkFPcldPUmpKaUFuci1QSzM2cFZZM1J6bU9COTBiMEtpeGhnTk1rSXJmVGFEVHJoNmpJZFhsSjNycGpzSUpyRGJxaFRPeUZ1WVdzdWdZV3RY?oc=5,
6a8499a85dbd7dc252890fe2,4d8e1adcc45ddbe5de50f9514aeec87a45f418cfa42fd9c1229dc5f8a8775932,,2026-08-18T17:43:04.578960+00:00,no_disaster_keyword,worldweatherattribution.org,local,Climate Change made devastating early heat in India and Pakistan 30 times more likely - worldweatherattribution.org,https://news.google.com/rss/articles/CBMixAFBVV95cUxOd3h5Z3JWbllHMjZiS2hJUHFnMnZVY0hvTjlGZDlFd21oSXJ6dUtweWM3ODc0dTBzTzRCdERnb0dEU0l1YVhNcDZtSkZzVzFTSFpDUzFjYjQtbTFoby04dXFOSEVkNHNmNWtCb09KSXg0U2NBM2VpZXVFTGpqQ29wTXUzWHNxck1rUll6ZXdnZGFlTEN3VVNaQWJvRllJSXZNdnlHQjdPQ0lXcU1leHltdGI3UnZmaHkwRVBZNEZMRy1Ed3do?oc=5,
6a8499a85dbd7dc252890fe3,fb1730bd4ddd40f490c6fd346183b3e6a74d2b130eca2fce57a831135a00063f,,2026-08-18T17:43:04.619549+00:00,no_india_location_or_context,worldweatherattribution.org,local,Climate change made the deadly heatwaves that hit millions of highly vulnerable people across Asia more frequent and extreme - worldweatherattribution.org,https://news.google.com/rss/articles/CBMi-AFBVV95cUxONWJvRFkyMVdyaDRNZzM4VDhnWUczT1E3c2wwbThJMHhvVFpVRWNkNVpvQko4c1FhUzl6UUdMVHZqbXZ1X0JZT2JENUN6SlB1QUpDU2FqZ0REUUE5b3NhTnE5ZGRYSmdyZURheGZ2WWFyVC1yMEZvTnA1Qmx4aUYzX2tZTUl1QjJrUzFuYW9IWURsY3c1NXNlY1MyWWU1dnJMRkR5Q09wQmNfZU9YZ19DQzF6NnJDZmp6OVZOVmw4RkNTV2R2emFjbGZLdWhYYWhCTVVQcEFtTGN0aWNUaDlEeWNKbW50LUFQanI2by1sRVppNS1pN2dybA?oc=5,
6a8499a85dbd7dc252890fe4,16dabbbe54ebc7d1f84a5859a51331976ee9b3e7fd051b493a0556a30b820c6e,,2026-08-18T17:43:04.660097+00:00,no_india_location_or_context,The Hindu,local,"Cold wave heightens risk of infections, affects patients with hypertension, heart ailments, caution doctors - The Hindu",https://news.google.com/rss/articles/CBMi-AFBVV95cUxOd2E5Z0NRU1BuTDFtR0xDeWlVVk9ZRUIzb2xuN1kzRFppakFGQVg2TDN3Ul9rOVgzN1JYR0c2Q0pJWlh1MHViQ1MtWTZRcERxNXNsUm00THFYbVMzN19zY0NUbDRCcldMc3dKam5oTGZLdkxwYzctQVpXOUVrSXNuWUNjZFZQRUNhdTRULTdDdzZ4ajFFN2FHcGVONmtRYl81b3dYZjNYN2N5NTVSNXVMeUd4SnRvV1BNSXFoUVF0OXNIVnFGX2pYOE9LXzhXeTZndVJjeUhVUkFCQkhrZl9nOGhUMDhzTE5FUllaZFd0ZjVCUFpOdkFoNdIB_wFBVV95cUxPdkMxZDQ3Wk1KRTdOdmdnamtWYW9UOWQ5YV85QXljMG42UUVNVWNZRTR1cERrdWVGbFBoWS1vR2pOdE9ScXN4aE1DOUVTRmlpbkFmeVk2NE5GNmlXWm5mUlZEeWs4QU1Gazl2TmpxdmtGU1I1OUZpbEd3OENsSG84cnR1UkNyZHEzM2VhN1N1TjBBSWx1eGxXR0g4OWliSHlNNmx5NnlkSkJtbi0wUGZEaE1WdWowU3h0RENfbHBEdmliaWpuckRHNVV1eWl6RWxEcFB5dkV6OGZBYXJlSTM1a0ZBV2J0cHpkRGtEbzk5bDEtSWVBLWpDa0RqZ0I2amc?oc=5,
6a8499a85dbd7dc252890fe5,9e2a2f0f870480bc0c45f787f27bc50e5240f680e7ff3b693ff5d12845e734f2,,2026-08-18T17:43:04.700731+00:00,no_india_location_or_context,Nature,local,A global perspective on cold wave disasters - Nature,https://news.google.com/rss/articles/CBMiX0FVX3lxTE5McVdUOW1XcXhrdkNmd3M1a1JQWjhyLVVqbVFUb2pIYkZGYlNYc0k5UFI3X1BYUmdaVDdreTV3a0szUm1sOFhWc2NqUUM3NkFWMmNjQ1Z3Xy1Ta1lzYXEw?oc=5,
6a8499a85dbd7dc252890fe6,5c945665a1a4dcc76cc9674cb23a9df96d643a1ec1be38c49c4eb398d76389e7,,2026-08-18T17:43:04.741940+00:00,no_disaster_keyword,TheWire.in,local,"In 2013-2022, Over 800 Died Every Year On Average Due to Exposure to Cold - TheWire.in",https://news.google.com/rss/articles/CBMimgFBVV95cUxON3BDX3JDVzJDWGczakNZX1pwMDdwQ3dWeHhlMmQxcl84S3pyY0gxQnduQXNYaGhxbnhHdkR1SG5RaEpDX1dER25yaGhHaU9UQmVhb1dfY25CU1JrUnhFWkNXVnRoS0w0VWFCb2duRloweS10OEFpb0lOSlpQZjltNzhXdGFQcm9XS3V0UGdNUV9va3pRZUtieUhR0gGfAUFVX3lxTE1xQVdLdkNsRmRZTHdUQW8yNFRvbHAwQUhrNTBTZFlGTDl0ZG1Hem9vY181QUUyM25fV2dNY3hEdTh0ak5uQ2Y1QTBadUZWbVR0bjk5WktVVnU1QjNPVnBiTkJ0bkVLbXBxdFhsTUE2YVBSMkdJQjlrN0JHQTh1N3NQY0JVTE1zOFJtam00WkJ2Q3VKY2VKNWs5Y3A5a1Y4cw?oc=5,
6a8499a85dbd7dc252890fe7,d9c446ce6fc61bae45c43ccc2c06074856376e5bc325082fa8fb2a4142397a13,,2026-08-18T17:43:04.780117+00:00,no_disaster_keyword,business-standard.com,local,"2025 was 8th warmest year since 1901; extreme weather caused 2,760 deaths - business-standard.com",https://news.google.com/rss/articles/CBMiwwFBVV95cUxPTDZtaHQtNnpfVnFTU2NtSmdqZGh3X1E4aWhBdGtJdmpVbVlCOHRaUEhIdW5MT1hkd3B3dEJJMVZyQzM1RFRWVllONWY2d2Znd2JWWXVRX3BFcERBbEhOYXl2b0hJWHJXZDNsX2R2Y0hDMnR1R2c2SzNrRkFqNmJtd0pmbTM0bUJrYWk5Qmw3LVBocmxCT1dOa0VZWUVpclBWc205UTR6emlkeU4waDAxakx2TWxFUkxveEQ5bkFtcDk4NTDSAcgBQVVfeXFMTU9HTXluSG9GYzVIYlRLbDBPa0llWDVhZFRfVHpKRi04TUFfSDN3b1haRVF1elhRMUJjeGZjV1BhM2p2eVFFdThRLWVweGJnTmlXRGptMDRWNmRORnVTUHExcWt4bUJwNnFoYkh3aW1YcnU5WlpBelQ0R3ZpQ09Ca2V2OV9GMDQ4bFJ2eXgzbjQwV1AxZjRYWEM1NGZ3WFlVTUFIVHF6WUZncTBBTVQ0bFFjSHR2Vy14RDktQ3NuRVNiRGUxaHMtYmU?oc=5,
6a8499a85dbd7dc252890fe8,56ea76597406be2640096efa64486d560a23940d4ccca6bedbbbf6e7fc90e163,,2026-08-18T17:43:04.817853+00:00,no_disaster_keyword,The Times of India,local,NHRC writes to states/UTs for steps to prevent cold-related deaths - The Times of India,https://news.google.com/rss/articles/CBMizwFBVV95cUxQdWQ5bGZHbjF2bGliZVVfNzBFdWlnWkZjQUdJNnhYUFNtVjdXWGszZzhwQWVFcXF5VUljX1ZsVEVBZUxlTlRZYmJJUXA0MzZHOGpXcmZyaE1kR0JTSERTVWpIbThKa1czanZWOW9VVFZuLW5VeEllUkktNl9UUHB3cFJJOFR2N3VLdkowRXZSU0M5MEtSLU9fUkhLSjN6MWhlNXhmeHJ5cUNlcERZRnloRTdEU2t1eGZUQXQ2czFHbjdDSVVVa2lUVzhteXhPbXPSAdQBQVVfeXFMTm9vWDZpWEJfX180SWFBa1JBVVdPbjY5aHZKRzFfZkdqQTFtbW84UDE3LWNLTjhRQzI4UmF0T2Y2R3Zic2EwT3QwS0ZUb2U0UlFva0dWZVNscFF1S2E4UHA2bW1hOXJ3YlRxcDlwbVNITTlwQVVQUzBsNDh2ZE9faXJBNTFXaDBmRmZSRFlVRTN6UEhnV3RVZGQ3bjNYd0l6dXpaMjFmRGFyeUt5RGVEaDEteF9TZHdYODRSMEFkLW1kRUtRU2tOdmR3Sk1RX3AxUmRFWTY?oc=5,
6a8499a85dbd7dc252890fe9,ea84b13528bcb9c00b88132ef3f881eac48b3d735f61ba5613c7d92a05e42234,,2026-08-18T17:43:04.888452+00:00,no_disaster_keyword,India Today,local,Extreme weather events of 2025 send a stark warning as India enters 2026 - India Today,https://news.google.com/rss/articles/CBMiyAFBVV95cUxQcTM0d2hlWkxTUU9sWHp3cjlLcTJLN0o1SzFlVG9wQk1KakZaZVJ6TEFnVU5pdno1YTh4Qjh2bzNkUFZ3dmdLbDA2SkVqbkZPNFdFZTJ6ZnROTWVFOHMybFZtbHhJYm1JUVE0RVU5bnBSQlhlS3BMRUpVMkdlN3dZc2ZMTlFzaEJUZ3dKN0tIQ1pYY25VdGpQb0VaQ285bUN4M2ZyUENTZEFDeWd0bW9yaG9QVDlFbW9GeWFFS3c0dnNrMjMybTl6YtIBzgFBVV95cUxQQXhnb2JBbkZpV3dpV0pISkRwWkF4ZDNXc1dHYjh5V2NibVB2a0xzQi1peTFwVXJhQTBFVGNsVzdxMWpaSjBkOEVrU0lDc3RVR1plNnN3TUtmQ0RUaTZ5RndfMjktbV9MbW1lMW1YNWsweHg3d2ZQYjJrUVdaQURZWjdxckNWSDBKWHBfcnR4SmVxMlZSUFJkbHhhMENfQVpSdW9kbWxrZHdGTlpNWjRuWGVGR1BjNk5LdEd4eWlwN2E5RUtwTmV6X0FTeTJUQQ?oc=5,
6a8499a85dbd7dc252890fea,f02a995d00b62bd2112c0fde716940f23857144d2746f338a49e748947d556f1,,2026-08-18T17:43:04.941406+00:00,no_disaster_keyword,business-standard.com,local,Over 800 annual cold-related deaths in North India since 2013: Mospi - business-standard.com,https://news.google.com/rss/articles/CBMi1AFBVV95cUxOWmttYW1WMGt6WXZiQmlyR29SWERIdlFfMFdpZUNIWkRyeG1hS29CTUIxeGtQSU02c05KTEJCamo4MDFrY0prV1ZKUUN5ZjR1R1hhMktLendjRVJoVThNMUhkSklORlExODhibmtyYjJ6eFNIVERlVVBXNnBobklTSGk5RDJVT2dDVDluVTlUbkdVSVZCaktZbTk0N1VKNjVyWHk0UWNad2JzaVZNWXpPaWZRaTN0b2VheHVJMVBJT0dkNnQ3QndFdjEteEhWZWFpdnRVNdIB2gFBVV95cUxNWXVnal9MRW13dElPdnl0X0ZCRWFLT3Y5ZEpJWk9XbUlsYk9GWFg1Q3UxVzlMS3hyZGUtNjVzMlB0MElDUG5HVzFUY1hkdjdzdDJCSkppRi15c2s5b1JUSGplMGx3aG1COFRHRVZzejhFaERCa19qNDd4a21yQkM1TGgxT0tiRHJQUUZEQ1RndEo2VUVuOC1ZcFAtM21faWc4R25kcW5HLVJmMEJfYVJCNFUxVEpLR1Jid0tSb1FWM0NMQzdDQTFpVzhwWFFqT2R3SUVjR29jNmkxUQ?oc=5,
6a8499a85dbd7dc252890feb,23f7dc8023a15b2e9db3f2924ea586bcc26087ab81dbd91ec92c5988c51cddbb,,2026-08-18T17:43:04.985357+00:00,no_disaster_keyword,The Times of India,local,Extreme weather events caused over 100 deaths in AP in 2025 - The Times of India,https://news.google.com/rss/articles/CBMi0wFBVV95cUxPM1RmVEpkaEpyWks4ajR2dkNqd1Mwd1B4bldJN2pNRFFJRnJoaUdQa3R5c2RoMlladWpZaG9GVUl6eDFBSjNyeGlDZGZXM25kUGkwSjNLcTJJN0FHc2hKQXc5SkpDVS1zWUdNaEVKVG9ILVRCOFdhTGc0OVVLMW5JdWZTMFZ0bHY2MnlISGF0VmZJY1Awa0VpcUN5akdlakdKZE1DU0l4UHlGSjczTnRyRjhYd2lReUhoUmlpc1JsVzU0LThuRExQQTZhV3gyTG5fUV8w0gHYAUFVX3lxTE5KWFFkNllWYXNYZG4tZEZkMmZDVjRNdVA3Y1laOWxEWnZHampFZTZnVHFtb2hXOXdVekFQOGh0WnhYbWlMV3dTWkpma3dYT250c2kxNURQdkVHYkxnbm5TTTFwcGdPOHg0bXRKXzl0ZFFTLXRTS1ltYUp6eGZJdE1NbnB1WGhYMzhYai1hN2YzQnNrSlpMNko5bkhVcjJGdmgwTDhOM1FlX1F5Mk42Y1NIT1A4ZDVocEJ1czhCWkNydVZLSVlsYkZZaEd1NVlWUlNPcVllZlBiag?oc=5,
6a8499a85dbd7dc252890fec,e6d915cd60e6b9a85a0e359668ce18bae58eadbd6a1b2471fdce96c598b7b731,,2026-08-18T17:43:05.043076+00:00,no_disaster_keyword,PLOS,local,"Cold stress during winter over North India: Patterns, trends, and mortality risks - PLOS",https://news.google.com/rss/articles/CBMifkFVX3lxTFB2NmVHcW4wZW1vWGdueG1vakxrZnhjZGYzc1k5Z21fOFBpV3VjTFhWTkZmSUczVWJJVXBUZ2UxRmxvT1FBOFVBenlpT1ZDTUl2cktkVEE3WHBiSThrZkRKLVhPaS1XWWpHQjh2QWJuZkRmZWtyVjdOd29aRjVUdw?oc=5,
6a8499a95dbd7dc252890fed,a7d05ac182e95c5d5a04f7a4ca9f06e11976064c0195e3fb549bf0b483f12fcc,,2026-08-18T17:43:05.111145+00:00,no_disaster_keyword,Down To Earth,local,"Extreme weather events led to 8 deaths, destroyed almost 390,000 hectares of cropped area in Jan-Feb 2023 - Down To Earth",https://news.google.com/rss/articles/CBMi7AFBVV95cUxOR0VlSkJGUThYNF9tOFRsZV91cjZzVnFPUFg3T2JZRjdWblItSlpmYUtiMzhJYWMzdXhVRFRnSVFfcjJBeWk1RDB2NFlPNXlJYWtQR19QaEU1d292NDMxd2w2elhyZ1dBWmozWkttVS1UVG9DSkUtSlBodmhoX2hrT3paQVlzdUl1MWJlbG82UWZkbW5wVm1YaGw0bmZ1ZEZ1RE5EOWEzZi1FazhEZnNBVUpNeWJYczJYMm9HVmRzQ1U3NjYyRGRMeS02dTY0UWdMN1VEYWFxd01RNm1vUENfeTJRWUpWakJGZWZMctIB-gFBVV95cUxPMDA5Uy1UN1VKVnJqR09Lb20wN2c5QnpDVGJQMlU2LVFpUXAzVXBIaFlnbUl6RkJvUkprUXoydzN4TEpUS0E2YS1UMHJGSjl0UlNGczhiX19Peno3TDd0b19ONGFoRTlHUTdRNE5WVmlMLWxLNU1DblVpZGtKQlJCMlZ5eU5IMDRJbGRBOXV4MFJNWWtZdTdvVEU5RmVMNEplUzNTTUZpaHFwLUNYcjF4cU5wc01LYktDRHZzX3lzMENQVEJoNTJXdHBzOU0zanR3aE5JZVRPOHp2WFd4QUZBOFUxMlM3M1VKVjZSaDM2NG4za1F5UEQ1d1p3?oc=5,
6a8499a95dbd7dc252890fee,6e6b44b7ac55844553a8fb6635c11f786ad86b12e07f87c34e2851c9256df90f,,2026-08-18T17:43:05.155768+00:00,no_disaster_keyword,Mongabay India,local,"Mildly cold weather as deadly as extremely hot temperatures, finds study - Mongabay India",https://news.google.com/rss/articles/CBMirwFBVV95cUxQb29MemVsTko3SlRodmxCYlQtT09wcC1jdjV1TnNtUlNSV1pOR09WcU5kcEZxdFBhSEpXNVV0bEEtU0lPZnladHZrZUkteUV6VWI0bWpxU1VjWUFkbXRyaS1DTTBIVGpmTjAzMmt1UlhnY05meWZqeTNMaWFIRnBWQkpKaU9STUJId0hSOHFIR1R3eEd4X00weEZsS20zQzVDWjRfdW5nTFZlNEh4Nl93?oc=5,
6a8499a95dbd7dc252890fef,72a5c437046e942f0f2814aeb80d1253e2d127e08a7dabdbae0e7605ac59ff2a,,2026-08-18T17:43:05.216922+00:00,no_disaster_keyword,Phys.org,local,Cold still causes far more deaths than heat in India - Phys.org,https://news.google.com/rss/articles/CBMiYkFVX3lxTE5rNmgzV1ZwLWRqdnB3dFB6eEVrelJfV2pKRE5YbTQ5N2s0ZVh6dzJWVXJhQk92X3hfUjduLVRpR01zQ1ZzQWtwUHM1cXdoalVaTU1pTXRfeXNxUkR5aHk5MWx3?oc=5,
6a8499a95dbd7dc252890ff0,e56def224740f5ac828abb8221ef76e7db16021658465391e3324d2927a3281f,,2026-08-18T17:43:05.266160+00:00,no_disaster_keyword,Scroll.in,local,In charts: The toll caused by extreme temperatures in India - Scroll.in,https://news.google.com/rss/articles/CBMilwFBVV95cUxOdlZoUjl4SUoxT1pHYXNXRzJPRHJVVk84cE51QzkyQURIR0FybXFSZUR6QWZyWjk3cjI1VDQ2elZucFBPcDBDU09nOWpUMlZObjlGdVMxVTgtT19PcExSZm84X05RZkxkZlF0elZHb0Z5dUZvWlp0QWpjYXhFRUVwMDlxTlR4a1R5djZkajdySGRNUGN2bEhZ0gGcAUFVX3lxTFA3b3U3dHBnSTZlLXpIVmswOFhuZkxUdWtMYlliWnd0U0QxZTNvRW5WWU1qUWhiLVc3VXQ4ZHhUa1E5VEYzUHA3Nll5WEJWUmlkb1oybDU5VXlTY25Pc1VzUjMyT3hfc1dWVnExbUdFa3k4WXpjNGVoS3Y0TFZoRUttZzhkUzRWU2tQREdhOXkydmFfNlZXSHRKWjgyYg?oc=5,
6a8499a95dbd7dc252890ff1,5362caf241e35cfffdf18c54084a5a104684ac15920c4567a27fcc25bf5671b8,,2026-08-18T17:43:05.311995+00:00,no_india_location_or_context,ClearIAS,local,Coldwave - ClearIAS,https://news.google.com/rss/articles/CBMiSkFVX3lxTE4wRjI1cDFxekZCSnNtNGFodEkzb3NzbDZ3Z1c0alk4S2RCSzI2akpOd3ZkOUNaYlR5TEJXUXVqQkltdzIzTk1wOUVn?oc=5,
6a8499a95dbd7dc252890ff2,3cd172c967fd612aed193abf5f564bd41f3b3c9e08a0bb1e2ac8ddcbc67299ed,,2026-08-18T17:43:05.357311+00:00,no_disaster_keyword,Down To Earth,local,"Extreme weather: India’s death toll 1,357 from 19 events in 2019, flags DTE report - Down To Earth",https://news.google.com/rss/articles/CBMizAFBVV95cUxPVktLZGJneEFnNURCelZUemlRbzM3N3RUOGpkOTYtLW9BaGoxX2JELWNxZlJWa0kwSnFlN1ZjUFdGSkhZcDc1R053SW9nVURmZFpFdkhRd1NpaEYxb2puX2JtMlNZVWcyVVI3dktoal9acG1qTlFMWWZ2cS1QTDYwbHM3OTNCMk14QV9PNHNDZmtVQ2oycWFSSTdSeEpxWEtsNTVwWkhHRUZyT281VUVJNmhmZlFzdDRSNHc2TnB3a2F0SEZRRU9CTXZ2RTLSAdoBQVVfeXFMT201TTUzU0pzZ1RqRGE3LWhxcHRGT1RRNFF3ellodlNVdllZUjliZ3lHdXpvSV9URkJldjNkQ1pNX1owWjl4VnFsOGdqOC1GMHR2RzlBZWQza00tdURVZDZsTWk1TDZIMy1JcEs5T2Q5TDhqX2I3TGhwRS1NUDJCTHJidmpGa18wMlFfcG0tbHdodTJKR3M3SzNqWmhrWDJ4SUtRSDJVRWptMFNxRDhxZkQ4WEl0cjRPOWF3TUVBS19GSnotV2ZCbzVoTC1WN0x6aVdNRXV1clZycEE?oc=5,
6a8499a95dbd7dc252890ff3,4cda92ed0d82ff620b09fd4f960fc779c5d5c845fd8dccdcb113a71dfd3d38f2,,2026-08-18T17:43:05.401313+00:00,no_disaster_keyword,news.cgtn.com,local,"Extreme weather: cold kills 114 in India, heat disrupts sport in Australia - news.cgtn.com",https://news.google.com/rss/articles/CBMib0FVX3lxTE5abXRoYWkzc2stYU8zRGVnUkdLSWZqTGZ0ZGxvbFVzYm50XzZmdWUxSWhWVWZ3QTJBMVU5WmRJY1JCX0lVUkhTNEhnZWpzeHF6MjB5TnVmTFc0SU94NkM0TlZSdU54cTVpT3NTYno0Zw?oc=5,
6a8499a95dbd7dc252890ff4,465c6ddacf432ec606d62166bc45f9d317d5118521065c9ec2d5514335cbfc1a,,2026-08-18T17:43:05.452411+00:00,no_disaster_keyword,Down To Earth,local,Death of winter: Bihar’s weather cycle shifts as season shortens - Down To Earth,https://news.google.com/rss/articles/CBMirAFBVV95cUxOVVZoMmdhdUtxenhybFQzd1ZXc3pFMm01UEJ6NHhzY3l2OC1kZmhSVGJFVDBsdGt4NjIxMG9CWFpab3d3NHFoZmI1OXp1YzZWeWJkczZVSy0wTHk2aFBGdUMwZnVmU1U1TFRHZFQyY0hXNVRfYnR1NHNiSmR1bGpqYTlYdHEwbFZOdGNiWnFiektMeFJlb0paNDdqdEV2SjBFaGRodXRlWjMzamw10gG6AUFVX3lxTE1jblg5Q3JfYWZ0amN5T1dIb25hU19LWU1HNXpUSDdvUkFDeHhMakRITkwtU1RzazBpOTM3eC1RakdDd0taaE51Nlh5alZVVmNmY2sySkZpN3cwREREZVZsUEpjUFZCVldsT0s5ZFp6VkNaZDVQVzdla1FMQVVOcmRVZTZocVdpdlV4bWtGQTVLQU8yTjh2b1V0RWxKa1NsQ2YzQ0RkLUxYZHhCSU1VRm9UdW85WmhES0htdw?oc=5,
6a8499a95dbd7dc252890ff5,4a4cbe3b51ae31f3871d38da957652015d79ab7317f07ab76334128c60eda8cb,,2026-08-18T17:43:05.501009+00:00,no_disaster_keyword,The Times of India,local,"IMD: Extreme weather events caused 3,200+ deaths in 2024 - The Times of India",https://news.google.com/rss/articles/CBMivgFBVV95cUxPc0ZSQ2FzTFhyTTMxTW1Ub0lXS3paLWhlRXNlV1dxVFdvd09nYVJmNDFtOG9qV0NnTDJ2b044a2FDTERqejV0VDFPR1g1RUNvbFJWdDBLRjRCYUNiMEo2eVotNnFIWERLTDZ0NTlQa0U4Z1FwRE9DZ05QM2VsOEVXaEVRZGFLUVVFVmhpMnE3YU5KcklNejdGUkhnYW91TVU2TEFnUmJSSFExRXBJYlZ2LWNHdGRoRkI2NUtVUXVB0gHDAUFVX3lxTE13bFZsOXF2ejB0YlBnV19IVEN1RVF4U29TakdEUHZxdXJoY2FSVjFkZlRkTEhhTHJDQVRaRExFS2R6NWZJMnlNSi1NQ0xSeVd6THJmNmNGR1FNeDBXeGNaRXE1eXF5cDZGUENtUDNibDQxaV8ycWNTcDhtYTVkYVRwTC1maVhEOEttMXhNdFpPbVhHSWh5OVVFVXdkOHFqclliWmRkMGc0bXNwWXpWc3VReDc0by0wai01OGVVN3BRX2NSbw?oc=5,
6a8499a95dbd7dc252890ff6,d1dcc2dd77ba3d6f2113349f914fe03c5cb87d76713560934c0934ce1ae0f709,,2026-08-18T17:43:05.553080+00:00,no_disaster_keyword,India Today,local,"106 deaths in Delhi in January due to cold, claims NGO; Officials deny - India Today",https://news.google.com/rss/articles/CBMiuwFBVV95cUxOemF6bkt5ZFdRRnRtbEdtT0doc1QyeEVjd0hucl9pTjEwQk9kUmNoN2NGaUQwLVM0cUxtVVBBNzIwaU1LYnVBM2JsNW9RWmVlRGZoSElJaFNWVEVyWlE3SU5Jb1gwOG9KeDJMd3BuV0VtbkpkQi1kckp2SVY4SkFDZUkzdnE0YjAtNkQ0dVJQdDJSWmUydW4xNWREdTlhdG8zaldLY1djd04yb3BJQjhRb0Q0VXl6U3VKemxR0gHAAUFVX3lxTE5yNEV6ZUJwUnRMaHJwdWhiQVBJXy1FUzJHeDFGZDZhM3pRVWlfUWExQVdKWkFnU1FaZzRCWXg5R0lFVjVfUTdiV1BCeGJZNUM3T2hlZUNVdlVHZmR2UWxQZ0lGQTNZUTc4RUxianFpUmE3Uk9tSXRXNjFtSHJCUlB6X0kxWUZWUEliVjZxS3ppbjFOTDV0aS0zMDVKcFhJazdSbTExYlVjOWtzWWhENWM4eWZnNVhTdHdPUFdabDhheA?oc=5,
6a8499a95dbd7dc252890ff7,a77e22e6028a27b2c83df0f81e3c64feac298c5286c8a3b7e8a291717cef469e,,2026-08-18T17:43:05.620692+00:00,no_disaster_keyword,The Hindu,local,‘25% of all accidental deaths in India are weather-related’ - The Hindu,https://news.google.com/rss/articles/CBMiuwFBVV95cUxOQURoTXA5NkFCQ0RoUnJVOE91bThpU2g2bG1SSXRFLUE1MDluODBCb25fcmRSMXNTU1luUlR2X2VxVnpqb19hZFJqYzdwV3FpQUloQ1BtR215SEdzakpNZEpublotVVBwM0hpZ1VPQXNOY3l5bkg1b0Yta05GeTBlaWJLYWg3b1pua0dxTng5elNoeTB1UHI4UkJmVzM0NTFlYnZCTm84S1Y0MktRbWdmbkJkNXdjbXRLTFFR0gHCAUFVX3lxTE95MmF6aDlsN29tSVh3SFBJNUdSVTlMcFRIMFJQcy10S2xwdE0yRWl5M3poRTNZNGg3RjFRNWNHNjVhYUhpZXRobFp5MGpqWHBWWHJlOGdlREFhU0IxbGgxcTFIY0thakFlUktzTUpydFgxV3JVbEo5ZERac0puUVRtMHlGY0lZeG9kQWY4akJvOGVpYjJiMkZ2SnBhcnN0TUo1bi1XMlFjYllQRDg2eEwxMVE2bkNVMGMyMTdxRHNGVGVR?oc=5,
6a8499a95dbd7dc252890ff8,36083d19752b8446b520d4364aae96fd13dbc7ffb05adefe4704189fae9c3edd,,2026-08-18T17:43:05.681474+00:00,no_india_location_or_context,Medical Xpress,local,"Exposure to heat waves and extreme cold is leading to preventable deaths, 19-year study suggests - Medical Xpress",https://news.google.com/rss/articles/CBMigwFBVV95cUxQZkNiLUNvYThlSzdrZExkVnhYdDVHSWlqbWRYcDNpdmo1WWZGeUhob3pzNVNiSVB1YWFaWjk1T1NjVFRQVEM5VW43LXlWSEp4MVB2aWpvdVcxQUtlTFhuamtXYjJpZ3JVdVF2b0JCN2RDY0RFcEw4bkJndGV5N1ZieU9Gcw?oc=5,
6a8499a95dbd7dc252890ff9,f3e8b0f816af1975e357d2d8a215f683c4607653a17d1a803c5a7cd2d72f70b2,,2026-08-18T17:43:05.734476+00:00,no_disaster_keyword,TCTMD.com,local,"Not Just Hot, but Also Cold Weather Extremes Linked to More CV Deaths - TCTMD.com",https://news.google.com/rss/articles/CBMikgFBVV95cUxNRGNmck1VTFU5YzhpRVJxSzd4N2FUOFloX1dpR2JuT3lKM3FMdDZQYnJ4UlozeV9vcnlNMS16S1lrdkVPYldFTE9JWUE0QnVkcnpFY2FpMEQ0VG5mNXFRZVgzYUtUWmR1SlZSSGJ6T19PeXJVSU9ITjQ1LWlGUWdRX3JTM2tGdkF3Zk1PZ0ZiVFpEUQ?oc=5,
6a8499a95dbd7dc252890ffa,b152a3fb9dd0111b46a8a8d2e47524ec6ec584dba86755f86872b751d084e850,,2026-08-18T17:43:05.790394+00:00,no_disaster_keyword,business-standard.com,local,"474 homeless people died due to winter exposure in Delhi, claims NGO - business-standard.com",https://news.google.com/rss/articles/CBMizAFBVV95cUxNdXBReklYOGZHV2pvQ1dmVnpseloxQk9kZ3dfT2ZmbmxvYm1nakFhMWtSMC1DNkdCMGFNbTVZQWd0VXRDR2xrREZDamhfSHEtMjRqcGFwNHlmaFhZbFl3RC16ZnV2a1lRa2YwMTcyc05aVzBVRFppOTQ1YlBHQjNSaXl1ZWl5Uk51QlVBMEw0bmY0aUVTd2t6NUhMNEpSazByN09LU2JiRmtJRHpGc3hBSVJ6WjlUcGYyMWJjRkJmS0hiVHVJVC1sYWhVSUTSAdIBQVVfeXFMUDJFRjJrZ3VNUFlMUjhRakg4S2xtTXVTTGZzX3VwVTJTdDNPZGJweHpMU3JjeWQ2TDBTMnBKcDczRVo5cjNuYU1HV0FRTEF3dTRRdVFEU2UwTGpmX0FWUjcxZUlJVEEtRGlmTWp1U1RBWi0xVVFhaU9BMllvaGp4Y2U2V1dXZGFHZ2o1LUk5VWV4WnhieXZJRDlXX1IxMkYyOGxobU1nOEMzVGt6eElvZUZLMUNpbTJobTBkNnlFc0owZmFzMUk1b2FFV1hxZE5KcGNB?oc=5,
6a8499a95dbd7dc252890ffb,0bd5bf329fa4518564493fbd55113dfbd775655fcb5cf84e460c83cb585e1eb6,,2026-08-18T17:43:05.853760+00:00,no_disaster_keyword,saharareporters.com,local,22 Persons Die From Heart Attacks In Indian Region In Extreme Cold Weather Conditions - saharareporters.com,https://news.google.com/rss/articles/CBMiswFBVV95cUxPT0xMU0lNLW95Z2E1djg2cEZoZERjVzM0ZTVnb1lRcXBMTlJkVnVwUGNzUzNNeURzV1pKYXg1Tlk5cmZJUFBma21tdXhFV092LWNYUUpaX3E0MDVtT29uMU5rSGU1SzUzbXlWcnJEb1FDMGlsalUtOXVJMXJHWHNGX2NhbGp5Y1d2MS1QSjJEZXVrdWlMcHFza1NLajZHS0NIY0kzR1l2Sno4TWlYdERyLV9YRQ?oc=5,
6a8499a95dbd7dc252890ffc,79b7348b601037ebe84708c53b24654412c7815efb659604fe230ca175af35b6,,2026-08-18T17:43:05.902483+00:00,no_disaster_keyword,Bhaskar English,local,"Rajasthan records over 100 days of extreme weather annually: 117 deaths last year, more than 150,000 homes ... - Bhaskar English",https://news.google.com/rss/articles/CBMitAFBVV95cUxPd2lQX3VnazZEb2E4bFFKdDUtWFdaX2kyX2dJU1Rwci1fZzYxOU5sa1k3RWhsR3hVb0RnOXU4VGMxNjlUcnRwY3JoZDc2ajdIdzM5N1JUYUpWcHNoRkFleko4bGQ3LVcwY1JybTJMR2xveWRrRjBsZVhCWFBPV2p4c2NGeGlsaGhXb2o2Rll5My0yLU0tZ2FjNjN5bU9qZ0NRSGRVU1VXdnJ0dHRFZzR2YkhBRUjSAboBQVVfeXFMTnJSeTVudE1leXN0Ylc5RW5hZXBzQVNHR3BpOFVPOXNwX1dBTWd4U3ROUUJCT0VsSXo5TE1mOU4tOERWVGdQZ0h4THN1dFNlSTNLbm5HWUI2TVd5MWI5RGtscFNwNl9GSzlPbzVGTjlvd24ycml5MDRKSTRzWEZDYnE0SnVZclNUd3Y4VFFRdXkxVTZZTUVxd0RqdjZjTHplLUhpNGtXMXQ1bTlYNHVEUks0NGo5UEFPTVZB?oc=5,
6a8499a95dbd7dc252890ffd,a3bbfac253dbe796f965b6b7a955978fbe672e22c6df49431220abbbd3947c8d,,2026-08-18T17:43:05.954704+00:00,no_disaster_keyword,Asia News Network,local,"Severe cold, dense fog trigger multiple road accidents across India’s Uttar Pradesh; 12 dead, 75 injured - Asia News Network",https://news.google.com/rss/articles/CBMixAFBVV95cUxNSG5jOE1penY5aDNCdkNrbkxwdF9rYVZMMm4ydjNyVGM1TGU5S19tUWQtcHlQQ0U0RnZpU2xrNVpobW5WV1lxbDlBNkFfRWVpRXZGRUZtNXJvaV9iMGFOSUVjeU5DbF9rZGdyODFldE9fcXRCbkg2NDJGVDh6cFItbThqOXRkUXFlQlJzZzFUdWVLSkdkUnVxYm4tU18zbnZUTVFSdVVCRFFLckhiRjZtMmVLaFU4Z1RQalEteTBVakZVRFo2?oc=5,
6a8499a95dbd7dc252890ffe,1105f004c2b1966eb24a8f58ca90835eb5d2a2db6d36bf65ef460f50f7c70d8e,,2026-08-18T17:43:06.010615+00:00,no_india_location_or_context,The Hindu,local,"Rs. 1.5 lakh for cold wave death, only Rs. 50,000 for sunstroke - The Hindu",https://news.google.com/rss/articles/CBMiywFBVV95cUxOeFFFQXNMZEdlR2ZvelU1UFkzWEJ1c0g1dl9xWHlPanYyenlQOEZIN1RCbE1BbFAtT0hOWmhSdUVGVDRBNzZqdEtmcVJjeHltOGpGakZHY0MxZzlrdU81dElOV3VKUGJKeEpVcHI1UU81eFpHR09TenVqcVAtYTlFQVVHYkRCazVIeTNrX3lOcXRNdEJBMHB1cXBhQmhjcFFXclR3MHg0OE5ZdTA3cjhURmNoRGYweE1Id1BqS1JoTHhkbzRiclU5dnBma9IB0gFBVV95cUxPdm44UjlEbl9UOUhoc0dQVVVqTGNTU2o1N2l3RnNfeHQ5VU11WUh1U1pFSHpqOVg2LUFyQXR2bGpXWHhBcDF3Y1FENzdsWXNPTkNVa0lDUVRzNmxzSXF0M3pFcGd4bWFBbG9LazNiSjEtWWZGaU56VGhBNVdUWElsOEdsZUxYZGExLV8tOV94TFEzOVQxTUx4M005WktmZy1fdkRBVFFydXUtWklfckFQVFhtOWJpRURfdGhUOFA5ZWxNSDdVVjNaNFBfRFpWUlNjRUE?oc=5,
6a8499a95dbd7dc252890fff,d4c48cbed77fe5c8556199684cebab5f9ea55f6ea4f438cec502d8a6f3c0e51b,,2026-08-18T17:43:06.049318+00:00,no_disaster_keyword,NDTV,local,"14-Year-Old Girl Dies In Gujarat; Family Blames Cold Weather, School - NDTV",https://news.google.com/rss/articles/CBMiqgFBVV95cUxNNGFnc2p0ZXdFMGxqVjJvNFNlVzNlN0xXbmlGam1icWNSc09zOTI2eldzOHNwWThiYXMzUHJjWi1HblhCNkJyZ3dOcUlqRzVvTXkzRnRkbzBiVHZiUUd0dUVPZDZLMVJSMml5ZHdaWGd1eUlFUHlWM3c0YzF3cmZkVGFHVzUyT1ZsVnptbTlFSUZNaVBkaTBjTjVnTzZiZWlsZlBJT1dwLWhGZ9IBsgFBVV95cUxOUWdPYkU1NDRjajczS0k0Vmg2TURUOG0wZ2VSMGY0cmVSSnp0aExQWmdaek9QejNLUXRIajFYZERxRnRIYVRGbExmSkUxQWxmbXRVTEk1bzgtenRqRE0zT1NDaEljenNBWjZmbHBlT3B5aXdJdDd6OW9wZExyRzROVDBkTmdSdFFUbWxvV3BEMkYyOHlVdzlYQng4XzRCbm42MkRvY2NMRGMyV2RxWXV3Y2pn?oc=5,
6a8499a95dbd7dc252891000,8835ea0e88b9c14adfa4c13a9d2f666e1155fa591765b6e3605d8eabba6d9a88,,2026-08-18T17:43:06.089415+00:00,no_india_location_or_context,Scroll.in,local,"If cold waves are officially listed as natural calamities, why not heat waves? - Scroll.in",https://news.google.com/rss/articles/CBMirgFBVV95cUxPWXJSbUZvTS1EbGhfVFF0NmZfNlVaYTRYLUpDZXo1VHd3Rm9pcTl5WVdsOE9VdWxCSjhmNGlrODRpSWN6TWVNbE9uSE42SzVyOVU0T1NOdW94d3Y4VEs2U3Q4NkFGbmxfaC1sWlV2Z2ctazBGRUhlQUJfMmtGLUprZ2Z6dUNpbzB5WjdXd0VEZE9OUDFPX0dIY3NCS1BGaGhDR1Nqb0RqWUgyaUNQOVHSAbMBQVVfeXFMTnQ5Mk1RNURkS2NEMnkwVklUSk9KaDlkS0J3TjRGV2thMjlOcXYxYUFnZ3B1RTJ1dWt6SExUS3cwNDB3NUEwUTRtdEs2dDRCTGJ4RFdoOE1uZ0VLR0Z2c21GcWtubGJNdWdyanRMcmVVMm5FNzU2M2ZMWndWTU5uUG0wSTNTZ0lqUHFJdnMzelY0NkZBWGNwUklmT2JqbTJNNGRxTVJ4bHNvSG5rTzJ2eW45UEU?oc=5,
6a8499aa5dbd7dc252891001,12ee41eee2e33f80c8191c951a20bbd7bedfc38fcd068b42b34aa3eb8a3450b4,,2026-08-18T17:43:06.130490+00:00,no_disaster_keyword,Telegraph India,local,Odisha doctor dies after collapsing on duty while examining patients at hospital - Telegraph India,https://news.google.com/rss/articles/CBMi1AFBVV95cUxOUjllcHRuV1JyV3NMVzF0ZHR0M1NXWHlGSXBwamQwblZRdXFydFNwLWo0ZUM0V1MwQ0taZGJ3ZThjMkpKVXh1YnV2aDdlaWdfOFZXYTVfTjJ0OXdQRjFFU2xMOF9rMV9FaFhyOGMybkxQNm9kbXZuMVRmLTA3RVJTZUdWUkxjZFMyQlZxbFRkMG1KMUlxRFhkcFVmdWEwSmxlbVNSMkdNT1J0d0dTNmdXY2NOVmpyVUt0SWdOXzlLeTlNM2p5SFFkQWszcWJmV3lGcnpYSNIB2gFBVV95cUxPbEloNmktbGc5aHVTazd2Smpfb0drU3pueXdKdEdpQUUwVUh3Zmp1RElXdnozbWNzczgwdmVWLVFpV3NrNWdoY2xvWjNXQkJJemNCek1tc2JlX2RlSUUtel9KVTlKUmtMaVJQZUdWMnRTVjVVMFlEQjBUSXhPYndRZTJkbmxBUk9NeHE2REJjQVNKYmxsMTlIcWEzdHBLOXlGTGYteUxKcVFDOXJGQkF1Mi1tWGl0b0F1NVI4WTg5cDFRSjAzYXAwNVdHVFVRSEduRHBCNjFUVVo0QQ?oc=5,
6a8499aa5dbd7dc252891002,6fa781a6e57cad43525ff91397083fcec835b94bdb7f6e20cd125feb85a476b3,,2026-08-18T17:43:06.169776+00:00,no_disaster_keyword,Newslaundry,local,Why 781 Indians needlessly die every winter - Newslaundry,https://news.google.com/rss/articles/CBMiigFBVV95cUxPa256ZHhnaUJMY0g4X1N0VXBmRzhzQVlrbWY2QzMxYUZlejJhS0N6UjZUa3ZQWmZFLTlDQUNnRHdwRlVaYjZpUDczRV92cHZDV2luVVQ5NVlWUHZ2TEoxNjhLU3Q3WTVIT1Q0bFFveDRMWnJYVWVKVEdWRU1EVG1hQ2ZJS3Y1M1pCZ1HSAZ8BQVVfeXFMTUczcGRkRFk5T0ZVRzJXb0YwMWJJbGp4bnpISnFlTzlUZ2swUm1MX3R5dkFPenE1UThYcW4xemwyM084empKY05vV2NWOGlvcFNhOURQVDBDZjMtNVBpVDQ0N0NkMmlOYkJuX196RmxaSDdTTzVILTZrdURrclpsUjU1STNWdXhQNWVPMU9rQzNwS0FWOGUtV0Z1andScHY4?oc=5,
6a8499aa5dbd7dc252891003,a200c77191476572b256b06de2e055af18839acbffedb899afd2a8e2e49c5fb0,,2026-08-18T17:43:06.209829+00:00,no_disaster_keyword,hindustantimes.com,local,"Over 1,600 died in India due to extreme weather conditions in 2016 | India News - hindustantimes.com",https://news.google.com/rss/articles/CBMizgFBVV95cUxOb2xrNnBsTld3SHpjb3UxNTFUaDEycWRLZXd3anBSemNiQmJTZXJNTXlGUFpfSG5iQ2RNNzZfUUhWbzBEYzhZOXR3VW96RXNVNjk2N3VmZ0VXWVdDSXRjZVY0TzJGMkVsZi15WXJOX2R0akliLWoxTGwtQWp1Qk5ITVZzOEtVcl9ITS1fM0N5NVp0WU9VTzRKTjd6SmllR3BodHRwR210X3lqbkE4R3d3VHowSTZad3hITXRYSDViWWI5Njd5dEJEdkY5dUpud9IB0wFBVV95cUxNbmRYZm82ZHl6UWFjVktjejIxcEpjY29nNk95d3FIRGFoOXNQdGZJSVJ5dkdlTmJ3TG4wZG5HcU5ZWExkRzhjdGNyczNMSlFCMWk1UDRBY0VjdmNKVWRObU0xT2J4czZyU3VzT1E3MDhYTmlya0xSQUFWNGNSVE5nSGxUb0RsTG9xWkYtVDl5MFJsc3JPNmVUWVpCOHgwaHFob1Qyb1IzYUN0UENSNVM1cXhiN0U4bHJIdUxVdGNjaVVmVDJSaEdfVVMyaG5ZeXdNTll3?oc=5,
6a8499aa5dbd7dc252891004,bb2830562d43453b71935a065b20d56a6dc4f324790d6a0f515e582ec61fcb0d,,2026-08-18T17:43:06.250870+00:00,no_disaster_keyword,India Today,local,"Several dead as cold snap sweeps across Asia, warning bells in Japan | Pics - India Today",https://news.google.com/rss/articles/CBMitgFBVV95cUxOZzlDOHA5am1ZbjNmTUZnMjJac0d2MHVmLXBrT1JZbFZnbUgtQUFybjN2cmZZNVBnRGt4bmlsYlpwVVhScTV3NG95VzZsVlRHZ1g0Q3lQeU01T2N1VXBVTlRkbXd6TXpxNTBOZHlxTVlYWXA4OFBzUGZ3a3dZN2Myazl6N0ZOa1hLek90Y3lzbDEzbnZGNk9XaVFhYVlNX2pHSTJfbmdRZFduUkR1RTBoUlp0Rk9nd9IBuwFBVV95cUxQUUhyQkxETkZkd1hxbE4yRllCM3BJVm5HcUhGMnQ0bVV2YnkxVmdHR3ZGYWUyQ01MRjl1U2R5UEZpMTJkcm9reFJRUHRoMkZNdVE3WWdKUFBocnFPRzZHMGEwQ0U0ZHowRjNqUWhBeDhsUU5lTzk2RWsyWnVKUnFxSUxfOVptVV9YQVRGSnRoS3JJNHUxWTFXX2lUZG55TDdkVXpBUlNtQm1GNHI1UUo0X1oweWt2WHU2Sndj?oc=5,
6a8499aa5dbd7dc252891005,d9b1f3b0c491c1825197206dfbc30c3c1799a51bafa4f426636832937d65ddf7,,2026-08-18T17:43:06.293026+00:00,no_disaster_keyword,News18,local,"Killer Cold: 98 Dead in Kanpur in a Week, Blinding Fog in Delhi; 4 Dead in UP Road Mishap Due to Low Visibi - News18",https://news.google.com/rss/articles/CBMi5gFBVV95cUxPdDI5LW01LW10aEtlQzg1UlJjd0RzUjU0U1JnOEY3Y255MTVmYl8zdHQtZjlxeTFOYVg4RHhuQmQ4dEVUMnFmSW5RU0pqeVJiajFNWVRfQ0xKRTdvMzRJdlJXVElFT1RLNlJWbXVNcVVxeS1Rb3B5NFE5OTRoMGVBQkh5TXpEc1AzR2hOZ1lvWFl3YXVCdWlGVzNmWGktRFM5eUc1NWZWZUo2Ujd5Um1na3ZrLVQxeGxyMERrVkxZXzJ0M0Q0V0RKeTUwbHl5M3hZLTl2VGxHTzk2eVJpSVFTREVBdC12Z9IB6wFBVV95cUxNYS10cnQxY0tSbFQxdHhIOU4xV19kQ3lGdXpaaThnWFlrSWQ2cnB4a08temV2OXpQckg2bG1xRzMyWm0yYjI3clRxVHRZTmRDY3dKcWt0MkdQSUQwZEhtN0w5TmJXYVIzOWJFTDJZdW1hR3dGeE5sanFQc2d1MWxOOC01NVhUc2Vnc3Q5RXZCOEZpY1FSMkc3bXV4ak0wblBRcXZ4QnpZZFk0MWtSUkVYd2FuRGhmOWMyRHQ2WDBrMWljLXZ5ck1hS042dTJhOWhfVXBieThFY21jS0lURFJiRUhGTU5ZcUVuT0pn?oc=5,
6a8499aa5dbd7dc252891006,244b3a5bfbe31aa23789fd38e32282c66b31e1b47101a8a19c28bdb846475247,,2026-08-18T17:43:06.331470+00:00,no_disaster_keyword,Al Jazeera,local,Dozens die during India farmers’ protests; Modi offers more talks - Al Jazeera,https://news.google.com/rss/articles/CBMioAFBVV95cUxPQkQ1V1N6aUZna0tyaWp0Y1pHSk9yYnJibTEyNEd3ZnMxcGMxblJFSElESmdnZlpkZEppVjhEV1NhOE9za2d6dW1iRGN6WFcyeVkxM1p0VlhCMnIxaG1mRnhfNG1EWlExb0tDbHl1N2UzV0x2T0l4ZkxfMmxpZHljZlc4VU50MW90VXdSay1sVjZNTjdvc09EV3BQeUxURG1P0gGmAUFVX3lxTE82bWQ3ZWlWX1NRR3ZRb1VaQVhNc1Bkdmd2Y05DUHZDUmY5Wkk2WVI5NlpyOGd0YTBkSS04eGRLdjFPMHozRFdYblBvNGFUT0xvUVhzdmsxRzk3dUNFdTlMZnVpQlVYdzBOalZYMl93a0hSREIzd212UjdtTWNCWWNEREVScERRblJZNzBnN3hFempzS3BxZGZZbDFrbExjaFpXWVRuYUE?oc=5,
6a8499aa5dbd7dc252891007,fa6c8c77387639dfbc538a194dd1f0d508199c23be270b26a9eb4d6cb644f1d1,,2026-08-18T17:43:06.374083+00:00,no_disaster_keyword,The Indian Express,local,‘248 farmers have died during protest against three agri laws’ - The Indian Express,https://news.google.com/rss/articles/CBMirgFBVV95cUxQT1RhQk5wYVdibmE1NExKRldMcDVXQUYzSFJRMHpYbmVhVkI1MXVxODFfZDU1Y3ZLR3VpUHVDRnBwT2xnYU1CMW1ZMDNIOVh6eTVON1lrczJ1ZVhUZG5VbVFiMS10SWExay1ZNHlTZ2pEOWRsak1tSm5JRmg3TUEwNFI3RV9sbTRRQl9ySE1OQzY4N0YwMkNkbjlEZzJlMG9vLThtcUFYc2RPd3hZbnfSAbQBQVVfeXFMT2lsdGlyMDdLM3psa2t4bzU0b3hoaFA5ZzhhVlVrRnNHT0RnVjFxU3NkMzFLT1d0MUdSejdnTEljYlJtLTBIWUthSjRXelFjV0s5SDNweHYxVndXbXdLTXVVa3JQZWZFMmhUZV9iUnBNODdTN2xQNFV3Y0F4SGdCNHZKNmxCalkyTnFLX251clRfd0JYZ1Nna0kzQmhzZWUyNWh1SFgycGwwbEs3ZzA2RTFXck9G?oc=5,
6a8499aa5dbd7dc252891008,bb37cec160fa179eb6576481b61b308c35039952e85eb2e5c23e4b754ea4177f,,2026-08-18T17:43:06.412276+00:00,no_disaster_keyword,ReliefWeb,local,2024 Disasters in Numbers - ReliefWeb,https://news.google.com/rss/articles/CBMiaEFVX3lxTE5GTnBvY242OU56cG5zUnlLWUszSTJGVWtQdERGY3RnVm1FUFhyaE15MFhCMVFCczRtZ2k4U1NJZF9LRGU5QUJqa1JIeHIzRl8takZSUDlETFNiX3dhd2RINUNJX2pXWk1v?oc=5,
6a8499aa5dbd7dc252891009,fa9446f265f4c56e9409dfdb7afdcd90a45fe2d774ba034b5bd97652ba808507,,2026-08-18T17:43:06.452367+00:00,no_disaster_keyword,isignal.in,local,Why 781 Indians--Needlessly--Die Every Winter - isignal.in,https://news.google.com/rss/articles/CBMifEFVX3lxTE5wN3FGMTNBYjhONFcyZnJlWExkcHIzQzNkaG02STZNVWltUDlHMUgzZFRiVEU2aHVWT2RPVTZMR2xBM0p4em8yVEo4dVhiUFJyOU5DSmNWZVZocnptbU5RVGtzdmo3dFV3NXlRWFN6bmVsSkxSZldYblpSTUs?oc=5,
6a8499aa5dbd7dc25289100a,4a04a0624e509beaffb3538c4fe6ee0149211b8ce448b7cafe7adac0b4a87a48,,2026-08-18T17:43:06.497176+00:00,no_disaster_keyword,The Times of India,local,Inhumane act: Puppies burned to death in West Bengal for whimpering in cold; animal lovers protest - The Times of India,https://news.google.com/rss/articles/CBMi2wFBVV95cUxQc1dWemp1c1Q3RHZOSExZYjFnUDJhNWVvd0lmUlY2MmxGbzhWZFVZRldFcU54RVN6dkIydEVjWE9IT0pVRUhuTksyT1FtSTBqTjhkZnF0UUVZLU9QTXVFODkxeFBPeFpXUFdOemNtck1IYjk5SV9NcFkyZ2tLVnlWWDZjd0czTzg4SXhOR3JrRVY3QlBHd3gyVElxU0drdkduUmJucnVFdHdFZWJFaHE1VE5IZlFsRG5KXzlQTG5Ba3d0a2NPMW9PMjRUd0FZTHdNRC1NZzJzb3pvLWPSAeABQVVfeXFMTUJqVDc4WVE5Wnd3SUdmUzFaUEhsTjlmYlFVcGozY1hSY3dmN1o5Q0cxTGg0U25TRjFIWDdmYjdKSnZURlluZmxocE1BVV9XTndrbkZzYmExXzNOTnhwdjc4Zlh4VFl5TXZTb1h5dFp3TzZlMVBCLWxaX3FrYVhQajR2b2x0dFlyVnhpVjFMaGwyMUQwVk01QU1fVHZRMGhoYWRwRThMZ0dHYk1QUExHWk1IN1pTOXRidUpULTN4djNjY0JMeGxVZDNVNkJaRzJfcUlFQklnNGhPSDFjak51Skk?oc=5,
6a8499aa5dbd7dc25289100b,27bef13811540af6ef0423d6197c1aca6198dbf29dd6faafe0585676ce6e52c1,,2026-08-18T17:43:06.543076+00:00,no_india_location_or_context,China Daily,local,Toll in South Asia cold wave tops 230 - China Daily,https://news.google.com/rss/articles/CBMie0FVX3lxTE8ycEhUQnpITEx6UzZEbXBiY1ZlZHVqczF0TFFMLUdTaUx5dzJJRmxQV3hHajcyWnNBdEdNYkJ5OGk2SHAtb1BIazdCNGJHZnBJanpzbHNaOGFWNkQ1Y1FGQVhRaEJfUTE4YUZpTWVmM2EyS0RQS0pOODZRNA?oc=5,
6a8499aa5dbd7dc25289100c,08ed332e114cfc6e55525e60ffa1f13d9cb62bc846b91f80980407d552a147cd,,2026-08-18T17:43:06.582851+00:00,no_disaster_keyword,The Express Tribune,local,Coldest weather in decades hits India: group says 107 dead - The Express Tribune,https://news.google.com/rss/articles/CBMimAFBVV95cUxQRTM3RUd0T0pKWTZzRnFaQXV1ZXM3a3ZiY1NULTNoZE02TDI0c0lqbElYbU1hYWp2cXk3cGQ2Ukw3SkNhQkdZbGRqYU8zY2JOTGxBVUVKQ21kMTJnZ3JFeUJSRkdRNWl0THIxZ0oyYkFvU21OZWlRWjhQTXdpN2s4Ri1PUHQzUHlqcGw2N3Z1d3huOVhnNFFJUNIBoAFBVV95cUxNTjRSaldXQ2E4cC03dU9xajBtN0NQM1V1UHFwZU9SOS1ZLU1acXVxaGlySW81dFQzWTJLeFduOVItU2hCTTA4S3BsZEpEMll3RFhiWHhfekFDbXp1ZTM3NEpXQ3hrRkJDOEpRZzVadnZ3NXFTQjktd0hyalhxRFdReG5QaHA3ek5pRGdiX0x6dXZ2NEVqOXBUSllFbG43Umxm?oc=5,
6a8499aa5dbd7dc25289100d,a58a7a3a569c30514687605cb6904e8150accc252e05af5f921a4c9abfc88a5d,,2026-08-18T17:43:06.618528+00:00,no_disaster_keyword,Financial Post,local,Bjorn Lomborg: Climate change and deaths from extreme heat and cold - Financial Post,https://news.google.com/rss/articles/CBMiogFBVV95cUxQdU1DallRbUZBTjhKTV96RHVwZEhHRGQyc3FwMnlpR1ZOd0RZX1hHdjBUOXJlLWFiNW15V05fdEI5eVVhUUNYY1NQaExtX1MxSkVzMGNyeTdMb1NieE5qZ1VhY2pmR2lybFdDbUp2em1YQ1BYelloOWlJeGYwTVg5emhzQjBFWjRvMmtjdGNJM2J2LVpYUEd3cy1mX3FydGt3NkE?oc=5,
6a8499aa5dbd7dc25289100e,7d29e707a6eea0e35b87a1d902c2c88a311aa6031ae0f7d6aff6458c16183580,,2026-08-18T17:43:06.660691+00:00,no_disaster_keyword,Florida Today,local,February cold snap takes deadly toll on Florida manatees - Florida Today,https://news.google.com/rss/articles/CBMi1AFBVV95cUxPbU5nbXlOSW1qQWZ2QTUtOFRIc09WSW92aVNDZDZZZ01yYklzUE5TRDl1SXkwWHFUV1dsbEFENHBvMUtSSHhDR0hFRmVMTHg4VjZzdmdWZDVhLWU0NWlnQ3Ryem9XYTVMLXgwLXhSN2RLSEh0MFQxTDFtRXItWFFIN1ViOHdnb0hEcUhjTGZnRTFURE1icndVdzRYRlQ2V1QtUHNOcFdraXctbUJPa0NTVjltcWs4WUF6M0hHc09kb3JrOHFuTnpqVklpZ1h3T1VhY0VzZQ?oc=5,
6a8499aa5dbd7dc25289100f,79e7823a9cc9dbc9a99f49de9ec0bfcea1de4885dfcb628c559c8dac3ee02b7f,,2026-08-18T17:43:06.699954+00:00,no_disaster_keyword,The Bridge Chronicle,local,"Extreme Weather Claimed 2,760 Lives Across India in 2025; Maharashtra Among Worst Affected - The Bridge Chronicle",https://news.google.com/rss/articles/CBMinwFBVV95cUxQTXZZVnphUXdzOUhvR0NDWU5nR09vY2JiTFVYZ1p4bkRGd1FsSTZpdnktRTJRSzJYbjRqZE84WU9pTms2ZWxTdTUwSk1tckluUVQzUXpLSFJmbXJLWU94dTcxUHl5MzNDdFhkb0hwVEVGbHM5Rkh0WllLSjNVVWlpbjh6dFVfUDg4YzBZUEk0cDlPMVRtVGx0NV9GT1FUREnSAawBQVVfeXFMT1ZRUDBIbDIzSTRlUEJyRHU2Sy1aak5lbXpvMHdvQVV0blREa0lQNlFLeGlxbVlUbGJ5MC1HSVppanZLb1hiQ2w4QmpBU3hrOHdDNEhham5sOWFRTVhKUFBIQnlKZktFSFhjT2dVcVRfcEo0UVpHSlBrX01FNUY2M05JZm9Ccmt0dXl2Q0k3dnlRQUl0SmNFTVdFWGZvY29oRUZDWkU2UGlucG9fSA?oc=5,
6a8499aa5dbd7dc252891010,a2633c0e1eb6538faaba916ba64c993e624f2529bf41ee1af8447b590a371056,,2026-08-18T17:43:06.744565+00:00,no_disaster_keyword,Oneindia,local,Over 100 die of cold in UP; Delhi continues to shivers - Oneindia,https://news.google.com/rss/articles/CBMipAFBVV95cUxOMmZLV1UyRGVxeldyYkZtbEtGSnJvTWRJbzZtX1VlemtRUFFBODZWZUhfampmMlhObnNIZXNscldoWFcwMVZZOWJBRUw2VFdsZmNfWi00SGR0cXJGWl96Y3V2ejNnXzY2REkyd1dnbjFKSHBtcU5YOTEwSUdUMmI5VXJFbThKcVZ3SURKME1HaDRZYURQbEJhR2FwbDZGN2w1NHNsWg?oc=5,
6a8499aa5dbd7dc252891011,f362b9238164a113f3677f2ee529f1bef4c2e9f1b4b98fa613d08fe1cbf43d02,,2026-08-18T17:43:06.788383+00:00,no_india_location_or_context,IQAir,local,"Wildfire Map Spotlight: Snyder, Babylon, Ferris, and Gold Mountain Fires in Colorado and Utah - IQAir",https://news.google.com/rss/articles/CBMiygFBVV95cUxQUmE0WmNFYXVFMklvUWVHc005alRSdUxVeUZUU3daNXNZSTQ2VU54dWZkeXlyNWhRUHp6ZDM5ckRnM3ppNzJTYV90bjh0Y3Fhek11RjM5aTNDa1NfUmRTTV8yTm1OekplNXN6Tl84dWZiZVBSSVNiSEY3Z3BHNEFCMHRwSk13MUVYN0U3OXlEeDM5WHdiZzZRdHdwNjRZSkpQbExsQVRZMkV1MUpXd3BTTURZY0xBVTh5Z1VVd2Z0OXo1cGhfdTVrYTVR?oc=5,
6a8499aa5dbd7dc252891012,94115f3ea39abc139995012fb1cc950860e53280bcaf76d83bcc5e55e7ed9047,,2026-08-18T17:43:06.833189+00:00,no_india_location_or_context,orfonline.org,local,Forest Fires and the Eroding Carbon Balance in the Himalayas - orfonline.org,https://news.google.com/rss/articles/CBMioAFBVV95cUxQTUhxZUdYY1NlRlcyNks3ZmlrYkFJS1NqVGtqVE5OSDlkNUZ6Q1JEeGI1SzNaai1VVTFnbVBqSEVJSGNRWUQ4QTN5UmgxY2k1X25aU1lBR01nd2RIeTlsS2ktTndndG5aY05BeXV3aXlCSUxKY0dBWkdCZEVCdHNlcndNb2hRM2p6ZVZ1X1FVZEx4VXY0QmNoZUJnd01ZTzJD?oc=5,
6a8499aa5dbd7dc252891013,dd14d307493df320672b4123f1e8630b4888998265f88b81528eeda118e32c5f,,2026-08-18T17:43:06.874929+00:00,no_india_location_or_context,Vajiram & Ravi,local,"Europe’s Wildfires: Why They’re Growing Bigger, Hotter and Harder to Control Explained - Vajiram & Ravi",https://news.google.com/rss/articles/CBMie0FVX3lxTE1QS2NyRzE3Mkk2TWNqd0hCcm53am90d2FqaEFnd09iYjMtMHN6elZ6Q1dLNVQySkRKU3I4dXBlTkFTa0tQeFBVLVJKZXg2OVQ2YTgwVGY2c2VYWmtuQVNRQVJ6Tkl4Y284bDY3RzlMampWMmtyclJpTlc5MA?oc=5,
6a8499aa5dbd7dc252891014,9209bddd6aa1835792264a3f94339bfd29895bce65f585d257cedb0a7ae14d00,,2026-08-18T17:43:06.914318+00:00,no_india_location_or_context,IQAir,local,How does El Niño cause wildfires? - IQAir,https://news.google.com/rss/articles/CBMieEFVX3lxTFBoNzZ0UURpeTAzODF4Z3Uyd1dxRzNObjQ4V29Ob1JkYTFaVjhRV1dmcUxYdm1NcGxjaHhxckFMWEJsRDR4ZTQwbVpBMGdfU196bko2ZWZJb1ZUeDVFZ0NVQU9xcENocU5WUXQ3VUVMOXlGMWhUNHFyNg?oc=5,
6a8499aa5dbd7dc252891015,b48a950506cbab3fb627baeadbd5b16a03fdb8eea8f5419c82d7ce28f5260766,,2026-08-18T17:43:06.955801+00:00,no_india_location_or_context,Down To Earth,local,Record wildfires burn through over 150 million hectares globally in 2026 as scientists warn El Niño could worsen crisis - Down To Earth,https://news.google.com/rss/articles/CBMi_wFBVV95cUxPUWNoQklzSnV2YVRNUnVKQ2llSnBvNlp1bXJYcnV5MW1OdG1IeXNJUUNwVEI2ODFiZGxOMmlUNWR0WFBoYk9wNldrOXBsMjNIYVdrOUdDaW9TTHpVOFgxSU5nd09UdXBySjVqN3c0eV8wWGJ2Um9sNmpLdm5Sc1V0RjdrSU1vZHZvQzMtaTg4b2NsajBNMVZGY0pNZ1VReGNiSHYxR1BZTUk0cy10NDJIX0VKaFpfVVZTcUVUdzNJOHpBRkZ1SldKM1F0bW1pSzhpTXhzUjFOZm9GenZCRkRTQ0VsR1NoSEk0ci1GUkNfVnduaGJmdkh3d3Awd1pKcDjSAYwCQVVfeXFMTmJqSTZna3dmT0tZYk5aWUQ1U0oyQ3BFbnRZazZYTTF1LWV4ckRSZDNYNU9laHg3WHExOGRkMlJPWU95Q0N4dFlkVURPVVJ0U09veXVVY3dhTVZOTk5nN3gycl9hSVN1bml6LW5JUUotblNoMl9yNUdmTU1zMjI4V05NY3lpUDh5TXNtV1g5VVlxckxPa1E4eDJvVmVXZzJYNXcybm5BTi12WVNMWTZNUnI0b2RTb3pMV3BSa1pIdnhrdlRhNDhDdGRLNEppc3BXNmx0aGEwUElaV19uUFctMEtGR1RHRURLRUlPdmIyRG1WRGxGbXRianJYbHRXY043OXkydnlLYU1zNld5Qg?oc=5,
6a8499aa5dbd7dc252891016,e912d17cc13302fd4d22a650a2fc696256111ac919fe89d571ee2d87f6107479,,2026-08-18T17:43:06.995986+00:00,no_india_location_or_context,IQAir,local,"Wildfire Map Spotlight: Patagonia Forest Fires, Argentina - IQAir",https://news.google.com/rss/articles/CBMilwFBVV95cUxOZUZlV0R0Y2NXcnRPVm9lWDBKZFBXSGxKWF9nVVZlVllCN3luU0N4VFYxM21BMkV4M0tYSkNLQ2RDRlhBZDB0amNJNzM2TVduVWpOYkEyc25LSWJRTkpOeTVOcURtbDFiTGlGT3c0UDJZeHdocmxvTnhwbmhwUWJuVjFBN0xrbG1RajAwTGlFeS1SSVAweXZv?oc=5,
6a8499aa5dbd7dc252891017,7c3c0a259a7023680e3484129875d6dcd60aac15f005cff97d11d9add9ce2dca,,2026-08-18T17:43:07.040559+00:00,no_india_location_or_context,Down To Earth,local,"2025 wildfires were costliest on record despite smaller global burn area, study says - Down To Earth",https://news.google.com/rss/articles/CBMiyAFBVV95cUxNYThRc2NJMml5Y2lCWUs4ckoxUkFQcmdzZzd4dFFlNUVRVlVYbzVLb1pIM280MWlPMFdYeThtbUpWN3l1NTRJbTd5LURzZE1vZ3FCZ3dlQmdQNGNIUFBLRTEtT3M2WkVmSEpFcURyNDFNQ1p1VGJRVS1ONWdNajJXQktQYjd4ajBBU2l2NUpTNEJfNURjczdRNnd6c2NkSlJNZWxJd2dxcmhGWWF0WXdYSGh4bngtcEhJQlhRbWFpR1N4RTNHTWhza9IB1gFBVV95cUxPRE1Gank3b1JTRzF2cGM4cFZYNi1HMnNrcnoza1BKWm9IMTdTV3pwMXl3a3pEb3ppSHg1UnYxdXVYZThyNzJaRkhNLVhyeDFMbWg0aGo1aDB1UGxuYjFsamEyY1FPNEdReE5vVlozUlVydGZaZi1QbXNXX1g3VzQ5Z05CdzdWb0NFYVJQWlJkOVdsb1RNYkpBTHh4QnhZT2ZqRmtXR2x2bnVHdnlzd2N2WlV0dWRsZXRBQURhcWxZdWIzS3hadzdqQjhGVTFicDc0UGZNbWR3?oc=5,
6a8499ab5dbd7dc252891018,b338c9b8632cdd6de3803322f73f385792b5facc35b4002922125a68d020c55b,,2026-08-18T17:43:07.112034+00:00,no_india_location_or_context,IQAir,local,Wildfire Map Spotlight: Southern France Fires - IQAir,https://news.google.com/rss/articles/CBMiiAFBVV95cUxOaE4wcjlFc0Z2eEI3UUNIbWt6YTlLMGMxSTRZczl0d2I0ZGc1NzhkYXZfN3dlREFuNC10YjBZdXJuam1KVi16V3RxcTVtUFotTmswYTBXdGoxRDJYTVJYdU5OdEgtdHR5c25NT01aZkJfNndyempRaEdQUjdPS0hTX0hZSDMzRmZR?oc=5,
6a8499ab5dbd7dc252891019,b238e1cb52d184e1b9e7bffa17ec4530342551dc54c2b03e886a44ddbfaff881,,2026-08-18T17:43:07.154203+00:00,no_disaster_keyword,India Today,local,Forests across Uttarakhand are burning: The reason is not just dry weather - India Today,https://news.google.com/rss/articles/CBMihgJBVV95cUxOeHhQMGJVbkp6REZQNFJFMlZ6WU9qWWxzZDFlTVg2dkFCWG5wZmF2SXFHcFdBRkxiU283VXNXeGhCdnJmN1ZrcFlDNDZOSWtYd2hIMG95dERPa1NxcUJKWlYyNEVEYU0yWmhfRDR3c3JMb0h5ZC1uQ2tpNUMzdDhBX0RkTjZ4bUppVU5oMzhnaEJjZExmR1F1Y2RkbUxOd0QxNEJCREZLdWFzcUpuekhEU3h2Uk5WdGRmY0owMkF6UTJtNFpYOTRFc1lxNXhoaDhjbm1vU2RUMEo2TnRfREtVamRObmYyNmtNX0JLUUNGTUlxTlR1Z2QxX0xodzdCWF9IS3UtT0V30gGLAkFVX3lxTE8zSndtSWN1TkRQR2pqUGJrSGFrazZIck5vd05TR1dLaVkwV3JPQ0M3Q0FBMnFOdXdfenZud3lCaExpTk80azBNVGtRcGNVYWJGeEpKcWxnOV9WRnZGdUpzQjIwZXVWRmx2U2Z3cWkyTTJQUF80RjFNbDI3NVZXZnlrazRMZW1pUjh2UE9JekdiNXJIaUpZeW5pa1ZubGV4MW8zaG5PMWJHcnhCcklNTzk3VFlyb3dKR3FTRHRsYzBjbWR5alFWMzVzU1Y0Q1RkaTd3cEdnQ2lmb3BuSzUzeVBRU3ZPU2g3Vkd4VWhLME9IenBGR1JCVDZRZ0hZWUtWMDJKNHFuQmhZTVVBTQ?oc=5,
6a8499ab5dbd7dc25289101a,7e700e5ffbac757982a4a8e0a00882badca3149cc74e4993411a92c3541887ce,,2026-08-18T17:43:07.197754+00:00,no_india_location_or_context,IQAir,local,"Wildfire Map Spotlight: Aspen Acres Fire, Colorado - IQAir",https://news.google.com/rss/articles/CBMijgFBVV95cUxQMmZxV3hybVJWUlNxR3BKMjRZc0F4LWhGYlpNRWUzVVpGQjZCZmR0OERpaGJqMnpXMHdFQVdyeVlGTEZrc295T2p2Z2pfbk03cDZjZFBWc1JEbVpKVzFfYndJOFBSUzhvWU1kc0x6NDNhOGNoRmFPNS1kSXhKUUZGSXdmZFFqa0hLMHBJdFB3?oc=5,
6a8499ab5dbd7dc25289101b,2aae3d800e2f962961591031f59400a7b52fe910d56da17868df39dd72a77ba9,,2026-08-18T17:43:07.243338+00:00,no_india_location_or_context,IQAir,local,"Wildfire Map Spotlight: Iwate Fires, Japan - IQAir",https://news.google.com/rss/articles/CBMigwFBVV95cUxOYm1wTDZlZGVNeXQtM2FWVGNUR1JPOXRpMzB5cGk3VHZwM1I3R1l0N2U5c3U3Q3dRMXNVeTJNRDJTLWhnSzJTSWJINkRJTUhtLVkwN3hDQjJneG9PaHZac0tTVFNCOERQMnZabWtvQ0dsY2p3ZXRxcWZpUFVDRTdiY3dkRQ?oc=5,
6a8499ab5dbd7dc25289101c,8f693c34a15d93002014afb47d537e543da356641ab5eb7ee0c0e7c268f8c577,,2026-08-18T17:43:07.281362+00:00,no_disaster_keyword,India Today,local,Satellite images show vast scorched forest areas in Uttarakhand and Himachal - India Today,https://news.google.com/rss/articles/CBMizAFBVV95cUxPdno2RGFUekNEdjA5WEVlTExkS2FwcVRMX1p1N2JEZ0NxSWNrbHF2UFFmV0wyQ3cwVjlYYWloSEp6dnlyWThUQkt0RjlVblMwNlkzYXYyYlhIaTZSTkJ5QVplSFNrdjRzZlRyelRkVFlUbjdicDFJYnBWN2RxaW5rbHN6QWhESzlTYjNMZ1hXXy1IZG9xcWphTnc0UkJ4Tk9FcWoyUnBDVXJPd1BjdWZMN096UHBoTWdsTzl5aVF3VGdfbFBvLTVjTXk2d2LSAdIBQVVfeXFMT09KSnVZRjByZDVacGNsNTd2Q1gyRElTNFpCbTdOTUtSazV1UVBfWUFMdUYzaDJYWUhkQkFVZHdaci1BTzdzeEFydEE1eTB5WFIxUklQa19laHZnN2VNT21UXzVfWjhnYV9SbElfZUcyc05qNEdjRG9uWEoxdVVveUFkZUVhUW1ORUJ4TXUtM3pWVjJjR1dFc2ZhekhqRHhQWFBwRE5WUnNhbmhWcDExdTBub3dUR18xakZlRVBPenZDTFpwX0dJNGJrakotc191WFBn?oc=5,
6a8499ab5dbd7dc25289101d,5e34b31924874c1e4649c5e25a944af6bc49619836086d518f42c53e1a26cdd3,,2026-08-18T17:43:07.325183+00:00,no_disaster_keyword,India Today,local,"Why Nanda Devi Biosphere Reserve is burning in winters, and why it's alarming - India Today",https://news.google.com/rss/articles/CBMi-gFBVV95cUxPTl9ZQWkyYlJKbkxPOFBQa25WcW9EQkxrZTRKeFM1M3BXRXlUdV92RlZQc01TWUtnVnRuYnJwbHVoZE81V2tHbWtrcWNLLUlSUE1VV3RtMTN6QU9qUm1rNXRqOXBiWkF1ZjlXZU1vM0wxcXdnUHdydmtpa29Qa3VMdnd2Tzhza1NiUVB5SWpNSFZUTm5HNGp1a19lN1ZCRThCY05JWkNPdm96ZDhlNHFWOHdXTHJlb0RfV3BQRm9YU0RBUkNMS1l6eFpGMlc2XzVQUjJBcWpORDNRSXFqOTRsUjNrNXE0elc0Y2RrWm5nNExsSU9Vb0psYU5R0gH_AUFVX3lxTFBadGRxdWd2VmpvUlhmRkVvd0RrckxGT1o5VjRlSnFldUQtUHdaNDdYQy12ejlYSGNXVUJhcWJ5bEZrc09TajdJT3ptR2xZT25PWEota3RCZ1F4REduZm9DSHlralFaZTV0NFFFcG9ST3FjLXA5d2tCRjlkV1FKYzhFZjI1QkVuWDR0d09hMXhmZXBYRnRWeTQxQ1BYYWZzMWd5OGZ3R1Qxc2NicXFvbHItelhhYnVhN2h0WnR6UE9SdmpOYk92eS1rWGl4T2p3U2RWVlRSQWQ1Nm5TYVZIS0NiWVhaalowbWl1dnBjZnVKMThfVU45d19rQW1mM3pLcw?oc=5,
6a8499ab5dbd7dc25289101e,620ba50c5c0ea786ef639c6394513a3119e56c7aa2fbb87ed7fc4bbbe20b300e,,2026-08-18T17:43:07.368529+00:00,no_disaster_keyword,The Times of India,local,"When winter burns: Uttarakhand to Kashmir, Himalayan forests are catching fire out of season - The Times of India",https://news.google.com/rss/articles/CBMi7wFBVV95cUxNb29PVTRSaUdIR3h3enZGaE1yMVJLMDYwNXlSZ3NYc25sRGN3b2kwekhtdjVHNWVwYjhidVhrSlZ1alBSczgySHpFQmhfQVdQWFh5U1ZfcXltdHZmSWhSTTYyNkRjTU85SXpSZjBMWWFDM2JzSWtVSU5TUmFWYUVEY0t6U05OM3pyZXFobGJiT0VjX2t2T0FvREhtRnFZSzlwdjNvcmE1RWxpbllOUEhmSG5uZEwtd21WSzY5dWZaNHo2elJIWlNqLUc1Z0ZQaS1KM0lKekl2NEdmVWwtLVpHYUNtMjNmX3Z5V2U4QWtNc9IB9AFBVV95cUxPSkNzTUxCYkFrb2RGeThTNXZFT0UyNEZlMU5Rc3d5MlFVbkR3cE5uNTBHWXZCMmxyQmVRc2Q5ZW5IZXlwWVc4VmNlZVdKS3NnSk5QVi12LW5zNmtPZkRRM3EzMDAxYlVHTGRIQUhDSnNYTTE3Ul8xZklHTHlNTlBnZUlGSlg4cVJ1TDJIRlhkTjlka29mcHNDV3U3R0xBdjZaTUZZV3NIUXRrZ2VFRTJGQ2twaTMtXzVGVTRxOWpWbW5iTndwemdEWXZZRzlNZVhqemc4TkQ3M001TG8yMFVoNVZrb2JSUVRpLTZjT0FzajVQQk5I?oc=5,
6a8499ab5dbd7dc25289101f,b03d27e6cb97e17479f57a085c047763d8325867a855753bf9e3a6cde4173dc9,,2026-08-18T17:43:07.410820+00:00,no_disaster_keyword,DW.com,local,Hotter 2026 and El Nino could trigger extreme fires - DW.com,https://news.google.com/rss/articles/CBMilAFBVV95cUxPOGlkeFpUQUZMZUxhakNwLTZZb01TSTFoalprTzJibjVOQm1mVUxIcDV5dDhXcFM1NS1kY1BHOEtCMzg1cnM1cVJHck1zME1pc0lyUzhaX0F1eXhzb21oOXphdUxWeUJlTjZXNmhkZGZfdWhTRWdUYjNVZHlGUXRsaE1hODZfNjY4dUNEX2trWXZuYW5v0gGUAUFVX3lxTFBQSEphWnZXejRBODV4WnR1Y1haUFpQY1BtYnNsN2FVc2Z5akUyVENSb2NwTHlRT2ZIYllOR29DT2JiRW10ZjFKMUtpWmRuSkZEN2dkZTNnNl9mczhuQmRySVpoU1Rmcm85eEpTOFV3aElIenlyME5qSUZxbUZoZEtXN2Z6YUtSZGdDam9WV0pLeUpORDE?oc=5,
6a8499ab5dbd7dc252891020,6a373a9a448f5293e212124c6c958d03ee179ef488b0cc75dbf021177f2ecb2e,,2026-08-18T17:43:07.449408+00:00,no_india_location_or_context,IQAir,local,"Wildfire Map Spotlight: Yellow Fire, Texas - IQAir",https://news.google.com/rss/articles/CBMigwFBVV95cUxNd19kaFgwWTVDNG9LU3M3OUhidVhEUERkc1B2WEdkUzFtX1RISGRQWFpfOEhlRHBUUjBVaXluTkNQb1d4eHl3QzBXaWpNSnZVVXcyM3B6WnJPWWpscXdCMEJNemtuU19ZaDlRRS13MkNST2J4elduQjhzcUw5U2dFT1JMcw?oc=5,
6a8499ab5dbd7dc252891021,5569a31287000f4671675d551a388ae6a96a725f992640d3c1deac9babc69d31,,2026-08-18T17:43:07.486817+00:00,no_india_location_or_context,The Conversation,local,How traditional Himalayan burning could help prevent mega wildfires - The Conversation,https://news.google.com/rss/articles/CBMipAFBVV95cUxQcWVEa3lQejlOenY0UlgwN1RrOUdEOU9IUmFWS29XeFZIdW9wSE1zVDJYdl8zTHpmb045YXF6bkYtbzBnbkhxRG0zWThXTi1nTFpvRGg4RXd6NXRuN2YxTTdsLV9JcExLTUFhNzFVSFdvT0pxY3YzV2owWnZCa3JYLTQ5MmlVMGhQbl96dmNUWlk5LWhsQnk0TFdOdzR3WUxoeEoxOA?oc=5,
6a8499ab5dbd7dc252891022,95e4337d4ea60d7c62fa4af01a92fa62261557a201ca801408a4428567fcf938,,2026-08-18T17:43:07.531023+00:00,no_india_location_or_context,hindustantimes.com,local,Why forest fires deserve climate attention | Hindustan Times - hindustantimes.com,https://news.google.com/rss/articles/CBMivAFBVV95cUxNSXF1Zldja0hhYXIxWGVjdWJ2ck9CUkFBNUxjeU9xNHRXZlRIYWhaZjBZYTVDaW1EX0lmNnhWNlc0dVRwamZKUVdmRFZ2ckVXN3FqSzhOOWlRT2FyZG4xM2FvUHZaRE4xa3FiN1Z4MFBNQmhQbWRiN0NOTGo0NmZfcUhUaDlRZlE2UzE3LWZmcU5vQ3Q3eEc3blJtMGlOUlNELXJ4bU5qYWhwbnZ5WjBwdEJvY2ZxeTVQT2xkONIBwgFBVV95cUxNRm1CQkpJZXJ6SmxqQnU1QmxQczE0bTVxR21laHYtS3h2Z3RrRzlNNldfWlVld3M5X2k3UWJwLUhnS0F1ZDFCdWVJQ19UUHRGRE1BdlpUMEpva1piWEhEQnJQVjBDUll2aEtPcm53aXgyLVdqekNzZ0JSZHBMWThqb05WV25zQ0xKMlJpRFdWTVk2Y2pPRVpkX28yeEdGekJnTmZxQmlfMTllQ0NBVkVJQzFBT0VpRnF5dUpmQTYzemd3QQ?oc=5,
6a8499ab5dbd7dc252891023,1552eed1726f4885710a49edc2c1803350ae1b80bffbd443d6f96434d8f65310,,2026-08-18T17:43:07.569360+00:00,no_india_location_or_context,ETV Bharat,local,AI To Revolutionise Forest Fire Management? - ETV Bharat,https://news.google.com/rss/articles/CBMiugFBVV95cUxQY2h6NWg4OGl3eHRrVG5GNU5IMFVUdUU4VXpNenJkcjRLbzhFajU5N2c4ZHp0OXhHWk5iclcteUR3d1kxYkxrb0l4SUJrVkctWnlYdmtSUlNZRG1fNF9yVkdLRXRZemdiMEF5Sm1UVXJ4Tk4zWmM3YXVmLVdZWndHOFVMVUN5d0doeGpzS1ZScVVoQWlvd3pDbm42QmVndDhVNnE5NkZTUVU0ZzNPMGhwVVZTbExmMFFlWlHSAb8BQVVfeXFMUEhRS1pVRGRpU0hzTEZXbEhKRDV3SWh2SkpJQ1B2YWhrc2ZNTkVnNEhkZnllWTJFdHl0OTdzTnJsa0gwcExaY1hxMTNxcGliOXZUWEQtYmFxd2RaT2Y4NndyYWlJRG8xZkhqenRxclFhV2h4WVlDWTFONEV4Z2RMazhHbkhFVGJRdGYwUmJKczg1T3ZKdm1ISE4xblcyRmZsN3dJZXE1cHR1Z1djUFRCNnlTcEloLU9ZZy12dzBJUU0?oc=5,
6a8499ab5dbd7dc252891024,10ac795b1b8ab799259f7b12f807ddfc0f4e59a0822188e18acb66d3bf1948ac,,2026-08-18T17:43:07.608245+00:00,no_india_location_or_context,News18,local,The Pine Problem: Why Forest Fires In Himalayas Have Become More Frequent - News18,https://news.google.com/rss/articles/CBMiywFBVV95cUxOUWRvQlE4ZW9EWUFsVU53UlA4a0JnMnl1RlhSVjU4aldkd3ZCcTFzMnhPSVp3VmVSYnNwbGU1LUNZQUEyOTNCcWU1U00yMGRDTDcwZ3J3ME1vSjNKR1dneVE3MUlJUThtNTNwVTltRGliY25lLVFpeXhjY1FJX3o0cGZXb1ptRGFBeE1paG5sY1NmSFM3aEdsQkNSVVZQQ3ktQWpoTHY0ZXpWQXQwdjN5Z3VXYnJDYWJxUGlwMS0zeVJnSjh5N0RQaXhTRdIB0AFBVV95cUxNWUY1cHVuSGttN2tMTUl1U3p6R0hfeThONjdlMHRXeXN4VEM4SjIwcU8tX1NreDItaHVmZU56OEtURUNiOWxsMFRCblJmTURhTU1rNGRCOGZhSDJDSGR5bFQzeC1mZTNBdzhXelFFeGJ0QzFMUU1wbDJXN0phUWFSU2J4Z0F2ZmFSdy01MkxvYkZNbjRaS3hLS2cydXRLYnE1R0VITjFTVHpJSnBPZUNzMGxkdTVjZ1pYLXg5TFpQQTNqT0k1MVpXazJVcldKWTNU?oc=5,
6a8499ab5dbd7dc252891025,9bc4565de8e09c9dd92da1f70145e02360c155c0ca98611853f65f5a33c94a40,,2026-08-18T17:43:07.649133+00:00,no_india_location_or_context,ETV Bharat,local,WWF Develops AI-Based System To Predict And Control Forest Fires - ETV Bharat,https://news.google.com/rss/articles/CBMitAFBVV95cUxPalEyUnVhN1N3dTJsbm5XQ1NXU0hrTU1UOWFlaG4xU1pMMXNvVzd3UGdOTVJWSHpMRTV2b05DRkF5WGpBaFIzQjFCcnUzaTVaMFNIX1NFdzV5WFN1Z0VOSHI1akQxYmVDWHN1R3lieVJybWRRdDhHekFtTmVxc3Z6YzFfMGMxdzBvalZIMXlOUjlZOG90TElUeTlqTTRvYjBGQ2M5NjZZZHlURHhObW95eWJFSHDSAboBQVVfeXFMUFI0cmZQdFlubjhZVm1PR09LMC1pc0JFY0VocmsxV0FGaVRfSFhPM2pnNmdDdGU3a1BRenVJS1ZpZTI3VEdLOWRqOFRZaDRSZDlNd3dHOGdlX0c1SVNNS3dIa0tjZ01QUlpTVTdzejVVT2tOYkt1RlhNcmhBQjAtNlRHc0tiZmtQTVdUbW10eXNTcmpoX1pWVDBLcUlESUhoTVJPR1pVcGFoQzE5aUo5OGJVTUE1dUxraFh3?oc=5,
6a8499ab5dbd7dc252891026,e3fdca64bc24284c3b36f0c2d622da646344c505bb2cab8a10f479549ecb3216,,2026-08-18T17:43:07.688742+00:00,no_india_location_or_context,IQAir,local,Wildfire Map Spotlight: South America Fire Surge - IQAir,https://news.google.com/rss/articles/CBMikwFBVV95cUxOQ1FRRWUtSzhrY2IwTG9BeDExdjMxZDZLQlBCcmg3V0UxOHExOWhNVFFhUU9wM3MwRUZ2Z3BSX2w5Wi1zNnJtN0t6TzU5SXUzWkFSM2k5QlctS09LSW45RWhxdXdIZUdFOWUxb0xGakRDdEw3a2RYd2lZWHRYQWVrcEdFcWNBb19jMEx0c0NzVlRwcEE?oc=5,
6a8499ab5dbd7dc252891027,3dd09a5833c4d63a6b7c4e266979a52129947395ffb35b716df9f73cdda3cbf7,,2026-08-18T17:43:07.738599+00:00,no_india_location_or_context,curlytales.com,local,What Are Chir Pine Trees & Why Are They Responsible For Forest Fires In The Himalayas? - curlytales.com,https://news.google.com/rss/articles/CBMivwFBVV95cUxNWkRPejdFN290Z2pxQ1ZXMVBLckFpNDBsdzV4SWZvS1ZNMllNdFZjekM3RmFSNFJKSUZ1a3ZlZkhSVWttQl90ZkdiVmRmeDExVGd6cEhkTWVOTEdON0Rvckt3S1pGSkVOQnlfZzlfOTNFZ3hxbjA1VEVuTEVHN252ckRzcmc1cUJZdVFPMHpjSTJ2eG5xRk9Qa3BvSldBYk56SXlSYW1EZFFTeG1KUVhRU2dvanhWN0tZbjh2ZXlySdIBxAFBVV95cUxPZllselA0QlRSaVhJTzNOVUtFRllkNUFBR1hYTE1QUlBpNTY1Y1B1THR0N3dQcE1VcVNMMW1tR1dxcDdjZXJpOUY2amlUQktETG5CY1VGeE9PdlUxNDFxYVM5UWlMYXZFRUhTQ1UwSGYyOTItd2ZjY2c3bnRWWk5LYVdWeV84RXY4YXRROVlfVEZYNllUbG9TT3d4aVRZRTMyS0NqdjNiaERqS1RZdGFxNE4xZXB0S1hVSjJFZU1zRFVjVjRp?oc=5,
6a8499ab5dbd7dc252891028,0bffd1d21bc90aeb6d12ec7571d5e8ba9643ce0f9a96ba9c8985a443d97b72ed,,2026-08-18T17:43:07.778012+00:00,no_disaster_keyword,outlookbusiness.com,local,"Tree Loss from Fires Peaks Globally in 2024, India Among Most Prone - outlookbusiness.com",https://news.google.com/rss/articles/CBMijAFBVV95cUxOYnI5YnJqdlNYeElNWUpBeHhlcUNmT3VnUlBPemctU1JxcHI4eFNpdFlkTWw2bVhkb05ZRk8zbHloUEc3RWJvd05mOHE5VlBWZGo1TnNRZ09sV0hiVEtweVhsS180cEJZcDhwNFNEQ1pseVEzbWM1bDAtMjh2eWl4UzV1ZVdaZ0w2dXRSONIBmgFBVV95cUxNZmFhcnFqN2JHQmpWTU1BdEhIMVFOTGRNaXZYRjlaNVpuVy1lUDRLcl83Z0xrZ0JjV0ZzQ2VmWG9VSFhnMjZkcXZpS1ZPLTZUQ2xtN3dERHNpczNabnNtRFduRDdMaU92dk1fM2R6YWRJcUVCMDVPR2p4bU9ZRkM0M2FCWjl2X2VfTldKcTk3bnFZQ1h1Tl9WY2JB?oc=5,
6a8499ab5dbd7dc252891029,cb992ea049e7481848994314ce2d852ae5e4143d0afe22757e989865ec95d2e1,,2026-08-18T17:43:07.816827+00:00,no_india_location_or_context,IQAir,local,Wildfire Map Spotlight: Syria Wildfires - IQAir,https://news.google.com/rss/articles/CBMikgFBVV95cUxOQUxDWGVGSGpTeHo0SDQ1QWFCVWlwS1pDYXV2TjYxTjhCSkQ4RzhXUzVUNWp0aVowNWNkVllaMlRTVjB2SDExaGxyMC05RjNYSERPeUZOSVZJc3lkSE9ab0VZOFRURHFwLWVsWjEtRlpXVERuRG9hY25xd2lwM3dnaWFWdmM1c0xISUF5VDl3ZWVpUQ?oc=5,
6a8499ab5dbd7dc25289102a,743df4636662bd383995a88c89253747350e6b4ab072ee382900f087c4a0f2b7,,2026-08-18T17:43:07.870198+00:00,no_india_location_or_context,INSIGHTS IAS,local,UPSC Editorial Analysis: Forest Fire Crisis in Western Himalaya - INSIGHTS IAS,https://news.google.com/rss/articles/CBMiqgFBVV95cUxPd3U3dUpKYm9Ic1JaME5LQk02MFF1cVVQWjU3VE1TMjYzYW9VQnpoLXNQUG51Wi1fbk5LS2FxNEw3VUlvMlpfMGtpT0NMYjdnLS05T1lpb3Q3aGhlRTFuOUROZEhpRWxNczByaEU0SF9nRTZFNEdRRlJSSFBhN0pmQkFvV3dBN2NQNGtBQWV1THdJUGJhVjF6MWtwWWRETHY0d2NSbHFwTXZoUQ?oc=5,
6a8499ab5dbd7dc25289102b,c7e00cd6c7c12767bbcbf77b52425118ca960678f520cbf702861fc174316830,,2026-08-18T17:43:07.915865+00:00,no_india_location_or_context,The Hindu,local,Addressing the growing threat of forest fires - The Hindu,https://news.google.com/rss/articles/CBMipwFBVV95cUxOOWlJQ0V2UzZJNkRTU0VCN0FRVWZ5U2lhVHkyLW1vWWg3YzFFaXV4bVduN3BDX0ltS2lnSDF4VmlIV3YycjRaMElDdjZvdjdBOUpuTjNXX1V6WVBKbjhBbHpYR2tqZmx5bExSY2h6cVNqdGlySkpuajRGQlpjb0dRREc1QnVQRkRiOEpKSkdydmNjYmttSDNKV2hjQThfcEdNSzh6SVBQVdIBrgFBVV95cUxQcVEyaEl4TU5Ib1RxY1FqM2FVVE9ESS02cHMzZ2NEOURUV3BBenBlRzVNbGdISnphSGVxT3VGZU4tZUdVM3Z2RzJfNUVPRDBVLVF4WWg1N0hIVWZhbVAzdHZuTEkxNlpoRlZEanVmeDRCUm9iNkVTTEVMYmR5R1BoV2xoQXBmRElIZlhyd0pXZ2pmWFdJLWQteHNBckcyUmtRLXBqMXpjY3VMS1pBenc?oc=5,
6a8499ab5dbd7dc25289102c,7edf40d89f9eab140ab0c6bd5616f087e9a46493a3ce2808e52e31c4667f5669,,2026-08-18T17:43:07.963394+00:00,no_india_location_or_context,IQAir,local,Are wildfires increasing? - IQAir,https://news.google.com/rss/articles/CBMie0FVX3lxTE91cUg4bWNjc0R6d3ZReEIyZzcxU3BEWHk2aEs4TkdPUGxGWHFHNC1uVk1CZkpGTks0dDhzN01UaVp0V2pkVWp4bUs1a1AtY1VhMDRtS1lzYlBwVDlXSUFRNjZFR09QaWNaUEVaUC14MnRVNkY4cUF5UktWNA?oc=5,
6a8499ab5dbd7dc25289102d,672a572e2b068f9603124e62297c3ba9bd5d5e43516b7ac11393baf54d760f94,,2026-08-18T17:43:08.021946+00:00,no_disaster_keyword,Mongabay India,local,Fire in the mountain sparks debate on jhum safety - Mongabay India,https://news.google.com/rss/articles/CBMijgFBVV95cUxPWXdOMXhuZGx1SHVkcHlzcUFXYTQ5dFRXeTVuS2EwY0lyTzNWQWdtM0todG1Jd3pBdzkwWFlJeGk0VFU4RTZKSVJ6allQSkhfeHRpOTNubng4dEhBdGNJd1BBRjBFV3ktX25QTEs1eDliaktoU3JMa2lsTTZCYXktR2Y3Qlp2ZHh5Q0dzM0xB?oc=5,
6a8499ab5dbd7dc25289102e,d9537d40d6226209e6f0fb84fbd8fc9d85cee77125a76b5301f56340305508a2,,2026-08-18T17:43:08.077584+00:00,no_india_location_or_context,Down To Earth,local,"Forest fires are yet another symptom of climate change, their mitigation cannot bypass efforts to reduce carbon emissions - Down To Earth",https://news.google.com/rss/articles/CBMi8AFBVV95cUxNWElOMDgzVHJsakhYd0E0d3JUckFmalM4THo4VDQwSzFQYjk4N1o2c2V0b01jVmxRRkF3WVBuSjQwVk5pUE4xVzdBT3ZCXzlhUUNMS3A4Vm5jSXZ5endfMHZpMEQzUlFMckM2a1N4d1p4Njg5UU1yMDFMajFtdGd4dFEwY2NuRjl2cEdpc2JiMXphZ0E0ek1nQW95S2tzMVFrNHZzMjJLY2tSWnlRUmI2eF9lLUtIalRaa3hya05WQ0ktbFBmUmdqUWFrUGE2aUNIaW5VYkFhOUMxVDJGR011SVdPUnhITkhUVExfT1U0NS3SAf4BQVVfeXFMTU5ES3BVT0pVcUdZdlFhRUhXR0ZqcXAxZW5kYjdNLU9kekR4cjJFNm1pUmUzbFpSN3ByNGxacWZ1Q1U1NnNacU15QThwRFZONkNQQzRoOVNvVXpITE5VZFYtS2VneU5EWDc0bGxxVGNIdWF1MzBSRWpkcmJsLWpVUXlicTg2MzctMHV3ZldueVQ2dUlQdnhkcWl6QnFxOV8zbTFBcXVrWTRtZDZnRnE5Rjh4YnRfVVk3emlwb2pMY2lUbzJ2YVVhTC1OV3dVOXpGeUcwME01YjhJWk9vMDhqb1VlODIzTU5ITTdNU1RQcW9HM01ZV3A4OG90eUpfQ0E?oc=5,
6a8499ac5dbd7dc25289102f,29ba3534785bd9f27a5cd99275acf10124799d139ce941f86bde00964b7e1f63,,2026-08-18T17:43:08.122586+00:00,no_disaster_keyword,Nature,local,Environmental and anthropogenic influences on fire patterns in tropical dry deciduous forests - Nature,https://news.google.com/rss/articles/CBMiX0FVX3lxTE1fY1QxejE3enJWaVJrazVDNlNHTXFsdUYtU0IycDFsU1BXUVkzOTRyZFZEZXBnRVBLX1dJb3FfdXB3dnAycTZaeHVPMWtKcUFUeEItY3RnN1J1cFlHRnBB?oc=5,
6a8499ac5dbd7dc252891030,0812fea9981d582908e8a1b2fb5b607eee2b7a991cee0f1e7a735a77a8b902bb,,2026-08-18T17:43:08.182444+00:00,no_india_location_or_context,The Hindu,local,Forest fires | The Nilgiris on high alert - The Hindu,https://news.google.com/rss/articles/CBMi7wFBVV95cUxPV0EzQnJEZU8xSHNSRmNUWmNQS0dfalloRjh5bGZtNmkxNG1mbHczX1NJRnN4R3RsT2tQRDY3Z1VaREtLdFZnU1FFOFQ2eWN2MkZTclVIZDdZSVRmbmgtYnVCNW5OY2ZvUHNPNHYzVFNheFpDYS1zczRhdHdmUE1PcW45dkN4SnpVdUIxS1NZWkptQm8xSlZGcnBDT1ZzN0hCMUYyZ1JCY0EwWkhGLUJCZ3NyOTZ3cmxUWjZDMXpyLWRuODZFQi1pM0RtTWxURC0tblNqcU16bWN0c1BCdWxtNHBUWThwV1NDX2NBdzZPUdIB9gFBVV95cUxQQzAzWHNrVFBQNzNibjV2UHhGRWFnUm05X3prN29HeEJwYmZueVYxNTZ6ZERRdjRXTDlVSW5YUUhOUlR5VHQ4SldFUzZWWDBUbnd0N3JHS1VKV2hyWnJ2bGtqWkxoX3dLU2xMQjBUYnl6X0NiUDdEUzhsaE91QUc4UjdMT0JncjlIdTJuTXR5NkRfeGs3YV9ab3hvQ3g3ank1WVp5bUFvVUo0WktFRVlBeS0wVmV3MGRMTUhVbnJuSXBnM1RubkFnb2pnNlpFek1QbmMxdTA3ajBtRDh0czRmNnlpRGxSTlN2V1BuYkpkdTJmM3FSenc?oc=5,
6a8499ac5dbd7dc252891031,bbaecde3bb9bfbee61a02c87fbeed042de3fbd18f9aa66f8b96f00b263e597ff,,2026-08-18T17:43:08.231514+00:00,no_disaster_keyword,Mongabay India,local,Uttarakhand forests burn while fire guards face outstanding salaries and lack of resources - Mongabay India,https://news.google.com/rss/articles/CBMixAFBVV95cUxOVUJJSFI5Y1dvTGNIWkVTVlRTQS0ySXVZRzhibUdDU0w3RmhwaElVazlEckYtdk44ZzJiVGktTE1KczZtUmgxOHNRVzNZUGVtMXBiY0dQcmZUMzJzVXFRQUpLNDlLY2d5N01wQTZwb1E4OFhvRmp1WDNmaUpIOHV2T05zV0RLVUpQZEd2bkI2bGtBWmx1UFRpZk14TVU0ZE5wZ1pPb29uQTVXOWJlRUxNcjlrQ3FiQkV6ZWdjX0lMSlpJVEZK?oc=5,
6a8499ac5dbd7dc252891032,358b4480e7ec839cb690bb9f0cdf1b463b5d2a2a70fcf0d35fcce42021228287,,2026-08-18T17:43:08.278744+00:00,no_disaster_keyword,Nature,local,Climate change strongly affects future fire weather danger in Indian forests | Communications Earth & Environment - Nature,https://news.google.com/rss/articles/CBMiX0FVX3lxTE9FN091RmZPckJCZGNGb2VicDR2S2FYMzR1N19LUWowcUdnZG9yTW9hT2oyUTZjZHU0Z0VFdDBtdjgwWXlmc21Ba29pTGZlY05FMDlGMXBUdzc4VnlNV3lz?oc=5,
6a8499ac5dbd7dc252891033,bbdb2aa1e6e7626e8c12fc503d438ea95d05cc0b61b9f9828003e71c4a7adfa9,,2026-08-18T17:43:08.383402+00:00,no_india_location_or_context,IQAir,local,How Canadian wildfire smoke impacts global air quality - IQAir,https://news.google.com/rss/articles/CBMilgFBVV95cUxPQ2RKVWFab0JWUFBzRzZlZkVFd21zTHVodlJod3JCM0xham9VLVpOTmp5X1RZc0I5M2hUekVZRTRmOTdSaTBqb1BTRjgyaS1kWnpITjVvZGpnTmtfU1hFYktZVjRyLUJET3BVN3Y4WVpWZjl4TUpwLWxMbHhSUW1IZ2laVG5lTTFNRzVQSDdubV85NmI2dlE?oc=5,
6a8499ac5dbd7dc252891034,b4600c8ae5f9455976cdfd9a8f4f489e6d1dae26b88019d8ee5cc8cc2da949b2,,2026-08-18T17:43:08.433357+00:00,no_disaster_keyword,Anadolu Ajansı,local,Massive swoosh of snow sweeps tourist resort of Sonamarg in Jammu and Kashmir - Anadolu Ajansı,https://news.google.com/rss/articles/CBMiwAFBVV95cUxOV3ZKa1JOWVk3aTVrbERuVDhuT1JBY0lPUWJoN0JQbHFValFOanF1dFpSSGJ1VWFjN18xX1I4UmlzZzB6ejRJZFlKUHVHTUxLYnZpRkhKY21iRVUxSnRYSk9QalltTEVlMF9YYzdDWlpiR3E0X1VpMlhtc2QtU2l2d3dNNzF0WWtGSTZvbDZDT2YwcVhjTFZvaTI1Y0Z5Q09fRmlselQxUHdNY0hjNlkycGxBLURzWnp0b3dhODJvNlc?oc=5,
6a8499ac5dbd7dc252891035,9927b164ef5d2e07ed848f9391d3701ee2a11fff5a6c27b59f9ed0094feed4dc,,2026-08-18T17:43:08.492135+00:00,no_india_location_or_context,NDTV,local,"Video: Avalanche Hits Kishtwar Amid Heavy Snowfall, 2nd This Week In J&K - NDTV",https://news.google.com/rss/articles/CBMi3AFBVV95cUxNZnkzNElHNTRCTkdoWk16T1pVZ1AzRENQdUQ2ekYzMTVtQk1FMVBNSVlnVVJfREl1OFQxVVBqYlFoNGlyVlBqbmtaamt2aG84dXliUjAxX2lHM0c2X2o5aVlrUTMwOVhVbHJfMTRyMmg5RWs4OFh2czF4cjVjVmY4b0VVejFDZC1nYThvMG1oUndfUUFBVUZtX0pJSkc0R2FndnpVUlhySzN2Rl81dzVLd1BtVlk5cHhNNExETExMeFB2RDA0VnRMZ2Z2dGNKVGtHVzdFRERLX3lOeDlp0gHkAUFVX3lxTE13dkxBNW1oV1d1bkJvZEZtZnNybWVXY3NIQnJoc2pfMENEVlBMZEo3bVV5QzgtMndNT1pyQTBnYzBEQng1aVUxenVBS1k3ZmlFY0cteTc5YWdPWkFjRFg5LVN5WG1XSTk4WTFLdFJaYmpkOGtza1k3bEM0Vnc1MzRNUFZkMjBLSE1DRHF2QnFwWHlxeVdoVjZFX0t3N1F2VmI2SUlQcEp3WGJTV0FTcVk3cExzOHREejNkNFFuX1dlVkpzWENyanlBNF9TSGRERHd5RDRITkhQcUNrcFVJVHZQYTJCbQ?oc=5,
6a8499ac5dbd7dc252891036,25aebb1d0e90d7629884e77fd4336895014c6fdf57546ae58f3668a39536026d,,2026-08-18T17:43:08.561804+00:00,no_india_location_or_context,The Hindu,local,Avalanche hits J&K’s Sonamarg tourist resort; officials say no casualty - The Hindu,https://news.google.com/rss/articles/CBMi0gFBVV95cUxOS3FueFhJNl9LRzNwTmI4TVZOMGtLb2dQNV81R1E4ZUdOcEROTFNLRlBuYjlabERKQ1pPZHp3Y2tUMU1nbGtzbjRNMnRMS2MyZ3RsNXlPY3RFT3dtUG8xYXhpNmYyY1RYR2FLWm1VWXlSUmJKcllPYkdON1UzM05kTWdSZDJERk1PLWdVdEJnY1BHdlFTODFGb3gyX1JwSTAyWU90ZmFlN0VzZUV5TGlhQVh3NzNVb2hCUmtHNlVRcDRUc0YtX2FFSGZrU1U1TGo4T2fSAdgBQVVfeXFMTnMwNlp5eWVFbnVrU3lYMTVXR202ZlJ5a2xUUVhVZG81RW4xb0doWWd4R0FqUlFSOWRZVG5tdlVZa2FHNU1sdDJBWld2QWdfVmNnaDI4dHpxY0g3S2xqcXpTMXBpUFpqb19ENVEtQmVReEY2YUhKb2p1c0RENUwxUDNrVUpMdmxlLUhYSUxFb2QwdEc1SUFxTXJndTA2dFV2RWh3Q05UektVVmNSaS1aZU9hcXJoNThFc0dSVXRuc01yb3RjS2lCMmtBVzJjdl9sR0dLNFg4UE14?oc=5,
6a8499ac5dbd7dc252891037,e48950fc70bbd96a23b303a34bb56a06839218657fc3b937f6dd1de2ecf7d9e8,,2026-08-18T17:43:08.609170+00:00,no_india_location_or_context,The Hindu,local,Traffic management of unpredictable Zojila Pass comes under scanner as avalanche toll touches 7 - The Hindu,https://news.google.com/rss/articles/CBMiggJBVV95cUxOdnBjOFpnbXJ3cTNKNjg4SG5rc0o4RXYta3hLQUZ6eGNlTjBENnJfVTJZRVNNcVptb1BBRDJGdVk1RVoyMEo5WTVrUVZKY2xSQ3Y2bnhOc2JuUmhtc0hFQ0wtSklNLTdyUlJTakNoZW5RZDI2Z1ZvbXBDOU5yQ1BIbDlPS1Rha3dJdWNwc0hoQWd3bWlEdmpKN2U0THFrbHAzRm4zTjFaM1BPc0hVeGZSdHJzbDFaQXgyc3JrampYQ25XbFIxTmJNMzhxY1pWcDV5VEduSld6MXAxaC1pRWwxTS1oMjJabGxsU1U4TGl6N3hOcm9UdmFEeHlhNi10N2NqTEHSAYgCQVVfeXFMTWxvM1BwQXR5bExvWFJJRFNWby11YlpoaV85eGpZaDFwdWxDVnhZVkZ1aTFSQVFHdkRNSkZLNUFyRUVTNlVUTmtHOTVwQ2U0SUZxOXc3N1ZpRzVBSkIzc0l0UEYzTVFXazF2Tzk4bVF0MWR3RXNXc0ZqTTBTVXBrUXY1b0xkbHBYOVhWUl9kY1cyNWxZdDBwQmlUOWJxVmppRHlJclpfLUFCUmFDQzN3OW95SXB4VzVZY01mdFFMZElYVDJwa3ZhNzJXUjlOdzNfNTRha3RiNDdKeTN6NlBUZ3NUYWJON1pvTmZfLUNUZEY3alpoRGRHXzNQZzd4VE1wR1ZUdzB3Tk5k?oc=5,
6a8499ac5dbd7dc252891038,85e91aa0d46c16b63325129bcc3c88bb362671f96b96c61456679adc3b00e050,,2026-08-18T17:43:08.675405+00:00,no_disaster_keyword,News On AIR,local,"Ladakh: Heavy snowfall closes Srinagar-Leh, Kargil-Zanskar highways - News On AIR",https://news.google.com/rss/articles/CBMilgFBVV95cUxOWFJkbWd4NWo4V2poeElLWlFCblEtbml0SmJpQTc3WlRWUDFXRk5iTDU5R1dGWGtPOWtYWktxWnpkZ3JkNENsdlM3TzZtLXRVczNnWk1VbHdSUDBPU2FLcHU3cVdKNzliSTBDazFyMDZLVTFIdjZORHRuTWFnSEExaUFWLWVlZ2t3U05SMzlTYW04cFpOLVE?oc=5,
6a8499ac5dbd7dc252891039,d50a197072998ef86547248fbb32cab98c367ff6852b2b698516ba6271a83058,,2026-08-18T17:43:08.760222+00:00,no_india_location_or_context,ddnews.gov.in,local,Snow avalanche hits J&K’s Sonamarg; no loss of life - ddnews.gov.in,https://news.google.com/rss/articles/CBMicEFVX3lxTFBuNUxMZGZXUmE2TmtRTHhsSlgyaS14blRGblctOTBILUJBUE9VMi1oWWlXa0xXaGY1QWtmMWtMcUd3UXd6T3lOdHJUeDNfVU81ZU8zbE1BekwxMTROQUVXZzBhd3NkR1ZVQVNMUVRZakM?oc=5,
6a8499ac5dbd7dc25289103a,740435761d900b6cae3079b94218bc27c1127cbf564de416e01c4958fc023c80,,2026-08-18T17:43:08.816780+00:00,no_india_location_or_context,NDTV,local,"On Camera, Massive Avalanche Hits J&K's Sonamarg, Burying Houses In Snow - NDTV",https://news.google.com/rss/articles/CBMi5wFBVV95cUxPbEVxdldHLWVRajVXaDRhcm1aaUVTMlFHSVc4Y190d2Rnb2ZoNVdnbmY0VXZwYm02bmNjcjk4NzVUeEdYUER3NEhfaXU3OVJFb0FubG1VSm9wNDlSUE9zemEzN3dibDRRNDhhdFRsSmhpdXJuazJSRmFZMnFLSkdyYWpmWmVtX1hlNEFhbFYzODltSzFUbmdSS3Y3VzExOVFRTkI1RHZLbHJFR2VQY2FpQ20tbXlXb092VWp1alpNMkJSSFpEYWVuRG9fLWlfbEEyQnBMWk5uVjN2dFROOTFxSUtKTWhTWXPSAe8BQVVfeXFMUHlEbGFVUlhmbXZTeXd4LV9Lbm5uR2FlRzJkUllUcVZZQkRWNXFzQ2FzTkhOc3dnQk15VkJmUUJzUk9fNnZCU2NKeUktV3cxMEFZazRrMDJmOWFfNy0tSHgzYzgzbDdlNmNyUnlRQjRLcVRXQ1YxaERCTXBHbTFvcG42YnpZa05sZWxWRkRwQ09kb1RFXzlnQWF6Qml1ejRXMlBnemU2bnVUdnVuNUlyNmVFVzhsMXVYSExIUW0xc1VRX2tnTlhXeHd2WkJTSUpFam4xZlUyaWtXQS1jLUl5aWc3UXJuNUcyOFdMaXY2cnc?oc=5,
6a8499ac5dbd7dc25289103b,75ded2511e2b9d74c6d65640c5b006e23ce5552ad1ea6fc01d8034bdc0b0ac8f,,2026-08-18T17:43:08.900608+00:00,no_disaster_keyword,Greater Kashmir,local,Why Zoji La keeps sliding into danger - Greater Kashmir,https://news.google.com/rss/articles/CBMijgFBVV95cUxPSzdoODZ1RTRSbjFQZmV4U3AxSzVveXJUcy04RUROdjBaUW9RTkM5TG82ZEpHaDNuNmxXa0tKUXRiMU5MRWsyYktMel93T0JZTUZsUERIWkl2Rm5DUVFxNGJ5MXRyQ2lFeDNXZXJ6ekhTNVRtTkxqeFlPaXBGUE5LVkEwRkFnOGNOeUo2aC1B0gGTAUFVX3lxTFBkdTZ5M0g3bnBYbjQtWEZUa0oxYnBXcjFMcFRHd3YxQ1Zrb2pCSmdQb1ZveXZXbXJpeERIcDRiNlhJdHFDRU5uakVQc3VVRzM3UzJIWkxMUFdMT0NKOGVnVnE0aDJsUHFNQi1xMDl0UXBHdmhrQ2UyQVZGS1g5alFWNWVNdzFWeHNQbzhlVGZOaURkQQ?oc=5,
6a8499ac5dbd7dc25289103c,cdd554b653e3d4489cade9c75a1a32070fff532ab90cf8e8751da094d329310c,,2026-08-18T17:43:08.964239+00:00,no_india_location_or_context,knskashmir.com,local,"Avalanche hits Zojila, several vehicles trapped - knskashmir.com",https://news.google.com/rss/articles/CBMiiAFBVV95cUxNejdoU3cycWFDVGZaUmhKclpfZFZ6S2FMeVU0bzBkUDZkcWJ2SEhrSG16MXdiVzVCRWV6LVk5emRMd0N6OTVWenNFb3VFYm51M0V3RkVGRVlsLXl4UnN4SE1KMF9FV0V6T2Q2aWF0aHg3dlhwTnVlNkp1TTA2Nk5PS2k1RDA2WGdj?oc=5,
6a8499ac5dbd7dc25289103d,71883533736d92a9943b2bf9ad59b991d2678d45bbe87f787a0fe4c8521aed8c,,2026-08-18T17:43:09.044686+00:00,no_india_location_or_context,Gulf News,local,"Massive avalanche covers Sonamarg tourist resort, shows chilling video - Gulf News",https://news.google.com/rss/articles/CBMiuwFBVV95cUxNb3M0TndoXzNhRlRycFliX2hfd01WaUNIeVhUdmZIU19MMXhMX1F6S2lUUi12TVFpQTBqRHExSkJIanZTU05malQ4Wmx2NWZsWE9HS2MwU1BtcXhfQl9jWUNxUGpQRVhCSXhsVDBIbjBmNjNSWHVvU3ZWalRkeDRwM1ZwbjZ6eldfSmFCNTF6dlZzT2U2eExucVlZb2tZOGt0bE13WTFlSVF0dHhLdG9qTGl6S0xvQXFqYlJz?oc=5,
6a8499ad5dbd7dc25289103e,aa4aaf100dd05381a028b27b6f6bbd4439d09d5fe56fab551317018c0e40b287,,2026-08-18T17:43:09.116960+00:00,no_disaster_keyword,Greater Kashmir,local,Srinagar–Leh highway shut for 2nd day after fresh snowfall - Greater Kashmir,https://news.google.com/rss/articles/CBMipwFBVV95cUxOVVlSRlRfaWVNcFI5WV9sZ29xVnhyQzBfcnNlTmFuNXRvWlZaOGxqeURKZ3hfanF6Z0tWeGlsZXgtMVEtQ1Y3TUVSeGhVdERSLWtrZ2VSSXptdDczRXBDanJEcjA0ZEEwcEk2RmM2OG8tdHlISUpWeHlDeGRRNGl3eVh3MDBIRkhydGtjUmtXWk5MeWpqYmg4aUl6eHVlZkRVYUx1a2t6SdIBrAFBVV95cUxNbm42djJ1V0Y5UldEOFhmYWRMVmNaN182bnlkSDk4RWxSMHg4OXV5UFE5Qi10MDM4dTJmM3dEZGpEeUtVenZURGRyaTBWeFZLNlltdkpLN1NwcU5fRXh5QVVaQzBpbW9MbmZxOWtmU2MzNHNrSVRYQ3plTExIRm40aVlvcTZfRkNZU1A2M0NidjRoVjNzbmw1dTNEbjhjaXNPUURWV3BYSXBhR0c5?oc=5,
6a8499ad5dbd7dc25289103f,19dd23bc4e6265d3cc94cd9bf014a1e20ac5d4e8c82fe3f314461a6716762761,,2026-08-18T17:43:09.224799+00:00,no_disaster_keyword,Greater Kashmir,local,Zojila: A tunnel through time and terrain - Greater Kashmir,https://news.google.com/rss/articles/CBMikgFBVV95cUxONzBwcEFoOU5DSlFfWFRwd1lUcmpSVEd0T05sbWppaGdiOXE5NV9iQXRQYXk2OWktSjJxY1JSNVFTOUNDMnNWdjZPUE5EcVE0cEV5UTlVUzhXd3JtS0h1UFRzaGdfVlk2QlM1RUVabm9WamEzazFrd3F1N1RUelN3d2FSVEhDSi1IY0lIelIwZlNZd9IBlwFBVV95cUxOWWl0NE5rak1GRUxmV2ZDenhsYnQwV3UtNzhjY2hsRlo5VjBkQlJfbkxKbkhVZUxaeVdheGY1RkJ1N09Kblk5eWk1OGZ5RUNOa1BNVm5PT0VrTHJSMWRxRFZVZ2dxV3MtWld2UzVJZkdJLS12ZEVXMmsxQkx5NzJyQlY0c1FZMnFVaEVkSEJCTXN3SFIyTHdZ?oc=5,
6a8499ad5dbd7dc252891040,d010b9cbf1c3928b873ca2a3a14b025634576f07f0cb12e94cc490c4bb8b7af7,,2026-08-18T17:43:09.289036+00:00,no_india_location_or_context,Tripuratimes,local,"Six killed, 5 injured in Zojila Pass avalanche tragedy - Tripuratimes",https://news.google.com/rss/articles/CBMingFBVV95cUxOdTdMZmhoQnd3ZXR3N25MenZpcEQzMnRydTdad2VzNXFZVXh1QVZWZzFSaHhWZFByaFppZjNVeVB3N21HUTJYUmZBcVNDeDRVVVN3R3RKLWRiQ2Y3UUUwc1ktbnJQb3NkTTluUmdoNG1OQ2JUMzdnYlBoZVBEc21VWkFkU1ExZmpHbkpfbUQ1YS1UR2Rxb0tXRWlWUkNSQQ?oc=5,
6a8499ad5dbd7dc252891041,72a9149a8084004ce3caa76ae217d24c75aaa1ce5784c73a21ef52efbaf8c976,,2026-08-18T17:43:09.360407+00:00,no_disaster_keyword,The Times of India,local,Selaulim dam overflows late amid 30% rainfall deficit - The Times of India,https://news.google.com/rss/articles/CBMiwAFBVV95cUxNbkhfNnZzNDE3aW5hMnhMdk40WjFHYlFSNHVvVjhZTHhHdXRjTkhRT0RUTUxEZnFHWTdTRDJvb2xBMmZ4c0tDLVFYX3YtU1hFY3IyTDJ0VkgtQ2twclQ2bHpudEFhWnVyQVAweU0tTVdwODRtS1RNZWZqR0taMkJhRF9XbDlGREU0SDJJd0NMRkpKWTZhNkJNQWZFLW1KQjdwbk1vSjdoV0s0RjR6TzlUcEVfbnZFVFZkb2ZIRFZWRG_SAcYBQVVfeXFMTzRDYng5bXVIRTF4OUxCRndxak5BUGhybFltYWV1dGRaZmFtSHN6S2dGRDhfRlJJU2pCeTZxUUI2R3ptbjRhRjhQOGl2ME9NZFB3dHYtT2pjSFNqYWZicDJIdFd6MmNOd2tnZURWbExhQ3R5QXQ5STdMQVRtX091Uk9lQTBlYnZlUjhUMGRnUzlTRlpxZzRtOUcyTWVmeV80aEZqcWttLUNrbnpKRnFJekh3b010cncyam9vcFN1bDRjVzd0TnF3?oc=5,
6a8499ad5dbd7dc252891042,42bedaad9d71fce16e702bddbef26ece3daaaadea06d2706d2970ea7a512c525,,2026-08-18T17:43:09.411991+00:00,no_disaster_keyword,NDTV Profit,local,"Navi Mumbai: Morbe Dam Overflowed? NMMC Debunks Rumour, Says Reservoir Only 42% Full - NDTV Profit",https://news.google.com/rss/articles/CBMivwFBVV95cUxQOWM3aHpya0x0OXpuOE53ZVRvaXp0ZjFJY09aOUx5clp4UE1VU210WGs4WjdWd2VxTnpyS0ZXTTY3Q2tjM0pzVE9rdWtQel9hR2VHb1o0RHp4bWNvVkxoUGN4SURhaFI2RUx5RTlzd3hKVURQOXkyMGpYREppdUdla19wbUVYal9tdTd2QmZPVnl3cEF4Zm91cWRXNi1VcDRtT2RyYkFPdGV0dENCYnhfM1hNaHY5Q1lRbGkyQVJHZ9IBxwFBVV95cUxPMVBpR3U0MnVZRmtoaEVWYV9nbTdEQUZJQVAxUllNT1lhd3UzRnlJaUVXZDRsVTVJSTZGcUhNVE9GWUk2a3dZVlJsUGFFVl9hc054TmxZWDE4dWdzUEhCSWF4Nzh2Zm9PSXplZVBfLTlfSHZKLTFIYnJ4OEgyM0Jfa2MzQm16MnJxSDhaUHF5ek1PbTBIdXl0TzVPTGhIRHRKS2tCT1Y1aEQxV3pRRWMyWDJTYm4xNzlUaWdrTE1UcGJsdnhpTzhJ?oc=5,
6a8499ad5dbd7dc252891043,01c42dcd5aafe41b37c0964a224ca197fff5fafef5f75841c1d626c15b109938,,2026-08-18T17:43:09.464003+00:00,no_disaster_keyword,The Times of India,local,"Orange alert stays for Mumbai as Tansa overflows, lake stocks rise to 62% - The Times of India",https://news.google.com/rss/articles/CBMi3gFBVV95cUxNRkFyNnQ5d2Y4V0ZobUVKQ3EwcUk3d05nRE54T05CeTM1b09HVFdJZy1MVTN4S2FuMDJLSE5mUkFMVWNMQloyc0p4c3BBQ1cxM2xLakVsdDBtTGpxQ0FYcmxjTWM5ZFFsN1dQVDNFWlI1TTV4TS02djQyU2RGLVdrV3p1UTl0M3diTFdQWWN1MEExblk5Z0wyU05WQlJzck9wdHBKQmtJT054bFoyYVBVWWZXSTZvWURzWFNlVUo4X056Z3RRQm9yOUpva0ZYS0pPVXVNM2Q3Yi1vT2FHT0HSAeMBQVVfeXFMTnUyRFkxcE9HbjlTQ1JRUkRiV1B0eS14dWxwVEs2cHpBYTY4Z1FsQnNDX0hFaEZ0NlA2MWVJTzVoY0dTSzBwbDRtWUNEMERoS3RSR2VRMmJiY0xFV0poa1dnSVVDZTI3c3pYY1NfclI4YV9EYVg1TFl3THNJNzhHY3BIU0EwbFVmUXlpNHFNUXFHTFFTcU9KcGhWSHVBRzBSUVJhSnBIeW15djRmRkNUVlpyZUUzb0Y5SWpybHBxd1BiZXZaLXVyOVl1eXNicUlfa1N6SC1OaWk3dlNtUlYwZjhQanc?oc=5,
6a8499ad5dbd7dc252891044,aacee129dde5071062212d3febeb3cbc2734d8548be109151286ff77eb71d4f3,,2026-08-18T17:43:09.526473+00:00,no_disaster_keyword,"South Asia Network on Dams, Rivers and People",local,"2022 Fly ash dam breaches in India - South Asia Network on Dams, Rivers and People",https://news.google.com/rss/articles/CBMickFVX3lxTE1xR1JlMlJUZ3dxeHpNNjBoVGRLZlhoUmQzMzMtQWZaWEhnQmxGZ3Jwazk3bG1qSUZsT3pVeGtMbWhpVENSSXNkNUthQ1VEM2I5bnZzbjVjZnJ4Ml9RdDN0cU1ybFJDcXVDaUFzUDNlU1VCdw?oc=5,
6a8499ad5dbd7dc252891045,3f3175a83ceadac7060502d0b7c1095724689c1a05f75daf4a99a86254fcbd4e,,2026-08-18T17:43:09.582874+00:00,no_disaster_keyword,The Indian Express,local,Punjab and its water woes: Dams that give and sometimes overflow - The Indian Express,https://news.google.com/rss/articles/CBMiqwFBVV95cUxNSkhKWlJ0SUVoN1RxRFkySGhPa29qcVRzd1BoX25rYzBYVGlPZnA0dG5kS1V6dV9NeE15ZGFXeWY1X1JubWhoUHhnRk9iVi1mVEc2LUdfaHUxQlRidDU2R0xHZUxIUmRzWk1Da1FaVnBWRnlWZFhsSkpGcFFmRFVuel84cHlTUzR1bVhraGlXbVh5NWluNDhDeWJndFV4cWo2eWxGYmxtSDl5QTjSAbIBQVVfeXFMUEJjOXNub1QtdVBPd0VIaHJqeTdFMFB1SlpFX21jc3ZpSnpudnFvVllZbmdidUFjdzNBSGFvd0g5ZEdXb0M3LUt3aW9KcUt2U1hYYXUtNFdYSVBJU1dTajQ1RHQwbFp2V3ZwNnAwNnZrTGVseHItY0lZdDU5a2NvM3daTzdUTVc5XzlMSU5wNDg0YXBrZHJRYTJlOGJ6TXVkRDJjNmdpMGoyU294YWYwTThHdw?oc=5,
6a8499ad5dbd7dc252891046,3f043ba6c599692b294198722de1c989bdf3dd9264c5641b789daf272bd64914,,2026-08-18T17:43:09.630360+00:00,no_disaster_keyword,The Wire Science,local,Why the Sight of an Overflowing Reservoir Is Not Always Good News - The Wire Science,https://news.google.com/rss/articles/CBMioAFBVV95cUxNQjFIYkFYZXNhMTROUlp6WE9oYm9DX2VyUGwyQjZma2ROMjl5WFJ0UmdSQzgzcl9NT1N4T1NUZTlodDQ0b2txRTNnZWZhWlQ0NDYzcWt0S2NMX2RyZVkzY1l3OWNTNUtvM2JFSk5BcDhSNC1iLTFBYmJhcEJDLVJQMGpnVFJqUmc2NngtNmhMTXhYUElVcTllZWNlZWFBM0Rz?oc=5,
6a8499ad5dbd7dc252891047,7c32f0c2013f6c9caa225a841022711e7778c7d1fb06f7543a74d6265085934b,,2026-08-18T17:43:09.691621+00:00,no_disaster_keyword,The Indian Express,local,Khadakwasla dam likely to release water as reservoir swells - The Indian Express,https://news.google.com/rss/articles/CBMiqgFBVV95cUxOYkE0SlJsWllEcHFMTDJjT3JVdTF2cW1mRVJrRWRZMmRjNEx0Tk5SeElJRlctVmM2RU9OY3hDSi1WSHg2MW4wcklJbGc1a3ZWRUNrVEJaVm9YWm1NOFZtNlQtNkN0VzhzcFJkN0c3UFIwNmdxdEQwUWZUM3VpSm54bW1LOHpOc3ZjMEdwVjU1MEd1WEFtaVl2blZkalB0Ym50OVZLN1lpX1ZHUdIBsAFBVV95cUxNakRXQWV1amZoQ1lTVFdWdktXMk1OTFRNT1FXN1NENkZMRlRvMmt5TjQycUVvWF9EaUF5X1FMbDMza3V5TmdDVHFlLUFEd21jaFJCVHBmY2RkeVNjRDVyN1ZueUdtOGJ3UVQyWWpxLW8xMFVPUkpNNmpNaGRzbUpHb1FJZkstNnNxLXRGUlE0VUY0RHdYTkoySXNuaHNlU2cwXzUxb2dXWlE0UnF6cFhiTA?oc=5,
6a8499ad5dbd7dc252891048,59a7700d6d6e6e418fb56ce357a0583b74ac801180030c68bf954d210caf1cd4,,2026-08-18T17:43:09.745253+00:00,no_disaster_keyword,The Times of India,local,"Mhaisal dam overflows, earliest in 16 years - The Times of India",https://news.google.com/rss/articles/CBMiswFBVV95cUxOTElPaUF2a1ZjM2Y2cmZ2OFhIaDNrOTJyTFJ4NmZJYk1VM3p2MDR1N2NDdlU5VndLYWJlWmRkYlVzdzBCdVFvbzJWZUQ1MTF4eHo4UkdqYnBNUFU5WW9uSTk3Zm1pX0FhakpLLXZwbURXY2JnT2NQMXEyU0xCUUczb0JjbnJKU0FyNUNjN3JDaE5kSEE4TGZHUGNWT3JlTDkzckRORlI0RktrX3RWTUhpY3o0NNIBuAFBVV95cUxNS3VRb1NFUnRWUVNtRnQzUVAzX3QyWm41WFdvT0tLT3ZuWXNrbGllV1k2WDUwd25EUjJOcDY5N05ELXg5WmZMSnI1SFFFc2IwSGtlM1NhOGhfd2FJeGh2YUh1THdPSmp3UEFTLVhlNDA5M2RhRG9zSy1DSS1sT2ZtSFJmSVlhRzRBV1ozTGxDOFJ1czJ4ZTd3UWlQOGxZc09mSWtIM3ZaMENpYmdZZHl1SGR6WDR5MXll?oc=5,
6a8499ad5dbd7dc252891049,4cbe615091462dd86080b5019fe4872905a37b3f43c61fabaddfcf4d39837782,,2026-08-18T17:43:09.794644+00:00,no_disaster_keyword,"South Asia Network on Dams, Rivers and People",local,"2019 Monsoon: Instances when Dam Safety Came into Question - South Asia Network on Dams, Rivers and People",https://news.google.com/rss/articles/CBMikAFBVV95cUxOOW9mSnRjbEdTTmhSVkFkTXBEVTRWTHR0OUo1Z05VT0p1elZpcUtCanJ1SGNFcnlkVi1uYl9FYzBZLWN1WEplRW5mRWh1WXl2bTc1U09mazd0VWN6Z0NrelJyS005RTFEeGJpUHBZOF9YaXRuYWVSdFdWZVNiNUhRWng1Um8wa1dNRVhPa0E4d2M?oc=5,
6a8499ad5dbd7dc25289104a,22e00a33bae143385a77dbea7f82560ad2c8aa213233e3b8a7c74a2b864ef6ad,,2026-08-18T17:43:09.849739+00:00,no_disaster_keyword,The Times of India,local,"Selaulim dam finally overflows, 12 days later than last year - The Times of India",https://news.google.com/rss/articles/CBMiygFBVV95cUxPNGlPcnhLYWFSQnp6UjNzS3REb1ltQVFteDhJYkxvLXNHbGRLT1FMbnFlTS1PbkItUm1RNzdialFyR3JmVG5uRmRLNEhOVWltNGZ3UEd1bGFnM0FZcThMU2RUMW1meDdhQktQa2VpVUQ0UlViOUFRTDlCejJMVDNMcWpwMHdSaUhPcHFPSVdOUTktclVTSVVvU1I4YWFFRUNpdmV0RmlES2wyM1VvblpWVTczUENtNFp4b0V2ZFRGLU90Tll2elZjRXdR0gHPAUFVX3lxTE1sM0Y3SExIUndxQXVQakZfT3dBQ1ZRZFNOVWxiODV3aWgxZmg2RkY3bkRsc0RSSktOX3Y1WW9seFJ3NHVESDlFdnVFY0hvV1U5VGNHOEtWVTlrWDEzWFNXamdMOGlIYkhYenlkd3E3dXBKX2RNTFpKajJvMzB1SmRvT2dzZnR4SFBOZWhKaHBaVWxPWXV6SGh1Q1JfcXdZTE9TclpHMW0tN2YtQzN1aGFZanRkYzFVd2lHWmJXR3p1SVduSXQ1eU1UVDJGeGN4cw?oc=5,
6a8499ad5dbd7dc25289104b,37ecf236e5d1b1808f5ff864eaf69744d772c7c493d812e7cba05cfc886d0b6e,,2026-08-18T17:43:09.888844+00:00,no_disaster_keyword,The Indian Express,local,Gujarat: Narmada dam at full reservoir level - The Indian Express,https://news.google.com/rss/articles/CBMilwFBVV95cUxNdm81V3dZdnU0OWM0Y2ZadmFjZ1U1anUtSGdEcHRnWmFYckFNYV9kRGFNZk53ZGlZbURiT2NZb0lSYzFZZWFtTWdCRXlJRkl1QU85aFBYMEpLWXA5S0xyUXg3dVQ1d0FzQTRVN3oxTGRSOVI3dm5JV0k1RFRlWG5wbDdqdlk5Y0RhVVpWRjFJS2pTSTdWLUhr0gGeAUFVX3lxTFAwOGMwb1paUjZBVjFtUlo2cGNyUnFkWUMzbERyX09DUjR6NlFZcnk2RTZvajlJajJidnlrS3ZYSnc4TWd5bkxLLWVGbkZvY1daREVzTkpBSnUyUFFwQjM5YU5Velk4ZlI1WDNhQmVKeVh4M1h2TXNvalctaU02VlRyWWpqUzZQWGNYUjZOSFFXR0VYcHN0YmxoOFNwTUhR?oc=5,
6a8499ad5dbd7dc25289104c,da69df471b67c23b35e217c34d27429222345d4eb2f3bd64b4214414afe2a8b1,,2026-08-18T17:43:09.928610+00:00,no_disaster_keyword,The Times of India,local,Morbe Dam crosses overflow mark; Officials open gates - The Times of India,https://news.google.com/rss/articles/CBMixAFBVV95cUxOcC1iRnNaQmFKdzJ3ZHBoQXB6SlJTUmdTWlhWMGVUaEVmVk9pNGFWN1A5RTFEWHV4NDEwWkNNNm5DZWllU24wTmRHczV6Qnh1ZnN5R1JtZjE3X2ZTcURTQnJ2UlZVT3hTaWFQY2hiTGgyYmJ6aERjZGFPNTRiQ0JfUjZiRW90YXlLOExwOXAtd24wb01nYzIzVU9DMHh3ZzRyNzBITm0zUGlXcVFQaGFkQzBLRXBlc3NnX3hNUm1XeC1mZlJL0gHKAUFVX3lxTE9TS1dnOElJZ2xtRklYNlpXejM2Q19vTmVhUW50SFJheDdxYWpVQjVSQjB4TmlUZDlVWVo0aURQV2RNNThDcW1yaU5BUjNWSFJsUU1wT2ZVblFtYm00QU9VSnFjYmt1aHRQM0E2YkticzhwemdidTlWYzhmcmhucVVsQjZ2MlljbHhzdWhiTkdmUnUzMlBIc082M2J5Z3RNbDRrMGxSYmZsRUZidEYybFhtbWphNVNvR3J6V3RRR1ZiQmlrUDl2WXZla2c?oc=5,
6a8499ad5dbd7dc25289104d,a2f9a6d1498b37ce2bfb4cf913336b278f8e53c7c548a52141e2576dc8b35a06,,2026-08-18T17:43:09.978837+00:00,no_disaster_keyword,The Times of India,local,"Major dams in state 49% full, Kharang, Khapri overflow; Jhumka, Maniari cross 90% capacity - The Times of India",https://news.google.com/rss/articles/CBMi7wFBVV95cUxOS2t1Z2xQNWhwaVVrR1FaOGkyNW1WUDhQWld0SHB0VjAzTlVWc1JzUV9SV21LemEwWmpTZUxJdXRFaW1ZU296cHY4RURQY09lcVc4d180Y05xR2tqZHg2Vk00dFAza0M2ZFpjY3c4dllKc1RTbGZLUWZZakdyS29ITlF5eTZtV3RpbWdnNlF5YlNDWS1DT2wwcVVNVVBIcV9McEdRU3B3ZmVUanZKU01rdnlNc0VhOHNyMWN4WVVTWmhaOE5OSHlHX0ZGWHZXZUxNcFVaN19pdF9TMGdhS2pyaGI3UVVwcDJ0MVZuY3lvTdIB9AFBVV95cUxPRFZwdmZLQUtkOW1yN0lXZmF3V0xfM0tkRDhEYjRqa0ZqemNVVkVMbGdwTUt3ZWdqckhMX1FsV180blU4d0VxTGtIbXdzMG9ULWpIZTYxSl9QMzRpZXBJMm5FSzd1b25saGlnRlF5VkFkNkFFY3VaMzVoTXZhV3Bld1g1VnRtb0Q2NVh3YUxsTzRGRGQ1MUlQRjlDOGUtR1RCMnVsYk1ZS1hpeDNWTlpCUmtXdDB3NWI1eno1RHRXZkF0SXFBN0FfYm9QbVMxSXBHWXhHM1FQTE9KQ1dZUnd4UGZSZWJmY0NSb3JiYllwRXpEdnd4?oc=5,
6a8499ad5dbd7dc25289104e,6309bfa430c41d8a8a791d420502abc68cf62943e0366f911eb87b65b50d34e0,,2026-08-18T17:43:10.021350+00:00,no_disaster_keyword,The Times of India,local,Kharang and Khapri reservoirs overflow while Maniari Jhumka and Chhirpani remain over 90% full - The Times of India,https://news.google.com/rss/articles/CBMiiwJBVV95cUxOb2pPUWp6QVFzbTkyMGJfbDg3VGNOcXdhanFNLTlfZlcwMFBMcE9zQ3FnT0xfN2xIRXhNNlpOSEIwMno4TnZYc2d6VkhUMU1pTTdqdEtFTmNSM0sxc2dYM2NVeHozSkdJNU1VVHZXZGdBWWxMcGdtVE5QbnhGa3Z1R2RwaVFRYmgySkVTazEzd3V4alkzdW1FQ1NQcEZidjgybXhuX0t3czlxbVRFQjdHdzFKV3dTSlVsLXAyWW11VjdDNktRQVd5MXlGc1ZYOF8zYjd5QkNxWDU2b1EtaW5sUHF2eTBwTkV1eTZLM215enpURnpPbDBScExuS0Q0R0lNYUQtbUJNcU1UbzDSAZACQVVfeXFMT01hd0hqR2xkbmZOSDl5Q0had01RenJPRVh5X0NFbXJhMXZydWNYbjNORjlFNURQb193T2NPcVhGSk9ON2lNWE5YeF9NaWRmNzRyam5rU2F1TWwxbDdVaVVFbDNjMV9Lc2FoZmZWQTc4OVp1VUd1TVdmTWVUS2lTUTFIdGRYVmJRWUV4aVQ2SFZBaFYycFBtYnV3ME40amtjbmE1ZFJWeEUtcm9VM1RyMC02VUZWYnM4WDlONUtSalMtWTV0cERxZ1Z1dk5lNHJEa3FJV0FveG1WUUZub053TExTVjkwMHk3RzNpaVkxXzZLYS11TTRCMWYwMmtpRVpTUGZZNTlXazlYbDJNU1kzeEE?oc=5,
6a8499ad5dbd7dc25289104f,5955c72cff64f193f7ef5bc254638dba93417aa48b1bc0e8b10e8c5332620edb,,2026-08-18T17:43:10.060640+00:00,no_disaster_keyword,The Times of India,local,Kadana dam on Mahi begins to overflow - The Times of India,https://news.google.com/rss/articles/CBMivwFBVV95cUxPdy14dFo2MHBhTWV1MzlBaUFnZElzRk8tUG9LMnVyQWxENV9PWmJnU0swV1djcWo5akR1Vm1wdkU3NzVNa2hfT2dwVmJkLV9Pc2EyTkZneUhuYWdmX0JsX0VRbWEtcHNCTGJyWkhmRVgxSEd2UmJ6VS1zS0lrX3Fja2JrNU9xNUJXeHRFbWhab1lCSFFUVHRFX25uaHlaWjVUYnZ3dm1xcC1CR3NHbEZtU2ZSNmxOTjhWcTF6R0RvY9IBxAFBVV95cUxPdzFnSlBBb24tbXhjWFYxNENiRWRRY2xJYVBRMU9WQTE2WGFXeE5veWNUNVN5RTh4S2ZnSDh5TXd3dHNzS2tQVFJqcmVUWHJmNENYcksxY2NfQm1ydXVUN2ptM1g1c3VqeEI0eFVUWU1MZWFmdW5ObnJ1NlZhV3NmWlJCcGRvSDhkMU1wcUpxd051OXVtOFoyYmFqQkdudkoyTmFmdzhRUlBMdnd6QlUwaHlnbnpHSVlaNE84QjdwOXdmU1l3?oc=5,
6a8499ad5dbd7dc252891050,7e4d18710ed04bab65eabf16e953e47aefcbef4a342bee2946f95767bced3269,,2026-08-18T17:43:10.100054+00:00,no_disaster_keyword,The Times of India,local,"Karnataka: After exactly 89 years, VV Sagar Dam in Chitradurga overflows - The Times of India",https://news.google.com/rss/articles/CBMi3gFBVV95cUxQaV9XZ2FtTTRCZklrb0hjamwxTDZwNHlabzNOLUlYczJRME1ySml4NUFWeGdKUzhudHcwU05KS2x5Q2cxQ1lhVEdvb1RxTlVGdHVUcVBWRV9lS3NZV21FYWFmUjNMc2I3bU9rSzJNTDlzZzVSR0hHSEZYR05Zc2ZMX01EX01qTGk2LUNFTU50LXVYNUhfRFRoOC1oaEl3Mnk2bjdyVl9sNFgwU0xHX2o1ZVZjTGhFVVB5eDhNcDlwU1d2cDZjOG9LdmE0Ulk3ZjhlN1JVVVRvcHYxa1pjVEHSAeMBQVVfeXFMUFhUREZmZU9sN2NkbnRsRXczR0kzc190UGJlbE1yVXFYYjVWQU0xX0ZySmNYaG00VXhJQ2MyVnROZzlUZFlEVnl2dU1KM25PWk1GY0pDWmczY2QtblNDNnQ3ZVJVVnJSQjBBbGhJMEM4M19qQ1MwWjhnSUl6QnBlSkkyZHVTUExXSlNaOXMycDJWc3FOYVhZZlRfb0lNMzF0dVI3Tk84bmdaa3VsQk9Jb2pzaVBBWHZ4ckJGNUI2bkdZU1NuRkR2S3dTSlg0Q1A4NndtaE14enN2S0s1Uy1kSmVHTEE?oc=5,
6a8499ae5dbd7dc252891051,c5c10809a766a0b18a53c13f3939c44dcbe5f368540a1ffb4510693c4dc00d23,,2026-08-18T17:43:10.147605+00:00,no_disaster_keyword,Telegraph India,local,Three swollen rivers breach West Midnapore dams - Telegraph India,https://news.google.com/rss/articles/CBMipAFBVV95cUxPdHRLcGJ6OUVtMnc2VE1MUC04R25FYUJzZzhtdDFZMTlEeW5yYnV1ZlpIVngzTDc0MEdDNWRfelRpRnBfblEtYVc4dmNoZmkwOGVLMnZxVzJMQlJGTnRuUER3eEFxYUw3dzRtd1Jmb3Znb3ZWUWhxcmJaeU1xY2hiQVBxZDFxZmRaS2FmQVJmQk4tM3Boc3BUNEJpUERwelJUUmZPN9IBqgFBVV95cUxNMmtiNmYwbjc0dFZDYURKMk56N2lnZ1VRQllqVGFYZjhsSWs3RVA5WU1BYk8zZl82dWIwQklrMERldmVKdkpjRHJ5UGRuLXNRekJPcll1SlE2bzMtWjFTaExRX2dsTl95SFhzWmFla1N6OGxiOWlfaVZldEVzVVdiS1p5MnhfNzJsN2RFVGEyZG92Y1Fzc1NzcW1xcV9DRUNpeV91d3FpQVN5Zw?oc=5,
6a8499ae5dbd7dc252891052,cc5ee52f2526fcdc06761244bcee7a71c6a3b57f52d6b18991cf202615ebeef3,,2026-08-18T17:43:10.188693+00:00,no_disaster_keyword,Scroll.in,local,Kerala: High alert issued as water level rises in Idukki reservoir - Scroll.in,https://news.google.com/rss/articles/CBMingFBVV95cUxOUzVucTZYdmVlcVdMRkotWkdCR3l6N25kdVJXMTkzM1czX2ZGSC1LQ2ZhSDNqdVF0bFZfUE5QLWM2eHM0YkJYNGdFaDBCcTk4dWtDSVlIMXNDdDhpdjZTZkZVV05xd0ZHdlRyT2V6bnE2XzhPdXplVmdnR1EyamJqOEFyZldSRHpkd0tXNjk2WnNYYnVLa3BxNTJ0WUJ5d9IBowFBVV95cUxQMXNCRkotemM2VHB4RUI1QmQ0S243Y2ZGSFVBNlpmdWR3bVVTTERDc2pkQVFuYmJpQjVQX0wtd1VYRXA4OUJ6UlN2UDhvaFhSQVBubHRFV0s2c3N0NkxKUTlqeUZLUzVWbWNkQmVrSExFMWh0V3R6QlNFOElSQzdMd1lQb0VQQjNWeVdhTWM4UEhtV05PSEwwVW54YTJjNzB4ZVZN?oc=5,
6a8499ae5dbd7dc252891053,44d2753ec630a3a3ac50d2ecfbfc51747d5d7ecf572e380f674395097488b1f2,,2026-08-18T17:43:10.233516+00:00,no_disaster_keyword,The Times of India,local,Dehrang dam in Navi Mumbai overflows - The Times of India,https://news.google.com/rss/articles/CBMirwFBVV95cUxOMFRNWHJrbUtCdFdPcEVCekY0b1RIU1YzQXpxQlJnT2FBRmhxR2YzZzZmc3VjX2dXRTZnWWx5MG9zc0J2NjF2cTVsTVJNQWZSd3lYSHhsNWZwUkFkYXZobWlXaUJmc2lncFh1ekVacE5NRUtWRkpxTTVVSElHT1FIQVVpXzNEblhvTGxQUjFKc1hSTDZkTVQ4MmppbUFWSDRXekNhQ1NYbktvQzZIeUh30gG0AUFVX3lxTE0yUW50dzRwU1NHUHRlNzhlX0ItRnE2RnBQcGpPbEFwSUVxOG52RWpUNnlsV21XYWM5VEQ3RDQyREx3Z2xYVTh2YmJVT21ReG00aHBOR1BGTzVLWlhjUFhkZ3NlU1NMa3JueHZLbjlrVjhrelpzXzh6RkZfNE9OdWxIODJrcEFqcjVEQlJVaVdsd21Wb3kwdjhJQVl0aHZpWUxWbFNmNUJIZ21WMEZRVkR3MFBVOA?oc=5,
6a8499ae5dbd7dc252891054,5f9a26b37b53e2ea485aaa16c2945d9b1f78a132d4a318913c9bb195a30e06be,,2026-08-18T17:43:10.289061+00:00,no_disaster_keyword,The Times of India,local,Vani Vilas Sagara reservoir approaches capacity at 24 tmcft - The Times of India,https://news.google.com/rss/articles/CBMi9AFBVV95cUxQeG50U2Rqc2JLV2w5Z0RkTGNUVUd1VWxMTFV3UFZ0QU5PeXNyMXVORzVPelZCUFk1cUtSQUFoSkZpb3p1enRScWNtMHppOWJFLVVFc3BidTdqWmJOQmVkczNkV1huUUJFT0VUQnFVYkVKejdBa2JjSE4xV3ZDTXpWMkgzV0gySTlFc0VTS1pUek9KTVFNeXdfdGtEUk1XMUVVR1pnclYtdHAzVXZqWHljRnBXdVV2SmhXZkVjX0pteWNNa3daUmFWR0ZYT2M3MjR3ZjdHYWVfaGlOQnRRbW9qMmlxZjc1MUxpbGM1dC1aMXJ5aktt0gH6AUFVX3lxTE9ZZ1pmamF6VzFuMmQwWDlUdEtNM0JFelZlcXUxYk9YaWV0V05Id25SVVltb1RQZXZLNWwxT3h0VTladTZGLTJHaXZOOTRHZUpkLXg4V3hCb0VBMXdlZnh1d1gwdnlzUHM3dExVWUZBNFlvV3oxT0U2VHN1UXVMNi02aUZ6cU5pZGpQbDhjNXZ4SlhUUkxsS1RIY1lWS3N6bnhPSlVCLWFhcTZGQkN4SmFYM2pFMFV3d2VYUGFDa3Z6QmMtZ0JHSEQxRWV4VVRZOE14ZXJKS3VSQ1huRU5Ib1owcXlnamwzeWJNUFBiTXo3SjJZUzRCaDZwS1E?oc=5,
6a8499ae5dbd7dc252891055,e692f4b4cf153bdd9a93c96bb4dfb798cc351a69c521b577bd6eb04c02313659,,2026-08-18T17:43:10.346056+00:00,no_india_location_or_context,hindustantimes.com,local,"Bhakra Dam level rises 3 ft in 24 hours, triggers flood alarm downstream | Hindustan Times - hindustantimes.com",https://news.google.com/rss/articles/CBMi3wFBVV95cUxPeEh0Vk9IZjhvSWhMSlBGMVRiR2ZNeDNjY2VKR3haVnd3RzI3akpOWlpOX1dVVThUMnM0R2twR1V0R2NXNVdweUNITnZRYWE5ME9TaURpYm5XcjVGbm1zaGVTbUtma3J5NTNmNGxUYkRrTjBLUlNBZ3VvM1RrUFlJZWNvUnVRdFAwS2F2V0JUYXVydWNDTVVRcTR4WmVTSEZvNVRDRkRaT0xqRzNFdm1VVmlwS2k0VEVFNlRMWTE2MTRDbEFYUnh0a1B2ajh0WFptUWsta1F6RFY4c3JCdlQ00gHkAUFVX3lxTE5WVTdoMEVtSktobUNoQjhJUVN2cWliZG16LVIxNUdEUnBXR1N3ZEdXN3QyOWVKVXBFcDhVMzE2cm9KUFJxN292SUVjX1VCdWlfbXlldEV4VW9fLTB6Qkd3cko4T250U0JHR1RqLTNjeWIxWUdxN0lVanBqcHVQYjROVjI1WVVPVFpLbkRxS05vSmN4b3JkV25YWDlGUFZXbXFzU1JNU3BaRFNFem1QMm5tWXFNZDVLeWJlZXFYYTU4U2hvYXAyYVVWTDNlRjliTHYzQTN0UnNEQi1XU0t4RERjQk5GRQ?oc=5,
6a8499ae5dbd7dc252891056,e1ea4f94074582d3f6b35abb0bfc8cf39ea9da750b4ffc18f47cc43747107428,,2026-08-18T17:43:10.418045+00:00,no_disaster_keyword,The Indian Express,local,Punjab on alert after release of excess water from Bhakra dam - The Indian Express,https://news.google.com/rss/articles/CBMiqgFBVV95cUxQTkNKdzUydEtmZ2p0ZmJCQkVjZU52eTcwRkNYNWhka2lyYks1QllmLXBEcWFocWxFZTd5azlVeVMwaldDTjc1bWJ5d3pHTDVKM1FlZVljMlBMUjZBODhzVkVtUjZhVmI2czBFcUlMcWxIVExLMHNKaUp2S3ZSNE1IblRjdVBGdkRZQjhuY1k1a24xZjVzRGdvbnN6Z3RzUk8yQ0JUaUh4MkRMUdIBsAFBVV95cUxNWEFnbHQ5NlRzYkxyQ2lZenhwSi1QNktLOVhmTGR6dXd5ZmQwVGF1cWwxcGJael9yRGYtcEMwbXVWZnlOSUpqcGdGYnFubU9NV3lrM21xZzhRQ2ZZVW8yM01EalFkbmRnV2UyQk1fRFg4bzNwNDhvc201TzlhWkIwaUZjQnIyQ2Q1QUhKeWFza3ctOGx5aWlqQXJ1X0ZuUC1mcmtHY0FnX2RoUXVBY1EtQw?oc=5,
6a8499ae5dbd7dc252891057,ac6eaf0f98acc047b76600e9abd79bbf76af3fc9292465be44025ed552f64675,,2026-08-18T17:43:10.694457+00:00,no_disaster_keyword,The Times of India,local,Mhaisal dam spillway begins overflowing - The Times of India,https://news.google.com/rss/articles/CBMirgFBVV95cUxQMHcxNk1Nd2Z0cmg0ZmJJR0VfZTJTdmlZSFJQQ2F2bE1MTXN4SWRXUThvMlEyOExQRnlVcG13ODNXWDZHLUxXZWt5YTUyWTluQmk2OU9NUExkX193a0xfckZzWW0zUGdDLXZmYTFXQXVzcDlYeEUzSHRnVU5sZFpReUY5Tk1EZGFYbVliWWtlZU1iTVhvcWFFNVpnZmhrbXY0cUZNSE1nejRQSXFtYnfSAbMBQVVfeXFMUGFTcHJ5R25RWF9BemltdnJhVHNlclFuZXdIMDIyTXlUVVhFcmhFUWxMX1hGc2htMV9nM3NhaU1NcDlOa0RYWHV3dzZYTEQyQkttRGdVdC1VU1YxUWpjMkNKZXpybzJiUzBSRG1aZVZaV2ptUDdZVGZsZURDelpvREZDYUJJWFVoTjZqUGRqOGNHNFI4RGo3NXVvbGY5SEExMWJVX2c0ZnIwNlhfcGlVd0I1QWM?oc=5,
6a8499ae5dbd7dc252891058,ad5b304d363d256835d78fdebed2f6bc28812527960d65d66a132a6a97bf6c16,,2026-08-18T17:43:10.749991+00:00,no_disaster_keyword,The Indian Express,local,Rain boost for Mumbai’s 7 lakes as water levels finally rise after weeks of depletion - The Indian Express,https://news.google.com/rss/articles/CBMiqgFBVV95cUxPa2J1YnFPbmJjYmtJLXRPZ2xHTXpPUmVobEM5dnk2dVl2MnR1YXVHQUVXWk9sOVBSRldUczlURzJ0Q0J0SDRYbUhIRHRDWS15dHp4SjNPWGE5QWdYbDRnXzVnVnR1Zk5KMjlHZDdBZmJvZW1kQ19pcDY2aV9QX0dLWG9FUnB6Y3hrRjNITUxnN0lzYkk3cTlha010T0pwSndROGM4aUJnbFYyUdIBsAFBVV95cUxOcXZFYUtvWWh6aUZTVkNhOGZMNnRtY3o4WmVtaTVHSVNpZjBvZXpQMDFzMzRhdEdFS1RwSE12c0ZNb3d6b1dwWGwtclFMSjd4dzNCZWpKSlFuTW85ZXpta25kcmVNUGIyazhkR1V3TUIwdDJlM3VEdWFfUlZmZTdqdzI0RnQyeUo3WHlxeWV0ckQ2V3ZCYWR0dnc0X1ZVVmpGTVdKdE1WVlVmRHNOT2ticw?oc=5,
6a8499ae5dbd7dc252891059,122a961238ee8d12f7be9786a7f049de46e1a90e7723311d8b7011730fa436c3,,2026-08-18T17:43:10.806160+00:00,no_disaster_keyword,BOOM Fact Check,local,Video Of Overflowing Dam Is Not From Maharashtra | BOOM - BOOM Fact Check,https://news.google.com/rss/articles/CBMizwFBVV95cUxQSV9HaEptQUdkUTBfcklTVkZDMF9HdU9zZkdOVUxKSURfdk9XY3RPd2Z1UjZHektHUk01M1REQ2JMVXRmZ3NPSmJQQ3JjTmt0eXFlTmpOemVSWTNiWGJSd1hETjdkNTNaNEJPLWJ5ME5IWmN2SkQyOEMyUkFiTU5OcXg5dmZFSlVFUmFRRXN6b1h4X0VmdmtudkNWTTFCNGVNa3dZRXltSUFHRFJ5U090eWFWQXhZbGF0T1VNRXo1SVh5MEtiZlNRams0SnNyUUXSAdQBQVVfeXFMTzVwaDNzUEo4cDNZemlnVEI0cVVrOFVDTGFkSkVrY213SV9jTF84NEJ1RUFhaG9CQndnSWEzTWNpb2N5QUZ5U3BqMnkwODVNZlh5S0k1N2I0eE5VUHdHTGR5dTM4aTB6alpqcENYdEZJcWtpQnZQeGo4bi1EUmwyZElGTC1BS2NfS09FbEwyRXlvMmVvQ194N242ckZ4QXBWa3JlTVdteEZrUWtFbGNhU3p4dFFiSnRCeUlZTHJSREE2ZmQ1VHJwbkRVUUhWNl9NNjdnMTM?oc=5,
6a8499ae5dbd7dc25289105a,090b8bad9dc6c65d9561ed0db1e96b91296ba9ac09e90a50b796cb354fa54393,,2026-08-18T17:43:10.875703+00:00,no_disaster_keyword,The New Indian Express,local,Sardar Sarovar Dam water level 68 cm short of overflow mark in Gujarat's Narmada district - The New Indian Express,https://news.google.com/rss/articles/CBMi5wFBVV95cUxObVNEWFF3YVpaYm1OdVY4RnFQVkU0bFZJcFBGYXNTYmRqb3NoMWFtYnhwVHZPcjNkU3BoTlNPT2xaZmZubFV6VDZXZGUzMGU1YlF0Wkpyc3R3NzY0YUNUekZnak45UHc5UGNTTm1MbmVDWWk0bjBxYjU5NmdsQ0xURmEwVUtKbzFCYkUtTHgyNGFBVzFTMHNMMmpvR2xEYUNUX1o5SGhMYWh0bVJ4Z3VNaXVtSlZaRW9Pc1VaWFhIb3FfOXhjZXNRbzdHWUtyR0xlS3NRVFNEVDYycEpwdVR2V2VIbm9DRVHSAfQBQVVfeXFMTnRVQWpBb0doUE9GTGZkLUdrdmI3b3NVME84QUtfeDNlNF9zb05UNEFSdW52UzlJYmZXV042eU5CWGREUFFxa0Zud3k1T3FnSHFKbkhhQkp0dlMzRFZjYzhhR0FMcnlwNlVQaUE3S2pDRWx1WEFsNGFxNTJ4NVFlaVk3ZVk2MGN5VUxuQm1vZU9COEF2b2E3R0RSMGNvNkQ2b3JZRkRZU1RmZGwwcXk4V1A2c3kyS0VQSVFvaTRENEtLSVBMVTlWWUdWUk1ZRXU3UnVJc2xkdTFkcmNtNjNxRWdkdjZGVGx1eDFVSTRTNFMyakxRMA?oc=5,
6a8499ae5dbd7dc25289105b,da3e39fb49ce553a993c381ef601d1c7aa78f29cfe9b4a8adaad094e5466cc33,,2026-08-18T17:43:10.915104+00:00,no_disaster_keyword,News18,local,Virudhunagar Farmers And Locals Celebrate Overflow Of Kullursandai Dam - News18,https://news.google.com/rss/articles/CBMisgFBVV95cUxPaUJ5MGxISjBrLTVtYTRxY2QyRm9vZzJBR1lBemNwalNQWjU0Qk9HbUdmUnM1OGpYYkJGenJnUVdpYXZxU01GUk9PcHlRZjlfWXJGSVAzYl81d3JISHBqcW0ybmpnbHNzVUN3ODUtYW43NnZvR1dpTTNUMGxwRXR3dzBqdWl6dXR6U3ZDMDNLS0pEWFZmQl9kUHMyMlpaQjdtZE9EV2ZfT0JJdGZpd0tNUEp30gG3AUFVX3lxTE8tWGNuQUxCYzFaN0FrbjZHakd6Wmo5Z3VwMUlCVlZCeG5laDhXQzVha29TeExqUm9KaXo2S211QUVHcllnQ0NYWFZVWEV4dlU2QThMMFRkUUVycU81WG9sc0ota2JObzQyY0pydUFBSlZ5cFhTMlJfWTlsbFRBRnVyYTJqUnJhYzhZWU5aUDdpLXhmcExZVW54YmxnWlhJOWVEelJFUHY1bFlKYzJ1TnM0WTBWNUdiQQ?oc=5,
6a8499ae5dbd7dc25289105c,46ea6a56631e0f670901118214ad7855cd2ba70d4b51e572c1f4338d17c1a327,,2026-08-18T17:43:10.953252+00:00,no_disaster_keyword,The Times of India,local,Ajwa reservoir overflows as water level crosses 211 feet - The Times of India,https://news.google.com/rss/articles/CBMizAFBVV95cUxOSHlYQ0htak50QkpYN25SS05jdU9aUkVNQUxwb3k2VmRGZG1lM0QzbjQyUmI2SGw3YnlPbVliRkJTX2I3U2pCR09WZ3h6a1V3SEdLNlhiUHo0NTh1RDFyeEE0Mks5VTJzUWp6c1NTejZOTDhrYXlSX2psMzZYbks1aE9YWUN1MkY2V1hhZlpPYU5xS3plak5obHFGQTh1dXZqS3FMeExubENOWjdZRUZWMHBOQ2dYSUtLSFl6NUpqVlNNVGhjN2JWTWF4WHHSAdIBQVVfeXFMTk1zd3ZsRDZkNjJ0QnFxREFtT1BqZkVpWDVDSlAwQXJKMFRGS3FmVGlCWXZydlZPTXBDcTF4aVlLRHNvTmpmUlRLUFo5LU10OWRTNUFnQWdVVG5KQ2RxLXVTX1ZDME5JUi1kamFVakZFdDRLTjVCZGgzZHAteGtjTDFCMmVuRW5qcGtneW9RVmU1U1J3ZjFDVk9wc0FZaEJfMW94aXVjbGgzRy1QS2RSUHRPdlVnRTNfbnNnNm1ST01BTmdUSkRoZUt6MGFUWENtTlB3?oc=5,
6a8499ae5dbd7dc25289105d,ef306de151acb5fb65bf262253c29f6fd2142f6afcda125bdd57d411a074885c,,2026-08-18T17:43:10.997294+00:00,no_disaster_keyword,Outlook India,local,Himachal's Malana Dam Gate Malfunctions; Alert Sounded In Kullu After Water Overflows - Outlook India,https://news.google.com/rss/articles/CBMizwFBVV95cUxQTUVIdTU4eUEzMHhndXZlSDFTRDBOZGFBTWRQVmRvX1RVUm95cGpoWi02OFZoWFE0RkxfRDJBU2tyT0xWd2M4clJwSGpSd1hnZkRzZDU5bEtTXzJkVGNRelV2dVp5am01Rzg0QTZmamM1T3JxWEhHaWplZkJydnJ1RUxEWGNNYmUxZWY5M3A5VnBSMFpDRzdXQl9TWlpMYk9seGVPWDVNTUNaeWVKZUV4aEp0bVBPLXJYU21CRlh4UGNLckRSZ1RaNWVHR1c1N1XSAdwBQVVfeXFMT1BaYjZreE9rSXpqWVVnN3oxSUJHSXMyeWRMSjFGb1ZVeUk3SXNmalpRaUIwblZJamdsWWZwSUFHclYtWEx0am1jN2dlQlhvdlZOOVI2VWVldG4tVUpsU0ZtQlBuNnctdlNRT3NGWXd2ZzlXTkpMbjRraUl5bWlxSHNPS29SZkRKeXJCTzZHbTJIeTk1eHFjUElZa09DZzVTS3R6YVZ2OUd0RUJPLW5udUlScm80TTFhUEZNNFN4SnFhZFRPcUdlYXlVaTVra1F0d080aVUwVlptRlBKTQ?oc=5,
6a8499ae5dbd7dc25289105e,315036c9dd7294d3691420d1af6519dac2350dfadf60e4b55789acc39bd07788,,2026-08-18T17:43:11.040010+00:00,no_disaster_keyword,The Indian Express,local,"Sardar Sarovar dam: As water level rises in reservoir, villagers fear submergence - The Indian Express",https://news.google.com/rss/articles/CBMi0gFBVV95cUxNVU05cl9tUWVCTjk2WnRjNlFlRjdnQUFEZXp0QWRCa2g3NjBwS05SeXRDR1cyb2tFeXM5dVljb2hZU0pQcHlwZTNoY1Jza0N2Skl1QW81cVMtYjNOTjdxUG5MLUZlVGg1cVRneVFmYnBuekRIeER5Ujg0cDhsdjVhdVpFZGd1VllVLXJ4dTVobE4xMFQ2SjU2aEt4d3YtOUplSmJjRlhULVhBcTNoSmltd0gwN3ZuZDFfazZ2WFYyQTVwZEdVQU96ZVJIdHhRS19QNEHSAdgBQVVfeXFMT1M5TC1PYjZsbXh3bWx1blhjdHBaNl9wT19neC0xcTZfcWxKdGpWSG5PRGJOeGM3d0dtYnJrMGtqMzc1clFXNlRrT1Q0QXRwcmtnY1g0N29EWW1raW1fZEtUSnl2MTU0Y01hQ1lCZFlKYi1BVTNnTkZVaE9MRTRWUzVaSXM5clJ3M0EzSUJ2ZVhNcWtjSjBKUjZqeU42X1hrTnBKREVsaUN0YVhXR2k1eGs1SUxnQ3QyZWFkZjdBNmthTHUybnlDeDFrWnhZckpLaFZiVFE0UjRS?oc=5,
6a8499ae5dbd7dc25289105f,9d743db2ffe66954bb8b658763ca969cf0637527aebac09a0cf2731b3405c107,,2026-08-18T17:43:11.091469+00:00,no_disaster_keyword,The Times of India,local,"Centre warns Cauvery waters rising, Mettur dam set to overflow - The Times of India",https://news.google.com/rss/articles/CBMi0AFBVV95cUxQUEZVVjZPb2VTcVdBYkhmTWJ6M2l6X0tFaTUtamo1YTlnOVBVOXpDbnRZSGMzZDZoVGJKYjhmQnJjeGxVbnZicG1tVW9UWWJuZS1xRkw5UUx5Q2ZJVXloOTJwcTAwekZtT25KUDhSOEIwbWFoNHBUakR2NnFzeElaMGN5LW1HbzFVX1pXQnhrOFNuSk11T1NVTkV0T3BwcjR4OTcyMG14WXEyLW5SekI1Q21CLXJKNFJ0emJnODJGYnF2N0pJdmZ4LVE3OEdQWVNi0gHWAUFVX3lxTE9BR0N4NVFncHlCZE1sdzVFOC1jUFFnTkZrRDF1YW9mTVB0eXNnNHFIT09KQVdFLUhTY1hmNjdoTkFXNnVLV3JOUWN4Q0tndFRLajNoMHBRa1FuZjQwbGJWajZKTE9PdFA3U2RoWmNBb0p6WE9jTkhIY3pvbE5VSU1mOFQzNmMyM1pUTDhzb0FMSWh3N3ZuSldDNFBWYzNmVllHSW5aSjhGS3NyVm5VS2VrZjFaaDVnd095QkVEV3ozeFBHS0hXSnNSazVZMFd6eTV6enZXbmc?oc=5,
6a8499af5dbd7dc252891060,73f133ca497e8da4000e28aaf3c8d8c71ba64c9c0f191f3781a849a83f995153,,2026-08-18T17:43:11.129755+00:00,no_disaster_keyword,The Times of India,local,"After Pillur & Siruvani, Sholayar dam reaches full capacity - The Times of India",https://news.google.com/rss/articles/CBMizgFBVV95cUxNaWt5V3BqNHlodm9zbmlMQjVla0tyRVVqNHdqNG1DVm9oLXpjekhjaVFRT0FRQk15dHlUdzROemxQeENTNDBSU2xCQWMxUmNYVnhlWXYxbmRCVlZfYUVIcUFRQ3BFZXVMOWFsNF9aS3g0cnNtaUFsTGthV0pUOVFSZ1pPc2tjYkdpeHY0ODZoWERXZk1kb1JQakdMekVLdE1hOTZ1bk1FSGQ4ZjRqUGlLc2lwOTVwdjNTT0oyZ1V5aDAxZ01kUnNVdUIxdlpid9IB0wFBVV95cUxQSXdzUkpEWUthVEEzYlVBUEEzN2pNZkYyNl9UZDdQcnhKNUd6TDBPZEl0dEN4R3U3TUpTOUxhbmVONVFXZTRKOW94MjhiMmViMVJmVzc5UE9rLTBmUjE0OEdMbHB0VGVfVmlaRE1uZkdwX1NYTVFQT3NWTF9sZDBHQUtqQXhSR3YtZm1Zd2V1Y0ZueWdEVUNLdjYyRlBOUG93djZHeGdfcmMzdFpvNnA2dXJ2Y2J3Qk5IeDZtMDBEaV93SW9yT2JYVHpaY0NuaWYwSERv?oc=5,
6a8499af5dbd7dc252891061,f196b35e164cf691d487d977d723fd03f9b121e9431ec8bc1ec283c23b0bd5fd,,2026-08-18T17:43:11.173132+00:00,no_disaster_keyword,The Times of India,local,"Drone seen over Jayakwadi dam again, police probe on - The Times of India",https://news.google.com/rss/articles/CBMi1wFBVV95cUxNX2NUZHo3TkducFNUZVNaQXloU1ZEZFpkendGTkxDSE5LaEJLVUtUWmpybXFyYlpBVER2UEN6LUFGVnctX3U1RW1GRzh4QWhhbjUzRXRLVy1aTlAwSGJRMDlCWjFOT29Sd0wwc1dpN3A4TjlGbjZleUxmanpqa0lzTEV6Zkg4YW1qSVVoNGlBM0phNWREaVp4Q1FxaTRnNld1OVhFbzBlTXVxUlRSVUhSaXVPVWNEUVczeWo0UXQ2SG1CLUtoQTZDc0F0WnY5emt4NEo0MmtIRdIB3AFBVV95cUxOcXJycjFfMmkwV0pfbmNlWG83aUR5bGlJV0pES3R4eVNVeXJxaVRQQmMzVnU5b21uMHdsQ0lGMjBZc1hIUGc2dy04YVlzNDJYVFlEbmp6ODE1Yi1HemRneU0yZXNldFVmR2pSZ1Y4blFkQ2lGeF84LWo1aVdVaW4yWTNHNUpDVkhpNm5FUEwtX2o5TXdvbVdSaVdBbFBaOHZabW85Mm9jY3lXdlpBOHV6bXg1NzVNUkpTOTJ2MmZESlNEeTJHbl81R0Z0ckZzV0pNYXVGTjNncWZRQzhB?oc=5,
6a8499af5dbd7dc252891062,b3f79dfd59022b85e5b459144bbdec2a14fe54801de37d6b968ea3b7f3b7e950,,2026-08-18T17:43:11.221712+00:00,no_disaster_keyword,India Today,local,6 lakh litres gush out every second from Idukki Dam as rain batters Kerala - India Today,https://news.google.com/rss/articles/CBMitAFBVV95cUxOS094enlIWmdmaEpkTDZVQ3lPak1iT0U5MW12MjRSWDB2ejgtcG1MbXRDV1BCY0pibnpWdVdBRFVIS1N2dnN6WTZqZHpZM2hxWVdFbF8wT0o1MXFMc05ValAta1lTY1puYk1GQ2VyMEUxd0NkbmYzYk1hV2dSeDJzaWlSQkNGQXJOOHZkWGRPazQ2RUdseGd1MmgxOXJ0eVlwcFF1TllGdjBEdTdTc2xoZU5rRkTSAboBQVVfeXFMTUg2bmVBY09TNDlZRlNxbElqNEpiX19Qd1d1aWhUUDRnaTVjWm9ydkNrclI4RDNVclVGSVh4OUR4ZDdkemRMeWhudnM3RlB3dGxucHJxYU1NRVVEeWlWYzg0MlFPb0VRM0VLNG1ZNHoxT0hqcDc5Ym9ZTnRHRDdGZXBXaFlzSmhYZ3FXNzRyOGpuNzNWQmdIYkwxWlBIYjBPclp3RkNEaldlTzJyaV9RNUt2LUQ5cE1iNVl3?oc=5,
6a8499af5dbd7dc252891063,900ab1888c9310ae504377b4e8eec151f922dc72cfbb85b24c66f7ae18310b62,,2026-08-18T17:43:11.260315+00:00,no_disaster_keyword,dawn.com,local,Protective dykes blown up to save Punjab cities as raging waters head southwards - dawn.com,https://news.google.com/rss/articles/CBMiSEFVX3lxTFBqcFE0T0M5VS01NVh1MUlhYVc2UmRISFE2aVpONk1HTTlGLVc5S09PNFVzZ3h4WFlCMzlJeGt4U1ZfcV9mUENlSNIBTkFVX3lxTE51emk0NzNlczQ5NHlfNlUwcjBfUVlNMV9tRDlScnFNUDQ5R3IydjR0c1F3aFNpUmQ3QjN2NWUwSzM5aThGMEJUZndTSFMzdw?oc=5,
6a8499af5dbd7dc252891064,dc1fc88be8f9f6f04e5899a97e88fc05374d96a8c055ca29328fe042ef69b675,,2026-08-18T17:43:11.313838+00:00,no_disaster_keyword,The Express Tribune,local,Indian official drains dam to retrieve fallen phone - The Express Tribune,https://news.google.com/rss/articles/CBMikgFBVV95cUxPb1NmTS10SVExcGxwU2xDLTRJUDVVR0JUdklrRVkwdnNadkhLQ3ZmSFowdDdxS0M2dVV2QWVYeHhsLVJHeVZTbm5SLXY5d2RMZnk1aWdRRWFWSk54cFRsRVp1dUVfSl9US2R1RVNuM2J3NzlsSkhLUHA1YlhFRl9fSWdPWGlHTEYxbUpRNWdBM2FSUdIBmgFBVV95cUxNYjlyTWN4Sm1RNXZNaXZhbThGMjhyNVQzdW5QajhJOTIzMnhpT1ZReWN2cGE5dHRMbzBoNTRSUkNkMGozeFdxd09ISXZnYjFvTGhhc3NRd1dUVWV5Z0JCS2dDaWZpU3dwTWdzeHU0NnhGREtWekFxdUoya2VqbENCMFdWbXF5YjBrc09OMzNORl90bFhpT21NTTF3?oc=5,
6a8499af5dbd7dc252891065,2c498abe260ff47398f1a58bc28b1b6669df90013ba9d0aa5a37e1f8df7f1a7f,,2026-08-18T17:43:11.358772+00:00,no_disaster_keyword,NDTV Profit,local,Mumbai Rains: Water Level In Seven Mumbai Lakes Nears 70%; IMD Issues Orange Alert - NDTV Profit,https://news.google.com/rss/articles/CBMivwFBVV95cUxOR1BlMVFCdFhkTlRKUEpZUDAzbW13UXVaYlRBQjdueVV0aW1FUjhGSTRkd0Joek9BN0FnWmJOMnlRemxJOUtyalJscTZwVE1QQWJTTmxkSnJLS1VDV1Q3bXB2WW1pRjFYWmFubDBib3YtLWRXc3l5anlWWG5KVjNqUjFkMUtlUDgwVHFlMUFPQ252SEl2QTJ1M0pPUTFyV0JyaklPdXVGS3otYXJvcm1GeXc5MV9EY2dLcHQ0NDVUZ9IBxwFBVV95cUxQS29YYUx3Szl6ZHItN3BDNWRHQ1FhdmRtajBwVkl6aUtzTUdIOEx0eEg0eEgxWlBVVFNsMTR0Slhvd2RTRzVncHNxbm82cVZKY0tzWFFhMGF0VkZsV054OElfcW9obnU5SndsYVZxWjFqWTdLTVI1V2l5eFpUdDRNM3c4bjlMWDcxQWp5ZDY2TlFkejFqak1NUnpGejdDLVRSX1RKZDlIZ2dvUHRTdF9pYWZkaGhFVVlTR2RiSWE3cjZka3VxejBJ?oc=5,
6a8499af5dbd7dc252891066,e8a5fdff5d839656189db986bdf801cfcbd9781962a424474517fa70fee9cefe,,2026-08-18T17:43:11.405520+00:00,no_disaster_keyword,ekantipur.com,local,Kulekhani operates around the clock after electricity supply from India is low - ekantipur.com,https://news.google.com/rss/articles/CBMizwFBVV95cUxPUFlZY21vOEpvOGNTRzlzbkljXzdyRmZrRVoyb2dUWFlZOUpyWWlYTHVQa2tic0JQRnB1STlaeDdWUGFITjBZUTBZbzRvQjdxZFF5alp3Wi03bnNFRlNkX2otUFNkd3VNTDFqSEhYUEdnanpXWWRYMktua295RmFzWVhoNTRYMnBiV1EydlJSUHNaWkVPR1FZQWZaazBqaTM2UUFtZldBd29VN0gzXzFXQmVlQm5haWZyQXFOSjZtRV9QcTN5NFdnbXRkMFppWkU?oc=5,
6a8499af5dbd7dc252891067,aed73af146ee85bbb6e833ea2736f1b5681f1b69b64ab7083cdd2795ccdd99c0,,2026-08-18T17:43:11.445119+00:00,no_disaster_keyword,Free Press Journal,local,Mumbai Rains: Vihar Lake Overflows As First City Reservoir This Monsoon; 10 Per Cent Water Cut Continues | - Free Press Journal,https://news.google.com/rss/articles/CBMi4AFBVV95cUxQWGV0Wmt3dFhQck5zb0s3aW1yaUw2VDd0NGZ6QnQzV20xSzlrWmVHZ3B2UzdmVTZnRnpZcE5sQzJXNC1xcFBvOVN0UTRpclEtaFVuakN4YkxfZ2RYWnFqd29zcF9Majg2V3RwekpwV201bU1HU2Y0QnNoQXV3cDQ3Q3NyNk1aWE9jY1NuVGJPbWRoQXFqSWNUUXBPX1JNc2l3TFBqMzJVc2xvQVRFd2FteFl5RE11cWpfYlNPU1VlWnNfLTl5VV9wbEdGTTNDWmtpTHd6NjJiblltN2R2bnh2NNIB5gFBVV95cUxPQWZUVkNpcTZJMzdnbVlIb3hMTC1nMHFSSXdjbGgwVEswOGdnMTRIQk9naVpXRDdtMWNrazUtMThOTVdyQzFiUTQtbllaNkpMVTdOaE11ZVVYUE0tMWR4c3lVOXVzS280bDhkcm05S1plUzhIYjRjZmhCSUh1UV95WWNXd2gyaHhJRmJlWjJGUjROT3J2UWNScW92TTdBQUhKelByNV9HWWxjamFfQ0RaR1I0Y09NVzFNcFc3MWctVGttazBucThzU3RrVzYzM25FTV9FZk9JRkFfcHdjRUlPWEgwYjZDdw?oc=5,
6a8499af5dbd7dc252891068,1b02af8673e2d851ea550a55f476e3d3aa5ebe4ee66425fe0fa8b1f797a5726d,,2026-08-18T17:43:11.488724+00:00,no_disaster_keyword,DNA India,local,Watch: Water released from Massanjore dam due to overflow in Birbhum - DNA India,https://news.google.com/rss/articles/CBMisgFBVV95cUxOR3I2QnBxSDZvSnY4c3pSOUdiRWNOSk1fRVVzRHdmZHB5SHJHU3RrN3J1emdSZUYtei1LLWRZajJIN0xoZDd6OHpkeHNoNmVvYTZzUzhDaEg1RUZYdHhZdFRRRDdvWkZZRmd3c2xNc1NGNEZzQzg4elVIVlA3eG1kc2NENDY3M3ROR3ZfU2Z6c2h2dHFLV2tVdWtTNjR5N29VRDFIcVhyaUpLWV9HUmhwNjN30gG3AUFVX3lxTFBiajlFaDQ5ZHB1QVUwRVlSZmdWc0U0eGRJN2VyZ0hXaG0zSmlZUFU1N1pHTEZpQm5hMlczdnNlek9LMk9yR2R0eVVVTDR3eUg0c0YzUWhReUZ5SjRUVWhHdU5JbUlYYTN2MUwzWDFoSUk3ZXl5UEZhcHpmNm9faTBrb1ItVEt0MHVkZG9FeXZTZXFCLU43Z2xCQkxhcGl2WUpqa3AzdTgtcjBicnVGd2dfWlFTTFM3RQ?oc=5,
6a8499af5dbd7dc252891069,c224d8cd803c9d17b66b67140c7753e18337a1725ae01a0dccf6dbc9de9f26c5,,2026-08-18T17:43:11.528457+00:00,no_disaster_keyword,NDTV,local,"Opinion | 79 Years On, India's Enduring Answer To Those Who Had Predicted Its Collapse - NDTV",https://news.google.com/rss/articles/CBMitgFBVV95cUxQMkJtMmlSOFptSXBsQUp0NVVZWlBSU190RVdXeUdvNl9oMHZTM210anlFVG82NU1mbmVLZ1FjOFI4ajJaZWp6Z2xTOWJObnk5d2RNT0Q3SDhTM1UwTl9nS1JtS0tPeEZqeGFJYVh3N0F2ODBGYXFleEtNRGJsSzlpS3dWTmx6VVdzQ05rRmo5WWFSNkxjTHdiLWg4ZktZVzNHTHdNcVg5am9ra2pLa1JJak1MTWc1UQ?oc=5,
6a8499af5dbd7dc25289106a,9516474a33d81cd77920c65d1ba6b745c35663f6642e1a3afa4039008f3f070d,,2026-08-18T17:43:11.608394+00:00,no_india_location_or_context,ThePrint,local,Moshi building collapse: Victim’s wife dies by suicide; brother blames in-laws - ThePrint,https://news.google.com/rss/articles/CBMirwFBVV95cUxQWDhmZ3p1RVdpdVI4Q1EzeDR5b1JVQmlfWXRzX2ptOVlJZ2M1WkZKSjhaQmI3UzlfelBWWHZLR2VZdU50ZG9WYk00OWNNbWI2d21IVFdHeVN3dzdjUmx1Nmp6QWQ4aUkza21JVVJNVWROVnZ6UGJ5RWt5dk4taHBDTnJIdjhlSk1yZ2pjQkk1elVZMHdqaExtR0lqM2xmT19lMG1qRzBOVjhkQl9ZajVN0gG0AUFVX3lxTE9kMDU3cHp2UkdIVUZqX0tTSFVCVUNQelgzZTVoMklYNTRwTFM4SzBrQmNKUndkN1dmSTJvU3k5ck5Bd01LSFFDbVNYaXBWYVh0a2tVTVdoeF9NLUpDeFYzR2lfUVVYaXNJdkFxLTJkbVZjcTNTZ0Z1Zkc0REhZRllKclhPeWtRNThPbklIZVJSSE8yMVFqREpNZE9WRVVqQ0dBYTgzSm1ObUVpUGs1OUFxak9hOQ?oc=5,
6a8499af5dbd7dc25289106b,d3fd78391e964c36507005be0275678a72ae2a2507c550d7d8c577ab1598cd0e,,2026-08-18T17:43:11.698178+00:00,no_india_location_or_context,NDTV,local,"Video: Buildings Collapse As 7.7 Earthquake Strikes Indonesia, Killing 40 - NDTV",https://news.google.com/rss/articles/CBMiwwFBVV95cUxNRFNBMV9uZ0lQYkhaWlN1d3M2VERDUk9kcU1jUzNsWGM2eWFvYy0yQjRJY1QxWUduZEFrenlOTENoR3puZkNqdVpnVEVGd0RaOWJFTHlOc1VqSGZKUGkwVDV4YUhTUFZ5WllJMXRFVUFxMUF1bW1HeWh0ZmRIaE5KUDhXdFR5ZjJWVEtjdHJUanBURkhkTUtrcU5qdGVRV185d0g0eURyenBRc09NTTN2U05JX1pyMkY2aE56c3pZTWhJSjjSAcsBQVVfeXFMUDYxVU55NnRINXFiQU9YaF93ZUdSaWNGSUg0MlZuamlfWGpFWElYYzVHX0JYQndvMTNSUll6T0FPTkdHSGgwY1NoUEdJNTRJX2gzREkxbjREdE5uQUdTVWlGaGs2blFndGp1UjhkS2ZHb1dPNzlQb3Q5OUdfb1ZGX3JIUkNmZFhOMlc1SVhmemJtT0xEUDJSbXc2Z3VFZDV2eTVNQXB4bklvcVBZU2xEc0hqUzhOX1o5NVhyVGVSc2RzbXM3Mm5YcjFiMDQ?oc=5,
6a8499af5dbd7dc25289106c,7888fcd508c56b9b2b81437f8519c689d021a0431e8f41ffcdca6a7f5aa6f16d,,2026-08-18T17:43:11.743772+00:00,no_india_location_or_context,ThePrint,local,Bhiwandi building collapse: Administrative lapse led to residents staying in ‘dangerous’ structure - ThePrint,https://news.google.com/rss/articles/CBMivgFBVV95cUxNMUFmNjc1dVg2bDFCYlZrczJpOXV0aU9YMDlBLTFDQ3N5ZDlMNGMxR2RpTGotNTk5b3ZSZTRGT2tlZU43OTQzR2d0SGZKQjNkbE8xTUptZE1yWlJRVFlWdGFkeHJxV1liTnNWN3oxMHpLZ2d0a0NMUTdZeWZrY2FFd3RiMzdRbG10c1Jib2xkMzU2d01ZaHl5WE5GaVU4cEV5QzJNbVRQRzFiaXNsZHhKZFRjYnhscjFSNjcwdnpR0gHDAUFVX3lxTE8tVExOX0doN0F1TVpkLVdVN3l1akl6NDl5RW1JT3dUeTFiZklYRGNSUXhObElNTk1ZZjVOMjJwVXNxS1F0SGVmRE1SYWp1YTAzMjQ1bDNObVpfUElPbDJJRFZoLVR0YS1DR3daY2pTbGlrWGFGQVVOSklVTVozbWUyMjF5QkVTMU80blNwTXZDbmN2aDNabFZucVdHUHJyUURDMUV0a3pzRUVmSjVMVmhxWmpRWDlxajZMQjNxQnVOMkRvdw?oc=5,
6a8499af5dbd7dc25289106d,66384007fd4decac19ca9894dfcf926a30773cfe990d40ab074140d369fbd38f,,2026-08-18T17:43:11.784477+00:00,no_disaster_keyword,The Times of India,local,"10 dead, 3 injured after 4-storey building partially collapses near Mumbai - The Times of India",https://news.google.com/rss/articles/CBMi3gFBVV95cUxQSnRvSkNqWjdDZHpXSVN3UHJ0RTFQNk9CVl9abWZLOXpxUFZWQ21FNTRoTUR6bk14MXVUcmZOZmdVYlJmZF9TcnlpLTlnRW5qSmJyVnh2bFJxVEwzNTczbnlXRUhITXAtX3NRUE1WTktOcm5YQTVrd19qT3FUVWlGRG0tdlhJZktLZWlyTDVIOWhaY2xWNVp6ejJhaUR4dUtnYnh6YzJfR0JxS0lQM3pMZUlwOE1FQnYtYTk2ZW56bE1kRXo2TllYalZONU5IN0hMeFk4ejduTXh2V1RXeWfSAeMBQVVfeXFMTmYxclpwbXhlemZRTUdjbU9jWEZOX296NzFNWThPeHBVeG1Namp4M095ZUF0eHZOSDhRaVBiTkNBZnJXQkI3dENkNDVhOUFNVFpjNFZwTldxemM5S0FId2U4TW5XN21CVUpaandaLWhESkpJWFZ4dHhBSUx3emFMUUJJTW5NNzFzcXhwbkFXMVRaNkdKZUJRVzAwbmFTLVdueVAyQklCenlyNUxrTnB1WGFnTXZDeWZLMUdmQlhqdkNLbkNZNk1idldQTThzSlg5NVJZZUR3ZEk4dlBOaG1DMm9nZWs?oc=5,
6a8499af5dbd7dc25289106e,52ecf82caaa2ab678e9165e7aac74b9cadc36f494449405228a0ad13ee9d4fef,,2026-08-18T17:43:11.828992+00:00,no_disaster_keyword,India Today,local,"11 killed in Lahore house collapse, officials say rain likely weakened structure - India Today",https://news.google.com/rss/articles/CBMigwJBVV95cUxPdUdrTTBNUEUxV0RLNDZnRFVMR0hjaDA0OFNHTUJNTmh1VTV1QTdwckdFTmN3SnBKX2ozblJmQjJ5ZV9UNVZMaVdYcGVvWEs1a2xhZEdkVUwwZllXaHEzdWQ5LWp2MkxIYTE4eC1BUDcwWEVkbXY3Q19SSWM0c1VQSGZrb2FIaGdhNWZ4al81ZHotN21TQThRVlRaOU9vQl9IUHdhWlFkSElacnVHSmM3NlJWSjJ2bVhuMEFaZkoxd0EzZXIzakUtRXZROWZtVDByRDM3eVFTUEJEcHVEMDExUEFXUUltbFJTNUlLWXlHd2N6RC1sajRveTVhX2Y2MHNkdWtr0gGIAkFVX3lxTFBMUjNHQ3BEdUlvaE5qNmkwbXNOcFRvSDcwOGYzbktGbGV5SUUzMS1qZF93bGtzWnVkU2w2TlZ1NXIyaWFaVHIwQnR5QlQzUkF1YndDb0VYNUlpdTRadlctbTFobkh1QTlCVDJ4QjNXMUdyVE5ySjlXdUNWUU1xelNMbUxOVGNQc0lQU0JUckNlajZYUW9RTjVMMm5YNEdyQ2NZdEhwcU55a25Nc1FOTldPM0tWR0poVGVlZXp6Z2thekNqLU9DZFhMLUJVSlJsUXNlWVhfWmh4cUpqVnliOHduR1VkMGNIWUl2WmJfd0ZiMElPMUliVW5mVjZCSURMM2RUQm1TbkVQXw?oc=5,
6a8499af5dbd7dc25289106f,5aa7aa76a142a806217d6ecb0dfa2f6f60ee536bb321d76cfc060c2508750a2a,,2026-08-18T17:43:11.875455+00:00,no_india_location_or_context,The Hindu,local,One killed in Rohini building collapse; more feared trapped - The Hindu,https://news.google.com/rss/articles/CBMivgFBVV95cUxQMFFjcFNGcm1jQUpQcTJtN0lMNzhTM2NSMkttbFVpenFtMURlS1QwMXZPSGJBcHBhUEtQbkVCOGhfUEdneDJRNmo2a21SeVVrcW9wcERRV3hGYWJJZjRjVFB4bnhydHBFUjNuaW9FVHR2NXlDbEN5d0Q4VkhTcnNBdy1naVVuRlgxeERUTjE5TU0waE1idGIzYVBmTFY5MzQ0LUlRUkEwa2M1c1UybHRqdUtPRlU0d2U0TDZ0SkxB0gHEAUFVX3lxTE5IdXU3c0VheDN4UVpaMGloRDN0dWJybHVrbHVjN1pIZXVrUUhfNlNVZHpFTlp3WmVQRGE3cWdVYTkyOEJYWUVmeER5NmNMczA1SUh4aG1JelhadDlwLTVJeWFzc29LcGFUWnhLckZUREZ1ZWN3M0ljVEJWT2RUbVNoMTljbHZSSlZNWnE3VjlURlc4UENHak0tVXVVS0x1Ym0tRjI2cUZLZ0dBSTdVd2lpUi1zZTFIX18tZ0dXbGZ5WnZjOTU?oc=5,
6a8499af5dbd7dc252891070,171ef12c15816260f3aecf813348f15359b1fabc21270400a8553998947c9b85,,2026-08-18T17:43:11.953237+00:00,no_disaster_keyword,NDTV,local,10 Trapped As Collapsing Garbage Mound Takes Building Down With It Near Pune - NDTV,https://news.google.com/rss/articles/CBMitAFBVV95cUxPang2X1lxWnRiODZxMFV5c0tlaGN6MlZQU2pha2VqOW83N2I0Sy1pa0R6b0FZN2hqVnNYd2N4VzRreDdGQWZLZ2FUYWdnMkU0d2ZNSzRYN0RPSjd4X2VMd2dKY2tCdzJRYlgxWTRySy0taVhtc1ZXUGhNcUhJVDBuSml6Y29jY2dPUjlaTnd4dVBZT3hhclNsX0RQX3VtMS1jcEtwSW9VRUJvTlA3Q0V0SkdVR07SAbwBQVVfeXFMT194Nl9nTmlVd0tNMnVvNld6YUthUmhRdWdOb2NtSmJac2RvVG40ZVNoR1pSOWhPNkp3a1RMSVBhU0FHanBUVDRJbTJXUFBLNkQ1dDdJR2wwM05PWmZCb0xfUHRNbVE4OGE1U0NGVEd4VGtPcUVaS0hZWWFSUkpLbEJvVnBPVktfVFBCbHdSZWIyRzRVNFhySng3VUItNDBUM0xvZEozZkFDLXB0OG1LWl82NFFYYjFKM3ZKYXg?oc=5,
6a8499af5dbd7dc252891071,35730e75c7064683f351eaed223c00b4d6b0b6534a036095ba519cb77a0a6f78,,2026-08-18T17:43:12.046266+00:00,no_disaster_keyword,Telegraph India,local,"Kolkata: Under-construction warehouse collapses in Taratala; four dead, 16 injured - Telegraph India",https://news.google.com/rss/articles/CBMi8AFBVV95cUxPMHprc3NSWGVDc1dyU011TGxoOWF6Y1BsczZoaEJuaEt1SnBvZGJRQlROR1dyWG8zZ0QwVzNkeWZxN2p1cDh3V0pDamU1QVlmNkJSRFBScTRCZ0VFQWR5MHhRakk0ZEZWWTkyUTVfWnVsZDB4N0FwVnlob1d5VlJSSEpOczJGWVd1cVZZM2lnaU1oOFRNWlZTMGU4NW5DalVLcUdCR19pN19GakF3TndVeFAtcFRidEZVMmlwZV9zQjlqTVhMaXVNalZVTlFVVy1Vb1NhZ3hXYjFqNVJRU2gyN280NWhkb24xQUdvZV9saFrSAfYBQVVfeXFMTkdOc1pMUDVYMy1FSnZDSHRnMDE2cGJlbTJ1LUk0NW0xV3cycGx2cmF6a29qdmxxbktuV1BLSklLaDdTbW5UUlctMFIyaThCcXlOdUdqZldISGpIQmNhb1M0UjFGczh1WjNtRURYaUJPRmVaZkZIYk5ueXo5SF9DcWVQRjFCQW1nTXk3aGhxc0RILWpGM01pc2QwOGRSX2NhNDZEQ0NnbTVOc011ZUw0cWJ5V1Z2Vm95OTg4elBDTVVIVEpKN3kwWU1NRTdYbzJUZmx4OWZpaGZ0VFVWVldBeEhTOEtLdzZ6NUtwTVRXN0RnSlhOaE1R?oc=5,
6a8499af5dbd7dc252891072,b8d1d6e77ac91ea0df297a62bfe45dc7ae7ebbd5dcbf65a1d848fdceb4f92c28,,2026-08-18T17:43:12.100993+00:00,no_disaster_keyword,The Times of India,local,"20-hour rescue operation ends in agony: 3 engineers, 2 doctors among 6 dead in Delhi's Saket building cra - The Times of India",https://news.google.com/rss/articles/CBMi3AFBVV95cUxNeGtKeEZtTnhzaGd3Y0haMkQ3RHhZRDJJSGhSU0p1c19kWk9PUDlLMTFiRWtwcXVUZEx6b3laSW0wRHJFYkxzU1FEWjhucUJUa3htcXdHdGtkVjNuWVNGOXRnaWh3MmRzWk02aWUtLWh1Vy0yWGJlOGFUYm94eFlJakl3bnloMHRzVE1WR1BTdXVnakZGbW5KUEhoZ28wRU1tWVBRd18wMjgwb0xBRlRVWHBJWlN6M1IybDBvblZ6cUNWckhMdlQ3OWg3SmIydy1RTVNZUHUxVEJhV3VN0gHiAUFVX3lxTE9NZzZmbzRvRFVyYUhkc1VrVHpqbS1vLWExWHk1UUlUdERub0tfd3RiRU5nY0ltUlpmZXYzUnNKN19UVHVWWXBZb0R2SlpRamc5ZWxpWUJZTEtwMUVpdmxtYm10MmpQdFZ1N1Q1N2F1eTJ3aEJCVmVyUEt0OUdZS2VJNzFJSnhvRFF6OEtXWlNpckc0eGFzajlCdzdkT0c1TW43VGdSeGVSc3VSeS1nZUZaRFYxbHlDeDJBdmxGMXdvazRSSktXYUgxSXZRaV9MaWRRWjZBdjhmWndSQnVXSnFJSlE?oc=5,
6a8499b05dbd7dc252891073,59e0faa168f7dfaa0463647220a84c6e3d5ceeff377178b685c9ca72118331ee,,2026-08-18T17:43:12.170563+00:00,no_india_location_or_context,business-standard.com,local,"Bhiwandi building collapse: Death toll rises to 9, rescue op continues - business-standard.com",https://news.google.com/rss/articles/CBMi0gFBVV95cUxQVWkzclJLWjZPYmE5S1U3SjFjNWZicjZYNkVodTBRbmw5elZmYlNoNGI3a2lYRmg5Wkp0Z2hrV091MzU4VHE2TGduMXAtb191dGptcGlvdGJKaDBtekg1OUw4d013OTJmMEVEb3hiUUFDc1VKOVFfaS13MFk5dVBSeUp2elNvRTFGcXAwRHNQaUM0dU5ETzQwdFlZbmVzVHc5MTJmT091RWZwZW1MRHVRellVMUF3YVFtUTRUZWtBbmFadVN5cG8tQkloVjRkNk1WRnfSAdcBQVVfeXFMTVJreXlKZkRxNUhNOWl4dGdxVGF1Vm5LakZSMHNMMVdrTldZRnNrenVtd09hdzVDU0xjNXJGZnNJdTNsNHVmZnl4ZFlRSkQ5cjZEME5XV0lPajJYUkE5bHVoTjk2bHBBVThNd3l2cDY3enlKR2pjdDRzZTB1N2RpYl9oRGJ6bzJYa3JKVnRWamlGTzhNSW5yUVZXOXZWZ1ZmOElQaDhTZ0xieWNoT01Vd2Ftb2R6endaVTVidEhHd2haVkllUnEzSl9KeGgyUkhlLVhxRVE5UjA?oc=5,
6a8499b05dbd7dc252891074,8307518950ca21330aba968562ea46c389725c9384d9f17ee7e2a47509b997e5,,2026-08-18T17:43:12.235548+00:00,no_disaster_keyword,ThePrint,local,"Saket collapse leaves detritus of pain & broken dreams. Couldn’t recognise bodies, say survivors - ThePrint",https://news.google.com/rss/articles/CBMixAFBVV95cUxPYnh6bTFfM3p6OE9qakxQOFZCWlFQNS1rQ0QwTnkzSHRRWEFWYnZxWWtlUHRONWhwcnRDRFA0UEdXd0x0b1ZEVkMzTWtQWjBRUk94QVVHTk9RQ2ZXTGhrSW41RVZGMVF6WnlMbXdBMHNIei0xV0twbEFRZTRfdUNDRUhJR2ZsRjhuZUc4cm9udlJfc0pGNEUzdHQ2ak5sWDVDWnJVTFE1SzJ6Rkx2cDBPOTBnMk1ZMFN3d3JIN1diZkg4cUVZ0gHKAUFVX3lxTFBzekE5Wm5fa3cxTTZXaG5PYUhSX1ZIOE00d2c0ZXhEQ2VJN1pRTWR5UjhQTVJkaVdmb0w2a2hPMnRHQ0hlMl9oYWJPYnoySUxlaGxBUDY3R0ZOLVl1OE9nbHlycWFXZ2JhN01RMzV0NDJmLUNnc2RJSXNQZ3RXc3VHQW83Y3YxcHNmT1dqY1dNampmTzhTLWNlVklNNlFiWlRkV0dUUVgxZjgzWjN5RmpDME1CU2Vab3BXSzhUUTU4R3VDQWRjNWZ4N0E?oc=5,
6a8499b05dbd7dc252891075,39c29d23a2f1dabc858cdd955fd14f79d1a6ebe59807adc0dcdf5164f38f2dd7,,2026-08-18T17:43:12.278082+00:00,no_india_location_or_context,openthemagazine.com,local,"Rohini Building Collapse: Death Toll Rises to 3, One Injured - openthemagazine.com",https://news.google.com/rss/articles/CBMilwFBVV95cUxOV0VDSEwtc3NFOGhReTFlVTRhOG1fSWpUVVJLU0lacFFKLUpWMXBzcnlfSkl0NUlpQk5fRWVVUV9XWFhYME45clhxSHkxbTRfb1A3alIxVHAwNUJacUQtcnJqUXpaUmp5M1Rhd2sxRHFvUUdHOVpTcjFTTE5kYlFPYmo2dmVQZkJFSlF5bC04WFAyNHp3RXFB?oc=5,
6a8499b05dbd7dc252891076,b437b4a4a3bede6d4936b6bd1e4b26d6851b35d48626baeba4c2b616f348f56c,,2026-08-18T17:43:12.325418+00:00,no_india_location_or_context,ThePrint,local,Bhiwandi building collapse death toll rises to nine; two to three still trapped under rubble - ThePrint,https://news.google.com/rss/articles/CBMixAFBVV95cUxQSFZXUFN5eC1GNmVNWG9FT1J6QlYxVUVrVFZGcDZsR2Fjck9Fd0JZd3hicDNfMXZiX3dhNVQtS2h2MXNBclhTcFJyc28yMTQ4NEFpZnpmdzJBQ3FUSm0yMjFwczZubXVKN2ZIVzB6RWIyZDdRcTdrODZ0MGpNdDZLUGRYVkNmLXhYSnRoVWVvaHJIM0JwVHBnQldrSlhKbzhWWnNEVmR4TWMzLWg2ajY5X3F4d3lxVjNFR1lTa1J4alBQa1Ba0gHKAUFVX3lxTE9PSGxwMzhRbnpxUmM4a3VhQXFiSUw2THJSdnRTbk5tMG92UDBGSnp2a1hMUFZWdVpvMkxsdnVYVGtLUVNhRVl0M1gwNGFwRWJqMHNZWFQ3OXdRcEdnM0dzaGNSdDU5MFUxYlNnV0pZSThPMFdBRHdCSmdqQk5jU1hyaEhUakR0SkhZSV9qWU02S19IWmJSd204V0x3QmZQdFFtU084bV9IRGxCc1dvNWpwdDFYaUQ3cE5ScVg4OXYtenNyeG1sbUlVTWc?oc=5,
6a8499b05dbd7dc252891077,486f9c95be03f4417dc68476677c112ac8e7a307f7e7c335fa3aaadc6ec311dd,,2026-08-18T17:43:12.367268+00:00,no_india_location_or_context,cnbctv18.com,local,What happened in the Bhiwandi building collapse? Repairs without civic permission and more - cnbctv18.com,https://news.google.com/rss/articles/CBMizgFBVV95cUxNT1hJRnlTakxuenhxWHNxMmgtRlgxbjlqMjVONG81UmRxbGd2SjNJd2VGYTNWT0RVcXF6ME5RUGFSZ0tMaGhXWUZ1VGdTejdTQm9nV2I2MFBSREtSeWZ1SzJiek44LXZjbEtwMWZEQ2t6ZEJSMlJiWWdxSEd3ZnJtcXZwSFkzVm9NOGtCRXBJbUtFSVZSYjhuN1NseGtmZ1BscTdYUVF0dktxTXZrdEo1MjFwNUlIZ1FnN3ExLWtHR05GaHVOVHNTM21ZbzQ5d9IB0wFBVV95cUxONHQybTRlNE52dHpHVTJQT09YNU1qeWpEWlBNakQyaUp1OVZQN3BfOGFVZExvdnN3cmlxT1FheTlBTDVzTUhfQ1FVRU9id2M2VldTQmtUYngyM3VsTF9uM3JaVmt2YmFxb2xRQXNWNGQ5WmV5RTYwakY1c1FURm1DYXpKSXRnMC13UmV2ZUpTYlc4RVRvRG5sNG9ScHI1eFVlaTFiRHQzdjBPSnRzMnVvQ2ZzUDUzOE9NcWoxSWJwdTZGaGE2SU9CN3ZsZG4tX2k2a2FZ?oc=5,
6a8499b05dbd7dc252891078,3ef1e3ea0183fb03ed96eee3969bdadf5b54de02750f38e6de8b71ac12aa8946,,2026-08-18T17:43:12.447325+00:00,no_india_location_or_context,Mid-Day,local,"Bhiwandi building collapse: Misclassification delayed eviction, leading to 10 deaths - Mid-Day",https://news.google.com/rss/articles/CBMi6AFBVV95cUxPVGM0NzBlTGhmY2xWaUc5dTljbVZjTnRzcFZNZHB1dTVCZ1NMMWtfejVvd1FhOU9DeGVwQ0l5QXhFaU9VMDM5UnlFUTBiMTJjMjZ0V2UtdmY1QWdiTlFkemRnd0pVV2xuZVNGeTJiNzFJT1FEbk90X3J0d2Y3cXltZHlCcFlFa3VkZVotb01BVDN5TnhLTVpFNzFfZ09KOXloOXZxaHBXUWFEeHpNazRlOG1RYUFEelhweEFrUTFEYVNPcHh5Mjl6T0tWbnlNZzZCeU91ckk5YWdVT1ZQb0t2WHVEOHpReVNo0gHuAUFVX3lxTE1iRFY3YzZZdF9VSVM2eWtWRDJBbjFDZ2ZCSUdxd0RRMmZEOGgxblRFOWprR0pGcEpGZkIxWk1Uc3NPNHlDeHBhenN5ZU9YS3V6T0VGbng0YTlMUUdYVWw5ak9WQlZZaHFJVUNJS05zZzlDSnhjYkdPMUY2UFV0c0dFS2JQVWRxN0c2SkZhdm5ZLWhJZ2dzaGsycnpvR29wQVFXWW1uSTN0RHk1Tk5sTEsyZ0ZURHpXdkVSaE5OYmJhQ0IydFh3VC03cldxN1ItS3ZJVUZVT2VFblZfMXBsRVVRelZkN09pWHdPdlV4akE?oc=5,
6a8499b05dbd7dc252891079,023f3a11ef50076a27fbfbe9925012a0753b858465e218bc21dccbaacdfc90bd,,2026-08-18T17:43:12.525161+00:00,no_india_location_or_context,businesstoday.in,local,"Bhiwandi 4-storey building collapse: Death toll rises to 9, CM Fadnavis directs immediate FIR against those responsible - businesstoday.in",https://news.google.com/rss/articles/CBMihwJBVV95cUxQS3RmQXBkYm9tdG1CYmZmdUxtS3ZpdmFBM0hjMEY1amk1WmNfdjhRSklWMFJqcVZ3dURYcFJ3TUxiaXNMVzhqRGQ4LW9CSlAydTRQUjFheGEycEFadHAzU0FXVVB4Sk5Yb0NsTEtMa1gwS3ZwWm9ySTk5TXpnV0VFWW5ZV1Q0VVNQZHFtOWlWNVpMaUtqd2xOR3NLSXE3X0MzOFh1YlU0YXZVakM5dXR2dGdON3I1bmUwNDlfUWdPRlFubTc2VnA1NE1fcXVweFNQeTdsd2diOVFXclFMa2kybXhJYUo2Rll0Vzdrb3hZM2xEdXNGa3dnT1ZMNW1panMzS1ZwdHpsNNIBjAJBVV95cUxNTVREb281OThfZTNYUXhpc0N0WFVSclRIUmppOWlEN1pUWDdEWklGRmVJa1BSUmtkZ1AtUEFnMkxObEFSajRRRTA5cHBuMW5RQTlIOUdyRU85MGZPTllDZ09aSkNBb3I2NndURDI5dnJtSTZGb1NYUHFRcVlDVlJxYV9yTjk1enlIU0dvV29GZTVvMHVkczUwXzFyRGlxc1RUSGc3X0o0OWRUZDVpc1FHLVN0YjBGVlFURHI3UXRUdi14b08xd2d4blU2by1JS2tsSklGeEJnaFMya1E3X0pJZGI0SmdQT3JTc0pRSlVPNzZJcXBBUzR6MVQ1blQ5cUw2VGhZa1J2TDdMWmxa?oc=5,
6a8499b05dbd7dc25289107a,41510e94e3123ea46b7372bf6549c06e4d19ee6ff28e516272f9fa89134e8583,,2026-08-18T17:43:12.585146+00:00,no_india_location_or_context,Awaz The Voice,local,PM announces ex gratia after Bhiwandi building collapse - Awaz The Voice,https://news.google.com/rss/articles/CBMiqAFBVV95cUxQbS1UWHRoXzl4MWFtZllyNHI1QTZUNWhrQjRZWUNYY0JvMjZrNnd4VjFsd1FBQVY0OG5zNUhFcGp4YXdMV1BqV216dHMyeV90Y3l5cG5FWjBWWEpxZDRwNGVlUnVOTVB6U2JBb3liOW1yR2dEeDFCeFZhN1hFTmtwSWt4dzBiTHJ1ZFBQMUVBazk2Qzl1bEtOaHFTcnNKenZ6bXUzOUg5bmE?oc=5,
6a8499b05dbd7dc25289107b,e16b0c95773c606278c6dd5dd2c02cc4f07d9931739dad37ed82471d6ef65195,,2026-08-18T17:43:12.652463+00:00,no_disaster_keyword,Deccan Herald,local,"Buildings collapse: 1 dead in Delhi, several feared trapped in Pune - Deccan Herald",https://news.google.com/rss/articles/CBMitAFBVV95cUxOV0JwYjR6WmxkZ2NMOFlmMHhGdlBjZjNIZmp0d0d1QXMtVEhqbnEtVHpIU2k1NmdkMm5pNk5pYTdoN1NjUHNzZVlTNXNqbzRzTzFIb29lcjc4VGdmT29PajVVTm14bmFKQm14eEcxTlNiMUdEakRpNV9QbXlZa3BMOF9xWDgyQWVCTmpkejdkR2RVR3Nlazd1VEtlV1ZLRExVY1ZWMjNRZV80MHFfdWxnRGw5QUg?oc=5,
6a8499b05dbd7dc25289107c,569ccfebacacc3ed73bd9c067ba7c27d38776e9c99e78d8e2c6df416a6e7fca9,,2026-08-18T17:43:12.717168+00:00,no_disaster_keyword,India Today,local,UP minister stokes row with population remark after 5 killed in house collapse - India Today,https://news.google.com/rss/articles/CBMi4gFBVV95cUxQaTVBWGFncFN0Q0ZFTElrb3FWQ3hQMTdiTVRnakJLazNCRno5Nk5CcXlOY2Nfa1h2Z2RXbUFCT3FOekV4MHY2Y0J3VjVab3hlSHVJeGExa0pzdnZMVG9aWExtdC02eEJicmZIdTlIdFBuWWpRSVVfemVtbTVsNWpGY0U2c2dNWHEzcFhMRm9tN2Y2bU9WbDFjQWVWa09CaDlpYkgxbXo0bUVOZHRKc1hCU3RaM2h3U1Jja1F3VVkyeG5FWnBBVGxYNTBCa1NmOEFld3EyZHVmd05FU3F3TU5EanF30gHnAUFVX3lxTE5rMld6V2tCUVl4aHk1cUIwM0Rycl9XMnFLZ096eFBtQTNfd3htYjlHeVlleFhCeFlKTmY2aUNWY1NTb0V0T0doRDlBZDBKMW5OZnBNcHZvV0FSZEpDa29Yc0l2SnVDOFVhVS1md1Y0ZGFOZHdRdS1DVk1nRlQ1V0FVcEw0bG1MSW15c29NSXAtSlVpem5lVnN2cEh0X3RLdTBqMUcydGlsM2Y2TnExT0ZkblhnNjJuU3BnS3lMTUs1V0ZFZ0I3WHUtVnM4MmVvWWI1RGMtbkZaX3Etc19LTlFCUmpUM2lvYw?oc=5,
6a8499b05dbd7dc25289107d,55caf2985a0ff789f0667f560706196cbeebc848677cd95f550065d29da6d470,,2026-08-18T17:43:12.766382+00:00,no_india_location_or_context,The Hindu,local,Supreme Court declines urgent hearing on report over Saidulajab building collapse - The Hindu,https://news.google.com/rss/articles/CBMi1wFBVV95cUxOeHRPdzhZcURSVXc5Nko1U2ZxWUNUNmpWZDVLWU1aV09YSzhVQ1hQVmtBZFlWcV9vZXZjY1JfTmU4dWdOOGJLdERyNlZTblYybWVPNnljSThYb3YtRHM0VEN6Z3VCaDM4Z1ZXbWhyUGVMcTd3d3NINDdDTlVuaGFMazJUYnUtMzlFWEFwb1pFMmJJcTd1bW95NklOTkp6UVlFUElMVFg2S2Q2eU5MOXFaSnd3b29CcWhNWWNzUlN3cnpvQml6ZzE0bG9JSEdOeVJUbWxEV0lnVdIB3gFBVV95cUxNdS1LZVlJQU1oazgyNkxUZ0M2QVpzN0RRbG0tN0c1WjBiZkJpVm1sSGlQeEZWaDRYY1VUWDVsTmN6TkotZlBxZFo5UEV3eGFrdFhna25CSmlxWi03ZEU0bGlFWmVFQi1KeHNmMm0zQ0JDVkpSeDVmUnpIOWhjLVA3dDJocXBjNUkweHRCQlR5elVkdDItZmxPQVZkQlY1dnRldHVZLXV6clFFMXhxeTc2VEpvRHY5U3Nvb3h3cE02UXAtOTlvQ1Z4YkxEV1Zsb3BfS3FXMTNfamNib3cyWVE?oc=5,
6a8499b05dbd7dc25289107e,570ad1fd10ca35efdf5207182052b08efd54a8fda92b7d22b06cf90c24974362,,2026-08-18T17:43:12.964110+00:00,no_disaster_keyword,The Hindu,local,"Indian UN Mission building evacuated as nearby NYC high-rise buckles, faces risk of collapse - The Hindu",https://news.google.com/rss/articles/CBMi6wFBVV95cUxOOHRIektvVW9MaUhHeE9pbEEzVjJPTWVoa0ozTUVaR19BbVp0WS1IWng1OUE3emRvYkxLRGdNTzRFcDFORllxeEhLbzlhYzdKSGZNYlV6MTJMZTFEaTRLYVV0YlZDbTlrMDh2YTZVOTdYck91b2trTG9MdVg5QXNlZTkzTm4yRi1OMlJZQmRoU29yTnNxaW03bmpyRDdxLUkzRW1NZDh1VmNwZi1GV1BtbjNVTW5fZS1qaGg1bTNRWTRSYkw1TkxMQ09LV2xTZFFKbFBaVWx3YkRwWDIwMVJpTHRUTjhOOGZORjhn0gHyAUFVX3lxTE5lRE9ST1oxZk00bkZ3MC1kck5XUzJEbk5BS2N5MEVNdmdnaTBfVVpRTnFJWHRBcVZxWVVkSTZLSkYxN2tZY2pxSE4zb2Z0OUktVkVsQ2ViSmMyRmFaUENVRC01S0hfRElhZmYtWTZWS1RKaU5xd0tJVUM4SEc2LW9XV2Z3OGt0ZEtzSl9pd0NycVFWSEJQcGNIM1FMcTFiR0M3SFN4aTZ3Y1NSdjdjYmRqMUVxTFJrZHh2eDZ4WTV2cEN4NGhxaHJsWm9VZ0NVZVBFY2V3N0JzQWN6NXRhYlhNaGZNenA1WGVnNHVoa0JhNnhB?oc=5,
6a8499b05dbd7dc25289107f,64405ebbd4cc2b7bc30b658b7400825869ff10387de4de3a06b66a2e1b8f95b1,,2026-08-18T17:43:13.099085+00:00,no_disaster_keyword,Outlook India,local,"Warehouse, Kingdom of Dreams Hit by Separate Fires in Gurugram; No Casualties - Outlook India",https://news.google.com/rss/articles/CBMitgFBVV95cUxQOWlFb2JCUlk0T3hjajFlLWR1djdfTml1Mk5EeEhFcVRwNUZhd29TM05HNjJ5M3ZXM3BCajhONUJnT3g4UlV4bWhUbWo2UUlPTVJVYXpPUlNaNmhDeUZJTW0wNUxIejJIdnJLR0RKYmJfRElaRmU3THpUNDhWSTBSMGY5b3ZXYUhUbFdLUFFaUWptNzVxbG1fRzJsaTdrLUhBZ2tqcVFxbm5yU2RMVmRFdlh1YUh4UdIBwwFBVV95cUxNWUNsRF8wUDhHQ1NrZ0tlQm92c0gwM3IwRERPYndzWm9DTDBCRGZZQkRQMnB2SlNVMUthYzdtYzRhVHRvZk0yOEh1WW42V3BnazhIdmUwS2QtRk5ic0N5Mzg1REtLZk45dUkwcUtORlI4YzYyLXdkbEVfUHhnbXdYakU0SHk4QXNxY0tNeWg4SXNhNEpORnN2QjZWUE9aOE5RMzN0NFV2S1hmeHhYUkdVR096ekFIVFY1c1Nab2xjMzg1RDQ?oc=5,
6a8499b15dbd7dc252891080,787a4461e0bf2cb5c97fcba634a271d925ab5e27e8bb6b9757214ed8ab543f0b,,2026-08-18T17:43:13.154136+00:00,no_india_location_or_context,The Sun,local,8 dead & 15 injured after huge blast at firecracker factory sparked fatal blaze - The Sun,https://news.google.com/rss/articles/CBMijgFBVV95cUxQLTlVS3hrZGJFTVdBblpzNDlHM05sc0d0LU8xMWNBNG1CWERzTTE3UDQxUEJVa3pyaHk4dDFzMW5tZFpjMzRUZXlJOHMwV3hXNWUzMUdlZjdjZGczMVhJNHRHMmNza3FYWmRWNnRxemI0UU0xd1daU2RaWnREb3ZYRnNLdVA2djhGUGRsQVp3?oc=5,
6a8499b15dbd7dc252891081,39c46456889c581cc4c64392e361caf0056bd220339f4ccd0ba1899c8692d289,,2026-08-18T17:43:13.216495+00:00,no_india_location_or_context,Deccan Herald,local,Fire breaks out in perfume manufacturing factory in Mangaluru - Deccan Herald,https://news.google.com/rss/articles/CBMiwgFBVV95cUxQdnRvWnBUTVVic3J1TTVBRkQzRmtTb2lrMjFPREtjYWRaYmtERnlDRnpnbm5JeEZEQmduWlRma1NzbGMtbVkxanUtXzhrRTZGRHRPaTF4blFmdnIwbE9SX1RPSDRzQkM1SW5kWXNrN01KT1VNNWVfY3lUTDRfMWRIVTYyZ2U1RlotenFISnZFNmVRd01yeDR3Q2Jjd1cydm0tZkVteEU1NTcybU5Ba2lha3oyaHZoN0tHZ3FUNEVTTE9Ydw?oc=5,
6a8499b15dbd7dc252891082,4e0beb18a5293f4bdc5be16077aab4e3e08125f3db3477ae49f29c698e1f191c,,2026-08-18T17:43:13.263058+00:00,no_disaster_keyword,Al Jazeera,local,"Fire in India capital New Delhi kills at least 27, dozens injured - Al Jazeera",https://news.google.com/rss/articles/CBMiqAFBVV95cUxPM05oQ0dHUnd0OXppX3A2dG5TelZmbHBqRUpsLXpaX0JQZElWWVZaQ0M5dWswUXdLa0dpZDIzY01FcE56R3FnSXRRY296NjU1emNRaDNUNXRRNUtrQ3hsY0h5QXZWbWJwS0Q5N2VBLTNLSThCX1lTbkJGQkZmMUxWS0Y0SFktSFJFOWVjTW1zX2tnaXJDTkNzUXpHLW4tWWJoWlhuV0FwRU7SAa4BQVVfeXFMUDM5NzJNOGNvN011a1pkR0pJZHhsaThmZXJ6R094a1lDTi0yTTZaSkF3NEp2UEt4TkM0dmtUTlpKb01UQ3VjOWJLUUU2LW8zWVBDQlh4emVKNWJFN1hSZlJUZVNQemE2WFFBZU1kN1ZQRmJzNUJuZGM1aHFPNThMYkpmckVkczRaaHEzWDFDemNkLUcyeE1ZdFByWnlSeVIyVHE4dE5zX1BTc0N3R19n?oc=5,
6a8499b15dbd7dc252891083,3d967b8d5401f5ab13c4699cee292fd4ff1b812e3b4032d8720b259411044731,,2026-08-18T17:43:13.314891+00:00,no_india_location_or_context,LatestLY,local,"Hyundai Factory Fire: Massive Blaze Breaks Out at Sriperumbudur Manufacturing Plant, Firefighting Efforts - LatestLY",https://news.google.com/rss/articles/CBMijwJBVV95cUxPMUYzbkhHYU1tSTMteDF4MklHVlFfVjQ5cGJBUDJaUVB4SVRqU0NrRUt6N09nU21VQXYzQzdJWU40dVc2ODl1NDItVFJPTTAxRnNzcjU1SEk4S3hVWmFTQ28yZzlnd1VzMDNVNXJmaEJmaFZnbV9jU1JDUVp1R21YQTdlaTNpUGlYdHJWemJnMmlnOFNBQjlTOW1nTnpFbE1obXlKSUhNeU1RcHFLbVhZOE02cmh2TllQd01RdXB2NHB1YVNHZkdtUmJ2V2FRdWlDTWh1MXZzTkJRRE5OYTExQUhTeVlBdW5Ycm1JR2xKdnJyMDJVLXduQThaQVA4ejFTWF9YZWk2Z1RkVjl5NTV30gGUAkFVX3lxTE1uQnVvSUtGY05pb3liczdadXNucWVYSTB4Y3R0bTMybWE1cWxMQ1lsbG9kRGRwZXU5M2FHS3p6X0p5YlRqSXI0M0RyV25BOENtUWhVNHBpelctRkRJYkRMbUVMNU1ha01lMS1BUWJMMVc5aElqZ1o5VTdlOWNwaXVzeG1OVEJvOFVMSVdVckZFT3JvTjJLcEVRMEd1U1IxdDJGM3V0c1pyQ1o5dDlCdUtvemhrbEFxbnRURFViSXpvQk9FaFhhcDQtR2xBTVRwdzVoU3NpTDJKVGxMVlFGVFBEV01ZTlJGNzc0TjYyc21uLTJDV2pXTmxwMTgtY3NfODNXTHotejJnVUZVaTBHNFB0U093cA?oc=5,
6a8499b15dbd7dc252891084,ab87f04ac1ab42649c4b26aef0e0e2da68245137d6fa56cd38fb73af41a75d4b,,2026-08-18T17:43:13.365338+00:00,no_india_location_or_context,Free Press Journal,local,Jalgaon Chemical Factory Fire: All 12 Workers Safely Evacuated As Firefighters Battle Blaze At Aryavart - Free Press Journal,https://news.google.com/rss/articles/CBMi6wFBVV95cUxQcXhhUXZYNDhta1NkNlJRQjJua0xyRnRhWGxyQm03VDFGQnNsRVRDeE9vN3RTNHFaR1ZLVkFFcWhDaEhmNzg2d1YtYXhPc3FIYmVLSnVwT0htaDR6Wjd4SE10b0NGYXo4S1Y4dU9hUHdtblRMa0dzQ0d6RzM3aUJ1UkppYzRxek8tRzNNZ0hOM3dYX2VNOHZIVzRiZkprTFotcnYzUDhHa09pbVk5UDdjZHh6U0l2enlfRlJ4Ny1neGlmUF9PNUNnZm9wNG1iT1JleFZTRkNCdHhhbl96OUs2MHQ1WkI1Snhsdklr0gHwAUFVX3lxTE5pSm5IS1pmN2dmNExZdU1GeU5yNmVraEpNc3N4Rm45eWJTZXE3TnYtNlVuSkdicndKdld5ZnY0VVo5YjFsME1yRHVlSk9QTlNGNDZnY200eGlLTXByUGxBa3Y2Mk5uWmx3WlF4QjZFQjc2VVhsMl9KdHpkU0ttNkFTXzhSWXAtR1E1LS05Z2VLaElXZzFxTk5WU3NKakJoTXJoX1RZbGFtVkZiNXFxazhaVkY1emlqX2Q1QUQ5RWNKLWgxT0V6d1RXV2kwb0I3M3k2bGZwR0VrTmt0cW05TU54YVFOdEVoTmxNb1d5bXd1TA?oc=5,
6a8499b15dbd7dc252891085,fe0b0c07a97ece22f800c70a84feac3b56e7bd62e7b3c22a2101d61bd334adf4,,2026-08-18T17:43:13.441193+00:00,no_india_location_or_context,LatestLY,local,"Dombivli Fire: Blaze Erupts Due to Boiler Explosion in a Factory in MIDC Area, Fire Tenders Rushed to Spot - LatestLY",https://news.google.com/rss/articles/CBMi9AFBVV95cUxOWkFyTjYzYjZvZlRkRVkwZFpBYW02NU9yNXR4R3Q5Rk03MnduUlNIalZpU1c4dlpYc1ZtVkd6RFBSWXBGYnBVdnhJeUIxcnJicEprUGxmWHV6X250X2ZEN2ljX1FrMDJEOXlMMjE2RFE2YzkzSERuWHR1ZUtxdjlXQ015V2ZjQ3JEeHhJWUktdkJ5WHk3YVR3dkxXNG8tV1RjTHFBOEhRd0JYQzJnR195dFZGcmhYdVhScUdWV29fSU9HWS1BcERYT3c1WWY4b24xLXdfeWZGa0NNOXUtSzBGb3JVOTBTWkxGQXlWa1FwQ2FGYkt30gH6AUFVX3lxTFBTUy1TVDNMMG94Vk5GWldmUmFMem05M0FNNkprdzR2MlI4cEo4RFpENzVkbmt6QlpwYlJKQWxSVVZjN2d6TEZnTFNGcTAxQ18ydmFFNnJjdnpxdU5IbXZqcHVWdFROWVVlOUpsbE54VWJrTDh0QnRxQ2ZjWTZROVNDYW1VTm03M1ZMZ240RmQ1SEtXU2p2cjJSSkx1R2FqbW5uWWN2RXJHSGN4UHg5YWNfRGx0ajBqczlVQ0ZWbHlFSlpUWThmeXExZF80eU5PdFFOdEdsWDFGY3B6Sk8wWjBzMnBtZFFkNzNLWVVCTzVNRHl6NlZsNXhBbkE?oc=5,
6a8499b15dbd7dc252891086,86b2fa416a99c0d486d46f7e1ec2ce0b1a4f64a82378c73f32cd0667e763f332,,2026-08-18T17:43:13.514661+00:00,no_india_location_or_context,LatestLY,local,"ANMS Company Fire: 4 Dead, 1 Critical After Blaze Erupts at ArcelorMittal Nippon Steel's Forex Plant 2 in - LatestLY",https://news.google.com/rss/articles/CBMihwJBVV95cUxNMkJ3TTdfU0lQbFpXUmxoQkQ1ck8ydE1SeTdVUDIyd29XdUF5MGRrQzhNRDJBS1ZNcGRqQm9iaERQNmczX1pUWS1LajlpZWhuU3ZGb3g3S3VXemNnVTYtOHpzU0V1dnRHcXNweXpabkxrYzd5cmRWeXVVcDJELTJQbkM1SzNpMUllLXFQZkJZXzRXUzF3S3ZwY2U5QnllcHpPZjVPeGJuWlJHamF4UzBxOGdwR1oyOHhYZzRmQjBRaDVpZGp0aS1ScWJ2azVicFQ2b2FoVG9vMUtfb0p4emtqVjhacm4zYTJIU3hmYUFOT2J2NXNYUjFETlM3clFZN2NDX0pDREpqb9IBjAJBVV95cUxQeGNocXJ6UnVyMjdsSUJFU2NEbGF2R1U2MTU2MF9hNUhFRkVrVFJMb2RXTXJCTDFwVFFmQ0FVWlJrNkVCY3hiN2xWLXR4WGI3THJaYjdHdmxzUXJSNVhrNjdXeVBNdWpSLW9vdGJGZFNQdWk5SjluTllhak4xTFgxQ3lfNHpVdXlOWHJ3MEpwSExSeEdXYWxvNm5uVGM4WE5MRnZMSUhtZzJYNmhCUVZKWEtlTnFkcUV0WVhVeXRpd2ZGWnBQbVFXTF9rV1dBRldwZmhpVmxpMzNqUTNaZFBxbC1qTW44a1lMRDdyaVlFQ21SQnEtdDl4aXd5Z0VSWGMtREFGWTBCVHF5VHMz?oc=5,
6a8499b15dbd7dc252891087,4e8d07b6f611d4efe4aaf30578230e2ab316de56d6871bda10a2d78c2b06c2f4,,2026-08-18T17:43:13.578726+00:00,no_india_location_or_context,Zee News,local,"Sonipat Fire Incident: 5 Critical, 45 Injured In Massive Rubber Factory Blaze - Zee News",https://news.google.com/rss/articles/CBMi9gJBVV95cUxQNDRRWm5tWlVHclJCeWRjZUlrRnVWN25TaGc4UFAtVEtiUE1aMmxYWGlMdUlaLTJIMXo5djdwNTFsbWNVQklSNjI2TEZjQUsyLWhNLUVLdWVuWmxlVldLSGhvX1pqT2drMVV3N3BIQXgzbnFvd2Nxc2U0eUt4UE1GZDVhQm9qQ3hGYV9aVDZUekhkc0haZkMzbFVfOFVjWVZsckh2RmF3SS1NUWMwRFRqTFE2LXJCTW5ld1JhM1I0ZGdfYjlxZUxodWlsOGgzd1d4VVZKaERwb1lkQTlwWi1DZmdneEV2TS1wUEQ0Zy1GeVgyekx4YUppMk9VajVqTlBwQlNqaFRJRUxKTS14anYwSnBvcFJ5dnhQS1FubjZORFktLXJfZ09RTTBjVEFmWDFGcEVaUmxIVWFTd012Zlh1SUpnc2ZRS05uUkdXMUpRaXdEV3oxbGtFN2VFYWM1dU8zUmhLcEEtcTZBMkdHa0VFYkx3cUEzZ9IB-wJBVV95cUxQMnhfMFdRZDhfNi1fMmJ6NVFvOGN0dVFfSEd4R25FRllheDBFLXlSaWNNaHFKaG1SQk5BcnBOYm04WUVzSjVoTHVVOXU0dmp6S2FhLUdMSUVZZ28xbUdVRFBlQVBZbEZyTURWSUJJNmtxYThvZy16Zm41YWhiVF9DMzNEbDlLOVhCOHRIT3RlYXpkem1Cdnd4SmFZSlFHdm14M01iTXZ0aTRyMGYwSEk0YzBaSkxaa0hwYXQ1OFQzaVc2VU5QWXJtZUM3Y3h6ekVadnMzZnVtZTlLUnVEazB5VVVNZkg0MFY4MHY3WmZpTWtRbkhCN0JLZ1lySl9uSWRORVFBZFpTbW5KcWVQbHBzZXFVdXRfUDdKZHBBV1Z4WDYxdUt0MWxwd2dvZmFMdjlwa3kwVk9Cbnl0a2hyM2FTcVRiT1luVWdyaFhmNDRpSlFJMTBKb3lSZlVhS01QMmJ4VFBZZVpZNGtibllaeTZXbXh3aC04ZF9wZ1hV?oc=5,
6a8499b15dbd7dc252891088,d6236ffaaa27f600057707d5b123fd0c22b0588d159441df5df7fa8c63746a2a,,2026-08-18T17:43:13.623730+00:00,no_disaster_keyword,Mongabay India,local,Oleum leak puts spotlight on safety and pollution in a chemical hub - Mongabay India,https://news.google.com/rss/articles/CBMipgFBVV95cUxOUVlpTy1taGJlSzFjU1lTZ1Vib1BpemVNRk5nYVhqZnlkYjNiVW5zbW5meVVpc2FyM3YtNW8yRC1tWS1QUzBhRTN3bEktTE5ja1FZQzJDVDh3TGIya09paDFvekRQZ2Z5SXZweVo2RklDWlhDNXdIM3F2OVJkdFZFenZ4SUtlQTJiNDlBbjBvYjFLTU5Da0FqekpGUzNTcG0td0RLOFpn?oc=5,
6a8499b15dbd7dc252891089,6ca29cb6045a9262412170efbfb69694934339cf59870296504c5db85b71d9c0,,2026-08-18T17:43:13.678810+00:00,no_india_location_or_context,Moneycontrol.com,local,"Toxic oleum gas leak at chemical unit in Maha forces 2,600 to run for shelter — Watch - Moneycontrol.com",https://news.google.com/rss/articles/CBMi0wFBVV95cUxORFRDTkhyYTl4bDRnOXBHRF9zU0p4Z3BBUVFuNUJsTHFvRUUyRE5xa3M2M0pXRUlQS0hjTlhTWXp0Vk12RlBsNDE4RlI5TjZnYmE4UFZfUkJWZ0FtV2RiRG1wQ0JmOFVzRlJqZGdPOHJ1eW9XUXhoNWVUVTRaUHlQYS0xWFZoelNmWHpMSUtqb1NOOXMxWmNYaDQ2bkdUbzBvTlZrQ1pObHNVWXFBLTQ4X09ZbmFzNzVrSDQzQXJVa25WelZkeWhlNE9IaE9GQmNkeENF0gHYAUFVX3lxTFBfYkZMa1R2cVhNOHpHOVdKMVp5T19lN3ctM19UYWxVY2hDdDBybWlzenBFcHpnUkk3TG1HQnJEN2xORjhHa2lnX19ZblhDNThaUUVwT1BuSnNWY2h6UXZ3LUUzNEk1b3dGSUc5clhiMGtQTmZtbDY4ZkcxOEszTUtBakIwRjRxWW1ORE94SE5xMUZvNFBFeVRlbWxzZ0tDUWd5c19pdzRWMFpJY0JheFpycGJqaFdJT3gwTjI4WkVObGZidktWc0RGajV5YjBpQ3dWRUI5YjFDZw?oc=5,
6a8499b15dbd7dc25289108a,7ec554c9ea031e591cec3607e620dc164a0492b9e1012f9a0fc5cfb3194f417f,,2026-08-18T17:43:13.732391+00:00,no_india_location_or_context,business-standard.com,local,Toxic gas leaks from Palghar chemical unit; 458 persons evacuated - business-standard.com,https://news.google.com/rss/articles/CBMiyAFBVV95cUxQQ0NhZlF2bEJjWFJCNDhQMnJKaE4zV3FoRXlxbW1OUUJab0ZwbHdxdVBVZVZfWkNCN002R1VwY1VhT29CR1AzSEZEWkF2UWlqZC0tYzFfQS0xUXllN1o1Rm1uaXVWdFNPbTNVVVhDOTlzaGQ2YnhfSDVvMTJlazBJakpBYnJSYmlBTllya0FabUN1TkhlZkRxSWNxMml1WERqTXg4QnNndVgycVVHNlNOUHdKdEJhRXpIb3lpcWExWTE1enp3dEhwStIBzgFBVV95cUxNQ2lmNzVlUHVmWUtDWVFzd29DM2JEVFFJTnJQTWNSX045bmhaaldHSElwN1VnajNLZlBoYU9BQU9zbGdGaklKeW1WLW1yV2NXNkVBcGpjZzZXRVBITGpRNWlzNEs3dGRQZ2FfNWdfREFaX1NoVVdsQWhsQVozZU9MSU52R21GQ2hQcm4ybEJjUTJ3VnlQZ1c5WUdIRzBic2Q5WXZTLXQxOElsWDNnTmdIYVIxbE4wZXNocHBTVXFPRDlxekZ5a0h4UEtBa2d6dw?oc=5,
6a8499b15dbd7dc25289108b,250c92b337e82b7c4561728d01852146f17b792b27b3e77ed77969b09419e879,,2026-08-18T17:43:13.783172+00:00,no_india_location_or_context,The Hindu,local,"Mahrashtra gas leak: Toxic leaks from Palghar chemical unit; 2,600 people evacuated - The Hindu",https://news.google.com/rss/articles/CBMi-AFBVV95cUxNY0xmQW9LelZHZExralR5ZmRaZmR0TE5udjNIUVE5TGtGLURwTElKdk5SZnlVRlpOeExaamRBSDFkTVQtdVQtN0V1UEIxcjllSDFnM1M4VlhSVGhyajByTVlvWU1Yb21WNXVLRGFSQklaN3pPc0U5M29wUXFYVjB6N3BHYWxienIwNGxqSkVaeTYzel8zYXBudVNTZHNETFBUaVVxMV9xTDJIQTJYbEJQTnJUUFlFRUlZdWxsV19vVkpaMS0zZ1FteDVFcldfYmRMV25xUEFaVDk4VnoydzNULVBPWjFxQ1RHTWloYnBaLU1NWEpiX0MydtIB_wFBVV95cUxQWVlxaHBqRHREckx3cHR2eHVXaDlKeS11d0JYazZGWHZIQmtVRFRLUUI0VC10MXByM1h6blhXZW5HX0I4ZmhNSk9lYS1JWU1lSnZKV2lwM0czTzZZdE1Vd2dZZUcwZjUxblh3QjdhY19aRzVyNmRaZ0daLUthUFJtOThkSW5QMU1XYmdXcTVldVVqWXkySGd1Mndjc0c5NWdMMWJlMWJfaHYzUjV1VEhoUF9jVThJVmJxLUgxanNaa1ZFeVVuOGl6M19Ra2JjTTN6aVJZS24yaFdqYnkwZkNtbmhBZVAxUm00SG9oV2hyU21BSV92QU54TFkxSy0wVDA?oc=5,
6a8499b15dbd7dc25289108c,2bbb371bc284a10790a9f6698637363c65cc61c8e6ac0729855d47fba798623e,,2026-08-18T17:43:13.847522+00:00,no_india_location_or_context,The Hindu,local,Situation brought under control after Oleum gas leak triggers panic in Boisar MIDC - The Hindu,https://news.google.com/rss/articles/CBMi6AFBVV95cUxOYUVJTnNCa0hLNjFjOWdsaENXMmhLOHpNNU02aXJtRFh4bm5YY1doV1J3UmpuVzFkWFk2ZlR1QjN6ZWRvNFZ6aHRYdWNHRTlGYVJwbkdnOTNqMmV2d0JQa2w3eVVyYUJVM2N2aTctTHhsa254VUp2dFpGbWhRbVJmMjZIU2ZRS2NnWG9tT0NUYjJva3R4eFBsZDFQbUFzZ29nWlJGSmhnUW1mSldnM0VmZXNXN2Fya0xxdVdqc3RWbE5iWC1Ib3AyUmEtRE9HUkszWkVmdVBBWnM5WUhmeWItM3l0QUwwcXFR0gHvAUFVX3lxTFBVUmt2RTJZNXRmWXpQYzVaOXhJaWxyRllTeWFJa3FjMTV3UEtyYVpWdHFYamlHSnpHX3R6c2FsMk1CMjhfOHpJN3RlV3E5OHBNWHp2UGpTRWJqcHZRNS1UQXFKaEdsTXpmTGFBbWFCeFU4dkt5V19xWFdJZ1hzbVNhRmRoTnJXYXlJczh0c2xUQl80UVhEcElBR19sUC1qaDFvdmRKNndUYk9SS1ZJSmEwQ3JVc1NoRl9XekI3dXZHWHZ3Z0xpMTFfbTFaM0FWZ0d4V2taSHJHQ0Z3ckp4cUJDRzNIRjlwRFo2VGRHLXFF?oc=5,
6a8499b15dbd7dc25289108d,e46a451c54ec03877fb18a2b4f0755090c5371360a3b225c41bbdd68bd6881be,,2026-08-18T17:43:13.911114+00:00,no_india_location_or_context,The Tribune,local,Chlorine gas leak at Nangal chemical plant leads to panic - The Tribune,https://news.google.com/rss/articles/CBMioAFBVV95cUxNdFVaRFBfOFFCWWRlU1BkTGNsMG56MUtCc3NTaVV6d3djanE3TDZ0Mk43a0ZUZkhXdFFVbXZJa2VnenpZNUlGeHRmdWUtV1NEQ3FrT3BHUmFmOGo4ZE15ekFfS05KbjZiQk1DN2NuY3R1S1pzNldoWTBYcmZHLWswLWFlRnY5cTk1LTBvRE1fSElQUmpLQVVPS1lKYWlPYnB30gGkAUFVX3lxTE9sWTF3b3pJQlNtZFhOOGN5andvbnpoZlRMalUzSEdHaFZvRlhTY0toRVpvcjROTjVLSEs4eFRXS0M2b2MzaHI5R1pFdFR2WFA2QTlpZzBFTkNEZUN4aWF1UXR1YU1zdFgxNjhhS3dtZktRY1JjS015Zm5JcUR2REF3WjRIb3hfSHI1ZDZ5QVdJd29IZGtBX3VZaE5oOF9sMThSSlhV?oc=5,
6a8499b15dbd7dc25289108e,2d050ce0e140386dad2009df0291b4cc7115c5865d49c7262bf80d548aa14b70,,2026-08-18T17:43:13.954834+00:00,no_india_location_or_context,NDTV,local,US Military Base In South Korea Issues Safety Alert Over Chemical Leak - NDTV,https://news.google.com/rss/articles/CBMirgFBVV95cUxQdlVjSEhFaUpWRzJLd2tORGRaWTRJVHVrRlZVblVCY3NsOHZSX1h1UVR4Wk1jSU9nS25vTTlweVlkSXh1WmdiYThOWEwxQmVxM2Vaa3BETk9adG5LTnpQcmgxVGs4VFdTV2djWXZZNXNLUkYzZUR3WDVBZUYtaWc5QVZ3MklpbnJMMElnQ21QODNsV2pQeUplRTk0dHNtX00yUDNleDlkSXlCOEc1RWfSAbYBQVVfeXFMTmNZdDNCNnc5dmx4dm1uZjJHNXU0M1Bya0pZYWk4dVlmUEt3X0Zwb21vUS1HZDFON3RkTy12ZTZleHZrTU5vQUN6TUlyREtheEx2OU96eEI5bUhUZlR1ZzNnWXZUbDBIZlloQmtJN0hicXVPeHo3Rzdkam1lZ3JsREttMWdDbTdhMEYxd1hUa2Nrd2dMZ1hxYnBMeENpWDVaWnc0c0pReUh5eFNzY2J1OEEyLVYtM2c?oc=5,
6a8499b15dbd7dc25289108f,b4ee8c310bb3fa28cbb8a1ee963427845196a268c74b71e204121a4e52adb7d4,,2026-08-18T17:43:13.997840+00:00,no_india_location_or_context,ABC News & Headlines – Australian Broadcasting Corporation,local,Today in history: How a gas cloud killed thousands in world's worst industrial disaster - ABC News & Headlines – Australian Broadcasting Corporation,https://news.google.com/rss/articles/CBMilwFBVV95cUxNU2VRUFJRRm91OGNUS0htX3UyN3d6TWhweEZvVWs0ZHl2d19ucFBTeFdjZ29OVlJTUG9wc01Qa19aMVJ1UkZhTzRkdGZxYWx2Vzc0RG8wQzR6TjM5Vll3SVpDQUlvRF80ZGMxN2dzWXZON2JVaE14bGQ2VnhWSTEtLUJrNEJtSGRXbHVIMlFMRGt4cmxtbzZJ?oc=5,
6a8499b25dbd7dc252891090,d533db0986bbded08bd8f41aeb594c8a3f8abfa7574fede87ed70e1ff8650cd4,,2026-08-18T17:43:14.123531+00:00,foreign_only_event,NDTV,local,"40,000 Evacuated As Chemical Tank Leak Threatens Explosion In California - NDTV",https://news.google.com/rss/articles/CBMivwFBVV95cUxOVlB2VGwtU2dYOC1ZRkd4Y3dGanBXclRObThNSVFVRFRockVtSWgwc3FoRmF1V0daUnpQWDZrTmpyaHlibkhLZDhQZWVRVFE5WXh1dllJczRzQThFLVRnRXktczFEZk43RnpTRW91YWZiUkhqNnBaWmtzOU1zUXlsdE5mRURaT3UxelRMenQtWjRRQVdBTGsxcVJvOU5uOTRyTng0UG5XZHVnSjF0VDJtdVZPdDd0VkVvNWYzVWllY9IBxwFBVV95cUxPSTBUY0NqX28zMTNkZUZqc2puaU1iT3htREFDRlBnemo1VWxDWDFvWXhUYWFJNHJwMnlldEtGN2VqU3B6RGNUQU44NW5NVDZVc2Q5SFNtSFdaek93RUFlbzVpT2RBZWVwSDBoTTF5S2c5a3M1LVpWTjhNNndYZHVJOVQ3Z200b0NrRVVYYVVENnR5Vi1aeVJNQmUweXRneC1KQkJER3I4LV9ONDAzVVJaUFQzbHNpQ3FDN244Szg1LUVONDhpanZz?oc=5,
6a8499b25dbd7dc252891091,61c75c7611857a17fe956bb59ac509074580384220dfbd0ade582a321177730d,,2026-08-18T17:43:14.174116+00:00,no_india_location_or_context,ThePrint,local,Death toll rises to 7 in ammonia gas leak at TN seafood unit - ThePrint,https://news.google.com/rss/articles/CBMimwFBVV95cUxOQzJQT1ZoRk9RZ2lOU2FVZXRQNXFfanE0OGE0V0dFR3VOOHNaV3FZdEkzX0JNVDZZWERSWmdIU3R4MEtKMWpJMERYZ3NxdFBFNHlvcVgzN2NzUWVZTkEzVFZocHFSdDFja3I2cWZUVDgtQ1ZkN2lGYXNBR3Y5SkExUDJQX0RCQTZLWXFjUjYxMHplaUk2ODBkY3hZVdIBoAFBVV95cUxOQV8zazV4Mkc2SWFuUTk2Y0tILUlxSEpqbXA2RTFzYTBXbzVUZ0FoZDJxY2oyM0RLOFdSLWZ6T1lWTUFrYjhxU2Q5WWFOVXNrU1hOQVV4YjlreW4zejdOcndyOHhwZFlOTFpoTmFvMkJvYmFrY0sxYWxLSkR3WEIybUl4SWMwZVlnYW5aRUcxMHgwTUxfdjl0WjY3T1VMRFVh?oc=5,
6a8499b25dbd7dc252891092,6bdb816946ce11fe34d495075140cc99dc5359ebfce328d339fee702f5fe59c3,,2026-08-18T17:43:14.240349+00:00,no_india_location_or_context,Deccan Herald,local,"Toxic gas leaks from Palghar chemical unit; 2,500 evacuated, some complain of eye irritation - Deccan Herald",https://news.google.com/rss/articles/CBMi3AFBVV95cUxQQnhabHY0VHpHZFNUWTkyQ1VrYlVpaFRsZ29DSjJ4OGZBcktRQXZxalUtVi1Xekc3MUphbXZqUDBfdzI2anFaNHVod2psVFZkQmRLRk5TM1diUWEybG41NmJTVnh2WWVZQ1NpVFpRZzhnUDg5NktHdHViOHVpZ1lCQ0tfbUJiMXFTbTF5RWI2MHZMTmxSckFoamNfQXByV01LMmFZLVZORS16UnRtNkVLdXZNZ1BjODZld3M4YnlaRTJadVN5Q3l2bFk5Z3BEMFJJMWJpTVRCdThnaE0y?oc=5,
6a8499b25dbd7dc252891093,37553fff09d1db7b05346ebcb086a8402db67d0d6c0e57d33edce64a094a4ea5,,2026-08-18T17:43:14.319368+00:00,no_disaster_keyword,The New Indian Express,local,"Ammonia leak death toll rises to 18,\ngas evacuation begins at sea food unit - The New Indian Express",https://news.google.com/rss/articles/CBMi0wFBVV95cUxPUzJvMGdsVzZRQ2dMemxzSzFZRmRZbjJ2RUFEY3F4MnFmWHphc2JWRWhIVXBWSFd6QS1DRlNSTGFmVUREODRVSjFaUjkyUlJMZm41WUs4VmYxejFRemtabXVZUkZBTUJYQ0w2cWNIMVljdjE4cy1yRnVnRE5LTzViQnJvU1Q5dWVBZU1DeExqMnNMVEwzRjZtc1dqYnc0VU0tZF9kVjFaOEZaUXdvamhKZ1VCY1c4dXFKOUV0enByc1ladzZXVC0xYmt0QUZmd1Niak9J0gHgAUFVX3lxTFBfT3BFdUJaOHBpMFFzNjhZSlV5S2xuN1ozeXczQjZ0VDBsRzM3LTFoTEJMdUJHV290SVl5Vl9ZX2NJOUZpZF80Ukx5RzlRaVJ5UXZ6WjZoTDF5d3hqdTBzR21QeEVFdk5aZTRBcGN6N3hoZHcxUENlejJNb19GWkdCRHhmTFFyUmhHd2h6Ylo3T2RBQlRFNE5OY09wWXVaRW9FeDZqdXBIcEFweHBBX2FPOXpwbHRaLTZ6RHlwbFV1UGVJR0tWTjI0VVVjVzhxbTlYR2MyTElDRTdOdjlGSkJh?oc=5,
6a8499b25dbd7dc252891094,ad8ad7b67977b5f9d5f05e2e48dc877aa0ea96cfad4bd6298c02c526ac9c5dad,,2026-08-18T17:43:14.387320+00:00,no_disaster_keyword,The Times of India,local,Explained: The deadly ammonia leak in Tamil Nadu seafood firm and its health risks - The Times of India,https://news.google.com/rss/articles/CBMi7AFBVV95cUxNV0ZnT2dVMmg4VU44dnI2YnZZcWd6eXdHUUp5Wk0wemttcWFob2VCVjU3dVlYYWRuRzN3ZFlFbkRxX2stUVp0MHFPQjJ6YkhqQlVJNGp2c2ozeUtraXdON0t2RUxnQmFyQjN6TGgzeXYxSmhIVW5rWTVvekh3Zkl2Q3ZYMDlrdEl6ajlPZ05xT1BZNDBRRWMxOXJQSDFUMTRPdElJU0FMRWNyY0NvSkpFUklHM25pcGJ2elY0UGQ2aDlVYzB6a0dWekUxSF9SY29RUXYxSFdUYWNzVEpFdHJlcTB1aV9MUVhpNTdSY9IB8gFBVV95cUxQWUNmQnltdEd5VHlkVTJvQVZlU2dsU2VBUi1CTmdneGhFWEZ2Z19pOUdfM0lQVkQ0cmFZMkk3eGxVX2h4UGJuVExiT3JZdWJtMEdkdmFaVTE4SlRPU2Fkblc3U2FsYUFuVGR2TGc3R1lqMG5mTHNKRmZhVVFXanpKNmx0WWwwZ1RMaUx0SGZyb1NGZ0NSOWtGUDFxQVZqQlBRZS1NbUFTajlxd3FSc0RraEFrQ3VPdm1YUjI0QjVtOExRUTlVZnRjZWxkTzVlczlveTJjSFdyQXdoWF94enEtSkpUVXd6N1ZkYl9MUl9ycms1dw?oc=5,
6a8499b25dbd7dc252891095,025d9f611e6de6fb8aa310c1b1ad647559976ba4aaf87bba96f4a1ecccd5099e,,2026-08-18T17:43:14.459907+00:00,no_disaster_keyword,The New Indian Express,local,Ammonia leak kills worker in Udham Singh Nagar Ice plant in Uttarakhand - The New Indian Express,https://news.google.com/rss/articles/CBMivwFBVV95cUxPaGhxZ0tFQUQ4M2RLODF1R2lLakNXUkFnb0FNb19sdlhMZUE2VThxNl9RYmF1Sl8yWXA2YzUzZUVMREExWjVfQlhHMnFDUjVpV3BFWEFrSFVkakN2djRiRGZtaVFIZVBKcGNHNWlkMXRqRkN6SkVrM3hNSWRmdWM2MW5ZNFJLRWNUOWk0amthYllPOG9DTVA5Q2NDaUVqeVpzLWRKQWN0QXBESHVNcWU0TXMyZUZYaXowdlprRTVta9IBzAFBVV95cUxQUFNfbU9YeElIRjFWWG51ZlpOWWtvZXJjdU5NeEpyYXVlVlhSNDRZejRGWUVQbENQOXhTY1dtZkNCVjNMTHExd1ZfMXZwSkhGaGZNSzNicWhhcEV1M2NDZTd5WUxDUnZLUHZvbGlONGlYeVhtN19SdFdybm1KY01aNWcwR2lsM3o3N2FnVmdNbVZaNXZFX29nb04xWUQ1emlMTDFjZHVpRFhjMy1qb0tKMm5qamVBWm9ZeTJUTUhScHB2TW9ndWIwS3JuSXI?oc=5,
6a8499b25dbd7dc252891096,f26fea77395b3d84d1b793d72766dbad031411f6dfea32134e9e51ffe611a030,,2026-08-18T17:43:14.519432+00:00,foreign_only_event,assamtribune.com,local,Chemical leak triggers mass evacuation in California - assamtribune.com,https://news.google.com/rss/articles/CBMioAFBVV95cUxPSHAybldCR1BfMGNHakU3UXMxdG94ZTFjMUxuR3pNejNoREhiM2o3QTNPMU1tZklCa3ZEOExNTUt5Ri1KZ3ZPMnVWekgxYlo2VWtabFZMMFg2RW9pVUJSYU5IMkVzU0k5ellOM1NBbWFERURqMkRlUHdwSTlhNkg3c2kxVWRFYVh3YXZQUnhGR0EweEtnMkQxbWxfdFFyenBk0gGmAUFVX3lxTE1nQnRMdTRhVmt3X3lCNUlkUUNla1hrRjh6MGtvX3JPcElGaGdPeThza3RwNXJ6LTRjeHVaWFhFNDlLSjhQYkJCbk0yMVVIbUo5VEZ1TFJyMkNxVVhFM0hiVkZueHhtXy0tNmNzMHcwVG1PYmJqSDVLbkNaWjVkZ2dKQy1kSko5WFQ0Uy1WNjhqZHZTd01uMWdUV2twMW5LY3c0cmt1ZGc?oc=5,
6a8499b25dbd7dc252891097,ca05c69a8534cc38236cb7d971fc16d4c3c6f457c0c75d5e42afe4e9a4c83874,,2026-08-18T17:43:14.600882+00:00,no_disaster_keyword,SeafoodSource,local,"Ammonia leak kills seven, injures over 60 at shrimp processing plant in India - SeafoodSource",https://news.google.com/rss/articles/CBMixwFBVV95cUxQdENPUDNyZHI4cHRGSFRIcklKeHBBZGlCbDRDRHEwcjhQTGZ6TnpDcTY1VTNYemV1QllEVW91cVVDTUo1dnAybkR3SUZFeDhKU3JZSXNTUjRYLTlCWFRfZnJLNllEdFZmSTJjeTRFZ2ZoeVRweVdSY1pfaUJEYkxDZFJJWlhLTWVIdVJSSDd3M25JOGxBUXRtMmkxZzFQNGZ6UVkzSFExWkNlRmtlcHI0UXM2NUFLQ3ZXYzNVTF90QmRNdTBEXzRr?oc=5,
6a8499b25dbd7dc252891098,513716b77bf3d012f9031746a04a767370b27bc41c90f36c3a7286def713448c,,2026-08-18T17:43:14.649141+00:00,no_india_location_or_context,livemint.com,local,Gas leak at Palghar chemical unit results in eye irritation; over 2600 evacuated: Watch video - livemint.com,https://news.google.com/rss/articles/CBMi4AFBVV95cUxPWHJEUVBHbXBXTWZFWGNDM3MtUFJNUjJBNW5LVFRiOTdWVktnU1ZBVzdZSXV2TDVmTTJMNURHbGxESWRlSzFTTmxOOVhieVA3MUQ2c3VSUVUxSi1DV1QzVEpEOVFVSUdYN2c1dmozNllfZ3J3eUUwYkgyd3JzUVlMc3VKZVBTVmpJbXNtd3RJRldNbFhvcFItU182TjRTQmpBVXFFVjZqWGt5OWplYjNhTGtOMjVDM2xNQlZncDJSMzUyWXhWY3JSYmQxSHdLVml3OElzcTRtMzRwYkFqNEsyTNIB5gFBVV95cUxQM05YN0Q0bjBCdXQ4RGlteUFKSVFQZDdCaVlMdTM5ZmF6UWxuLURvMjFNM0JwdFdqdjNkSVVyNXQzU1FkOG8yS3lsOHV3YjNTTGp0YzhXMnJ6QzhLTDI0QnBLWlExc3VIVUJCQ3VrTjN3ZjExdDgyb2paWTVaM3NOc2RaQlM3SW5EaDVjbnJZUUN3R2E4blpGM1YzcWhqYm5ISWtQcm1ITUFSMXNaLVJEZEhPYk9yZ3lGbzctem5YVmE4bmJvUHRlWGR1cnF1Mmk2cHVkdDVtbWUwbTJGTHBqbThaaGRHZw?oc=5,
6a8499b25dbd7dc252891099,e433b58c685608a020b54c5489c82a438561ced6c698b634d23a142b9d974367,,2026-08-18T17:43:14.713058+00:00,no_disaster_keyword,hazmatmag.com,local,Bhopal: The Tragic Lessons of the World’s Worst Chemical Disaster - hazmatmag.com,https://news.google.com/rss/articles/CBMingFBVV95cUxQdDV5OUlrRnZ5anlxX1BRS2xhSVhrRC11eFhzN0hrSUJ3XzhvbnRxZGo5MGZEcnpjR1dCX1VmRGhyTTk2azlLYjlqNW54VU1qX1JmcmFIRTE1MENaQjRfZ2dXZVRuQWJobzlSSEZYYkV4ZGVBZzlmbkhzeUs1Rkg1SzBhNHR4eHpuYm4tMVN4bDNCeWxudENUYkZ5VF9XUQ?oc=5,
6a8499b25dbd7dc25289109a,2f970e4b80634d21e333c80721f204ca2b033fdda8031ed9f967ebea5a195278,,2026-08-18T17:43:14.833190+00:00,no_disaster_keyword,ThePrint,local,Chlorine leak at Palghar industrial unit; no injuries - ThePrint,https://news.google.com/rss/articles/CBMikAFBVV95cUxNS3BzWFFqejdHeG8weThHdy1BdjRkTERhYklDTlMyUUxUYk9KVHd4Y1NadXhQVzk2WlJDZ3BlVXdRc0EwdUp5azI4ak52eHdVcFNWTVFCOTdPZWlJS3BRSmV3T1EyX2gteHhWRUtxVDdYZUZtWUlqek5DcUVxQllUOUk5OVV1SFpEOS1yaGlCclbSAZYBQVVfeXFMT3l5MmkyZEJIUmRMWlNXWHZEZ09IOF9KNVRLZm54UkZYMy1QR0pRVlQ4bUpuV3duQkRXS0tUbHowcV90NnFDOXlLX2VHWS02MDY1a2VCM3R5OWFmZmlLYmFVT2pZdVowUHJWcmVZRHQybVJTdDYzdnd4OElFaURSMThOdktuWXYtNldCRGV5TEVibHljc3pR?oc=5,
6a8499b25dbd7dc25289109b,84cde14b314f6309136bf364a9a0d5550e969938ff570bd1ddc960e73db2a8c9,,2026-08-18T17:43:14.900754+00:00,no_disaster_keyword,The Indian Express,local,Boisar Oleum Leak: Safety regulator orders shutdown of Bhageria Industries - The Indian Express,https://news.google.com/rss/articles/CBMiywFBVV95cUxObGdwY2dMQXlvM2QtUDlVQl9OQzR5dEUzdWVYMjg1MHBUUXQ2X19wTExibll6LUlTMDBXUE42Zk9hdEhXMWFzTGNrWE5CNFN2NXdtbUNubHB5RWFWVkVzM3R6VjNWZTVNSmU1SVU4MFV6LTl5WEVYazhvYmlNQ2ZkZlRqUTExY1hHYnhoTFpJY3ozTmZqbWQtWExMVm1MZ2JmbERVV0NKdnBFWHNWX1lnZTh4Ty1OT0s5OTdEUWxJcGpuRHNWTWptWDQ3c9IB0gFBVV95cUxPZWNpVHNHbUQyMWEzT0VkT2h6cjgwSXJlcW1CQURVdFJOTjRPMi1CVzNiOG5EWnFHdjFTellOWkM5dWZfNVVqU2pZVHkteDc4MkhzamN3STBicTVId3VPd0M4NXpEMTd4SkVTdVZDbW9zZlJxQTJlQTdlRkpPbTB1UDdmT1NQaDI3b09YbWw0aEtyOWN4ZmtWSGNpbW9Wbk5mdndwVUI3cHRPVlMyT1JHcjZJTGpFNTlLMzJ2aTZzOHFjcnBKa0M1eDd0Y2ZkdjhwNUE?oc=5,
6a8499b25dbd7dc25289109c,391f1f17df8a4872086f4e8e1e623b05e0654ba4e91cf34a6208581a9f2c0921,,2026-08-18T17:43:14.958588+00:00,metaphor_or_non_disaster_topic,NDTV,local,"Pune Chemistry Professor Kingpin Of NEET Paper Leak, Arrested: CBI - NDTV",https://news.google.com/rss/articles/CBMi8gFBVV95cUxOalFOSHhDcElrV0UzdHhoZFJ2aHBBalNHQW9ZelRlUFRZQUIteXlycVY1c09peGJSRGRWRzBrS1N0Vk5iNF84LV9pbDFuSy1lWkM0VUJEN1l2ZnJpMnM1WFR6WTdfYXEtbEdZS21lU0VFd29RMU5xVnhLNkVwU1dmY2lMck5lRmZES2NhYlo2dzZJVk10cDdPWTRlWXlFVlBMX09jSmdRZzNFcGoxYkNqWElXVnZlbVdpc09yeWxZVDhkQUFjMXhySU4tSGRpMTNpZ3JQWmxxYnJEX2FrdHJzM0dvT3BrMXQweGtnNVpkbGExZ9IB-gFBVV95cUxOTzdUQmotMG5YOHhNc0JmaTJ6Sm1nendQUF9wbC15X2U5eXRreDhUY3BzRVQ3OGNNb01CUE4yN3dsTmFfSTdWcG5RSWd2SXdPVlZEdVYxdzljRzhWckVKRWxRS09JM2xhQnhfMU1veW1QVENDV2MxVWotZmNGU2E2VmgzbGd5MXhzWXE5MG5aZlNMRHBtd0FvVEhYcFFPNXM2SkkwTThNcXRkVTI4bTRvU0FtV21Bcml6M2liNnBSWnpRX2Z1U3FWUGlvQWJDdUR4ZzgwaDdkXzQ4ZllLLVNuN09zYWxOczVtVmNpWGJQbHZnMnU5dEJpc19R?oc=5,
6a8499b25dbd7dc25289109d,f3fd4ba76ab3f4d0d9fd1fefc1b48e3dc4042f8da7381fe573a727b652e28630,,2026-08-18T17:43:15.024437+00:00,no_disaster_keyword,livemint.com,local,"Mumbai tragedy: 20-year-old dies, teen among two others hospitalised after inhaling toxic fumes - livemint.com",https://news.google.com/rss/articles/CBMi9gFBVV95cUxQdUs5OE44SFJwVFFSY21jblg3V2E5ejU1WUdjWkdHSUhSTGF2WEdfRnhLUENraU0yekEzTy1fT2ZXTUxkNGVna0F3amViWjNnR29ob3N5bUpER2dfYVhLUUp6Yl9EeU1sMy0wVXRNSjVCblQ3MkplZG5yU0VWdC10ZWRmYVVDdlQ5anNNN2stNDFTNmtNazRhcnFiTy14Umc2cUxwS3Z6WG9KblkwZ2t4WlBpYU1HTjVBMFhhakFaZ0ZFckQwb01FZDdMMTNGMm1iQnh3QXJxQ0JCS0E2RG5wQ21qVVN1NkJ0Rl8tZHFvQnBLdlZrUmfSAfsBQVVfeXFMTm5VWndVTlVFV3VyRS1OMXdzVHVQMjROZTlvYVdEYXNsZ1dlODd2cnV0UlVpUlFsal9WT192ajg2V0NpT2Z5akpPM25DOGpBYmVrVDhsV1lsQXhvaDgwbDJMR1d2bTk0c0dUQ0M2SjRRRkNDZkQ3UzM2eTJBdHNYWS13WDZodjRhQVp1di1kTzE1RzVNNjVJZ1dPODBvRHNqUjdZRXpuM3dXbW9EQWRRSWRZaVlVM0FLS25iU0RtQ3FoVzdBTmE5WjJMR3FLY2FkT2UwSVdlOVM2SG91UTRUQ1djVFAtVW5vc1F5WkJiaE1LNkNQNUVtWXNXSTQ?oc=5,
6a8499b35dbd7dc25289109e,43175c7a18c69c70b662df573470f637d39bd88e3fee10c6b971172d0dcc6e37,,2026-08-18T17:43:15.096058+00:00,no_india_location_or_context,National Herald,local,"Palghar gas leak: 2,600 evacuated, 3 persons complain of eye irritation - National Herald",https://news.google.com/rss/articles/CBMiswFBVV95cUxNZjFoRW5nT1NmMXllQU5aVUpvZTZua2VjZEhONWNiVHozRVl1ZXlrNTcwQVBaMnY4MkZtVUhlbzJqb2oyMktLaGJ6czNYdjBLYmZ3ZEwtUWFjcXlPZ01lWjRkTmpKd2JKalBKdWFVR3pKYUdSci1Ya1h0Q2JfMTRmSHgycjh3U1pEQnVOYnpEUWp3UFhjcC03VTBvbElZOUVVemdpcDF0ZVExZ1R3TnNQV3p3a9IBwAFBVV95cUxPdk9SNHJCc2l2OGMyZExXUG1zTE45NzdVT0VKVV9yRUxkaWx1YXUzYWx4aDRoSXZ6YklQaUgtZGdjNHZ3R0pyRV9ITUMxLW5nS0ZjRHhKdEl3VVFOUlplOU83bUVhekE4dkJpN2l3UXFyZDIzcXJraUpYU2Z4ODhIcXlVWGRWSTBHUXVsMmljc3VzS3FpY0R1WkwyN2VLbHZrZVhaRTBQWGhoVFhFdE9OSmVYcWRiZ3c3bXVsN2d2MFQ?oc=5,
6a8499b35dbd7dc25289109f,77b0d4a78d3b8529ffe19681ea5b6f3f1dbdb10e9245fbeb6b35f9dbe556000a,,2026-08-18T17:43:15.166506+00:00,metaphor_or_non_disaster_topic,Outlook India,local,NEET-UG Paper Leak: NTA Chemistry Expert Dictated 132 Questions During Latur Hospital Classes - Outlook India,https://news.google.com/rss/articles/CBMiygFBVV95cUxQVjctRTlHOExBUExXQk5EUTRNR0ZrY05nSWNQVnBEN0owWThtRGlxdC1VSEZqcFNzZjdNNmpodlRfbjF0M1pIMkpVWGtRby1jcnFwN0NDZU9NbDl4cUxfbDFuZ2pJLW5wOXRJdWw4SjJxU3RsQXc1bEV6Nmg4MGlMR3pqNEFFMEZteUFfZllNSThPU0hyaTJCYkRVUVBOOW5MU1VCMzFESUQybXBNcVFjdi1Eb2k0ZWpqR05ZNTlaUkJvZ3RpQVBkLXJB0gHXAUFVX3lxTE12VkJZRGQ3UmEzYXY5UjVKVzNJS0ZtTTAwQ3VlSk1iWXdSS1ZROUZDVnByZ0VEcVMwempqNHk1UTM2LVRla3VTX1QyNkhJdWYwS21SekVycnkxNFVQQXV2VzJ1Vm9RVXBNdUFiOEtIU0tCZXZIMDVZZ3VlYTl6NlZpSUxvb19KcE1BampIOVlUNEp3bDgtWXQ0d09WOHdFWjc4ZjNDR21tcC0ydkJLaEFNQjdZTENXXzdZV1N5M2d2VDNnZGhvakg5RGxBamZIeXQtUnRvbnhV?oc=5,
6a8499b35dbd7dc2528910a0,d2d78b5b16b202e41fe9e7b1ffde7cc83dbf1f38416cd6b41cb7e3a5273ba602,,2026-08-18T17:43:15.255112+00:00,metaphor_or_non_disaster_topic,India Today,local,"Who is Shashikant Suthar, Chemistry teacher who exposed NEET paper leak? - India Today",https://news.google.com/rss/articles/CBMiuAFBVV95cUxQb3l1bDFKYnJNWHJKdURrNUNkb3RGM2tjZU9qN3lYZlM4eGlQQmZmZ1ZFMzFMRFVEb1EtYWw0b0FFQm1HU0ttN0h0Zm9CUG83VlFqaHhQYlIxYlpfNFlYcEljSS1fVENTUUJNTXhyYW1xRnJOVkhqOWxwU1BFdnZ3al9HRTR0ZGFwVkpLcFVlRnEyVG9WNlBnTHV6Q09VcDEzWS1jVGFweVlUT0o2MVZFRERveVlXMEJj0gG-AUFVX3lxTE8zdnhtOWtJT0lhbkN5bW8xd0haUmtZYjQ2NEFpMmkwYlhqRk1hQ3pOM3YwMzhZWkt2RldieXNtYTFHZk5fcDB0ZndZOGFRUWtGWTZCelFLOTVkNXNWOEd4b1VmQUl3VDdRMTYtamowQlJoRjZUaXRrblNEbmJHV2szcGljSzRpQTMySGJHSjVva1ZYbmljaDBpazU1WnRSczNkdmxwdWVsR0p3Y0FaU1JKdVdhSUtidDdYU09DVnc?oc=5,
6a8499b35dbd7dc2528910a1,cc13b5291fa1b23dc28a175a1832bdf2fd86a7ed8f8112c6d4628bb2d26f1b4a,,2026-08-18T17:43:15.369949+00:00,no_disaster_keyword,India Today,local,"Inside CBI's NEET probe: Kingpins, middlemen and multi-crore leak network - India Today",https://news.google.com/rss/articles/CBMiyAFBVV95cUxQNWR3aHZqRlA0RlpGd0duX2pTVDhnc0Z3Vmh5ekJYVDhUYUdOTDhCTjJ1TE55aktQSHRSX2hReGhLc05GZmZvMGdVNHc5bDB0ZldCa0NfQzBZbnBpa2hkYmEyOUlCeXpPV2NnUE9QTnJtZVJINW9xVEVfTVhMSWJ3dkt2TTduRGtYZXlLNThhaG1pbk1LdTN3QXUzT2p1V0JaWEZiRkFHZG9jTm5aSDJCZG9RNHJiRUh1c0JhOFRPaW53NlVrY2kzcdIBzgFBVV95cUxQS0Y1OW8tWmkzZXFrc2pKUU1seElVZDZrdGNMTGFkbkRYSFI5MHNrSlZOLUJMX2tfSFVta3pEaU9RdUNmTVdDek5tbHNuOWRSZVdGeFBycFFrYmh6VTJUaDZVWDFYUW1YS0w1aXNXcld5RGlHQUUyV3VacFpXUnlkT3JZSWlUTzNLN3dXazJ0WU9qM1VTRTVqS2huNmNtWm5Pb0lpTm9kWUM0MnZmRy1GTFRpWGl0T2lJa0dRMXRlMDlfUE9SLV80ZFBIYmFlQQ?oc=5,
6a8499b35dbd7dc2528910a2,9d697295441e867becc0d0df8362f7d4dae41dee0d215b162e94f21648baaf67,,2026-08-18T17:43:15.445978+00:00,no_disaster_keyword,India Today NE,local,"Assam: Formalin leak after tanker crash contaminates Jatinga river, DDMA issues public safety advisor - India Today NE",https://news.google.com/rss/articles/CBMi7wFBVV95cUxPMWVqU2h2QWpFbl9jbkFHNzZaUHBfRGJCbU1FWE1veUtIU1BZMlV0UzZ3Q0YwcUJCTkhiaUJGb0FFNlk4YnVvX2NzN0U5NHVIbnRic0dEd1RfNFhlN3JOZnUyTFJLRkprNUp4MlFwVDNGejRBLWNudmd3c1RpR0FmaFYyMUI5a244SGVJQl9WR0JPV0YxM3IwbE5FVXhuWlRiOWo1VWRDSURlYldock9XN0dKY1F1YmFzZUhTRG9uNy1aLWxmWThFNnNiRzVJbGpKR1VZTk9EQWFkc0c3ZEhpcC0tQ1BDbVJ3a3VHQlc2d9IB9AFBVV95cUxOcVJBekJvamhkSDNKM1NGWkF6UmdYcWY2VWg2Zmtvckg3SmR0NGFudHRZWktCcDhLYnA0NUZmTG1MZW4yNXVheEFYYmtmZWxNVU04TUxWNVBBNklPXzMtNXFCNzhqOEgtTnJxX0JjRUhIMldqVElWVzc0NVpJMGZwV28yaFdtYmVZVGxrMkZVWjUwZkROc1Rzb0t2NmloclVnZ3cwVzQ2VVRoY3RhMmhWRTVvM29IazdfLTByNndFX1RxcWJ3YzJRb1RfdnBVcVg3QmJZcFRLdHBhQVRveEU0YTVhckIwY1JkQTI5aUZmNHRDdmNN?oc=5,
6a8499b35dbd7dc2528910a3,c0caf01861bfc94428a05f4c4ee307b979c716e02e83b75200dad11d9d9ad03e,,2026-08-18T17:43:15.509501+00:00,metaphor_or_non_disaster_topic,The Times of India,local,NEET paper leak: Delhi court denies bail to doctor accused of taking Rs 5 lakh for leaked chemistry paper - The Times of India,https://news.google.com/rss/articles/CBMikgJBVV95cUxPZHBUMmM3WUFoaXBZbnd2X291UTdNLTNHRVl1SndOeVRfSUZNS0QwNHMwaWZHRnJ0b05renBBVGhBRDhjMTlKbkRNazU0aGhhcktPVDdwczBVMm4ybkw5ZFBnWmFyZmJ1U2hKaFhZcmdYYy1MbXFTMWJRaHRJTjNkRjZxTFVRQ2NiVkJWOHhrcGN0aW1ja1M5LUdJN2E4eDBuWnpaYk91bDRHMlhoOVBSYjdPQmhPdWxoeTY4a3NtaFluMTlaZmRKbFFVWGVRdzkxTVpJS2FWNjQ5ZF96WHVhZk5ZdEFScnBQN21wVUFzeURJWVBDbEtWSGlyMTRtNTM4cmxxTVVla2M2UUhoakgwdFN30gGXAkFVX3lxTE10bHBpb2s4Nzc3bC10UWdOOUMtUWk3cUZMd3hxY0dHZ01tTGhiTFk3Q1c4b0RjMkQ2S1Y3dUVXVTZIcnBEYjNVN3ZlTXRrUXBUbnFQUlMzazZfeXdMbkwzMFVQZDJWTi02WXlBNkFnTHlQb0o3bE9CWTRyRGQwZkxpYmFiVTRVcFlJSUhseHhMQUlsbFRPN3JtNTR3WGp5WlhzNFBHd1FwTHVZaV9qV1E3WUNVSWhYU0QxZTdkRW55ZU5VZE9fYVZ5UW1mVHpRRjdhSmcwWVhWU3h0VHM0YkE2QXNHYTMxZ1UwVFVUNkNjUmZ1azJFQnd2UkMxblRDWnFvcElKTlBXZVhaTWt5V2lTMGZqOV84cw?oc=5,
6a8499b35dbd7dc2528910a4,dae876022250d609d026417019afcd48104fc287c1c38b478afcda641c2db3fa,,2026-08-18T17:43:15.609730+00:00,no_disaster_keyword,Vajiram & Ravi,local,"Bhopal Gas Tragedy 1984, Causes, Deaths, Impacts, Govt Response - Vajiram & Ravi",https://news.google.com/rss/articles/CBMib0FVX3lxTE8yZ1RCeVJkM3dFSzBBUzFUS3VLeW5KUjA0Y3RlZ0c3czM4dDVyZ3NLLUxkSGdfTDdEekpFUTczLVowWHktNDExclc2VERTTFhDeGhHZjN2UHVsbEFsdU9Eb1dEbEs0dkR1bWJ6N20zZw?oc=5,
6a8499b35dbd7dc2528910a5,54495df7936ddc38dad35991abafbe4b28e1cae7c338e20a5b518754ea861e85,,2026-08-18T17:43:15.697464+00:00,metaphor_or_non_disaster_topic,The Indian Express,local,Hospital in Latur under probe over NEET-UG chemistry paper leak - The Indian Express,https://news.google.com/rss/articles/CBMiqwFBVV95cUxPTm1rMXpjaTduYy1YVmkzZDlXYkJNT1dnTGhyVF85LVNEV2lvRVBmQ0ZXWUFOVW9IZW5KM0hQS0xrclZnRDRLb1BZYmdoMktLaF9hLURMblhITjcxVDFLVVh3WWNmOVJVT2NZSF95WUpLMWl1ajgyRDFBYTRyb0prWXFENVZlNTFab3lEckRlRXlDcGNtTG9JYzZja21RaXVLNzk4WmMySFlJelHSAbIBQVVfeXFMUHA2MURDTmdfN0VCZDFhbnd6ekRYMy1PbktKTF95Yl96WEt1a19tWHUydWF0RVM3UlNFYk9qZlNib0FMMVJFZzFCaHNsRUZnOHRqU0Z0WUJmblY3QWlwemFISE9XeHZ2bEJBMjRZUEZYd19ZVnlKQW5aUko5VGtHdFFxZndhQkNFNE5kUEMtTnZrMERwdFNETlFRRkJRczJVZ25jVUtDYV9VbU9NYUtDNUp6UQ?oc=5,
6a8499b35dbd7dc2528910a6,d1b28aeda5598fe09077184cbf2be20c04699b5d462d0f5cd33cd028769f002c,,2026-08-18T17:43:15.788621+00:00,metaphor_or_non_disaster_topic,Telegraph India,local,NEET UG paper leak: CBI arrests Latur coaching institute founder after leaked paper found on phone - Telegraph India,https://news.google.com/rss/articles/CBMixAFBVV95cUxObjZUOU9FVG1sRG5HLXoxamhQbUMzamtPeERKNER3TUNZLXJWazFPeWRwWHNrRWxRcU9wVEZrUmlqRTZ2ak5lM2xoRm5pc2RSX3ZDcjVQTV9Zb3puWFZIUm9hY0VBcHkwaEZubGdCbDFDWmx0X1BqRlhPNjVGZTZISXhPY1pkSmNfMU9NbnNRQVRJeDNkM080WGRmenlSaU4tVk1tcm5vRk5pTklVTmNNc0hidHBDeE9aZkNjX25OSnIwZjEy0gHKAUFVX3lxTE9NeG9FZUptSEgxLWZsVFZ5R0MtM0VTN2ZNenBKLVpwUXNjMnlJU0Rqa1gwS2MtYkluU1I2Y3YzN0VzNG1OTVJoRE9DSFlfeXdod3M3b0ZnbU5JWHczNWlXQXROMm9RN29qWmUtcUl5MWx5cmpLd2pLMm1YallzalR5RGRLd0tBaTE4XzRhcV85eXdtQnF0Z2dqR25keEpvRUFyeFo2M1M1MmxCMXRiYm5FMlhZU3U3X3Z3YS01c3Y2eWdIY05rQThkQXc?oc=5,
6a8499b35dbd7dc2528910a7,cd1c26e67d14d31b6854de5d3841b556465a6ca6ad97a9362d67ff804b04e363,,2026-08-18T17:43:15.843560+00:00,no_disaster_keyword,The New Indian Express,local,NEET-UG leak case: CBI arrests Pune-based lecturer for allegedly sharing Physics paper - The New Indian Express,https://news.google.com/rss/articles/CBMi0gFBVV95cUxNUnMyY1gwdXE2QzF4Q25jSldZb0gzWkdTNzQzQVoxaVlDc1lpXzJ4bWNLNk5RblNoV24tTmxRZEZ1aUtoMUU2ZkszbWxUWG02aGVST2dURWVuODFaa3dPalVqZzJZU3VxWU92U0Y0SGFOTlhwY09mbTFSZVM2ZkFQLWdtWGkweUtGdUZyTkxRTGtEampKdFVKcXp2RDE4SmxoTjFUUFVJMEhyUmR3eVVxd2tELXVVWHdYRmVkNF9pbVczdTkzODg3aURPNlRGVHp5NHfSAd8BQVVfeXFMT210UnUwZ0RDYnl2YlNVbTFhaVNXWVB5VWNsTGdtTHpmMmlmcjQ1cmVPc3FPdGptZlpVb3RzaEZ1M25kZnFsNVhWNHZOWEJzUXJoeTJUSVM1bmpHOFAyZGo4OUt4b1ZmTlNZMTFna2xTRTAyQ3Z1cUxndFA5Tl85ZXpUMXc4VW1Ecy1yWnFZaFhoMUE5aGZ1eTN3VXpER25VTllkYnV4N1UzZ1JaWlFFMU1hbHNhMWxWcnN2ekVBeDZ1V1dDamhVdExySVV1TmV5bEFIdldkc21Fa0VRNHBWWQ?oc=5,
6a8499b35dbd7dc2528910a8,f41ed651dfb318213ead634e6c7bef2202718d828b8ecfed68bfe8cb44c409e2,,2026-08-18T17:43:15.924258+00:00,metaphor_or_non_disaster_topic,The Indian Express,local,"NEET-UG 2026 paper leak: 111 of 136 questions on Latur tutor’s phone matched NTA master set, CBI tells Delhi court - The Indian Express",https://news.google.com/rss/articles/CBMi_AFBVV95cUxPOWZ0OHRxSWFnSm9ZeUZ1b1pqS2drVWZ0eTY0QklWbklwaFVsRUVRQjBmbGhxcGhVNHNic1p4SzEwVTk4ZllJYjBmOXZzWk4wNGZvVjRfMGtPcmRVbEI0dGQ3VWMyV3F3bTJuZFUxZUhsMzFkZ1Y1M0hZNF9UcnZRMk1RM3RnblpYWjhkSlg3cDJjRHhIM3A1V2sxVFRDN24wanVuVDBxT2Z0RUlVbjlWcEJNTkVqajhRMDBOWm1VYllsWmxKejFvam9sLUJkc0otcllTcnNZVlNYdXc2ZFdOY19MNGhmUWdqUncyM0lKUE9pMWhoSjZYUll1cXnSAYMCQVVfeXFMTVRzVm1lUjhJUzRSSmtSZUxUcGJHN2xTRkZrLTB5c1lxXy13djR0MXZ0dVB2bV9heFBsalhRQW1ObktJWnVKcWZaMU5lRU5NNVZuRWZrNFl1eFpxOEthLTlScVU2alVQRDg4a0s1dXdqVURiemlReThCLUlZV3JWTEl1RUVncTlLSVJmMGFOeUJNU1RHWU9wN1N6ZWw4UXE1V0I4RUFSTHB5WWp4OXI4QzNUZ0N1aXZRbG9WQUVBMTZBMU4zRXJ0em5yMmZMVDJoTFVzcTh5YVFWazk0eEdpNlBNX3BrbWxnRmI0LW1LS2kwVXVkSTM4cGJGUm5wTm1Ta0pQcw?oc=5,
6a8499b35dbd7dc2528910a9,7287e09f9b04b0563d708da6f47b0e4116b0b4c44d0490c20ed3c4e93e94c858,,2026-08-18T17:43:15.993013+00:00,metaphor_or_non_disaster_topic,The New Indian Express,local,CBI arrests Pune chemistry lecturer alleged to be 'kingpin' in NEET UG paper leak - The New Indian Express,https://news.google.com/rss/articles/CBMixgFBVV95cUxOa0tqSjV5MEN4MEllOFZoNTlBQVRSSUppb0VTaXJSRWVsd3JqcG5EcWgwSjZtLXRycHhLajJqeWo0NVRoUTBManYzbnM2MmdlTWVldjJRbWdqSGpIMDROc1NVeE9kUzk3ZDJxWmhaRFJZZGxWUXZsTXFhejg4OU5XSUVxalctUnBLOS0yUzZwU2Nzam5pRWRDTlBuVklLX1lfcFhzdjlNaDBDcnZyYndSNmRaLXlEQVlKdE00TF9OeFFtUm1MdVHSAdMBQVVfeXFMUGlVaU90T0xLbEkyLUtPbW5TWlI1UFFNaFlOczdrR1luTUlsTE9mSy1UTG9MOTZ3Z3pvWkdZSDNvUXdGLVJFNE85QkhtSnZyMW1nRXhkNmtiTGtWUUxZZy1BSGp2YVRkMk1yQjdRUjNjMEw4NElRZjM5d0otLTloajRtUEVKa0ZLMHVwanJNRzFOTkNyeERPQU5LVGtaSjB6OFlXb2djWERITDQyZjlzUE5hTXNzWGVrMkY0eXp5WXpiNnpOVFJ2b0pySG80anpGX1dlcw?oc=5,
6a8499b35dbd7dc2528910aa,4ee8c7ba37bf3835fe43e69beff573d2bec4d360178ba382d0f875815e6b5f18,,2026-08-18T17:43:16.054546+00:00,metaphor_or_non_disaster_topic,The Indian Express,local,"Pune-based chemistry lecturer involved in NEET exam is source of paper leak, CBI says - The Indian Express",https://news.google.com/rss/articles/CBMirgFBVV95cUxQWVBjQXc1anIxTmJtYVRlTkd6RTJrNlhlaFE5VDFhVUtDZUxNWkkyS1BEeUJabkFKeVhRaVhvNmVxc0lWQUZrbGRDWFZHUzNfYlZaZVpJcHU0TG9XQkQxaThSa2lzZy01TzVvbTdKQVVfLTEyczRvTnc1a09vRFE5SlhLV1pvcUpSUjdlWnBiUWxTX0ppMlA5SWpyR2FxWVp4UTZTZ2ZjS2h2d0hFaGfSAbQBQVVfeXFMT09qTkRTbTVHc0g2UGcyNzZqczNDUnc2ZG9mVHAwekZxN2J3VjJ0RWh1Yk51SGVwVVNneXhQWUFQX19PU3loS2s1LVpQNXlaaVFSbDR1aEhKRk9rS0xVUTl6ZEdRR25pcU8yRnNVQ0lHd0d3TUoxTkJFRllYQVJfQnl0aUp5Qm9VM3VQZ2k5c3dXaHhCQmZjNjZyNnQxWnJ6QW50Rlc0N2Q3SHktcEFyZlBmblVV?oc=5,
6a8499b45dbd7dc2528910ab,245c625de5e3deb0dc4908d4ad43b100e3d0583716ae7d31f6bff8d7b947e650,,2026-08-18T17:43:16.128721+00:00,no_disaster_keyword,Los Angeles Times,local,Industry knew about chemical 'runaway' dangers for years. Then came near-catastrophe in O.C. - Los Angeles Times,https://news.google.com/rss/articles/CBMi3wFBVV95cUxNalRoM01PSlVSellUN1hlNFdFcUJEeDBNWTkyeXBpQUpkQXphZ0F1SnZQcTJpcUJFZ3lCeGRZbUdjXzEzN3dFdEEyd1AyUFd3aVdWeEFLVnRfNS03OUhZUGRqYWU1eC0tN0w3VnpWVlhDZGxDWlJwNHdBbDBUY0dWZXFNT3Bob3BvNnBBdEZJX3VFU3duT2dXbWZaMlA3cjZubE1iLWhnQnBOYzZaeGZwSlF6dlh6ZjlXNG85Z1J6UWVFclhyUmo1QXJHNFZXXzJNVkdHOTBORS1Kc05GTEVB?oc=5,
6a8499b45dbd7dc2528910ac,ea4c3e9adc373108fd5fa430e98b319a1ce98065e5b0eac13b5398f5c6179005,,2026-08-18T17:43:16.200460+00:00,no_disaster_keyword,India Today,local,'I was shocked': NEET whistleblower reveals chilling details on Chemistry questions..... - India Today,https://news.google.com/rss/articles/CBMi3wFBVV95cUxOdXk0SlJUaGdnVC10QzdscnRucWJHeG5iRXFyUEdWS196Qk5EdDVEWHp1TmswWVlScXVQelNxTy1jWkFZMU54Q1doR290MG1OaTFkLXJzeGVVZVhYSjVKVmR6bUNHS0xlQWV3Vk10WkpxUFphNldnenRuYkdMZ21VVlF3clZvZjdUSUNIcThVV2pZSkp3Z1hjT3FDU2RCc0VqZ2NBNnB6NEliNG1pZ2prbW83SC1qLTY2dEdTYV8tek1zRnViak5ZQXBQTngxaVhXaXp1dnQ5RVhidGtMNUdV0gHkAUFVX3lxTFBzU05BWklPWDkxelY2alNWTUtzRl9tU3RSOFJBZV9TZXB2bHU1b0dRNDlmbk96Zmotc05FZDN0d2FTcjNnZThPNUpvX2lBSFlPZW9jWDE5RkdCQVlXbzBTR1ZPcDRPbWduSFVfbmE1YU1kWk00d0tWcGU0cVdkd2lSLUNCUVk2TTlvNmEzd216ZWUtQVJEdzUyV3kyeEw1X3IydlR6SE16cUJQTkt2N0VOaldmWTlWZVVZVmM3LU9PdlVOWXBOR0RhNU5TYXhoVzFaYXdyYTM3aHZkbmhFU3J0M1B4Yw?oc=5,
6a8499b45dbd7dc2528910ad,7062e942f5c102f494f1b61ba79939535dcb5f8441432d0921baab10736245c0,,2026-08-18T17:43:16.252373+00:00,no_disaster_keyword,India Today,local,"NEET case: CBI arrests NTA-linked lecturer, says he leaked paper in tuition class - India Today",https://news.google.com/rss/articles/CBMi0wFBVV95cUxNdUFHUkxVVnV1U3k0cEZLWERNWjZJSWF1NUlUYTgwSDVFSS1xa2VPRkVISm1MTl9jMjlqa0JuMW4zV3lCcmxGT1VNTHVwSFBuU2cwQXZJRHk0T2w1OTZkbHJqd1N4dU1tdzNfN1ZVODNaczR5aUNDTkhTNURtajJjQS00WE84YlVnVU5KWTVCcnctbngySEZyYmJXbkx3Yi0tS2thanpDdmpPbFJseW9WV3JweTh0U2hPQkhFQ1FnSEJQMmpOVkctV0xBS1M5ZGluZFVB0gHYAUFVX3lxTE41VDJacndhZWJZb0Vyd0dicWk1V0puRkM3em52Y0NCdnkzM29HczNoeUlMUms2ZEdQOFpnQk9WdUdaQnVjODIyNEVPVzhLNUh2NUdUbElTY01PLThENXN5WE13ZzdEOTRtb2VkUHNCdUtEUXhsMDhHZXJnbHJuRGtGSzdGOUpKYUNPYkhxRlNpeTJsRUFoQUhIZmJnMXRJMUx5T2F6MHVMYXRPcjVEVjdsajNack8zdm5jYTJ0cm4wWm1fRDh3clA4cFgxU0hNVExDXzFWUVA2Vw?oc=5,
6a8499b45dbd7dc2528910ae,0301cf0c6f9b4073a4ce6c34c7721b83dd6abf2b1afebdb4173358b6d8be0e16,,2026-08-18T17:43:16.320725+00:00,metaphor_or_non_disaster_topic,ThePrint,local,NEET UG paper leak: CBI arrests Renukai Chemistry Classes (RCC) founder in Latur - ThePrint,https://news.google.com/rss/articles/CBMisgFBVV95cUxNWGVJdllOVkdFd2NvSDVsNGNDajFyd3ZUTjdxSjlzMi12bDluSFNuelJRYjNiQVd2X2xEblRTUndPMVVmVDh0bDI5RTE3d2hTcFNESlFXZFc3b2lyQmx2VWZYdFBNV0RpWUxGcFBwclB1aXhVZE9maXViNWdjT1Z2SmM0NmZ6RHE4RnRObVVIaER5WHBxblFUVEV1ZTBpY2Z3YmVJOXJBd1E0Wm1JcVNadlJR0gG3AUFVX3lxTE5vSHZ3Q0puMkRBWTFMcm8tNnpUdVNyWHJnTDJXa1NKMTZna21FSWVLdnMyMjFRQ2NXNmFiS1ZQQUg0dEFLaS1Ealg2WnU3ZjZkMVhGSGo4WEFZWk4yREQySlBDOHVNa1R1Y01CNmFPM0VoNFFPYWwxOEFnUEhlN2Fid0xDSnlFSmFIUExLYXU0eXhnakRWQ1I3N0RKQnc1b05XcEJtZVhfc0xhVC00RnBvbFd6NHlXTQ?oc=5,
6a8499b45dbd7dc2528910af,a20516805ada8d39ed24c8fc9d981ee8fbd9f414507e58fd4f7f1b7b88f8acbf,,2026-08-18T17:43:16.379867+00:00,no_disaster_keyword,Chemistry World,local,Four dead after nitrogen leak at pharma factory in India - Chemistry World,https://news.google.com/rss/articles/CBMirAFBVV95cUxPSVZqeGE4ZnZhUXJKSEk3WGp3aXhWRnN2QXBfRW1IT3d0N2dPeV8xWHZ0MFhvM3RGV3RySnhIMTBfTzdOTEhTaG9lRHotcVhnX1gwNzN1RGFJZXhBNHVfeVN3eWVIdFlzb1BraXV3MXJaN3JjeVNPdnc2NEZ6aktVWmVfTUl6aHRpV3M5R0FnXzR6eTZOU254T1hWamd5MnFXVjJObllCTGd2eTZD?oc=5,
6a8499b45dbd7dc2528910b0,8c54cc968231a46c250889df6b3ee647221233ba2c17e8d5edd862340e188f59,,2026-08-18T17:43:16.430219+00:00,metaphor_or_non_disaster_topic,NDTV,local,Exclusive: How A Chemistry Teacher Blew The Lid Off NEET Paper Leak - NDTV,https://news.google.com/rss/articles/CBMiqwFBVV95cUxQRklxQy1HVXlpR3hfbFZvTzZxWENpR2NmeUU2eHRpc3J6QTZVVkRGaXYzdzRMSDBQNmFqVHZLRHBOdTZsMHd3aU5ld2oydGMtQkJKcHdIaGdCQTF4d2VwLVFPcDRxTHFSSVRNOUNQdG95RVR5N0xFckdET3lPeGtpZmZ6bnpfZER6RXdLN0VzcGdnV3RjR3JlNkZPOV9Mb2J1bjJ3LV9uNGNpdDjSAbMBQVVfeXFMT2hGWE82Z1BhV19yVzVLMWIwMGhGUjc5SV90UU1Dbi1vN1U1NFZHdXFkeklGN3VyaE1zSmwyczVTNnBZenlVTlRXNTdETFppR0xHTk9MRGJjX2toWU1ndGdXSkw5eG15NFc5cWdGY3N1YXV5NWw3d2pITDkzdk5JMWpsWGVGd1FTT0VSdVB6V3BoazhLQjB5bTVvcUhfTTZ6VVh6NVAtamJhUEpjcHhUcUk0TWc?oc=5,
6a8499b45dbd7dc2528910b1,5f6a526413e381da3c507517cd48dfed0b5b1f2795229621da38235b736c43d9,,2026-08-18T17:43:16.509446+00:00,no_disaster_keyword,The New Indian Express,local,UNSC report says Red Fort attack officially attributed to Al-Qaeda in the Indian Subcontinent - The New Indian Express,https://news.google.com/rss/articles/CBMi3AFBVV95cUxQUTBKLWY4U0dJS2F2WkF0djItRFI3VTVGWFhvUWFFYlBMeGNiUU4waEh1eVVzSTIwMHAxUUVSWXBpdkNFUDNBSjVsWnEzZkVyZy1jWjR5UXNzaTVTdEZaM0ZmVXEtRDUtRmZmQ2hfM0F0SFQzSWNaRy1BUElqM3VMRlFjNERjNm9WMU5fNHZZZ0NnaVFKM2JPZWhlbENWak5hMlNvREpBaGM1dmUzTm1GOENwSkN4bTI3Q3RHWTFoS0E1V1NSVkxaQnJtbkdETE1rZy1YMFlSYl9jMTI50gHqAUFVX3lxTFBCcTFoVWVRQ083SzhHVjFxNl9samtnZnZuenVSLUVWNHZEdjZscWp5OHFwcVFLblU5cVJ5WndvYklIcDFkdjdNbS11b0dHb2lSRl8tenV2Q0JIMmxLaDl6ZVdiZHpRYklNcHBFRG8xNm5qRU42bndZMnJYcFA0d1JicU5XM2d0S28ya1lUWG15M2tLRjVNWThackdRSzRRazNDZ3NXcmRUWF9oSnhmUndPbV9TaTFVRloxYTJwTGZZVWs3ajVjN3ZlTEMtN0QyRjFYMWtadTRwaWltZGhZcGlKZ0xZRWR5YktIQQ?oc=5,
6a8499b45dbd7dc2528910b2,ec25e1847632a0a9e37a2fda72e60735bb3c899e9f548a290d11386f3bfefff9,,2026-08-18T17:43:16.571980+00:00,no_disaster_keyword,Al Jazeera,local,Death toll from blast at Indian hydroelectric project rises to 20 people - Al Jazeera,https://news.google.com/rss/articles/CBMiswFBVV95cUxPVWRBTXI3a2p1YjV3ODRzazhhWkpTMU1TMVA1MWFISmMwUjc0Y2Z1c0tIdk9wVEV4YnotTnRMYkhiNkRxT3NucXhEQ0lWcEtmX1BLakh4ejBEa2prc3UzaEwtSUpDWGw1V2RnWDNtRzU0ZDVNRkkwZmVmN3k3RnR4eFZUVlFWbl82QUxub0JtNWFLR2xVbkllTjVQUFBQUV9FNmVPWmVUQ0lwY3BtR01rNmFHWdIBuAFBVV95cUxOZHFDNUlXNGR5U3BNU25pY1FadWFZUlpIU216ZmVCSXdoZmNHeFhOZVJtaXRxV25tMzhqWmxHdzEzQjU1d0VPcnFiZWQ1WXlWNnE2Y0xXR0Q0c0hEWnZTWXUwQUE0R3F0RFdDMmkyU0o3ekdsQXB3LWpSeTRmY2FpdExVRG9CQmtkNzhWSG5abktiWWxscFJOaHVwSjQ0Q21FeXlmOEdUaDJ5WFlERTQ1WUVNZ3hUVmNk?oc=5,
6a8499b45dbd7dc2528910b3,3cc29436188bd1ce3f6576659a942d195c06e9f24dada12aab30f617894bf486,,2026-08-18T17:43:16.625961+00:00,no_disaster_keyword,India Today,local,Colombia car bomb tests new president's security crackdown on day two - India Today,https://news.google.com/rss/articles/CBMiyAFBVV95cUxPb25QSWhaVzItVE9qaHRBV096bmU3eWhld0pZN3Y3OWNSS1o3TDRoamtUclpBaXQ3MlN5ZDlBVFZ0X1cyTlpnQ0gwVlVhejdCUjBJSFNDeGRwSjFlRWN4ZmhSX1YtYzl1bmRnWXJyb2xnQjNQRzhDSzUwOElHN1VEenkwQjNCaGF4WTZsUmF3NWhFTkdRRldHXzFDdkUtY3AyeGczeXVJeU54UWFzSHNLUTV4X0ZrMjJ5OUpKa1VkN3l2NjhJQmI3cNIBzgFBVV95cUxOUjVoa3M0TDhnWkdNYzkwVUhwWGVVd05DcmxKUkhGTDJjVG1mZW1Ea3FhR0V2YUx4Qlkyd3cxMGxPUmh1NVl6QUJrU2d0M1E3bmFsbmxSZ0NHb25EOURjdHdxSlJjdmVfNTVPdHFkVWRIMWVsMDlsUTFScm9VR004LWN3eVY1QUMwZEtfQ3RMZHB5U2xkR2ItTGdjRncxU3RscDRTVUJVZ0lBZzJnY2pDblh0UFBKLU1zMW5OZTVmTEdEZW9WWDRXM3hoN0dnUQ?oc=5,
6a8499b45dbd7dc2528910b4,3299a5bdcf791a3e948cbc979a45bd91785dee696dae37ed40ae647503f7bca0,,2026-08-18T17:43:16.685163+00:00,no_india_location_or_context,connectedtoindia.com,local,"Al Qaeda branch “officially” named in Red Fort bomb blast of Nov 2025, says UN Security Council report - connectedtoindia.com",https://news.google.com/rss/articles/CBMizgFBVV95cUxPR1I4eVlkTzdtMzBTZVFSMEZtMmNhYk5yNlhYSkJ5UzM0bnhCbWZsYVlfNHRMbC1JNlkxZWd4U252TFpOSGNGNlZMTGoyUTI0UVB1ZkE3TkFsVjhPRE9vX2VUam1pZXhkaUZLR1BDOVc4OVpjeVRWak5odm04eVJDSlRJWENjcTVDTS1aNGYwUFFjcEtyelJKUnFzRVp1djliWUdqN0lMcWRDWDRZanRwSXVGRy1VUTc0Ykhva3VlZ0FQZVd1Z0FrZDZ3N19kQQ?oc=5,
6a8499b45dbd7dc2528910b5,5b9ef56052ad325fddc4e256548c99c0d42920a6c33b3423759546c35dcf531c,,2026-08-18T17:43:16.730301+00:00,no_disaster_keyword,Anadolu Ajansı,local,All 25 people trapped in northeastern India tunnel blast die - Anadolu Ajansı,https://news.google.com/rss/articles/CBMiqgFBVV95cUxPdTFzWjhpSjloYU5SYUdzYVpoMWFDR2Vab29DYjQzbzBzNWVkOEcwUFhwNWdqUGtQRUpsR3lBWVFUejZVQ01QbWMybTZqR01BYm10ejFER0V6S3VFMGEtMUpmMVRNV0JYeHBMWjRUYks2YzhZc2JRYjBEZmU0UHc5b2FtU25FY0Mtc3ctMDdtdjJNQ3pHamdOcUtvRXpSUWZaeFJvS05FekFDZw?oc=5,
6a8499b45dbd7dc2528910b6,da0488fd14a233847e4d7e755fba8f04dd5d21017a55e1a821e35ac4f58139ec,,2026-08-18T17:43:16.776083+00:00,no_disaster_keyword,AP News,local,A blast in a tunnel at an Indian hydropower project leaves 12 dead and 13 missing - AP News,https://news.google.com/rss/articles/CBMinwFBVV95cUxPY3ZnQjhycGI3cENWVWlBU1BiSHNnbnllRWktWGlmTHR1NFZkcmVqTm1zbUtBdmNMajgzOEtNYVVYd2VPbTJqSFVOWXRCcHhDRUhPYUhhT2RMamQzMll4MWFpanlYX0I5MkhfMmgxMms0aTBYbkY4blpranZsSFluVGJUYkpaMFBseWVTbXlUSHFTZVFWR0gwYThRcGVDVlE?oc=5,
6a8499b45dbd7dc2528910b7,cfab084ac652bad1f335bcdc255c086ca144fdd2e206e675e95d81c6a50a634b,,2026-08-18T17:43:16.833160+00:00,no_disaster_keyword,BBC,local,Tamil Nadu: Firecracker factory blast in India state kills at least 25 - BBC,https://news.google.com/rss/articles/CBMiWkFVX3lxTFAtcER4WXdmLTZQbkFVU2docERuSTU1aUJuaEZWVm5HRi1OQ0FYcjd4TGZQdzVlVlMycjF0UkNXX21YUWhfck1tRXBRRUJBOHVmcWlzQkQwZnR6QQ?oc=5,
6a8499b45dbd7dc2528910b8,8402c4bb251ffbde6e46f96c33829736d5ccbf21ece2081849cbd92aeb7d5de1,,2026-08-18T17:43:16.900812+00:00,no_disaster_keyword,The New Indian Express,local,Red Fort blast accused planned network bigger than Indian Mujahideen: Intel - The New Indian Express,https://news.google.com/rss/articles/CBMirwFBVV95cUxPeVZoT3Q2ZjlCcFFPTEhjM0QzdUc4Q0xwU2JqbVJrZWwzamZWTXNfWlJCRXdlRFBHOGY5ajA2VVVQNUJ5S05oWjBFMm04QW5BVG5WZElGWGwzak5fTG9nYnl3NXI3N0p4YjBwMWVLSGFJendEZDh2SWdfOG1YYWU2a3VGM3ZiZk1tWE8yelh0c2N6X3prc2N4a3RXeGRZTjYxZWQ2bkM5Uk80dUpTT1FR0gG8AUFVX3lxTE5ONlFwWWs5RXVwS0FscFNwSTdKT3pXNzlNM0tvYWVXMTFucEdwNFRHRG04QUVycUxTRUJWRW1RYS1HcEVlWEZyTzBjT3llT19Ba243Y1p4a1B1WGo4RnJBcGVNTVlPcDRtM2FIckpnWm5SZkVVN3drUnozMFQ1Zmt6ZjNtZ3ZGU2hRM2x4RDAzR3duLUN4Vl9Kc1UzdGlQQUZPVVNKdW1PRWNWRllkMUtkRHB3X2FnUUo2VjNJ?oc=5,
6a8499b45dbd7dc2528910b9,528dc05be7cb7f2380a09286ea17e58aedd0f9fd786a6b1f8e8e3a0e6f3250a7,,2026-08-18T17:43:16.960812+00:00,no_disaster_keyword,India Today,local,"Video: Man carries bag to room, bomb goes off minutes later in Kolkata; 2 detained - India Today",https://news.google.com/rss/articles/CBMi9wFBVV95cUxOMnVJVWdZdFNRM2ZCcGJEaGdXTWhZWTdVaXVuWTFEblFCZkZZZXY3LTY3RmstblRSc1d0bWpRNFdta2dwSXpiM0x0X1g2cmxHaGVvTUdjMkM1eUh3YmhucHJzWHZfU25HVkVVSkxYTW1feHFaMHZlT204YkJ3TGg3a0RZWE1xQlB6MC1vQkh5WldkVWc2WVdXaUUtRF9sTmpTUHVLdktYVS1yMzE3cVUta1NUMmEwOHEzUEJPc2pOOXM3eUdkVmRuSWVEMV94Qnk1N2ZUSEZJeFNfSnRUTXEwNExIam00MkRkcEQtdHNlM0pTZWhDcmFZ0gH8AUFVX3lxTE5LNXN4UGhXd0JqWVl5Zkh1dG44MFFvSU0yT04wREtqTEFIY0FVUlc2SmJralFlbXU3UGw3WVJEeXNzbXNydU1URk9jWjc4Ry1hOEFIWVBjYmxVVE1KSjAzRkswMXFDMElkYUhab0kzVUhvMExjNTN5WXZLUFVtOHFZVzRkN0FJNjNDUDJXVVE5V291Y1B6WVduLUFSUzhETklCV2U5U3Y5ZXdSVjRncXFSOHkyeTFRcmNRVWZhbW5mUktxYzJBWmg3VlhUSDhjcHJPQTJod0RQODM2ay1UVWE4S3VYZzhDUUM2TTVVYmd3blRqMVR4R3VvTXBkZQ?oc=5,
6a8499b45dbd7dc2528910ba,f1a9a131356d5936683bebfa8225984b64d3236426275f704d7ec741156a6b89,,2026-08-18T17:43:17.013694+00:00,no_disaster_keyword,BBC,local,Fire accident in Kerala: Firecracker factory blast leaves 13 dead - BBC,https://news.google.com/rss/articles/CBMiWkFVX3lxTE50YU9YMDlkdjY2WDlIWm5sbjZpc2l0RF9ieXpQbTRmU0xFSXJzRmhvUkNNV2hpVExzd1J6TmRUSVZkZ1NNRld2NVRZM1NtdTJYX3FybVJyckR0UQ?oc=5,
6a8499b45dbd7dc2528910bb,59a228ca55584ddb96c2a245a616969b5838e44674460da0982be8a94a9cf74e,,2026-08-18T17:43:17.087708+00:00,no_disaster_keyword,NDTV,local,"Delhi Blast Accused Used ChatGPT, YouTube To Make Bombs: Anti-Terror Agency - NDTV",https://news.google.com/rss/articles/CBMi5AFBVV95cUxOdXZqbUd4Z0szUkJWVTEwTU5LS1Z0UDFMeEx2QnFHbmlNU0pITjJyaDB2T1ZtckZXSTlLODdubmJ2OEhZRXpFYjYwUmtGOGNjYmZMMDJNTC1aS2RjMWpRQlFkNV9RZHFWTGJsbTZFVHQ1WEZyT3dhWnByMDBydUFjdXZZVmFHU2lHaTFWLVJtRnlzbzBjZDk1bkR1dDJTU0ZOZXhIaGFsTm1iVC1TV1BUYzJiWkV3MzAyd195aWdxRmNTV25hRFgxaHpCeHh5eXZtX05KaFhmM2VDeG1ZTkRCTmlXUmLSAewBQVVfeXFMTmZtNWNFcnNHQ1RyMEhPRHZrYmVoMkY1cTJDTlFaSFVINVR6REVTbVJucWtsRnM0TEVnWEtBODM3enNibHkwaTRtalFNVlZpb3R6dGhSdWRPTWpnanRIcTRVR28zaU5HTkhoeHNTQzNiS1N3N0lTemlTWGE0d2tCUkh1Yy1oUHg2NlJ4V1VvMm5wVS1UUW1Lbk9XNGRHY2xfYkdGRmhneWp2YlFBb05PUkY5WnRMdzN3djY2ZWtlTXBlSXo2UmZqWFBzM2NtdTVNYmh2eEtHTUx6R01UVnBlN0NqamJqaW04VzlmNW0?oc=5,
6a8499b55dbd7dc2528910bc,f583aade332bdbd44d06d8925369fe75dbae12ddb4af0a17319fcb18ec741353,,2026-08-18T17:43:17.146421+00:00,no_disaster_keyword,The Times of India,local,Crude bomb? One detained after blast damages residential building in Kolkata - The Times of India,https://news.google.com/rss/articles/CBMi2wFBVV95cUxNWUo5LUdoeGR0VG1UVlJmcUN5X2VTUXBlUFd5cmNKYjdud0xxMk5ZYmNGbXp1ZDd2cEJmS3dGUnc0UzJMN2psb3FLWF9XQm9pbHdmMzFjUWJ1UGJURmRQWGR0bHFGZFhsZlhvMXg1QlBLVW1RQnBkT1FwdC1mTXpWajdCM0tmLVFVSEg5SzRjZ0wwYXNhRkdHYi1KTm5VWnU3MTN1X0kwNTVuc1RhTEdlUjNvT3VVMzR4LVFiYXJ5bk1NYVA4SzcxZ1cyUzJST0dvOFZrdmxFZWIzNmPSAeABQVVfeXFMTUJqcXBLbW1KOWRSOUZQMDJkT2RXMHNfX3JocVJKSFF4RFdjVTNtOUdSRGtXV1JNeHpFTGFYbE9obHhGOENEcWRPVHlvdTRQT0xtUmNNWDhVeFEwZW9DNkFRb0dERGR6enUyM2RIQmg3SXM3UTF5cXJQU0tjY0VFMTNUcmxYR3pLb0QyU3FFZlIzLVh5RFZiSnBBUmE3TjVRS0piN2ZkZHFqNXoyVG43MHNocC1FWUdlbmpyZU0yR2FTa2tJc1I1QnBoM2tyLU5PZloxamUzaUZ0XzdiVHhJTHQ?oc=5,
6a8499b55dbd7dc2528910bd,3e8bfe919cd68152744e10fbac66b78ce7a6d4bb4759d69e671f0684d5b64a44,,2026-08-18T17:43:17.189535+00:00,no_disaster_keyword,India Today,local,"Karnataka man sets off bomb in car to die together with ex; she jumps out, he dies - India Today",https://news.google.com/rss/articles/CBMi4gFBVV95cUxQMHhIREhBXy1PN2poSW1ySDhJZDVuYUZVUG00OXZzM0RROEh6YkIzWVBuQno0TTRZOTlHUnBXd05sSE81Y3gwVWQ4bjg2WTlHbjdROWYyUFB5RUtaOUNMVERwYkIzcHc5QThWSmVCMW1WaTlJbEt4elhQNU1wWWROaU42QzdRMXhMTEM0NDdEMWlaMjBlMy1iNTk3VjgtRXNLa1lpZnhLQmRITUY0MnB1OGVXZFMwdExmU2NGUWN5X0kzZEtaMUNSdHota1EtOVZQVHQ4VkVIM3lfZTctVE1jN2xB0gHnAUFVX3lxTE1LZFdFYTFiR3BOOEtvei1OQ0g5QTlRbGxDZmpYSVZueEhsS2pEazNIcmdNODB6RkpiWE9DTmV0VU4xdXFiY2x1TjVZT013bW5Ndno4QjJ2eGtTYU9LZE15THJkclllc21pTGVBUG5PR0E2Y0hHUUQzdzgtUVkzaFN2OEVpcFJLSXp2RFpmNno5US04dDZEVjdaZWUtX1o1T2xvc3d1Ql96QnhvXzB6bWFaM3VtTERZQnVyT1JrTmt2R05RcUpLR05MN1N1NFRTQ0ltSW9XblpPeHRDSjZLY24yU3pieWQtQQ?oc=5,
6a8499b55dbd7dc2528910be,012a8e94869d28680940976488ed184dc5a512b0dc0706eeeaa0a24406a62003,,2026-08-18T17:43:17.268428+00:00,no_india_location_or_context,The Hindu,local,"Red Fort bomb blast case: NIA files 7,500-page charge sheet against 10 accused - The Hindu",https://news.google.com/rss/articles/CBMizwFBVV95cUxOeDhfdm9CNmJpd0hMejdFSFF3ZExicDIwVDBLeHZ2MFc2a0ZzdXJmd014TEJoWUx0VGpTOERIUVk2WVR1dGxRclp3ZVdfb0tGbEpDRzRRYWpVcnRINkpWdUFEaFNVb25ZUmNkVTNNeDJfTldlOWFJMjFSRG1hajMzWDZDLXBQSVRHWW0wSGwwNGtMTmRDTHJUSWtZVnE0QmIxSUpGOGZBM09zU0dkMEdzRW1RVXpjTFdPZmptLVV2dEVqYnNDVFZZUXczLTBJMEHSAdYBQVVfeXFMTmhrVlBzMG1rUmJuUFM3c1l5LXhvVDYzR21rY0plc0ZxYlBiZ3ZkLWZUckVocXJMR2dUZnFtWm5xdEhHT0hTYzgyZFFORXZILXc3c0h1OEFMeEc1V1dxOGl0OVItWFhPRG1OSTI3UVVpQU13N1FYazZKS09Mc2k1NGlVZlUyNUdVX3NTVWxhM2M5Qlh4UW1aV2ZTQnA0MmlITUdhazUzQW1PdTJNUmFVZS14WFVfWjVGVkhuTW9aWlFQdUpuWWR2cHpQOW5BOThjMGVMZGJNZw?oc=5,
6a8499b55dbd7dc2528910bf,ec485db73523bf9eb76cf6c2b950c4beb59fa1240fd48de5dddbaefd8b605642,,2026-08-18T17:43:17.316316+00:00,no_disaster_keyword,India Today,local,"Red Fort blast case: NIA chargesheets mastermind, 2 more; 13 accused named so far - India Today",https://news.google.com/rss/articles/CBMiygFBVV95cUxQVWYxNFRzTUNsWnFYUnFyR1NlbmR5eUE0ZWJUWGZPTlZqZlgwbThLMUI4MDFuOVlib1pYejAzQ2p3OHcyUnh5Z0E4dnBiUHJuM2l2aldoeXdBV05vSXZrRk9PclhoX09kUE0tYzBuWHVRem9BYzdfaExzYlIwcEd2ckxjd0FRV0pGall6ejRoMXlUNnhfYjRkOElFZmc3RnNzMzQ0ano1RUpjQUxLTnBoclNxdjZORmJVRTIxR2sxOGhhdHZBMDE4ZndB0gHPAUFVX3lxTFBXZW5WN09CVm1ac0NsLUhJQ0VQZUZ0WWxoeWRKekpkd3UzWFphd0E0SWJGYV9CRmNsZ1VtU3lNV2l2dTVIVHpHOU02R0hSMXBEQmhrcFVIaWY5ZERxZFFZQTdYcmVaMXBVSkJueHlGbVM3eGFWOUNRbnpaeWExNUFKX083dzMtNWo3RnVJQURma0t3d0I2WXFUb0JwWm5hWWRaYjRjSUlZTngway1pX2w1LVMwVTlIRHBRU3M3QnlydW9pWmdYc2wwbmFmZzY4RQ?oc=5,
6a8499b55dbd7dc2528910c0,2acbc7e87e9c2dd33865446755bfcfb87e0335c092d3eb03432e4adadf4d0378,,2026-08-18T17:43:17.376391+00:00,no_disaster_keyword,India Today,local,Monaco blast probe begins after family targeted near French border - India Today,https://news.google.com/rss/articles/CBMizwFBVV95cUxOYXNkOFZZQ0U4QjlBc09QdWhSMm9wNklPSHNSdzZpZFlwZlBQYTAyN3NwUml5bEtveWxGNDYtY1V0S1kxOGtXdTBManh0bHc5T1dkMzdxd3Jqc3VHeV8xbkZzVjltTEg4VExFcURZS1k1S0RoOVIwY2w2OXNKOXBqOWdYUlV3aW1tczBBdnpieGUyMUstMmJCN3pjYUU4MEg2RGJRZ1Jxd2F3WUx5TC1MNU9VWmtWcFNveFcwTmJCczExNC1nTEE4RVUxWXZBd0XSAdQBQVVfeXFMTlM5Q01XeHFQcFc1ZGhYc1RuYnRCNjlkUzRnMXJ4Z2JRSXVYU0RjWGN5aVRHUEJ3LU1FRlE4Y3FkLTNRSkxFYTRsQU55V1BJSDA3TjNIR1F1MVNGbXEwTWdlSDZ4MmJ6WFB0TUk4MkdTSXJzbGJjSlloamlZN2V1OURLMVlLbWc3OGNUU3RqY3hhUDhzODI2dXVvVXRaTUhrMGhkSUpoV3JWNDhTNzlFcExtTVFrQWNBQy1pbW1OeEhFbWducllZVXNOdTdZY1kwXzhyckg?oc=5,
6a8499b55dbd7dc2528910c1,5954711c07b8bbc40af623b57285313d4cb1d642eba5222b41a9221e1b616cbe,,2026-08-18T17:43:17.453407+00:00,no_disaster_keyword,NDTV,local,"Behind Red Fort Blast: Fake IDs, Online Shopping Spree, Homegrown Bomb Lab - NDTV",https://news.google.com/rss/articles/CBMisgFBVV95cUxNUjJSZlFmaThtcklkd0pVc1JQTFlEbG40WWRjSkpQOU9jaGk4SGRkVGhEb3YxSVdGQWtiMHlPVElYMDNwSEVtUGpHUXZqYTVHT2xYWGlvZ3ZsalNkSVZPOVFYX2hYZHpwakN6dHdTVS1iYUxURlBZQjgtekVkUXNWM1ZTeFp3cGQ3OFlnemlfSUgyYmxhd2JSdWdnRlZYZUtNY3B3bl8wTnUwbC1SR01OQi1R0gG6AUFVX3lxTE5uN1dleVRmTjFLMTJPMEIyd0pfSW5ZbUVJM09hRjFVOWU3eFl1b1A2MnFERXhLMEJOcTJlNFdrMzdNMlk4N0k4dDlCT1pVdXBXNU16QmF6ajhYYmZWSTQ4MTZWOUk2bVhEREJ5SGVOMmY3M2xWZmVreC1WTVBjWXNTWkRCQTdoSVdJYXVkVGVhSUFGT3ZObzV1a2FlZHplNlV1cEwtUVl5cElqSlFvQ3FZOW5XampZbkM4UQ?oc=5,
6a8499b55dbd7dc2528910c2,13228b03b410c33b655f8921d92812e8fbe0febb57077700593a84e61605499d,,2026-08-18T17:43:17.861418+00:00,no_disaster_keyword,Firstpost,local,Globe at a glance: From Damascus cafe blast to Takaichi's India visit - Firstpost,https://news.google.com/rss/articles/CBMiswFBVV95cUxPekJRYl9ZZFhsaGVfUkxNc1hmcndiaXJqckZ1cnROOVVSVm13U2pXOEdhak12aktOV1JHdlVNWVVmak9wel9idGRjd1BJZXpMdjhmN2g5WVFrcUtnT2JSb3J1ZU9xb2tTYzVFazVrTkRmSjFZUWlSWGVUR2hoV2xENHRNTnN1bFA5alNUdjZ3ZXJTdHRFbXctZy1wWmt3TUpBR3ZER0hicHhpRkZjWmlnb1ZPMNIBuAFBVV95cUxNbDFYM3pUM3h3ZjgzQmFfTlF1S3R6VXU1LUFWdjRFdUhYOUhhSTVjMk1uYnpiNGh1anlMejJZaVo5TG5zTHVzS1lxNGplcndHMXY2ZXV1NlAtSzFsMkpGRlFYNXV6Zk9SRnMxZVp5dkltU0c2S2dIWEpmX0VGeUFWcTdEeGJiT1JsZng4Rk9CbUpEVEFVMm0xVUJSQVgwenZtZTVsMjNGV050UjBmaHQyRERWbVB6R3g4?oc=5,
6a8499b55dbd7dc2528910c3,431fdaf8d1397a2ab20376b3c67dd2c3df681a4e526f9c958c01f9df5361d162,,2026-08-18T17:43:17.913509+00:00,no_disaster_keyword,NDTV,local,2 'Blasts' In 2 Hours Outside Punjab Defence Establishments Raise Alarm - NDTV,https://news.google.com/rss/articles/CBMirAFBVV95cUxQb1p4S24xNkdMWlVGajd3aDZqeWxBQ2xhSUdWbVBOaFU0T212WGdKdG1lcDM5bjVwZEl4TFNEdG1SZF9UTzJDcnV0anh4b3JQc25GSE15clJTMGpMNmoyQTR0M0oxTjFrUUdpYWlXbFdCSXpPelZkUVVOUTdncnExSUx0UjJrbDIwbWEtWkZWc3RaN3A5WVZZN3hjY1BmTXBSeG5qOHAtZGc2OWpu0gG0AUFVX3lxTFBVQmFxM0FzVmFvRjA5WHNlWjRRdHhlbXNyNXFqQ2pCMjN5T0U5azhEMHlmb2VGMVNCb1ZmLUI1ZU9iMjA2bUFVZGlnRDFiVmd0STE4T2Z3MUY0Q1pBYU84dG5UWEVCTEh5RjRXdDA0alZCWkpqQlN0WEQxemFtajlXLVgtc1d0ZE9UWUU3WHlZRzdRUzJQZkRIUE1qaG1OU0NNN2pVd3NUNkVUbVFLLTctSFN0Sg?oc=5,
6a8499b55dbd7dc2528910c4,086b552a74b5393388b39a9bc7427ee7f45cde6b1f8e8ada2fd7712df4654bda,,2026-08-18T17:43:17.960461+00:00,no_disaster_keyword,Telangana Today,local,Tumakuru taxi blast: Police probe country made bomb source after jilted lover kidnaps woman and blows himself up - Telangana Today,https://news.google.com/rss/articles/CBMi1AFBVV95cUxONXo0NEhxWksxVnVtT3ZhNGYxREQ2VnZwREUwSkszRTl1UEh2dmwycnRPOWlaUVZmYmVHUUZIUVJSWTh4NHVpTFRORm9lNER4d0VsX2FvOVhVYV93NmtxdjhyYW9zNUQxNlNmczd6dW5IaW5IMGRUUEJua2N0U1NCMnZpODI4aUVENEs4amQ5bEhUMFdkX0JLR0xfVkNTZ09KV0RpbTFjZVJSa3pBSDBzUE0xaGpQYkphQlRfUHd2T0dPQVY4STRDWWR5dnpvWldGSWN5YQ?oc=5,
6a8499b55dbd7dc2528910c6,550a39b18dccc2b0cd0f393927df475882c28f228d45a87717a234b2ddb03ac8,1,2026-08-18T17:43:18.025375+00:00,"The disaster occurred in Indonesia, outside of India.",The Times of India,ai,Indonesia earthquake: At least 38 killed after powerful 7.7 quake hits Flores island - top developments - The Times of India,https://news.google.com/rss/articles/CBMihwJBVV95cUxPV0lfRlRCMW9LTlNFc1hrTE1qdmRpeV9Oa184M20ya3ByZkczMTlGNnRaZzNjR05EMTc4T2F3UTNxTXo2VlB6c3NUZlVvQWNacGxGRHJYRmlYRkFWUVZ6OVB4TF9ZaHdtYkw1OHJ3bHI3clpnc1JGRUtVZ0FNSHR4SGI5M05YQkxWcEdaVFdtNFN6ZHJ2Vy1NbTBFX2FVRUgwa1lKRUNtLTFYZDcteDI1NTFCS0JWZGhvYi12cl80NmYyNDY2N1Z4THhUY2hzek9OQWJXckN2bG0wVkR4czhvZ2phMjVhWWlfQmY3aUR2VzJmMmxSY08xaXNzaXY1ZFhSVGEtQnpJUdIBjAJBVV95cUxOYWZibnVoRGFkRkN3NFNGM01hM2RpUm04ZVl2UlliMEFhWS12Qkh3SjBmUk9SV3JQRS1zRWNfSFlkS1luako1MlNhdlBibE1NN0RIRXZ3U2JpQS1vdVIyeFVwbEdKTTNISE01NDhCQUNDSXc3UGJyRlVIdFJBcHFYQjN3YVZRYWZwVTdXTGpsRl9TeUJJY0ZVTk8yTGRoMlVYdTBSQV9DZGVSelRoS05scXpNTkpfb1pBM0d2dDFsYWtTM0ZicmpIR1ZSS2t2cHlXQk8wbWdLSWNXYkw0bHhKaDlyUkVaZWNKZXo4UWVrRjRhOXc4Y282NUYwYTFxQ3F3Ul9ER3NCS18ycExP?oc=5,
6a8499b55dbd7dc2528910c7,355be22c7998bc2e3e94c0156a2491f3baf760806c5df5c55fa3098e4ff70387,,2026-08-18T17:43:18.028372+00:00,no_india_location_or_context,WION,local,"NIA files 7,500-page chargesheet in Red Fort car bomb blast case - WION",https://news.google.com/rss/articles/CBMiswFBVV95cUxNdEhtQ2s3TlZBUTNpZExtcURqSkttTUhKLURkTmVFcHlzeXJlaWY4RDlvM2FhQVhteWxCQlE2T1hiNGlzTDBja1ZwWFRJU09LVlh0bjYzenYtOENpSzNCaXZiY0xOQkk1dHAxLURpbS1HenZSVmozTHdKaVRDUDJxQWhxX1RCSEN0V2ttWE1yaGxkbVZOcVJSRXhhcm81MVNvVmFrSlEwblcwYl9vUDdxLWd1c9IBuAFBVV95cUxPdXRPZi1neTZHd21MLXpSNjg0ZGJoNVA0ZVVjMWM5eUg1RDFyYTh6MW1LVE5zQVVqREZaZEx3anQyRU92bW01LXplczBESUhYYUppdG1IYUNMU2JmWjlDM1ExeWR0QllYcmhQdTl0clp6b2lBTHJheC1zeE9HQWpjem5DRUtDOEFWR2NUc2N3WFRmNVB2cUNDY2tzMnB6bUU5UGMtN3F1SUd2WHIzV2g0bnB0VG9CMEg2?oc=5,
6a8499b65dbd7dc2528910c9,930686748f3fa29891afc530aba2092fa6a00e03e49a307463e6114c40138c65,,2026-08-18T17:43:18.109457+00:00,no_disaster_keyword,Telegraph India,local,Ministry of External Affairs coordinates with Qatar to return mortal remains of 12 Indians killed in blast - Telegraph India,https://news.google.com/rss/articles/CBMi6wFBVV95cUxObXBWOF9rN0p6Q3NKQU5aeEZCQ3F5SnhYZVNwUDJ4T0QyV1hIemdzeFRXSWdwMkVKTWpXazdGc2JsTy1idG11NDZaQno0bFNlMVdFWnJTRmtFTmhRenFOeFZlUVlHTlJ3RkgwQmV0UUpzUWNqc0w2Uk9vUnFFV1hMZjhqRHdBZm5PVnNWbDdhSUlybUpxNVlVU1pmamNoZlN6Xzd1dW9pdncyLVptY3dsUzJOdEVlNllPMURKRGVaTTg4ZlZMR0w5OFdVNUpiLW1wX3NFcEFNWWRfV0g1TGtnSmdCUjRRUHhZRmJR0gHwAUFVX3lxTE5rakdrMnZrUjB6UW1OdHZFbjNxWnp0SHFPZmRDMk1FMHBjeHhSb3k5dEgwSHFEQlhqWDZRWWNzMEpGOHBPTmhPMThOTjE1NG5DdTZvd1c4dVprWUtaX3hqNzRuWnYyUTBIR1oyZ3BwdlRXdndSbmJDN3FhOWZ4bFhhZkRBRlgzRDdyM3p6R2xFV0tfTm9rMlVSM3U2WFdfWW1lX1JjOWVIVlhLRzZaWF9WaVpSOEdXOVJRbXlJX2VHeWFyYUpKdmJEXzRXRVZYOFhSTjktWmZwUkhZVWhJV01BdTA2OGtCOWxiNm9zelVRcg?oc=5,
6a8499b65dbd7dc2528910cb,fe2917a679ff3338ceeb74c04c43d3aadf1e2840eba4be20a7024a3f646e69c8,1,2026-08-18T17:43:18.160177+00:00,"The disaster occurred in Indonesia, outside of India.",The Indian Express,ai,Indonesia earthquake: Dramatic videos show buildings collapse as 7.7-magnitude earthquake kills 38 - The Indian Express,https://news.google.com/rss/articles/CBMisAFBVV95cUxPWVZ4WlZzTHJfRWRHU3pGZkNoZTg5UmJ4anVjcFk5Wm1Zb1lUOElKTXdCazhsVjVhQlZaWTZsT2hMY3JFbDc3Ni1abXNFNk9Ia1hvUnpwbVdjU3djVER3SEFCcWlFa2dOM3Q3WkRvWEszcnU5WUNiNjBUTVVuTWFkaUxQMGV6eUZQS1JydXFzSjFYTGVINDU5M3BpQ1AyRmlPb29MR3dKaFpidktOUkZqbdIBtwFBVV95cUxNaF9mOExSTFEwMXU5Qk4xODVDMTRHNTNXdnlMRXI1WFFQajA2OGNIMGRKTW51MlFWMkEycXVHX1BINHRhZUFyX1lodmhZZVJ1R09Wa3RpcUhKTzJITW9IUW5kYkV6eGdXVlZhQnFab2NyMGlkRGZzUEl2STFpVWVVR01ySVhXNExSc0E0aXlqMzJqczVuU2s2X1FNSktmX01TNE9DenRkTnN4VmdqUkhEMUxPMllja2c?oc=5,
6a8499b65dbd7dc2528910cc,e63be36eafb4dbc5cfb826a4af9486906333ff7301ec737d8f5df219792dceef,,2026-08-18T17:43:18.166185+00:00,no_disaster_keyword,The Times of India,local,Arrested ex-TMC MLA Saokat Molla key conspirator behind Bhangar blast case: NIA - The Times of India,https://news.google.com/rss/articles/CBMi3wFBVV95cUxQNmVVYU8wTlc5QmdvQ2lYWnlYUkZiWlpwTUszQTVuN2pxdC1MSThFZ3otVmhvLThEQm16TVNqdEpOQjJUMEFtZXJYSE1WeUNrd1VyQlVzMy1MV29pR29RVzZxZXFnUUdDNU5STVI4b0Z5cGluRnpqTDhyd1hCMF9nZ0ptOGo4VW1pa2RUUG9rMk5wZ3o3Vk4wUDZ1VzVzbGliRG1OQ09QbUIxS3lGeUVJa0Rrdk15akhoTC1UQUQ4Zk5wWnlMTjJkVmdBa09nUzZoa1dhZW1XUTkzdXRiSWxZ0gHkAUFVX3lxTE03OEh2TU9raVhPT0NtRE9wZ21RRmUweVZyeWo0em9OQTZKYmhVcExrMTZKN0Z6NEJOTUpDNGxTakcwQ211RlFYUnNIS18wamtoQUZlMzBORk5pWlpVZ3JXYXdnUFhkSDF1M3ZPQkUwYzYyTmI0dE10dHBnN2xmbTBCNTNGbjVzVDkwUlB5MDdyMXlUVkg5ci1ERUhSUlN4REN4UEpFREpwcWU2VUNlT1VSZlBVMzZQZHBVaHM4RjBiRmQyMnJBcUhNNnFzS3BYVVpYc2w1cndPUWcyc0ZTa1hBU0p3OQ?oc=5,
6a8499b65dbd7dc2528910ce,d6a1ce8df59419cd62eebc42d03ff4a3603e1bc937ebd6aa25b40bbb081fa888,,2026-08-18T17:43:18.219919+00:00,no_disaster_keyword,The Indian Express,local,3 blasts in less than 10 days: Punjab Police face mounting heat over security lapses - The Indian Express,https://news.google.com/rss/articles/CBMiswFBVV95cUxPcHJEdFZsdFZvdVZWRklnWDJmWFRkNExkU2FrdE4zV2k4TkxWNmY3c09Od2RvV2Nqb2ZGcmtzT2t6aFh0Vmc2YXduaS1GcWxIMUJLQWx4Smt4anRER2pLN1Ywam44WUg0YXVNUk1GbF9nUUJNbGZ5amZ0UGtxV3pVcDZiY2NrWkNiMFl4STM3a0hmdGZtQlRjS0M5UVRJTXVtbWl0dVY4ZHl0R3JQQjZHREpDY9IBugFBVV95cUxQVjBmdGhuLVg3dFdVXzJOS2tDb3NJeTZNTi1jRXBVMUFXSjRJcVpuYW8zQmRlaWd5TVhhTy1GVDNDWl9vQUJvVm42T1J6dk9vOWt1cFJNWTNnMHltMDR3dGZHSkR6MlVNWS1ZdGR0VDVqOVBfQTZ0UEI3YThGelFQYy1OLVpvQm5pT2R5UzM1Z2tMOS1yZ3Z2emRCV2Y5SGFIN1FubXlUYnpNRVhsclkxaVI4Z1Y1T2JWeVE?oc=5,
6a8499b65dbd7dc2528910d1,b59a277c562c3ae2bd7274d47c47e3443f6bbfc5fcf9090857414627b39c4bbe,,2026-08-18T17:43:18.284176+00:00,no_disaster_keyword,The Indian Express,local,"Trapped gases triggered deadly Vizag Steel Plant blast, says preliminary inquiry - The Indian Express",https://news.google.com/rss/articles/CBMiyAFBVV95cUxOeWdKUDQ0dlVKRlotOWlqQUVSWWpRcGFOcUpVNnduQWNoTTRiWVRDOTFsSDVGdkdTek5GSmFadzNyUnVkT0ZqbmNoWnBqMXJybFF5TE1mMXZVbFdiRnF2ME9abDlteGZKZ1UzeW1tVk1EOUZaekJYZEk5UU5QN1plZWY5SF9LXzl2bi1lbFN2RmppQTdQLXNTamlTdEI5Wndaenh4cTdlNUk1T0tPWGFoaUxGQkx6dHRlZUIyYXVKS0d3WjRsMXlRV9IBzwFBVV95cUxOZU1iT2swUnd3UWthb3Q4Q2F0SnBxaXV4bmRmeGsyRFE5dGhRYVlBZlA2Smx3c2N1YzVwbGNhcmpzSmxmdVJLaDV5MXlTcUVmSWhpbWNWLXBGQTVzU2dhaHZ2R3JKVWM1VjlzcmU4VTNDUnAwVnp6UzRsVnRwOTIzbzQ2R09OVTNKc2wxYzhseXhqT2k1amN2Xy1zWXJZUFd2WmZzSFplWDZmVG9uYV9LY21jX1gwZWNPVF9fbUkwMVdNeUdzSXFqRGhXUzFOZ0E?oc=5,
6a8499b65dbd7dc2528910d2,d0474310ab5fb57f602a880368c5e4f11f025cafe08cb90943737dcce459c4f4,1,2026-08-18T17:43:39.143356+00:00,low_quality_score_4.5,The Indian Express,quality,"Indonesia, Colombia, Venezuela rocked by massive earthquakes: Is Ring of Fire waking up? - The Indian Express",https://news.google.com/rss/articles/CBMiuAFBVV95cUxNRVluWk5sZWgzYmVnMG94V0hDZnVicGxpZ05qUG9MVGlRejVnbjYxMmRkVTFKUGZJSGV0cEMtTnJDb0pNUVJzV25Mc0tuaC1ROGx2eHQ0LXJxZ3dnaGFNMDlrS1ZDV1lBSjlzZkJvNU5SOHJiNWtVR0tvUjlXTGlHS3FWNXlzVHFMZ3dPMWxVNm94cGpHc2RhTDcydXZ0VjExSGpJUlJmbnF5d1VZVXFFNGRvQ2MxLVR40gG_AUFVX3lxTFAwc1BYRi1RcWxnS1V1UHA2MjZVc2F4WTVieHlXdnJEbTBYUURCTHpTUEFPbWZHNWY1Rkpha0c5Z2JlU2phaWFKTGdfeS1uWkVxUnJYM1ZKdUFfcXl6aFNoWWo4WldQU3dHS0NuWlFuODIyRmtMeWFJSlJTUFVDQjlKZzI5OHZhOE1GYlNpQUxQLXFkVEhmRWUzUm9sR3JvWE1Xb2xrZVV4enJ5eWlscVh4M3JIbEtueUQ0UlB4OGhJ?oc=5,4.5
6a8499b65dbd7dc2528910d3,a001807b48c1744d3a26be314ad8d690662a74c5435280cf2493575ed08303f5,,2026-08-18T17:43:18.344794+00:00,no_disaster_keyword,Reuters,local,India Vedanta power plant blast kills at least 17 - Reuters,https://news.google.com/rss/articles/CBMitAFBVV95cUxOQ1ZtYlRfaXNJNkNCbzhFYzZ1X2g5Um5FRTd3Qy1EQ3FBellhQjR6YTlFMG5IYzRleVl6N0FSa2k3bHR4MEJ2Qmx4RjVmcVdmLUtCRjhGM19MN3VLdHpvSHBJMnQxcDZDSnJPMlVqZFdCbGstLTFlQVJyLUFLc09Rd05tSmxvdjVBU0JLSzJSNVhPeFJ2VDdaLVhnYzNPcGxPVUp0NGRjMklhV1FMek9ZdDFWb0U?oc=5,
6a8499b65dbd7dc2528910d4,166a2cc4cb8509b308f9092fc9ce47207931a7fe0e260e018da22b37b5cac715,1,2026-08-18T17:43:18.360476+00:00,"The disaster occurred in Pakistan, outside of India.",India Today,ai,Lahore building collapse during birthday party kills 11 in heavy rain - India Today,https://news.google.com/rss/articles/CBMizAFBVV95cUxPYmhXeGpZSjZUdGp3bG9HaGJXN3VVeGJybkFoNDBiSHJDSElMZEIzdFF3eGR0QWJUdDZmYnZfNWdSaFRHYlZ0MXJMUkp0UHNRODBFNnRhUFBreTVnQjBvSVp2cXNTOUk5SHlUYk01YUwzWi05blVTWm9paG1HbTBtTWRGV3VPUU9FQ1NoaUl5bG5BMGZqanhuNnJKWEVIVEV1ZmFrNDNCWEdzOEZyemFCU3h3cHhnNFc0SnZnV3hxOTdDNGNnOXpQekM2Y1LSAdIBQVVfeXFMUEk5NVp3Szk5UnZzbklDa1M5SzdmVVZEc0FTLW81RTE5MWQ0X3RsdlFYNUxpWXNlNnd5a2Y5a3FXLW0zeEZsMFNrOF9Wd2tyYjV2R2JTM1JUdnhjZHlmQThVRzBkYnB0T1E3V3VaNWtFVFhuM0JjbjlYaVVtOUFDM3ZDUVNuQS1DLXRVdDltYjZSRy1PT2kzM3pGS04zem9MbXZtcEJwQnhMX2hMamJYa1BqbXJrSV9raGlMeFRQbnlnNFljNnpoaGhnWExORERWam9B?oc=5,
6a8499b65dbd7dc2528910d5,52819324c11f71a9373df162b9ce1799ed8f5da9e38a8046a76d732b8a902fdf,,2026-08-18T17:43:18.388337+00:00,no_india_location_or_context,BBC,local,At least 13 killed and dozens injured after Qatar gas explosion - BBC,https://news.google.com/rss/articles/CBMiWkFVX3lxTE1GTjBmUTFuSVpwelR0UWl2aURNRmxCVHA0SGYzZklHU1ctOUIxUVlkU1AyaTNseWdrR1BmbnpraXNINjJ2SEhVZldGbURVeXFkZUVRQXVBUVhzQQ?oc=5,
6a8499b65dbd7dc2528910d7,311f6437a6bb554e2059ae00b72c77926b8854b53cf22ad4f1d071d9f15f9989,,2026-08-18T17:43:18.431041+00:00,no_india_location_or_context,The Economic Times,local,Bangladesh bomb blast: 3 injured after explosion at student-led NCP rally near Dhaka - The Economic Times,https://news.google.com/rss/articles/CBMi-wFBVV95cUxPMlducVVfNUo0bW9YZFlUWWdFUERsX1JsUVZ6YVMxS2NrWjNHa3JubVFJTmJCS0ZxQ1BZYTRXcUd2ai1tUWZtX2RMUWxHenJzZEVVazVwVWU2QnFUZ091T3V2aVkzUWp6MmY0RVA3b2lyWi1WNnVfMTY1QkYxbTFKOGdFa2FTYmp0SlpXZ3Q2OXplV0Zub1ZBTDNjTW9Rbk9PY0d2VE5GVGNqTzJuTWl2SnhtcGFHY0llSUJtSjBFUElPU3B1NzM1c3hfSWYxZ3NfMGg2cExLMGZXUW9WT1RHTHVtT1pRckwwdTJtakE0clVPeG44bjRQRXpMTdIBgAJBVV95cUxPYzFJazAwbW9TS09QRUxEVUVpSU02ei1QYmdTQXRsNnA5aXR6blQ5NmZfTHNTSjdJNzJjUTZQcmRfeWdPeEFnUmhZWWRQekduWWFKRDdjNEVmdUtZRWhFQU4zSkticlRjSjVTRXJXcTNadU5PWHZUU185TldEcGdKUFkwWHBFbVpDZ1lsbjUtN2hFR2VRV3pJeGJ5OEZJZTJkR29NWUR6UkVMNUF5dWtCSnMyai1GQi0xWVlRWHU2R1kwd0xhcjRBamdxTGJfalY2MmNaRHZHX3NzNTdoczN4RENUY1RVTWJhY3ZITUFHbk56eDl6ZEJRLUJfc2Y2ZTlt?oc=5,
6a8499b65dbd7dc2528910d9,40b01339f1fd75c0a90377dfa391134a134b90ce1252fd7fbf5be7996daf851f,,2026-08-18T17:43:18.474875+00:00,no_disaster_keyword,India Today,local,"Massive blast at retired Army subedar's Rewari home injures five, one critical - India Today",https://news.google.com/rss/articles/CBMi1gFBVV95cUxQUmFrRXg4VndqczRHZUg1eGRQWUFyRTlDNTVrdUJnZE5rTGJRVkdyZzAyaXFpN2JTRG5ubkRGS0lUSklNNzlWUGU0N3JqWGVKYUZpWm9UVFFRS2V6RDZYaVE1RGFrdzU4LXFSejVmYUdBcUJsa3FCcmszRi0yMjdEUW10S0RFWXk0VFRGS0ZPSmhqTFdzSXJLNklFUFFvQXFsemNsT2VlcUJzNXYzRnMzdWFUaHhmM3ZGZnJfNkVCMWotZkNjT1NmRTFIenF0eUZJQk92bXlR0gHbAUFVX3lxTE01cG51TWIyYXJSNXZ0T05zMVhTX1ZNT2pYbC1Bd3J4U3pKM3Z0T2V1a3FjcjJ1TFdkMmI5amJiamtxYTZFazAwLTZCMmJVUjg1X3EtQk0xWmRVdC1zalNNNTNYYkx5VTBMejFYenlkM2VKUmJBYVJPOUtJcVc5OEtkeVh2ODR1SkEzYm5OX09zeG4xako1SlVTam5yaXNzTEEzd0tTUlBDLTN3NTRacUdtR3NvVVRRTTgtbkQzVEMzblgzeFZ2ZnV1NUtZeXZTV09zVk5OZ0tUdXlrTQ?oc=5,
6a8499b65dbd7dc2528910dc,fae9f3266b1af45e0b5f10b90622cd17f199d9473d0b5f780f2372fbb4d83023,,2026-08-18T17:43:18.529903+00:00,no_india_location_or_context,ANI News,local,"NIA conducts searches, arrests one more accused in Bhangar bomb blast case - ANI News",https://news.google.com/rss/articles/CBMi0wFBVV95cUxNZmwySGVYdHdBQmhWZWNpQ2VhOERBMnZEN3JmUml0TkpQeGVxU2NjRmhtcDdUWXg1NGxrNDg0bEI3Z3lobWJlNG5mMldGc1N1N3kxdFk2TnJyRGVOZkZzSG1LWEJzUEVFbklpNmZLRWZGdnlDNTFkNVhlYy1kVXF0MWdjbU5sNHpEM3MzdjFZYzYzeHR0WDZpcDdLUndQcGxtM0pZUzVIbGFaTWdPdGhLRGFkLWhKNjRSd0tSRnhYdi1HaUgwakxVWGREVWFoLU51OFhr?oc=5,
6a8499b65dbd7dc2528910de,51f74530e7be248fb18c542a2eb609c861a7e884491e7919059e64b56873c435,,2026-08-18T17:43:18.575470+00:00,no_disaster_keyword,Deccan Herald,local,"'He's got bomb': Man killed in car blast near Tumkuru; suicide, botched kidnapping bid suspected - Deccan Herald",https://news.google.com/rss/articles/CBMi6AFBVV95cUxPS01pUkg1NmU2NG5BazkwRTd2Y01rWkp2QUEweTBTVmdBZDZDTzBXM3hrR0h3QXdPM2hSbXRPM3JkNkN5SUFRSy1QUDNqT0RPcWNkcEhTOG5QdlQyeGVySzJSNXJubXdfZkNTT3U5MHVtbDRPU1FoUzV1S1JXbVhQdGNZaWlHaHBpRkVPbGV3R3pzLTZBM3dWMmVBUlE2SnNIN2ducFlzc1JIczRyNHNWaXlGUXE0NHJJc0RVUHpET1Z1aExqQmE3eWhjUVozNmMzM1Fud1FtWnZPak1MUTctcXVLcXpQWXZN?oc=5,
6a8499b65dbd7dc2528910e0,6d439de87b2e04a48e6b4b6645f871bdcbc07a1bc814607ba2a603063604fcd1,,2026-08-18T17:43:18.623195+00:00,no_disaster_keyword,NDTV,local,NIA Arrests Ex-Trinamool MLA Saokat Molla In Bhangar Blast Case - NDTV,https://news.google.com/rss/articles/CBMipwFBVV95cUxObmlMdFJFWU1rMFZzeGYtdVNfLWZoTzlZLWF4TDdvbjZMeGFBa0dWaG9BQkdXVk1NdWJzcU1yNndIX2FJUllCelRFdHhydTJiYTRCVzgwRnNLVmtuSUhtaU5RUmVCcERtUGVHd2NscFFjYlFONUJ4Z202LWZGYW5MT2JHM3lTNW9SVlA1RDhHTTFuS21EQkl5Y0VMcWZOaVR5azRnSWZvSdIBrwFBVV95cUxNc2Z3Q2FYS2Y0RWF2ak5sbW5QX2ZzakJvMXFDSzBVYzJPcmZDUko3Y25LRTUyNzNtWHE0eFFISklZQjB3R2p5cHpSVTF6dXFNcmlSZlY5eXBpSTFfSnB4X0Y0bzFvQTNiNUN0ZnZ3OGZYeGtJMGdqcmg0SEc3Z3lobkIzYkR3VUVxRF9SZ01vakhicGxoTWdDbjBoOUZJdTVLU1A2TS1YQ1FlVzhoNlJz?oc=5,
6a8499b65dbd7dc2528910e2,778cf8264a23945b1efe5790ee2d30ed2a2b31e32d836fe5168914639d166c5c,,2026-08-18T17:43:18.688788+00:00,no_disaster_keyword,The New Indian Express,local,Two arrested in Jalandhar BSF headquarters blast case; probe links Pakistani terrorist Shahzad Bhatti - The New Indian Express,https://news.google.com/rss/articles/CBMi5gFBVV95cUxQRHFub1p5WjZEZ196LUxlOVNQa1pINlNFRUY0QmNsUkc3R1lhREFKMk9ZSEowT1JWaUYyVEREbG5rb0dVM1ZhNE5DZktXOElhTllGdUhwNUpvUUZvelJSREI5cEd3QkJYNHhWX19oTlNOVW4yd3dDVlpQRzViZzVTb00zSnQ4c1djelFJajRNem1WZEt5S201Wll5OGliTHowR2pIbEdXcUlzeUNidU9NUDcxVHdQZTA2Zi03NHQza0ZObGpEU1JsZWhXRHRzVjhMc1o5ODNLSUVOeUZRNjZGUG04dFhkZ9IB8wFBVV95cUxOakt2NVhrLWxkYjBSNFlCZVNGeFc2U2RvR1hHY1BtczY4Sk5xLXlic0dEa1BscEpsSkR6ckRHcjFPclRVbkNhRGVNOHQzVlUyZThJYzVnT25KSVo5Wkp2bWRZYnBWRXJIcFk4dThCM2dFNTluVm8wNERRN2dnWUN0T2lBY0VHTURucU5EajVGUFNXUnEzRy00Z0FMSWdpakhnbjNPZ2c2a2tDejU5ZXdDeUJ0cFVXUlc3SWRHWUY4Ni1sNlZVOUdyMEhGVTRkWDhOVWZHN2V1TEllQXV1NTZORXZtVUhLaG4xNGZLNmNxYzE2dU0?oc=5,
6a8499b65dbd7dc2528910e5,e0846d0bfc44d699912c7ed934c2ad95bdb9d3ea2bbe44810361055a1e276506,,2026-08-18T17:43:18.734377+00:00,no_disaster_keyword,The Times of India,local,"23 dead, 6 injured in massive blast at Tamil Nadu firecracker unit; owner on the run, licence may be canc - The Times of India",https://news.google.com/rss/articles/CBMihAJBVV95cUxPVjlwYUpQN1A5b3lqQURYRnRqZU1jZlJLT1JWLVZxaGRUcDF1OVhOSEduZ01iMmE2SmpNZFIzeVh0eU9YaExxQ2FFQ1FtTU9SZmFjdTlpajhnWi15UmtFaVJfNWNJd2FvdkFLR3ItMVhxazZqdmYxWkoyV0wtS0g5TTdNU2M1elN6Wll2RGJJU09SWTVWY3BXeHluUl83U3ZDV0pFUV85VDJia3M1Y2JJNmRWRGV3clhkX3FmTGZRVnZiVkpKbG1qenpVQXlVZUJ0VDNfWi1QbU9kQUkxZm9IakdZYXF2UVc2Yk9vTEhuS2ZVblRrejdFUGd4aElhQ3c1Y05zY9IBigJBVV95cUxOVEpJSzFkRnJUcDlvbTJSNlE2cUlpaVN4VzBtX001aE4xNVVWYjVrMWM4TjQtZTEwRkNlN2x4eE1qTnRwU1Y0YWNhSVZHalRLMGE3WjZxYXhFd1NDcG5XY291dUNZd18wZHYxaUI4ZmhGa1JybXBobHU2VkhEMVFJMHV4TENXb3lZb2o0Z0ZLLUlQczFCMjluM1A3WUhIOE00UEFBWXUzMWVOMXZRVElkMW5fcnN6OWdIbTBaaDNfdGI4TG9xZUlvZFk2TjhpYU1XcU03NkdkVy1fNGNpQUFRNHBRZFN0bDNEa25aOFlsS1dWOVNER3FpYkpLLU5qNmVSYTlFUFRYNTZMZw?oc=5,
6a8499b75dbd7dc2528910e7,2d455d4c509f304098bbb9c79b1fe7490d6fe49f827fbc18cb708643ce56fd54,,2026-08-18T17:43:19.225833+00:00,no_disaster_keyword,NDTV,local,"12 Killed, Many Injured In Firecracker Factory Blast In Kerala's Thrissur - NDTV",https://news.google.com/rss/articles/CBMisAFBVV95cUxPT1FsM0lqV2U3UWdEUFdPa2U1NmJNSDAyR0l2anVpeW1LMDNOaVZ4c2NXbzY3eXhFdzBPSlR0SjN5TzNPOVRReEpnLU41RGNlMUNUUGNtUjV5b3VJeG9VN2tkX0RyQVhCNkFOd3pibE9sZkJ0RTNaT2NpMXM5S01SYTc2RHZhSHRucHhWeEpnWFhqcC05Tjc5VnlfeUp4Y0RPaUoyWnJQT2hsYmdHOVp3d9IBuAFBVV95cUxPSm9ISmVGV0VWNXBvbnhkNThaUG1VcFZ2b2p2VDJxYnZvek91cFdkTWZmdmFJU1hRMENvcjFrbnRrZ283cnYtSTN1U2FTaGF4QlBXRFFXcGxId3hyQkNWOU1YQnBHWERwUG1nT01DeEx4U240MGZCUXlrMlI5ZUJLWGJ6VXpxWGFsV0JTYkNSS1JHNFBTWXdESmJ3eUc0MmZMRnVEd0pwUU1ib282cjdpSzg4MGxBT0Vw?oc=5,
6a8499b75dbd7dc2528910e9,1cad608698ebc3a34ef8289c0f148996601a7984d23a3b2423aec64578567f37,,2026-08-18T17:43:19.294784+00:00,no_disaster_keyword,The Indian Express,local,"Red Fort blast accused had al-Qaeda links, says NIA chargesheet - The Indian Express",https://news.google.com/rss/articles/CBMiugFBVV95cUxOSWxtXy14Q0VVMVJrZ3FMQnYyb3BTWFVndjh0WnlSVFA3dmV5cTVIUHRub2locXN1ZlBsZTY3cWljOW1ISTNaMVFOel9zZk1ndjQ0ZDV2WWpWc3VucUxxMktaY3hzV0p5M01CM1loQ2NQbnJWdXJsT0JhYlRVN3Q1OF9SdWtrbHFRb1ktM1V6VC1McXIzcXA5dGF5Q0ttSS1RT0hQUUdDalNFazVlVF9VX0JRV3pLOVhVUGfSAcABQVVfeXFMTzZ6ZmNCdkJBNDNqcGVvQkI5TnRrdldxMmxCbHJtYTc3akRhN0lMTVRycGY4T25qZ3N2bk03WE9KOFdrS3NTTlRhUlJTMUtBNk9PMzRMM3F0aGhhMTBYdFVSVGZmS2kzM2dsVlZVaW5YMGg1MmNMVUljakt5UFkxY3hiNjZvVUtwWkFyY0xLVWtRc190ZFA2YjhlS0VnSEhaZ2k0OVJja2Y5NzU2ZnVjWUFYWGloODRZV2x0YlktSWYz?oc=5,
6a8499b75dbd7dc2528910ec,b69f6d68601caccf03df0fcfe56e4444130fe4e44ce621e8952b0e5578e08376,,2026-08-18T17:43:19.368058+00:00,no_disaster_keyword,India Today,local,13 killed after huge blast at fireworks manufacturing unit in Kerala - India Today,https://news.google.com/rss/articles/CBMizwFBVV95cUxNN2xhdjUxVW5mdkhTUmtQVDFfSmtZSFYwYlo4SE9kOEU0ejRqYW4tbHFXZDlVWW04Wnc1UktXai0tVEw0Z3VYUW9qS0xZa2pRTzgtM2RKM1RIN1h5YWJ6TFJQUXJQV19yN2xGLVhDT3hNLTBzNzhqNlo3TFV0SHlnZm5tSHlHTlkxZkVUNG40WFlLQ3pjbVRjOEMxWnF6M0I1VmplcWpKNmJCdlFhcDRoUVBQdE5wdkxtS0tuSlJVVUhuYUxiWTNBQkFWNmdzTVXSAdQBQVVfeXFMUEtnc01LREsxWS1zTjAwcldfSVI5M01KRzRQMS1RbGZwazN5QlBCR0Vob3YyWWdJbjRseXRvODQycVZLV2QzUXgzdTVhWmJIZno3WTJRMEJjQmlwREpLUElNWllyelQ4eDRnNG02WFFROWpJaW1NS3dtUzREOUNRdWlDekdBaFdOMXF0cEJ0VXhXQ0YxSjZUYzhidnZ5T3ljX3JsZjVqcVBNUjZxV3VRMF9HX09CeE12b2o0WlRocFRvcC1udFNpQUU2NVJ2WkgzN1VHREc?oc=5,
6a8499b75dbd7dc2528910ee,501d4039af4a170562aa295e8f5b51ccda7918cd7bd54a945ec77952376257da,,2026-08-18T17:43:19.434051+00:00,no_india_location_or_context,Firstpost,local,"Qatar blast: 12 Indians killed in Ras Laffan LNG complex explosion, embassy says - Firstpost",https://news.google.com/rss/articles/CBMiqwFBVV95cUxPZzBPOEE0dEt6b0puajI5eW45cHZTdVRBTVdMdU5wX2YyYjhiZ1FQb3hNblpCTHZXaGx0enhMeU83YTZKUVdyenJUV1gzWERkTnBtQjZwTGl1dTV6WDF6WkhUWFhZT3NjblVYMmdnU3VvcFlvSEJOX3RSdWlqeENaYUV3V1I2VHVGRHgxdjJBaGN3LU8tNUttcDIyamZVZjd3ekg1ZjRVREZ3UGvSAbABQVVfeXFMT0dPNVgyS1ZmQlV0bFNwLVFySXZlVlRRUnB0MHNzOU5OZzBDX2N1bG1sUXBfWFg3OTF1dU1nbUlMSnpTQTVTTVc2Z2pVWnFVVUJibDlLRzVUYkVRX0drTXlMWjVBaDZnZ081c1RJOHdneG03WmZMc0hUR0VITGE2R1FxcG5xTHhiLVRrMlJHLUQ0MUxFdXRmWTYxM0FlZ1FGYUN3ZmRWdkV4QkotNEU3NDk?oc=5,
6a8499b75dbd7dc2528910f0,67a6ee9b36e2738f6523f930673b77b477078ea8a2c56a1c0aea1e284ee774f4,,2026-08-18T17:43:19.480265+00:00,no_disaster_keyword,The Indian Express,local,"Labourer dies after blast at Khadki, Pune, Ammunition Factory - The Indian Express",https://news.google.com/rss/articles/CBMiuAFBVV95cUxQNXc4VkE1M1pOeDIzdEdTWXJtZWgwU3NoSndIS3BUWGtjcjFkRGNycTNxLUJBYUZWQjhFc0RJMy1aYm5lWmZkUFg3X0FWRFFrcEROWGhkeW9sWWJUNVp3ZEVzN0diQkVxamFhVlVTcko4dXh3akJteko4TzJOYWRkRjh5ekdrZWRxUTB0eFh5TUk5dFV3dzVlVGlEUFNiTFZsc2RJZExmdTNnZ2FiNXpVYTc2ejZDZkct0gG_AUFVX3lxTFBvU251SlE5YzIxUlVaeElMWnJsd1J0YzZMT3Y2eFR1ZWpDYmYwT1dvOExYcEJWRmdPQy1NYWR2dW5FZUZ2NWY5dW9FaTE3ck5pdXlDTHBwcWw0Z0lyMUFRUEduMkp5UlBDTkl4R09kelZ1UDRqSlpLOGtDbFI5Mzlvd1ZHYnNtSTFIYU40VWUzNTRKQ05sVlBDRmlTSElMNDNFdDk4SzNreDBhdXZDbGNsT0JmeC1Gck04Tm5WaG5F?oc=5,
6a8499b75dbd7dc2528910f2,c01414bfa6a0600a56b072babd13583426bfb1f93b168f6c717940880aa546eb,,2026-08-18T17:43:19.541919+00:00,no_disaster_keyword,India Today,local,"26-year-old man dies, 3 injured during blast sequence on SJ Suryah's Killer set - India Today",https://news.google.com/rss/articles/CBMi1gFBVV95cUxOTkNzMEVSMG1zR1cydlpRdGdsRy1NZGpTZHdyaTFERURMQkMwLThnVVFkUjg4QV9sMnJFZzhCT21ndVVFSW0wX3BRRDJ3TUJmZ0E3azc4dE9JZzlsdWNDQ2ZHaml2UGs4YXVaaTQxTnFBb1F1Vm9RRFBEdWNYV3BYdW5MN3NWaGlDeXRmVzY4QzBiU28xd0syeHVzbTdMYjB3UGVsd0pQQmtabXdjTlJzOXQ0dFFGeHFrak9rbEpWWl9jcTd4SXQxNEY0Vk5Ed2hBZXo3dVFB0gHbAUFVX3lxTE1OdHFzazVxMWZQN0s2ZEd0R1Nja0s1bHVoUE05Y29Oam5CYm1obmh3VGxBN2FIa09IaVE5aVZWRmZZU3o4b3VxMUlSem1qazF5aGRFOHNsWl8yWXI5dlJZd3huY3Z4aThkZXNwQVNjWFdXa09raFRqbVpEdXUybzd4b0s0LThvOURubjFoV2dyZlhJZXU4VDVGSXVNZlQ5MFRjXzFGb096dVVsOTZLMEx3QWl0Y2EzVzhqQVFsVWprTS0yMUNNeGw1WWFIU3FDZjJVNUotSzQwbm5BSQ?oc=5,
6a8499b75dbd7dc2528910f4,e2a192a37625d11c99865b8f228d199e707d8f1472de29a4ccbae3cb4bf9b623,,2026-08-18T17:43:19.592387+00:00,no_india_location_or_context,NDTV,local,5 Killed In Suicide Car Bomb Blast In Pakistan's Khyber Pakhtunkhwa - NDTV,https://news.google.com/rss/articles/CBMiqwFBVV95cUxOZXMwYmFFdDhVTENXZl9wcGd1dHhRYXAtR2tDUnh4UlpGZTFKTHNoOXAxSno2Q2U0UGZtRF9hTV9NclVmVWpxeTFlV2g4SnJPU3RKamt2cWx2bXZlc3J2aWFadEN0YWpQYzJIRnlzeFBTNkRuUTYwMVlMeEo2eFA4ZWFJRW5zQmdmOUNLSTVzTkYzTFJNSmNzdjR6UENkWHJaUGFwbEFCWmlSSmfSAbMBQVVfeXFMUENzSnczTlFYMXp4WERXVU5LSk5PWVp3cUxuQ1psaC0wUjRtaDcyNTg4WUczTzBMQTBuakxkZzdRSnNKMGZXdGMyZzR4YWIxSkoxUURGakQwRFlOSDBVZF9NU1lzTHVIc1NzUHJaNGsydnhFVWJTanFRWXdZa3ZGekR3anNIbmJTM3UxejlRUmNpdURueFA2STU5OGRwaklmT1BYMFZjbWgtVzVXR0ZpbnZIbGM?oc=5,
6a8499b75dbd7dc2528910f6,6b8a35fda938d2f44e0a0d569e47e6bd48c3bbf6b5baa2f3f9086401068508c3,,2026-08-18T17:43:19.638397+00:00,no_disaster_keyword,India Today,local,"Punjab on alert after blast outside Jalandhar BSF HQ, Amritsar camp targeted - India Today",https://news.google.com/rss/articles/CBMi4AFBVV95cUxPSUxwazUyWllZaEx3R2drUXkxYUlFU3JKZjJwQ3pfMFlZa2dTd0tQaGR1UFNVV1FDMTVLTk5rb2doTmJzV3dwRUpoTS1hNWZ6SXNfdWxMQVFVaEdrdi04eFZ0UWFObE91enkxNmJmUkYyZVJRRHpQbGtDeWRDT21XY3gwSUxYMnp5N2ZSUUxfa0FGaUQxM1BnNmhIZFh1UVVmdGQ0R3VKTWNXVkJrbFVJaGFkZERtak9jNHBDWUZJRUxvcHRfdHB1R2lZcUQ3bFhCZFhhdkVUVlAzWkpKR29wX9IB5gFBVV95cUxOdjZPQm9kSTJINXF0LTBfZFAwUlE4Rlk2YWE5VVpvQS1hb1I5Y0o1bHd3UHJvaXZhb0gyUWJCM2NCb0hSY2hwRERJd2p2LXVXNXAxU2lSekFwYl83ZzRKSFVPZmpHYXYxaFdGS0s3N3lHUGJSWkpMMTFnUlRUNGVZZVJsQVRDUUJYVzVXdXdoNWk4aGtvc0pWWVZEbFNuUkxyYXliUDJuU2JvSncyeHNDeHNpVUZrZTJITENRZHdiNFVvX1E4Sm9SVHY5RlZSU3NyMFF0TUlHS1NENVNNeEFmLXBVWnFCUQ?oc=5,
6a8499b75dbd7dc2528910f9,ca65c3112cd1a65c93c88bdbf7e6cdb811c216ddf82912b5e615a722138848e5,,2026-08-18T17:43:19.702131+00:00,no_disaster_keyword,Arab News PK,local,India capital car blast death toll rises to 12 - Arab News PK,https://news.google.com/rss/articles/CBMiVEFVX3lxTE1sQWd2WjI3R1BMcFBZbTdWTXFmV2ZaRHh1dWxtVFlyeExGNWRvSVNLTW95Y25vZHhMQWtLSVhNVXJaRG1UYkVvdFMzdlhnQ2U2ejV5Yg?oc=5,
6a8499b75dbd7dc2528910fb,0e9194c5c3c6ca389111ff4b1ce7e09e27da76cea08f0ae4bc5aba93b9a60018,,2026-08-18T17:43:19.767662+00:00,no_disaster_keyword,NanaimoNewsNOW,local,A blast in a tunnel at an Indian hydropower project leaves 12 dead and 13 missing - NanaimoNewsNOW,https://news.google.com/rss/articles/CBMiwgFBVV95cUxOY1lRUVE5b1ZMX2QyTW9RNmE5MlFZRjBFTS1jMVllR053VlE3VmJwYXRFNnVIZ0tvNTRpYmRrc3E1bUlHRDhsRVVOWk1zMTl4d2MzaTlJdUhHWkY0UjlYN0FwMkFEM0UtNHMyY0JUVFdVeGFPWU04cGR4dk1INFBkZ1VTbDIxcmZrUmU2RnZ2UDdSWHR1WGs5T3BXTWJIYTl6cktNaFZGYXhZTUJCcDlLazVkTlh4aHhWclVLd1NqVDVEZw?oc=5,
6a8499b75dbd7dc2528910fd,dca0e3a4ece5c790578769d3822be75342518b8fe28ed3896d49ee10a9c7ab87,,2026-08-18T17:43:19.827186+00:00,no_india_location_or_context,WION,local,"Syria explosion: Nine killed, 20 injured in Damascus bomb blast - WION",https://news.google.com/rss/articles/CBMisgFBVV95cUxOODNxQ1hBZmNKNVMzeUszdDhHVlVOaVNTaDVIakM3a1RLSVUxLUpudWZnbXFyeXJCclJ2RkdYRENDenBDeUdhY3BJZVR1ckRmS2xKZWFZUzhoeHBUT3ZHWUxfLVVibHdObXBmaGFDRVdGdzBPVHI1Zmh2QktpaHotaF9Gd0VsY1BkNS1kM2ZVUHNBUFdDRGVuZGZPa2kzVmlGbVZoc1NyS01MRGRmNFBGcUZn?oc=5,
6a8499b85dbd7dc2528910ff,c7050037a5ad5096dc9da391fe65f0c25639ea524e97e93a17ab64e7213d6192,,2026-08-18T17:43:19.873536+00:00,no_disaster_keyword,Gulf News,local,India charges 10 for deadly 2025 Delhi car bomb - Gulf News,https://news.google.com/rss/articles/CBMioAFBVV95cUxONUFZRTVYM0NQSlBmb29iZzNzdmFsVVJjZnZ6QkkwSEM2YlVCZ0RVa1B2N0wyenBSeWZHWlJ3TWU3a0ZkWHl4Zi1KOXB3R3ZMOUJuMEJpS1JfQmVsLWNLN1JNMEROYk03cGNyU25FRGpZWWxuUkpMTlBoclFWY01FclBGSDdxR2hWN1dDRGNNSUtIaWI4TUQzRXF1YmFkb1Jy0gG2AUFVX3lxTE50Zm1PS1JRNy1YMC14NjlnRmZCTzFYVzlNbmlrVXhTcThsMHotSHVuNG9QTmp5cm5SZmJCeDdXWDMwT3dMbkhkUUFydU9iMG9YMHA5cEp2QlhQYmVDOHV3ekU5bXpkc0RKQ1dCblFlNmduZDkxbjhpVHB1ckhBTkRHVjFjQmx3UTM4cl9DUWM5UERyY0dDYzFpTHhXcWJKRzZoeDdESmdISlJCV0Rtd255V1JlMUFB?oc=5,
6a8499b85dbd7dc252891102,bc6df593daa5678d8185f4207b7df1a69f60c3f7d25c6bd7e8266fe43227e916,,2026-08-18T17:43:20.239004+00:00,no_disaster_keyword,The Economic Times,local,Khalistan group claims responsibility for twin blasts targeting Punjab BSF and army bases: Report - The Economic Times,https://news.google.com/rss/articles/CBMi5gFBVV95cUxNdTJZdUtUbUtiTHMzY245MExfVGZPR1ZxYUlzTm56enJwY2g1ZnM3emRHOTJ3V3hWUWJMSTZJVEtsbHhkTWRrLTlZdGxKR19TNnBfZDRpS2R5WWJ5bHFiNzd0ZjRBRkgwZzRYeWhpb3VCeFIxeGFVNDRZODJlTXMwbl90eXpjR3NrRjhQZUVkNmlXX3Q5b0hNSld0N3hHY1hUdFJfOXVFbktZbUw4YXRfMy1LYVZZQVpzdFNOZHhKcmt5MXQ3bk84LXVVd01TWTZscXRObF9Ha0dZY1RMT21pRk9VWDFNZ9IB6wFBVV95cUxObVBmVU9LcXRtTW5qVFRJeFpHMlBwZnN1dUdFVWI3N1YtbHlWRWFZTkFDQldpWVFldXcxZ0NuSmlzR2ZEWUI1TlVoZllCMlQ4Z2ZxdlctRTd6bWV4WmttUi00UFBueWh3RVhma2NlNFZXMlFOWXlqMU5XaHd1SC1YckdHV2UtWDJwNnN3VnU0TmlNMVBNSXZZbXpFdFVvU1N0dWw0RWdadDZ6NHNiMW9RblBZZVlPeGFpU0h5Qm1lNHJsWFRYV1BkeDR6dFdSckFSWkg4N1RUc2VodWpsLTlvc25tQ2dXWE51bHZv?oc=5,
6a8499b85dbd7dc252891104,9658fed9f435df64ba31f82201180a972641cf0257f6431b3992265877e96e4d,,2026-08-18T17:43:20.282376+00:00,no_disaster_keyword,India Today,local,"Grenade attack at BJP Chandigarh office, Khalistani terrorist claims responsibility - India Today",https://news.google.com/rss/articles/CBMi3wFBVV95cUxOcldnMC00dnhKLVRpMXhTWW95cDYtSFBpNlVIck9ZWUVlcmZkMmRNNWNxWFZHZ1lrZTEyNGRHNjFQOXp2RFdwc2NSQm1XSXdqRU9QazM0V2hDb25IbE9vaHgxYk5yQU9lVTI4NTNWN3M0UHYwcDNPWWt0TVdxWEVBbjVhQjZwSmt0ZXdSOEFVdFVnNmpzYkw1Y0poS2I2Q2ptcVktRnZmLVpqSHpWWTFnOEYyX2txUm1IVUM2QTdWRW94eVB3Z09EM0VFUFQwQXU0bllodV80dW81dTdCVnpJ0gHkAUFVX3lxTE1KUkpoeGdwel83NDVZR3k5ZkRYT050bEU2UkNCX3dYWmdlcTFpZnlwM3VoZEMtcHRuM2IxNHlyM1V4VjNYanJYT1Q2bElDOU5iUWdxMmJkeDUwUHVULUZldExEZDNHY0RNYW5SVDNISVYwRzhPUy03RS1ZYU9hSlhJREZndnllQkZLRVNNOVEzdVpQa0laYjNtbVVOTlFYbDRIdlFMZzQzVGdybGtXS1BxMlJrb0xhbkg5WkM4UU9pdmotSFljbTZjV0Nqb0tVNUpGalZYVy1MZnN1VVcwRHNZSHlFdQ?oc=5,
6a8499b85dbd7dc252891106,6907defb163eb30462849ce4775f773850d3486a36107f6155d94e49f2ed938a,,2026-08-18T17:43:20.332080+00:00,no_disaster_keyword,NDTV,local,"Ignored Warnings, Fuel Build-Up, Negligence Behind Blast At Vedanta Plant In Chhattisgarh - NDTV",https://news.google.com/rss/articles/CBMi1gFBVV95cUxNdWQwYlRMbHFKRUw3a3NySGhkSVg1UG9rbDFHSFFTcWt1TTZrb1A3eGVSc19NdENKNGVfazE5SnNfd1Y2cVl0TW12WU4yYzByeDZrb0FzMTZJWVF6Zm1VNThuTW5ka2dNT2w5a0RkeFlNVFhLQ0xIMTQ3Ulh1WkNSS21fcE12NTNuc2VaYmJNLUFnck92d0t6UW5PRlpyQVlzLVZRdVJISGFwTEhMM2NQbDV0N0p5dTZrY2x6TFlPRGo5R0hiY29hWG5FckpvTGhTdGk5ZEtB0gHeAUFVX3lxTFBBdU9yOUxmbGloTlB4M1puQU9haGk3Ukprakw2MnFrTEhuUHpFZTU3S281bE5GbkFtZTkxeEdxbzFoMHh3aVVQWl96ajFwc2otQ0FUTXlmZXdXSGtjZWtrc0R1Nm83SlNvNTN6UnpwNy1lekRkbzhTbkpveGU4aWFCQ3BuWGtSOXgyc1UybjlzRExsUzRrbjFVY3k3cGxGRHN3ejRqcjFMdWUzRVU2aGtrd2lfeVdfTG5jdFZsTjRyTk9TVVBPM3hOZVlUMW1IRTBzbXlFNHlQLVpQMjFndw?oc=5,
6a8499b85dbd7dc252891108,a97af6a804eec82505b31a8a735168a49b5a4e1dbf41c95a8f2916a73fc09ede,,2026-08-18T17:43:20.372879+00:00,no_disaster_keyword,The Mercury News,local,"Today in History: July 11, train bombing in Mumbai kills more than 200 - The Mercury News",https://news.google.com/rss/articles/CBMirAFBVV95cUxNVEp2dFJvQjByd1gtOUpuWk03TU9TdHNRMmltUy1Venktd1JJdVpWekRJeGRLUTIyQmdNSGotVG5HY3hzOUszamtCYkNlMFpKMFJHQTR2WlVVY1pTN1poZ20zRllLTGZTTnctdXM2dVZhU081NkNyY3RnR0hXMlBRUjROWnFoZ2wzQmVjcVozbW9ZZGhoRVFTS01hOFkzTnVDbUZPQUdvZF9VU1A40gGyAUFVX3lxTE9zQm5SeXVNUXhzRF9xMFZTSEhIMmVrTE05TDVLOHkxdGxTM1FxYUg3cHI2V3ZLbjlxWXdGR1N6SGF4clBIR3NHcHBTV1JpSnNLVkh4Z2VxWVprd2owZjA1QWt3cTdlMk1NSGFRTFdiajh4QS1xeHVuVWNoWGN6cE9ta2FlUUVJS2Y3RC12Y0w0Tm5HV05pRXo3MnVXWnRuNlB2NWprVklYMTdTVUIxY3AtSXc?oc=5,
6a8499b85dbd7dc25289110a,348d9b7dba82c600a8ec2163452b8f7edac71ff73d3f5bcc7f0e3eb08042f921,1,2026-08-18T17:43:39.756192+00:00,low_quality_score_5.0,The Indian Express,quality,8 days under rubble: How one man survived a devastating building collapse after the Venezuela earthquake - The Indian Express,https://news.google.com/rss/articles/CBMiuAFBVV95cUxNRWRtN1MyeGhMYUJxaU5qbXh2a3ZTbFdCemZab1E1c3htS2hEdmNPUXFNeE5VZEtYbEdpNHJoMVNRbGtGOXAxQVRRbVR5UHc5Uk85MWdjYUw0ZGh6NG55SHlQT2xHXzJpd3M2Z2ZTWnNFTE90QU9zUm5PR1FOR3ZDSHZzNEVVQ0hhcEhrTDdKUDdVYmhsYnRjR2VpYllxRldkUUxpb1R1RmdyaXdFaXRJYXduVDVGOUV50gG_AUFVX3lxTE5DeHZoVnEwbWFha2Y5LVFiUUd5TzZMaHdqUkNwWFZycWQyN1BWbGhucFhGZGxzUUdacE9hZmpjdU8wVWZwX2h1ZUtQU19ZQ0VxejRTaWtwQzljN2doQXBIalByVEpNaHBxTjM5a05Yd0dybmFfMkM4MXpwTXJKSWY3eFpQcHJwd0lNT1VBd2IwRGJUQ1Vya3Q3VEw3WG0wcEdWOHJuYVVzVktGTkJMTU0yYkgyM1cyNlJNQTJjbDlJ?oc=5,5
6a8499b85dbd7dc25289110b,b1ac9e0a7aee8f2dc815d4ea799b11b1f96fab5fa3869e6b50f9f153b229894e,,2026-08-18T17:43:20.425242+00:00,no_disaster_keyword,NDTV,local,Death Count In Chhattisgarh Vedanta Power Plant Blast Climbs To 24 - NDTV,https://news.google.com/rss/articles/CBMiqwFBVV95cUxNbTJhb1hzNUhWSnRHUFFBaW1LbnJsNUU1VEFuNk9MeUtKUVRuX0U0eTB4OEM4bktPQVdObjI1M01xT2R1THkwX0ZlQ3o3TFhWSGllSFpVSzlpSHEzb09VWEE3bU1HNm1IVTRDR1ZqU2t1LUZUYmVGeFlFTlFOQnZFSXBZbk95Z1VOVkRkWXNHZDAxdEFDRjhsNnRadF9ZN24xbHl4NzFTMjN2NlHSAbMBQVVfeXFMTi1qOW93X2Vqc3JOXzdwaXpINDJYS2pFcmlSWjM2Tm5nYW1HdjdtNWNSR0Z6bERfMzJ2aVNfZWJwWnpPLUhDeFRLOTlJM0tBNDU5UUR5MEZzMHpVcVJjS1dXX0gxbXNCNWhEcmpFVUwtZTVRR3prTzJfZW1oeThOMUZ1cXJOcTVpblFzVzZGb3VMeXVtVENEa0pqb0VqdlFvU0VaN3lpazBTM05BQWF1eGlFeGc?oc=5,
6a8499b85dbd7dc25289110d,73c710026552b66bb07a01f795670bcda580655c0da8a802927a04b132bb7914,,2026-08-18T17:43:20.473528+00:00,no_disaster_keyword,India Today,local,"11 injured as train derails in England, all passengers evacuated - India Today",https://news.google.com/rss/articles/CBMiwgFBVV95cUxNY1ZVcklMOGJzc3ZaMW9hN0RTOHBLWm9XTjJWWTk3U2RVaVZGUFpUdVRtMFlHX0RpNEFvcGlhaFNPZW9US0ZheC1RNjV4OGtDTUhpVUlpMUdZT2xPVU16TjNkX2YzMm5mM3pUaVpnMld6V1FCZnR3RC1JdFN6aDdOdGpBVjY2LVdqYWxTUm1yUnlzTkk1OW5UY3VraE1CNEJxOF9pSWY0UFFIemJzUGx4cFo3Wi1oQTRRNkN3WjBpRExBQdIBxwFBVV95cUxOWnlxbEtJUVVZUkxFaGVnd3l5QkZuaWQ0cXdyRDJwaUxLaG9QVkJIa2J0b3Y0ZHZQMlQzemxqTG9VdzhNeXR1Z2M4dTBkV3gwUXNmSWVpOTVIWF9ERVZIZ1lZYm9pOVpZNWV6NWt0dk9Xbk1QMkpNM19ELUR2S19rdWVoVENpaEV1RWI4eGs5aUtjOGltVVYtZERocExnWmNiWnVjNldhZUUzeHhoN3cxaUFoTzlTNmtTMFFOVHRuOHVCNVd4aEdJ?oc=5,
6a8499b85dbd7dc252891110,dad1663aa4486c5db5a5fb9da463a10867d2bffd1555c3b7a231f3ec855127e5,,2026-08-18T17:43:20.519081+00:00,no_disaster_keyword,Al Jazeera,local,At least 11 killed as passenger train collides with cargo train in India - Al Jazeera,https://news.google.com/rss/articles/CBMiswFBVV95cUxPOEpYRS1uWlRNcTBNcERBZVg3bWFPZE5DYzZoVU9hdFZSU2VQRWd3MDFRMFJXTlcyelRjRVplVTFFdUJsb244MzFkaEFYeHNDMi1jTlhzZ0l0c1c4Mi1RQngxRWRsNFhqVHNmQVdaYnFuY2VnQ1FzcmhYdmUyMVp4bVVTcFVBWEtPa1pQNFR3SFJlZi1aaWpBbWVYOVlKQlJqZXR6UldlUHdVQXM3NllLMkRxRdIBuAFBVV95cUxQNXRYa0U0djJuREpqcDZIeVRsVkZQX3RfaGY3OExueDFXdjBLdldVLWY1NklfQW91YXFndW5WcGNsN1htNWNoY0JYZGJ6U3ZYdXBrQW9OblNRZVQwQUxiMF9iaU9pdTdEMkpNLWFkQS1ONkl4UEh2N3VwZ3VnRl9oZUs0RjBZT1NaZ010cDFKZlU0TmtqYkUxeUozbXNleVcxeXhpbk5CN2wtUXc2Sm9VTWc3NVYyZC05?oc=5,
6a8499b85dbd7dc252891112,1491526e1713f9359ca618b581fd6973e973712db30bdc8604275a1795949c53,,2026-08-18T17:43:20.567289+00:00,no_disaster_keyword,News On AIR,local,Train accidents in India drastically reduced by 89%: Railways Minister Ashwini Vaishnaw - News On AIR,https://news.google.com/rss/articles/CBMisAFBVV95cUxPUEVRWGFoakJBckZOS0xTbFEwV0FBc3E3YlkyMG51alQtTjBqN1JvcTVzclJsSWs5NnhDN3RqZmhJTlJoLXpkNEQ0TW5Qckl2eUJwdUVBWFJkWVZrQTJmUE9oQWRUMi1aNTVhcjktRG12bHJXcGN3SC1kbzZwS2N0S3dMNHY1UlRFaEFIRjctdzFkZy1rNFUxdDJ4MlIyS0F0X0h6U1dmNXhWVWVPMU1raQ?oc=5,
6a8499b85dbd7dc252891116,dbf056402741ffd1f0623fc5b6faeae7a9a515f9b3a0221de51415782a887638,,2026-08-18T17:43:20.616085+00:00,no_disaster_keyword,The Times of India,local,Second train derails in Southeast England within 24 hours; no injuries reported - The Times of India,https://news.google.com/rss/articles/CBMi4wFBVV95cUxNYlNEVmVTazRVRmh0MGR0U3dmcFpZS1E5aWMxWDZkTDZ3YmZPUUc2UHVvajB5OXBpdzNrR2ZIQnlpZmxTanNCVzJKZGNYbGROY2NEVjhZclpQSlNzUnBOTkxHUnNRcXNob2F1VGxrR1kyTmxzT3R1NklzeUptTWFBaG1mamFIckZaLVlXb1RGN2R1TGdtOTVnUExESEg3V3Y0a0s1SGZVRlA0WmxqSUpzVklpc3RJMXl5WGhvbGxocGpyc0FCcEZ4ZWtseHA3Zjl1MjRGNThYbjV2X0llVFl2aEJGVdIB6AFBVV95cUxOVnR5X3J1Zno1cVZtZ2xqNjd6NmowdlMybHozaEdqY1RfQmp5ZWNsdkcwOU0xa20tMEIwT1NERElkMlYxM2JMV1BiNWd2T1pFS3hFY1RMT25UTWh3dnF2RDhnZURRUEZwUFEyRGtJYUl4VUlUZGY0eXBmNDNhaFhDdVhpT2RYX1BsNHlSWXQtcGdMMVAwSHc5RHl5NkdlYi1JQ2EtTXJteU90aC1RUG5ldm5QVWJwRlNsVTl4cVFDOXJtc01IVmpHbmRobEpsSDZIOTVLbEhOSHZ4Y3AyYzVZejJLdE5xUUla?oc=5,
6a8499b85dbd7dc252891117,63115c9b872098af0effd049431cd2a5a0826d17a4521897a7a67c9d402ff755,,2026-08-18T17:43:20.657089+00:00,no_disaster_keyword,The Hindu,local,Major accident averted after faulty signal brings Chennai suburan trains too close on same track - The Hindu,https://news.google.com/rss/articles/CBMi8wFBVV95cUxQc3lLQjlOR1Q4cXZzUlZud1VXUUxBRzVJUFY0SzRHX3RsR2I4TGU2U3NPSW1oYW1rQ1RmRlE4X2ZlYW9VYnF6d0hzaXgxZXV1MDVuZUh3TV81SzdsU09BSlVOMENEZndwNXhueXdIUzlnNEozT2hDWXM1S1BDSnZGajlubm9GeENLbGZVMzVsMkFqdU5GWm9LVzRCc2lpN2dielhoZDh5YWpMRGd2RGt1Y1pqUkMzeU9NUXd1TUUtT1FxS0ExS1Q4NWRmT1gwV3hibFpSX0NieUd6MTlKRGNYT0lmYXZMZC1lUzd2a056dHE1dVnSAfoBQVVfeXFMT1c5RlBuUEF3TVZGckZWLXFuSThUVmZSeF9nQ1l1SGRuTDYzZGpxNDhQTkg1Wnk2NEFxdVhWM1N2ZE1JV0d4M3Jra1V2WVFfenY3UUJRUjAydWdIMXBDTGZ1eDBaZlo1bWd3cUM1Yy0zRW5CNHNPYlludkdTQ3dnVXJGbzB4clczcEdDTHdrQ3BuV0RralFJY0R1QWtKUkZ5Wk10aWl3eWk1VDVTTnlnbG1OZU9tNXBOS3lRb25RZHpIX2hYYWw1TURIQnA1S3gwb1dZS3ZRZFVIbnpKSVpNTFBpSmtwT25LcmJTNGNBaE9fOUFkS29yYW50Zw?oc=5,
6a8499b85dbd7dc252891119,52062c2532897336a8aa1cfa34aec8de3853ecb6840a20a7cf95a7a263dd1c87,,2026-08-18T17:43:20.694668+00:00,no_disaster_keyword,DW.com,local,India: Several dead in train collision in Chhattisgarh - DW.com,https://news.google.com/rss/articles/CBMijwFBVV95cUxPLWdhbFVzbXRhTW44S1llVUx5Ni0zVlRJM3EwdDJpc2I5RUpmZ25NQkw3ek80d1VUU3hzV2xhNGtVNnBtWjFEcnlaZ0pOVE1ieURMVjloVHlQNHNoNFpVUnFzdkd2YUNHdnZKMWRSc1pYRk5wejFCMkRyX0tGYm5fQUNsWGdXQURjeU1HRnZkNNIBjwFBVV95cUxOZGY2RjVlNmNyNmMxQ2J1MmNXMGVjRXBMLURFMVZVNFdmdWphM1loTmVfN1kzZmZraV9aUlZhTEVQb3FnM1lJSkdkTVRjVTZoTUU1MFB0dzlEREhfME9FQmlZS1NGZTN3a2taNUxKZFZHLWJvRmwwN3dVNTFSSHZacjlBSS1xaWFUYWZRSmd3MA?oc=5,
6a8499b95dbd7dc25289111c,b5077c4910f13894a8e0e947984b4353e3e3f0fa03b32706c3aadd317edfbb0f,,2026-08-18T17:43:21.217107+00:00,no_disaster_keyword,business-standard.com,local,Indian Railways reports 88% decline in train accidents over 12 years - business-standard.com,https://news.google.com/rss/articles/CBMizAFBVV95cUxPUEFidllpVlBIUkJKQW56cUZObG5fQ0M3YjRFRThWVWUxSTVGcFZMS2N4M192YXdCdUR5bmNnWVJoN3F6bGozcU5jUXZrZm1CbjYtb2Vud0U1VFRxbUt4bkdsS0s4Q3RZYjhzZEVIQ1E1X0VSTXJPS3Nya0pZZURZNmFHdEtObk5ELXFiOGJtaEcxWVYxLXUyaVV5MUI1anB4MExIYi00QmhLRnAwZWRaZ0c4MkZtcWZFRDZpV2xQNXZybTc0MU00WlNMUnrSAdIBQVVfeXFMT3BPNDkxS0M3NjZVX2J6UVJXVkptY3lmZ0Vvd212YkxQcDc4STR5clJyZjIxYnNHUzF0a2JKVGVtcUh2WjM1d0Q5MndZMENfSFFuMk5RUXlXaVh2eGpzRmVSeWQwTFNiMnllOVFtX1czUFdZeTlTc3M2QnFWOEZ6b1lYMEMxaVBYZjd4Rjg3MFlaOFAwY1pXMlFQNlpRMnlqNzJYc2psc2lQeWF2ZjB4ejVheEpWYmdLS1NMMjBELTBMc2thMVdOQmZlVkxnM0doMmJ3?oc=5,
6a8499b95dbd7dc25289111e,f1c5d26ab5877bb0f498091117feccdf5623aad6bdbdb28ae8d7f10283822327,,2026-08-18T17:43:21.272297+00:00,no_disaster_keyword,Telegraph India,local,"Driver dead, more than 80 injured as two trains collide north of London - Telegraph India",https://news.google.com/rss/articles/CBMisAFBVV95cUxPNHRwZ0hRTXBfWjVDMkdWRTI2Zng3YmpVSUlFSXVBWHZWa1JESk45MnJzeFlPWERDdmh2SGNfTTFCMG1WY2pFUnRKSGV3Nm4zbGNiR2U1cWVfZXR4blZlWG92Y2tlT0pjcDNRT1UxMlJZazVYVFBpQXZFUnhGM0pvbXZ6S2l5RXFMZ2t2Q0o4N1VnbGtrMl9sQUJzYU9Nby1udG9DU3NTWDRKTUp0RVA5StIBtgFBVV95cUxOR2dpR3FTcDVWU3FidGxfTWFVSHNHNTdxdlVhb0Y2YTNtd0RhQ0RYZ0xrREY1QUd1UHM2dWtCaTJLckZsQmh4QkRUdU9qRjQwVnIwRmRuNkdYT2xzREpiQ2Q2Mk9GdzhxSVJoRzBCTHlqTllTYV9vNGU4OXNzemVWTGJ4U3JmVUVDX3NkNWJsVmVHMTBfdHlDOEZicE9VTjJraTJ4cEdwTGI4RU84THZyeFZlUFRnZw?oc=5,
6a8499b95dbd7dc252891120,4c24c9e344f84873ff7f20a18a9c78f67b267a5ecb2e625e55512b1a5bdbb82e,,2026-08-18T17:43:21.313328+00:00,no_disaster_keyword,NDTV,local,"""Lot Of People Had Broken Legs"": Passenger Recounts UK Train Collision Horror - NDTV",https://news.google.com/rss/articles/CBMi1AFBVV95cUxQTWU0ZHlTYWY0WGNqakp2ZUM3SWo1cEpsU0hxeUwzWUE5bVFHVE15c2V5RUNRWTV5RXhsa2ZVeS1KaVdSZ0N4MkxqV1VFaHhjdVFtSTZmZ1RrSTh5SjV1VmlRbi1TTS1lZ3lfbzY5djlJQ1VmM1BCOEtqeHpKQ1hCa2dCYzJsM2xsaFo1MEUyN090VUJSeloxajNsalRoeEs4aGYzT05nTmVxVk1YWG85andBbU43VDNoWXpFbDc3blNvcTFEdlEwWE9NNXlaM1FGenVoQtIB3AFBVV95cUxPYlhrU3ZUd19MaTgwTUg4X3VBalJMN1NmZmktYmtLN3AyYUNzMVBaaDQwUmpleTlucFUtdWxwbGlMNTJmck1Lc0RJZWx2RTloUkx1M29lVEVNNS1ZcXFRd2hYOW1INGdMNEdadk5OVWlOMld6NzhZZ0JsdG41aDZnUWpEb0dBTklXQWNQWVczNzVCc1ZfQlo1UkJ2YWJXMV9odHAwd3BERnRmU1E5NHl2Si1YRWxEOTBaLUdTN2JTZXFVbDc5Sk1yTmdCTXhXX2IyRGV6WE1UQ01Ob3hT?oc=5,
6a8499b95dbd7dc252891121,391557a071192c86be0daa9420e7ece328331e10b19ae6729bef41962900537c,,2026-08-18T17:43:21.359273+00:00,no_disaster_keyword,The Hindu,local,Five dead after train collides with car in West Bengal’s Murshidabad; 4 children among deceased - The Hindu,https://news.google.com/rss/articles/CBMi2gFBVV95cUxOVm5RYUZxZWFHNFJHVXNtd1Qzdy1ZQ1BvbExqYWkyNXZId29yMld6eEtRN2YtLVo3aEZmRXgwWFBzazBkRmhyODZ0RE9kdXZNSzI3S2J4dzZaMVVoQi1HZ0l0U0t1bXJ1ZDNYYlBPQlYwcy1oVlh3Ymd5eGNkSFRxektWUlVDTUp0aTA1QlNRVnRzVV9BX1dPdldWUHB0NWtyWE56eXozU1B3ZUN1Tkd6TTNqRnBKaFkwam9JemR4LXJMd3ZpN0Q1aTR3bC1XOURJWDdvUGdZbHBpZ9IB4AFBVV95cUxPcGk3bTBMY1JaajJGdlc3U2VHaFFSR0FxVG9DbmJiR2hTRlhhYmlESEcyWHVWcmltT3dqZ3hUbGFtaFRadkNJNXlXemxERnYwc2NPaTExOW00bW15Z2pBUjZQR0g3LXoxNFlZeDlYeXY2bHhlQV9uZnJWN0pYcFZOMjF1Nk5sYzhXdmNYa0prM3VvYTVuYnNHalpRcmNSUHZEbHRLSk9fcFRkeWFyOFd6NmtwWDFyeEloS2tDekJoYkNRbk9qTlF0N3JucWRrM1JPeWdwTGNSNjBYQU90Tjc5LQ?oc=5,
6a8499b95dbd7dc252891122,8e5d9ed59bff8c80111ba8cec7aae97bbbe35bef9691d7f9efd35df70b476ac4,,2026-08-18T17:43:21.396691+00:00,no_disaster_keyword,India Today,local,"Driver killed, nearly 90 injured after two trains collide in north London - India Today",https://news.google.com/rss/articles/CBMivwFBVV95cUxOWXdWeEF5SXladFFQc2JWalJEYUxfdXh2ODJYVFBCX0NwTlQzNFEySEs4cnJ4OVdkU3Zfb2k0UzJHNEU2NEtUd0tpOW96Zm1SdWZWeUlhSzY5MmJZWEs1SUkyRlNVM1kwajRMTU1NY0I3MzdZaWRYSUwwRk1EV0otQVFDRTBVTURkOE5BMkJWMUR3cjcwZ0RWZVRkVkFITkRiYkNEaEhnSExMOG5sSXBXcWJmdWZRZ1FOXzBjVlZic9IBxAFBVV95cUxPQkhrcV9HeXU0aEk5d0tuN2RETFNqWFNDZVNOOVFsTGtCTThHNHFKR3VvWlhNQ0pJT2tGdkoxNm9rY3M3dFpwdVVhVkJNam5oLXRtNy10YmRSMTMtYnQxQldXUlZ3VFFSa3FMMEowNGVDYnJldFFjcmhGRGlMdE5velFmOVR2VlV3WnlIMFhIM0FPRzQyVl9iems5enFzQXg3M1VzVVplVGJ2TWVOcE9MTkJ2QlFGdENEQkJKSDJBaVh6dmNT?oc=5,
6a8499b95dbd7dc252891123,e624e6458123a55ae153033acc169cfe1ab30ce8a83c15076eb2aad58a686a55,,2026-08-18T17:43:21.436003+00:00,no_disaster_keyword,The Times of India,local,53 trains affected after six wagons of coal-laden goods train derail in Sahibabad - The Times of India,https://news.google.com/rss/articles/CBMi6gFBVV95cUxQR2FYUFB1RU5vUEVtaV91SDJ3ZmI5V0FkdDBLaGkwUzRkWjhJVW9NTWNHcUM2aUt0V1NOQU9rbDQ4OVZ4WnlGR0Vibms1bU95OFYxZ3B3SDJ1SlR0VDhWQlp3RWxXc21EUWhaa3lZR3hXZ3lBVTVWakhjbElILV82ZEtQUndnSlkxTFp5YVJSZzlDZ0ZfYnVvSjFwSTZZMDltT0NJRjR6MW5VbkdZT1dFM2M4aXZOSVZlX1FnSy04NkdoMFpZREdXTDV6NXF5WmtJbjZ4bkdzZXc2YmxmajdZNC1DZU52U3UwY0HSAe8BQVVfeXFMTWY1WGFUZ1hRbTBNSGR5SmJkTTlnMXFXaVM0dGRaMGUyZ0l3cjZqdEZWSDFNMDlzTUp3Nm9JeHkwNGgtWV9YT2RDSWdFa0V1OXNseTR4aXp5a0Y5QXdGanRsb3JuVkY5R3pHTUFqN2EwYmY5RTNvQTlIandyUjVfWDdDNzJ4VjlIakFMd05WZzkzeWdCcXlQQ2JVWklDUVRNb3A1bWFDUXZKREZmTDRFRkNSTjYzTEd3T3pIdnU5SFhkaXAyV3djbFFBRDZJSktDTGxSNUNtakpfb092RkJrWVNzUW1CdXU2Z2wzbW5EazA?oc=5,
6a8499b95dbd7dc252891124,ae176aa25b46ea636a91fbc84090ef8b6c209ca3677510b582d5bdc429006b14,,2026-08-18T17:43:21.480568+00:00,foreign_only_event,NDTV,local,"14 Killed, 84 Injured After Trains Collide In Indonesia - NDTV",https://news.google.com/rss/articles/CBMi3AFBVV95cUxPUXBIX251LVdtQm5idTVYUDBlQ0NKZTJwLUl0Ry1KeTZkdEUtWjdRNTBUelphSVc4MFo3cW1PUVg1dmdESEJCdm5JUkVIZEEtSkFwRThUcWhSTzZwVnpsSlRaWllVSFJMXzJ5UzRjbXYxY3c0SUh0OXE0YUNOcTVvUkVGaDEwbUxEWHJJWlVjZERSN2t4Z2ZkZ05fUmplVTYzUlQxVHBvUUo0cEE1bnM3SUFwWDZOci1PeHFSUVQ4YmZtWTdSVktkbXZ4MVdka0VRbUtHcnJyQlR3R0xi0gHkAUFVX3lxTE44WFF2VzBMVnlLU044V2JteVRIVTlBTTNFTjdfRVZlSFFzbTR3TC14Z3JaRzc0SVRjU0hrNE0xWEVvRFc5M1AzWUFSd09XZzBIbzJnR0g5cDY4Ulk5NEJyMzVjVnpaeFJEU1l4M2t5RUNxbUZOTkZzWEJPUXB1eDJLY084SFoyTlAzcmdXUVN1R1Q5MS11bHh0MVphS3Q0SHNSVHRTYU9feVFwcW1uYVgtNEpmWHBHNG5CYUdDdVdiLXEzOWpRanRNMlAyTkxNQ0ZHSDFDSGlZV2FOeXI2dExORVluOQ?oc=5,
6a8499b95dbd7dc252891125,4a68fb62e789c1d85c205999c5cad39e7d566d563105db0aec2da608540b51bb,,2026-08-18T17:43:21.520653+00:00,no_disaster_keyword,The Hindu,local,"Three wagons of goods train derails in Odisha's Balasore, no reports of casualties so far - The Hindu",https://news.google.com/rss/articles/CBMirwFBVV95cUxOUU80cHRGNllXVzlORTc5RkhfejBVS0J3T1ZUMVNmWEZ4ZDJDUS02RVloNFAwdU5DSndqOXVIenZfX3lUZHpzaGRVOVVpSEFxY2Yya0s2S00yTFpucEFQcU9OMGhPN05sNVdacVdUbldBdEttczE3YmpoM2tHZUJKS1pzZlBsS2tzTFd5dnNKVFRUR3RQajQ5cUVsWTRCb0dXWllQQ3FWWVJUN29IRU840gG2AUFVX3lxTE40dmJCUVVGaTNBNG90ZVhZRjlFNmt6cUdhOUpmbUxYYnhFUC04ckRteUdfWXM2WThMek9jM0VtOWRGWlgyd1NyWkRyMHFjZjRwSW5pdFBDelEtZG85WXVtZThwOGh1NWVHWmJveUZIUUxWdDhvbkpiZmk3aXhlOWdLQ00xNldCRmdPTmNIemV1VUtaNjl6RzYtdTFqUGhad21Vd1BGWWp2a0hBOXNxTTVfNHoxTGFn?oc=5,
6a8499b95dbd7dc252891126,5e31e0b4a75ba92f19a06d8711c435ebe59297450ede0a247058139da7fe65ec,,2026-08-18T17:43:21.565356+00:00,no_disaster_keyword,India Today,local,"Bengal: 3, including 2 students, killed in train-van accident at open level-crossing - India Today",https://news.google.com/rss/articles/CBMi9AFBVV95cUxPZkdDejVtaTZyenpkbmhPdjdGTnRjRTNlWGxEZkZCaG5hNWFXcmJhWjZ6QXdCOXRzck5lYzZKZlhtb1BXNEl5VEs4NGh4RU8tZzE2VWhDUDVacmkwRzN2YnpuQTZUV2FsTXJXRVpFMXBXNDllaFBGMGRQdko2Ul9OMGFQbVhzOVI4R2dwTlV0LVp2aEFNa3c3ZEM1dlpzVGNDUHYwLUlndnZhU0VYRG9SaXF1VU1OU0l6cmFJdkc4TjEtaHB1VWktV1JZWTB3UFNsV0tJSXZncEUyM2l0VF9HeEs3aDFKSnhRdTZKZzFPeXptQ0ll0gH6AUFVX3lxTE04d0JiVFY4OGZvTEFGNHhZZE9mNjUxcnhZSlFrVFRSckU5cVN3T1ZwNWxuZnFlR0hPV0ZOQmR3ZndVZ2JoOFdhTjdSSHZvZFpRSUNaOFpLaG1ObXFzeGhpWE5kVmVqNGFVbkxaXzJEak03QWZZenBHcTY2cjNEeWdEUHFiaVd6T09fbzFMd0RqeS12V1FvNEd0VFQ0RzhMalduamE0cFM1WEpSR1l2ZmtxMUhJTDlJcFVSS014dGpQUzR2UGlXbFlhNC0tajJaYjJuZ3l3VllCdnhaVlVEaTdsdi1rS1ZmNkNrbU1aQ0NyWW5EWnZ0c2dZU3c?oc=5,
6a8499b95dbd7dc252891127,c0b7ff28a9af34debd6a83c815f794f3c296bf5f2a66e4035717b6ff2e8a6f0f,,2026-08-18T17:43:21.634887+00:00,no_disaster_keyword,The Times of India,local,Two empty train rakes come face to face on same track in Bhubaneswar - The Times of India,https://news.google.com/rss/articles/CBMi0gFBVV95cUxPQ2dDd0xPRHBBMVg2UU9QVFJqUk1KQ3FnMGkzOU1Gc2hIUDJ4WWVsQVM4V0RuaWVJQmFYRnRRcXJXSXVHUWo2WjM4Nl9XQkVrNmJyTlh5RVZGV0R6TDN0VnAyNmtONWFoQUJQSzFhYWVZQVV5d1VqS3Fad2E1U3dYcm8xNzFRZVN5ZVBsYm4xUDlRVklQTFVHbzhTRmFYRHNLS0VsVHJ3bE5xajZXN1ZFQWh0S3BTbzZEakVLZEVYcFFpWnU2Z092TTlScTFnenpZcXfSAdcBQVVfeXFMTzY1TlJiRGtSak5pc1RYUUhoekY3eWtqYmNJckRIbHBjNE4xUy1yVHRzSFVGRzZXWjJVTlNCQUxUU1Rib0phY2xMa0hKaHhVYXB6bkdIY1hhTWFZUVo1U0dvendPdklUTDhsUm9yV2g4RFJzcU1vU0hfcUtSRzdaendUUEhxR0tOcHBvcEowOW45OElHTGV5bE91SnNjVHBTdzRXeEdfa2k1alJzaXJDZWhUdHpRMGZLdHpHY2FTX0E4SGhPZHJneEZZREMtRkhiaEJJQlJRYWc?oc=5,
6a8499b95dbd7dc252891128,1e109e5a8574e6819c1070bec995b5ee581f3e12cfd6c874d36a962a5c2b117f,,2026-08-18T17:43:21.679886+00:00,no_disaster_keyword,NDTV,local,2 Students Among 3 Killed As Train Rams School Van In Bengal's Murshidabad - NDTV,https://news.google.com/rss/articles/CBMirwFBVV95cUxNbnAzQVZOcGUwZ0FqZmZLMUxvLUxHVm1tbnp6ZVhlcUphMzJtRldla2ZOOXBxWmNWR2o5bzNTS2trT2tMaENCUi03alpRWHhRSlB3VXV3emhiNm1hTVRUbkVGR25EbFlRTFBjRXQ3UXVpQmg3a2tVbDh5R2xDckhpX3FRSnROYmpyaDJQUk1paDdqZzc3d2dwNEtnc2F1bWw3VGtIZUJoYUNDZmp1Wlg00gG3AUFVX3lxTE51eDZ0ZFFwVEdhZXNpc0xrSS0wTnFUOTdLbF9NellBTnYtdF9tTk84T1JtbTJjaktLSWxuMmZobTAwbUxKTjJHSVN0b2FRWGJKc2pFa0ZXLWlESFdabnJOTHA1azVrVEVmVEJHaUI5anVocExLRlhFejAwSEQwWjdQeS0xZEpJNUdYR0FQVnRuZXRybGp4Y1EtMDVtTm9TczZrNWRtbS1mLU9QRXJ1MjVUemsyVDYwaw?oc=5,
6a8499b95dbd7dc252891129,706b125fd5a8d509207f929bfa3bde2da93271dbee00802db070d00c375373eb,,2026-08-18T17:43:21.728288+00:00,no_disaster_keyword,The Times of India,local,"2 students killed, 4 critical after train collides with school van in Murshidabad - The Times of India",https://news.google.com/rss/articles/CBMi8AFBVV95cUxQLXlLU2MwaUE2T1NkMnE1emxEeVRWR2hFZEp0T1NzSXU4UG4td1pud3NWU09pU2hPMnVDMmJmRkdMUkd0YnZPbXZ5bzA2cEI1dGNLSEtFdDlBSUFsZ2hmQktOTTEwaXhPZXoxc3RlaXlSNWY2djRvRS1SdzgzZEFMS3VqRllyMk1CYzZfQmVDZmlmX3ZzQXlxTVI5OFNYQ1J3TXdqWm9weWoyN2RXX21KUF9aQ1RHdkxlUnNDWWswT1k0N25nSVpPTmRvSk4xajBMaUZUY1BFQ0dBMDFLVEg5MWJDbWpPVmsyTS1yck9wTGjSAfYBQVVfeXFMUDB5WFN2ZVR4M05qejB3bkFrNF92SFBxTmVmVnVGS1RQM2NFYlBnbTN2MUtNRjlfX0JkMlZISGJaUU1xNTBrMU9Pdm44dHJqaGozM0xkbFM4THZOUndIZDVwQ2Y2N1dtRTBmUXVYSXNteVp1bW4xcFpFZkNDMUhWN3JIdHBXRlZjNDJJMzlhMmV5MC1nTllkTlZZTmpmZzlUZnhjLUxhTlFmZl85LWladW1OZGp1STVXS1FJdUxDNUl5R3AyLXZRSGR5RzFDYWh2ZmhFNTdSa0VSeEhiSnBrZmhxOWk3UDdFNFRJNXZTNmlkMGNXdHhn?oc=5,
6a8499b95dbd7dc25289112a,2cc74d11da2993aaf342e71ca854b9f42d69a2696c7560bbb6c63db3325a8f8c,,2026-08-18T17:43:21.836575+00:00,no_disaster_keyword,NDTV,local,Maharaja Express Derailment Plot Foiled In Jaipur Due To Driver's Alertness - NDTV,https://news.google.com/rss/articles/CBMivgFBVV95cUxQWnNwSEVNOG9lRUlxcWk0M1hUbzRET3ZHWXBxZzV0eW44ckdvWjBTdUZiUTlKdWZsNGlBN1BFYUs3TEF6QjliUlp4RDdJTXkwX0VlVk5PaUZmR2k1cmhUbUp4NjBYMW5oWGVybVpkdTFOdHZZR3AzLXlHUkFSMi0wR1ctN0VsckNILUYwMEZSaEJZUEVWdUV4UWZxRUd5emp3X0F2elNZbGhSTDM5a3psRE4zQkVoQ0c3RnZDdktB0gHGAUFVX3lxTE1zeTNILTdYNDl2VndtWnVVQjNxY0lMT001NnVDOGpPS1hZMGtLQzc4VDlvSlVUS3I0ck1lczFELS1KLUdNbWRGMS0xUmlFOUtlVTRYclJGVVBNU2kwcm9Fbi1BMjdqT3hibUdIY0MtbElmek8yWnJaZG1sU3ItV0l5R2I5d1ZtOEdPSGhYaWV0U21DaFN0b19Falp1UUk0T2NtMWxSbHB3c2lRdHdiTHlSX0pJTmpMM0xIYnJubVhxSGVjbGhSUQ?oc=5,
6a8499b95dbd7dc25289112b,0d954045ad0c49ca54a7f0139089555b9fb386e11a3fb3319ee0236e84f619ee,,2026-08-18T17:43:21.874845+00:00,no_disaster_keyword,The Times of India,local,Vande Bharat derailment: Coach slips off tracks at Pune station - The Times of India,https://news.google.com/rss/articles/CBMiygFBVV95cUxOUFlDdDdfbUVTaHdYeVlWb3VOVGwyTWcyeTdveXRQeDhLc2Y1NFNvTlBJVEJNUWlyUkZSMEJPcXFxT3VpMGJsWk9hSGtmTTJCUTIzNElYOXZlZEFNdlp5S3U5ZkhyX2NzZ1pkU2ptZVlWM2dYRlRjZlRsdFl5TzltVlA5MWE1ZmlmS2tTRWxEdEw2LUhwZGQ3eXdnbWxHblZTWHNQRmVad09rZG1yc21LTVcwX1ViRnUxNlpJaGZWSDhhMEFocjhZVHdR0gHPAUFVX3lxTE53Vm4xVjJnVXQ0bUx6UE1XMEZzRzNSSHZzZ3JpQlR6ZTdjOXoxTFN2c3RPSWRXRVFPcTBpeE83cVlqVG5kVTg3VHMzcmVySTBFYVZYNmlYVGh3QWNvWkhSTlhjalN6NzNVVnlOQk83eE9udjVaOEJlMFpOQk1HVm9CV3FsM0poUXFLajBPbjJ3UjY2YXFTekRlLTZSLXBMZzROYnVZMWNreUhnMEdVcGd5TEtrbFFXU1RJTXBIRlUyaFNTa2NvVzBDOHhSU3JZWQ?oc=5,
6a8499b95dbd7dc25289112c,9eeb71e12a1f1ecc88d1f9ae828e562d76a2916d1963464e9e2debadf233f966,,2026-08-18T17:43:21.916003+00:00,no_disaster_keyword,NDTV,local,"""Happened In Seconds"": Man On False Train Alarm That Killed His Wife, Son - NDTV",https://news.google.com/rss/articles/CBMi0gFBVV95cUxOVjJFdXgtcU5KOVJGV0pYWTZ4SmVsU2psVkFzbWYyRzlOaThvUmlycXQ2dlpkUk1QamcwdS1oZ0hjMS1TUWFwSnVxVTZOQ1RVLVFDXzZ0a0NBREF4NF9LUVMxTEJyT3BXc3BNUnBWUlNKTU9kUVJFMFJ2VWlRMnVkM0VpUHZVWU1KX3AwWDNSVzR2REhleXFCUXk0dDQyWHIxckFLMU9CbHh1NkYzZ2pvc1BmMENaNE5INE1LbHpDSi1vOVlkZEhVRDRxWGJoay1MRHfSAdoBQVVfeXFMTm1xNG9COE4tVGRPVTl4b0ZYRFI4V0RwLTRMTDB5emQ0WVFVY3czS3l3aFR0UFFWVGEtYjNxVzJBLUh2a2pQSGtUSDRxQzQzR1RNM2dHQ2V4YXZtR2dUbk50RWJYRE44T29hNkJiRWNad3BsaXREVXdWY1B5TGJNTmFCV1ZvdDcxVVNVSGd6cTFZUHlOVXN0U1huY2g3SUJYRk9BZmVKSEtvTmd6UFEzMnFNQ0E3TUdhMjdBUWZRckh5WjNQWTRjdU02T1l6eEFDcUxpQnUzb0tNaVE?oc=5,
6a8499b95dbd7dc25289112d,ac6c58c9a7a014bfb0560372c5bb9ba8880c69de17a4df85a65ca6d1f4f7a490,,2026-08-18T17:43:21.957595+00:00,no_disaster_keyword,NDTV,local,"8 Dead, 20 Injured After Cargo Train Rams Bus In Bangkok - NDTV",https://news.google.com/rss/articles/CBMiygFBVV95cUxObmM4Z0w1QnJpQUhBTlNJbjg2Z0xyZ3otbmhtQWNTWFNkR0YyRUhFM0Rwd3YxQ2ZoRk5OenJDemtudC14MktIdnNKZ2dDd2tlUXlMTnd4WFdNaVZQSDFrRFNOMEdYVkR0MDNBbEJSa2J3bkZFUzRZSGtTN3lxdW9sZ2JVWWdvYWQwTW1WSkRkMUpEdlFnM19fQ1hDVFZQdlBraGdXWFRVTW53a1pTLVQzUGJiNWRvcTFkSDdUUkNSUklua0lDVFBrOTR30gHSAUFVX3lxTFA0M2NKemRNOWFhRFJCdm9OemRkYWNsQXJ4QU93UHExSUNvM1l6dVV2UGtlbWlmZ01wY1NSQmFoZ1NIZEwyMEwycWpINnFUdnVvX29PU1Uzc3lmNXdaMkhiSVo2RnJxYmIyTXFuN09KOHBwd21Fb0xmX3RESE9lMF92TmFJSHNtVlNNdTZveWFGa0pib0VTUzBfYU1fRGpaNGtXbmU2R3hnNXdrMjlpVjNpMmpYbk9EbkJieXVkdkI5eHZVUEVQRkkySE9aekp0TEYyQQ?oc=5,
6a8499b95dbd7dc25289112e,fb9402f4be58be8817e85bb053c329143c0a2c7414aca357c1828581ebfbad14,,2026-08-18T17:43:22.013770+00:00,no_disaster_keyword,Telangana Today,local,Three coaches of Ujjain Express derail in Rishikesh; probe on - Telangana Today,https://news.google.com/rss/articles/CBMikAFBVV95cUxOTlNhSldHcFBUN09mQ0xGOWwtRUhCYnNlcEp4dlFLZnk4TEU5OEtCYWU4UDBGM08xWXdYZGxzUnJRM1FfNFp5dVBUSU5uOGMzQ0M3TlZDeGlndnh5LXIwc1FCUHJtekstekZJcGNRQzNhQWhBZ2p6dlRsWlItVXo2UkxRX0Y5YkRrNFRsTnh6Yjk?oc=5,
6a8499b95dbd7dc25289112f,d4a25f6fad88c833ec15ebccfc7e6a439ae7ea20d829266b7d4c4b25fdf253ef,,2026-08-18T17:43:22.063813+00:00,no_disaster_keyword,thinkglobalhealth.org,local,Why Mumbai's Overcrowded Trains Prove Fatal - thinkglobalhealth.org,https://news.google.com/rss/articles/CBMijAFBVV95cUxNRXJFX0RoVzB0TnF6TzZQd3RvdHg5ZzNsWmFvYkNwTXVpdUl1ZzJSVEJiYkRiclV0eHFYSmxFbDB2enh6WmlCbTFxZlR0NUkyem1pS0M5N2hDXzNJWG8tNHNsdU1VODVnMW5rcVRBcVNlZUZ4NFNiOW5QdThFc09RVFNnaDBWREcwTzFhYQ?oc=5,
6a8499ba5dbd7dc252891130,90703934d4a61e45c0759db0c7663a9e115cfe2feb789d4f35e9100e0e1ad775,,2026-08-18T17:43:22.115450+00:00,no_disaster_keyword,NDTV,local,"2 High-Speed Trains Collide In ""Extremely Strange"" Crash In Spain, 39 Dead - NDTV",https://news.google.com/rss/articles/CBMiygFBVV95cUxQbzVodnJqd1hmLXZJeVJuNXpidXVpS3BHOXBwbDR5QWdYeldHVWNfaG4yUmVnV3pwRF83QXFwczMwVnBMdEtJenRoOVF5ZFlJejlaNDRJWlJhXzJ6b3hfZGptR0lBeFFiVnNBaHB5c3Q3bi1CTzBqQ0YyQjNqcEg4akdpUy1LYUk5ZWdIdXhuUGllY0RiUE9ycmFseFZXVHVvOFdVRUo1WVA4VkU3OFF5MlE1Z3d5TzU5QnBxV1I1LWtCV1VwT2thZHRn0gHSAUFVX3lxTE8zYmdya3FxS0FfQVE0cVBsN29YemM5OTdwSi1LNFdGRTlfMmQ2bjdzd1dFdUFaazhkSXZRWVh4MXhtUUVOdWVFc1dFcEJxOW1xMGlTbUU0QlZHdC1ySTdPLXZpUWdEcW85eWpxSGYxcVJRSUFUd3BROGhLSVRiNUMwbXhLTi11cE1vUjBPYWFVMW9HOU16RHhaRVJhdGlGalFReWlqRzJQTkJFSHJYUU5LdWZkRDFKbnk1WnZHZWE3WFZ1ZEFTM0ZrbWJRd3JaQWtldw?oc=5,
6a8499ba5dbd7dc252891131,ea825297d2af9150d9b153800e372268068abb03dbf454f047857f4ab10cc353,,2026-08-18T17:43:22.178447+00:00,no_india_location_or_context,The Hindu,local,Railways holds train accident response drill in Tiruchi - The Hindu,https://news.google.com/rss/articles/CBMi_AFBVV95cUxNYzNMRTJMNFVEYk9DcXVjWFZxYnZRSVl0WTl0V0JWTGJHeG5kSzg4LVBFWF9nMk9HNmFOMUtvZ3pTeC1IbW14ZXJTczg2a0p4VUtrTXQxalZxY0Z2bE1jNWRxaHVNYlQ0S05abWNoR3JJN3JkZU80QXREUldUQVRSVlE4S1lHQVNyamdHSXRuWUlUS3RNRGE1Q0xpWGNvZ01OaUpfcWhYUFFvLUl6cF9HSFkyOVZNNGJCc3F1SVhGVmNUUDZrTm1mbkFxbFlQaDd5UjBJYnpWREJpT3ZmVEJ3VkdUQUtsUXp6dGF6LXIzRXpWRW15T3MyTWg4THDSAYMCQVVfeXFMTnZDNVlaU3FxQUNGNUVYR09tWFQ5SF9neC15MHVZdDJfUlIwNzE5TmUtRDJsMHRsdk5NVktCeEpRLTAxaWk4dVFhQUdIcWtpam1yc1hxRFBPaHdwajBTMm1oNlVZOGV3MEhYejVZbjhnRUJpVnRpWGQ3QVNWbjlBd2dxU0loX0F3b1hkZWZXTzNoS3RRU3Jrdy1oVndUaW9EZ1JKV05nUGw0QVRDZVhwUlhnR2piOGE0R3VaRW11RUpRUjI2XzZGUDlrWDR4V1RjWjlONWVOSVZlWm1raHUxaEJCR01uYTg4SHVWY2pBQmNQVkJyQ21YMGpXNUZQb2dEZl8yaw?oc=5,
6a8499ba5dbd7dc252891132,118e3f4688c0724e8bed66805330bd2cee6d63a9fd139d8c7579c0333d6028d6,,2026-08-18T17:43:22.240446+00:00,no_disaster_keyword,The Times of India,local,"Four schoolkids die as train rams pool car at open level crossing, gateman arrested - The Times of India",https://news.google.com/rss/articles/CBMi7gFBVV95cUxOTDhKRzlKdFJtMlJsQy1rdzNuY0VDZFJVdk1wQnN2eEp6dGlPZ2w3dENrNEZhc0hQNHdtNzhHZXFsMXpNcmQ2d2NhRkpfdnVkS0VZNlFJenRUenhGNnBkSTVjNE16QXNWdG1JYzB6c3c2TWFJdFJJcVlkN1BiVXIyT00wbzZidnM0QXh6SGl3SjhXOXlsa2dpTUtDWHFYWHUyal9aOVFDZjBoWVp6aE5rLTNRNFpHM1R4WWREcXExOWpEQW1lMjRJYXRnU05pYnJUMGxrRUU4OVg1Mm1leUdkRVRSQWxRYmNGcnZpVFJn0gHzAUFVX3lxTE1Mb2JObjRYSWlud2dtWS1MOGsxM1ZoZ1A1R0NIRmx3WW5idHRRWF9YQ3pFaGloQVBWYlhGeEFpcHBHdXo0NW52WDFRYXNLWS1WSWduRjFYcC02RW1aWTM4WlhXbXpDLWNZOVZXR1pXNHVMVzB2dmUtR3pXLU1JTWNMRVVCZEx0cklKcXJXbV80cmFYekV1WTdyVWZCY1hSMnlsNHBCaWJQNVhxYldaRndNdnowTXVsUnVNT0dXdzBja2h3UFZpSVR1REJla0ttRUJOZVkxNzl6WFdGejRqaG9GSlRxX1NzR1JDYk9CWlRHeTVsQQ?oc=5,
6a8499ba5dbd7dc252891133,c0c7b2dcc555754fb61ceb53052257f876be6ea96896db777724df6ffc268a2b,,2026-08-18T17:43:22.309909+00:00,no_disaster_keyword,The Hindu,local,Eight wagons of a goods train derailed in Bihar's Jamui district. - The Hindu,https://news.google.com/rss/articles/CBMiwAFBVV95cUxOX2hEcjZPdDdVTnZNZmYzWjdMcGlMZTdrTjlaVzQ5elE5UTVKYWFLWEgxWml6a0p6QmpOSXd5NHA0bTd5bjVGLVc2SVNkTlg3OXVWWWxIMUVENEVZd0JGbnhHZUFNcnFkOTh0eDdFOFZYcVNFTDZkajJ1cUZnUEU3bzJGRFAzRjhiX3E4cV9oaGd6V1hPNVZoeG44Y3NIMzYzTFlwSHNFQ0ZEeGtPbzBGQXVpRGh0M1RVZXVUSWRoX1nSAccBQVVfeXFMT1dwNW1oSG5jSXhaN0FIMUlDandrejJTTzdiOFpJRGMyOHplOG9HaXdjV2wySW1Zc2k5d0Z2ZFdTRlpMRTVxRFRkZFptWHluTUo1YWhGd3FzLTZobUNCR0dQOWVQbi1XY2Z6dnVBOEdCTzZ5Y1NpLVJNelJMWkhhUHhxcGNkLWZuMEd3S0xNMTFVYVMwWjg1SHdhcWFBOGJac1JyZWlfNld6OUpacUpDRF9XY1RlTWNTN0dkSWJpYm11TDFBdDRKRQ?oc=5,
6a8499ba5dbd7dc252891134,4f9fc297db31d511bb5c2372eb8e785750e9a1721d55ad72ffc872d4166c1cac,,2026-08-18T17:43:22.514587+00:00,no_disaster_keyword,The Times of India,local,Uttarakhand tunnel scare: 2 loco trains collide in Vishnugad-Pipalkoti hydroelectric project; 60 injured - The Times of India,https://news.google.com/rss/articles/CBMimAJBVV95cUxNb0k3cFd0ejBWalVaNWJUclRZVnVudGFlNGNDYjh1blZYMW5XQmo1UEs5TFZLaTBzR3NUcER4RVFrT3otcEhYUGNZRjAtYTMzdkVDNXlqRjJSeXhvbVAzLUNZRzJsRFpVZXNGelBreXlYUlRzeENrZ0MyRGdEcWRMWS16YWZEdkpHTDZ0SHZxX0xNeEdSZjdFaEtDNnY2Q3dQWXRNNU05d0lVQnJiemFlYVU5QzcwS2NqQWNMTGEzTm8xUWVOa3lvMFdIa1VQbV9JSUVsY241SGZvaEVVS09NLTZGZ0kzTUVBZzBWNWZVejFYcDhLT1ZCaENYazRXYjZFdDU1c2xfaDJ3QV9oQ3JzdDduMko2dXFG0gGeAkFVX3lxTE1Ld01xRHJYbXl6ZGRzMGxuZWlRUFV2RXd5Nm85bnZrazBxNjEzWHE2MlhsOTBpUjZibWw5XzRpQ1l3YWQ2WkU0c3ZxN3dyMEw5MlRyVUEyUm9MMHdhdTlkZHRvUkJSOXVZXzBFUzd6dEhyV1JfUDNLWmhkSmZ4WHJYRXBVUF9OLXRXdFR2YVFVa25lY1NPNmNJR25GMWpVVWNzeDNkT0ZVRkxEcnE0cFNaN1pvdkRWVkJoend3bTl0ckFWdmRSSjY3ZURKRDBGOFlnMkt1WUFJOUY3WHV6ZWpfcEt5QThtcC0waGNqcWp2NmN0SXlhbFJwNDZUTDBNLXdSQmdDc21pbm83THpUY2xOUVdlVFlmQnJuV29QVVE?oc=5,
6a8499ba5dbd7dc252891135,3dff65411e86c7407185f4345522720346eb356619415d2b4f0e7e1ed5b1121b,,2026-08-18T17:43:22.583438+00:00,no_disaster_keyword,The Indian Express,local,"4 students among 5 dead as train rams van, cyclist crossing tracks in Murshidabad - The Indian Express",https://news.google.com/rss/articles/CBMixgFBVV95cUxNLU9FdzBvZi1XRkhzVm91YUZ6VVRkcjlFNlJ6R0JPNkd2RWRMMmhFa2ZHeFZ6R1lHd0VqS2VZVWFoT0NtNmxtUkxiR1NoaUhSOFJmTGYyLVl5al9RUkZmOGJPOV9rcU1uSmxGbHBUb0ZsOUpjTHBQWnhrM1lZNGlLV2EyVWFKS2g3amNKTVNhN1hQMW1PS3VncWFmY1dmOEVwMTNoYVVqZUJhNjlhWVgyb2Z1OUxYUjU3UWFIdDg3a1B1dEtraFHSAcwBQVVfeXFMTjAwQnBJaFFnSUtEU0J5T3lDdDhIUng1Q21oT3VWcjRDaG1yUXNnNEQ1RlduOHRHR2MxMUdvVlFHUDNiS2MzeVRmWjM1MUkzZzdtYnV3QjQzRF9rQlhIcHV4aWFMcjh0TFJ5UkozcnU1R3FpbW1XY1p0T0xjeElRQzNZbzdNVzJic25QNm1hZmxLeFU1MmU0RDN3ekc2MktkdnZFYjRyWW5JMzZhN2s2aW1aVF9hZHdKVzJwdnk4ZlVERUFiMTdYb3ljUEY5?oc=5,
6a8499ba5dbd7dc252891136,a87b42d50600146654aff71672dfcaa8959a89ed9897297f167458b95863d718,,2026-08-18T17:43:22.659261+00:00,no_disaster_keyword,The Times of India,local,'People Began Jumping Out...': Passenger Recounts Dreading MP Rail Accident Moments - The Times of India,https://news.google.com/rss/articles/CBMi4wFBVV95cUxOLXdYa0Z4dUlXNHNMd3huY2dQM0k4cnVySW5wZTN1T2lPMk9pTmNuM0RvcnJGVkxpeGZ1YnZjZjRtNV8yLUJPZEZPLXVDRmltR3d6Wl95V1VvalY3TTk4UzlwR0gyZ1R6Tjd3d1JMU1QyVkV1eS1wRGxPdnluZUhkaFNVRUFORVdRb01GRjFNajd6dExwbEJKT1U3cU1YdDA4R0ZMZ0U3QjVYOUNScmY2ZWF5Q3lCeHpwWEgyT1pGX05nX0owUWhFcExNZTgwclVRZ1U3ZjhMcnJ0NThpUWIzd1I5VdIB6AFBVV95cUxPUl9HYkVCcXZiV2hxc204TkdzUmRUdXBCcFlnTXlKWmNhckQ2TGI2dWl0RGZHV01jQzFpRDJwYmtkalB5MFZGV2tyVzZRRVg4V2doM3ZFVmM4TWgtLWkxeEtiS004dmMySFYwbjU3bGdwNkZ0ZXROTm93X2VzV0hPN0VucXFTcnllSnRBR1hTclFOUXUyOHRxX3BTMWtTQnlBUmUtX3JKUWQ3bThjN0IzT2xIaEVoNnlfSW5SNGtuMmlibWhqM0FOWHNpLWNCcVJrVWptdDhLbS1XUjZQNzJ6VlgzNHZwWE1M?oc=5,
6a8499ba5dbd7dc252891137,fa66dd0eaf7bb64fca6803eb6c02ca42ddf119aab9baa9f8504e14b1c8f75d05,,2026-08-18T17:43:22.923145+00:00,no_disaster_keyword,The Times of India,local,"3 coaches of train derail, none injured - The Times of India",https://news.google.com/rss/articles/CBMiuAFBVV95cUxQRWxsLWRvUTV0SmJCRHk0ZFBKVUpJOHo5RlJtLTRwUF9JYU5iTERmZWpZY28xNmFGbE9jV1V5TnZSTXNiLW5JbFZvT0oxb254YlNFdm0xVko4VndLdlhtMFIwRmw0N2VOOFdOSEdHRWZuS1RLZFBmZ2NSUU5xb3Y5M2JMWUZmUGd2ZzZOOGZpWDVSYjFIODlIODkyaHBTaTQwdWxScW1RWEVrQldURHBVMDRvSmZVSWN20gG-AUFVX3lxTE5JRS13UFkxenlLWmMzcUFiRG9Ua2FYMEd5cjJsZDlNNTVoeWR5akUtWF9OWlloLU9GNzhzMmh0bjBJZjRVZGV3U0hxQkRrQkNheTRuVy1EMjZQSWtCaFQyU0sxbEJQVEtsZnNZVTA4a3ZsVVJtZXpZY1BaVTkzZGMyeHl6NDRsb05YOVhoRERfbXJvWDQ2ZWtJMVpHQWJ5cEx4bUVjSTNyMDR0alNoR1RlTUxNSzk3M0hDa1N5N1E?oc=5,
6a8499ba5dbd7dc252891138,096e7d9745466a1aaf4dc4adf65c6eed0cb93e37d04777c2e4f082d4af63b825,,2026-08-18T17:43:22.979187+00:00,no_disaster_keyword,Al Jazeera,local,At least 28 people killed as crane falls on train in northeast Thailand - Al Jazeera,https://news.google.com/rss/articles/CBMitgFBVV95cUxQNG5NNmJWWENXOGhhelA4QUctRXFjVkdLeDN4TjFGWHFSQUFKS19RMEtpQUl4NWd5dmtVb19HeDlLTjcwN2lEaG1LSEtyeXEyN3lzcnRiSHhCREx2MEVYMFh0Q2F2RENObkdXVXZGdm9ROGlObnZ0RHU5NlNUVkdjR3hMYWN1cnhFLW15OExlSllpYzQxRlpZREpEeHpYY0xPajVsQS1BUHBULTI3VUNpYUhxNkxnQdIBuwFBVV95cUxNQ0U2M2xqa3A5aTh6WG9VbXkybVkyTlhyLXdDTXQzRzRfZ3lXR0pRN0piNnZZdzhsemRMUkwtbXJYdURqVVhEbURTOFk0LVE3MW1fM01sc0V4OXY4S2pXU3BVRS1uWVp0VHJCbkNWZ3NGWHh3Mno3UW9SdHBTRnFNT0NUY1l2U1FpUVdxY0xEZ0ttMWNYbkVkQ3ZJbDlrd3ZwNTNZcHYwRFliYUs0WWxyRHBNRkhqaFVEOXV3?oc=5,
6a8499ba5dbd7dc252891139,2d52d2e7447a23550956389268a8a2c374ea48ea2bb5522748e6bef47757945f,,2026-08-18T17:43:23.033209+00:00,no_disaster_keyword,Matters India,local,Nun undaunted after train mishap claims left leg - Matters India,https://news.google.com/rss/articles/CBMiigFBVV95cUxOVU9qMXlsTmtsbGFmQS1GRkI2NE56cDlqLXp1SnlWMi0zSjkyU2ZlZE4tQlRYM2RYc2VFQ1NLM1NDN1RjMnptUWhueUV3WFR5c3BKS08yR1UxNG82dG0yMHFKNXY2eTBqMDVJY3JDS0lwNG9lTmxQTVF1SWs1Q3JadFg5aVB0Tjk0bGc?oc=5,
6a8499ba5dbd7dc25289113a,d72625a60b38f479e5d061e6edbeb5e951b2deb1be277a64905df30c8ed6b573,,2026-08-18T17:43:23.083284+00:00,no_disaster_keyword,WION,local,Three school children among 4 killed as train crashes into school vehicle in West Bengal's Murshidabad - WION,https://news.google.com/rss/articles/CBMi5gFBVV95cUxPRXBrY21xMzNJTkQzMVNweEVLV21JVmJMaG10MzVUQWZhN0Z5YWZXUVlUYkRUZ0tUSHpCVWNTMjBTOVBEZHUwREZKOWtrT0ExbkNkQ0h2SnpIWjlQT3EzWUNQellyOHBUUUh3emtsY2xZRmNNWFlmMG1Od3UwM0YxYWFQempzRjFJbUowVmFNbkRaUzNsNVZHLXdNOXhNYXJwZng5ckZfaDZZZnlHamlVUTJzVUg2MlJ6MGVna1B3azJnZ1JseDRZdWRiZlg0RHh2ejNOX2RiVV8tUjJNUlhmLXZqdFpqZ9IB6wFBVV95cUxQSzVsTGZwMVZsamJPR1FjYVpYOW5jV1Q3MW4zRmNaS3Z3dzRlcXNNZ1ZlbXhVenAtakdzYkFaSGpIazRKd2liMndaSW9jdHFHaUxGYmxHM0hPNW9fYzhjY0JpTTA2SEJzWkVja01lUzNZYUdLdDdPWXpTRUpncjJXcDBQMFRHeWdrV0NwRkpueTc4c2N2VmlxMU1QQkYwMjdvRXE1T2dOTkJkT2NSVThaSDNqSkJWeW5ob3JJb2FjZG14TkJva1N2WlExdGZ0ZVNROXVIa1lSU0dKbGRTYWtRcFB1MFlWa3UxMHFr?oc=5,
6a8499bb5dbd7dc25289113b,263ad76a74b29008edebdc2700c9a663bcc55aecbf8fc0e3f2f35cc6dcef2707,,2026-08-18T17:43:23.124855+00:00,no_disaster_keyword,The Times of India,local,5-year-old dies after falling from toy train in Rajasthan's Jodhpur - The Times of India,https://news.google.com/rss/articles/CBMipAFBVV95cUxQd1ZMZ2RzazRjNnUzMHZNMTRHNElueWRpMUpqTXVkd3lOc2ExQTNhS3lyR3cwX0lqZUF6NHU3Q1lmc1c2WDZ0UHBGOHR2Qk9TZU5XQlRSOTViUXhVZlQ4U2E3Nm9vNTY2bm56RDktS1VqZ2xfTEMybVRaZmJwVmRiaWRlNFF0UF92T0RyVXNmaFFuUUIwcDlOMFpLRUczR1J6TjhlWtIBqgFBVV95cUxPbFIxWnFlNm9Hc1hrY2VLam5qY1lHck41NmM2RTNHVG5BUjQwNlVRU1FwR3BmOHh3ZUFpMHJDcnNwc3JPRU9Pd3JGWklSM0tSZ3phbVhNcFExaU40dmhZSHF5U1hkbVlTUzMtUF8tNmx3Z1ZGMzBfU3hwcm14bHFCdmRXREZVVk5rOUtfVGJFWTgwUEdVdEJDdmxQbjNLQThfbVRCZzc0R3FIdw?oc=5,
6a8499bb5dbd7dc25289113c,847c2d1f5beecb9ab86f33b455827c3df07eda29a9f0c29d6432486346b983e5,,2026-08-18T17:43:23.170826+00:00,no_disaster_keyword,Deccan Herald,local,"Three coaches of Ujjaini Express derail near Rishikesh, no casualties - Deccan Herald",https://news.google.com/rss/articles/CBMisAFBVV95cUxNLVMxX2R3UTBpVUVhZVVRZllPajhWaHlFN2dJR2s0ek1LcjhhYmVmb05WVE45MHBWeVgtWEsxNzV4MEt0eDRnUm1KZWxRbnJFQ0NOQXhOYkd2QTJZYzJqeGxJTUhQUWxadjNFaFA0SFAyVXA5WWJCYTRMazloZXdQV25UVXc4TGVJMWppNFVWYjZLUHptb005bG1OZE9Kc3huUkJBaXlqR1ZfeDdVcVVIVw?oc=5,
6a8499bb5dbd7dc25289113d,1fc9ab90af4270ac31294e3b084feb2d787d025f9f97be74efaa2d6aeb0eaa8b,,2026-08-18T17:43:23.236696+00:00,no_disaster_keyword,NDTV,local,"2 Coaches Of Passenger Train Derail In Jharkhand, Damage Overhead Pole - NDTV",https://news.google.com/rss/articles/CBMirgFBVV95cUxOYVkyaUt0V1lFTXIxbXZ2VXh1MzVHS044XzV6RWdESDFIU0J2QUw4bUxmclFzdG0zSkdWMkphU2V5U3UwTzBYZDZ2Z1ZIQkhuTndRbkxvbTlMRkZaM0k5cDV3M0hDX25JZDRpOHJmemhQczRfclhROHI1NlNlQVlaT3NIdWFHZ0ZBZ29jdkRFeThFMHl2ZlJ1R2FaQUo1cXFpcjdyeEpxOHE4c2tNWVHSAbYBQVVfeXFMT0tNeXNqbHB5eURMUFVGN3YtRExRLU9KOHJxeVRNR0VwUllQMFZoMEM0dlJES2lfVmR3NTY5ck5xYS1hUElfYXJ6MFJTMTMzUXJtVEQ1THF4NVdrVmZjREtQdWwyVlo5bFdfWmNjdkVTSE5Fenl1OXpiek9IeFVxTFVIQXU3dVkwNjlJUFlna1J6ZDJGWm8tVXRqZ1RkZW1iVkI2d1RwODVLMGZmTVlzMTFnV1ZWSlE?oc=5,
6a8499bb5dbd7dc25289113e,889ea52b6f8986b6a0e7947c982687baaabe4624ae03300d048213fa1569a90b,,2026-08-18T17:43:23.275426+00:00,no_disaster_keyword,NDTV,local,"Maharashtra Student On Way To Board Exam Centre Falls from Local Train, Dies - NDTV",https://news.google.com/rss/articles/CBMitwFBVV95cUxNOVZHT3NCNHVCS0taTEdJUTlHaWVpb3h6V29mUTI3Z29TUk9sQlZmdXFXX3JheG0yd1VnMDFqc2szYWQzRC1ST3ZNZlU5LVpjOXQ2cnBzcUxHY1QwQ1NhelZLcW5iQkFSdXVJWWlvYkpsZTJCTVVxVUdDTUtWYVk2RldvMm1Fb3F0STJvUHQ0M2ZGVVk5Q1VLMGVrbm44ZFVfN2xtUjhVS1lNSDFudmlFS2lidFBxT3PSAb8BQVVfeXFMTUFMUFMzX0hnc0twWWIzb2NXM0FnbUZkd2JrYVN2QzBnMElaaUR1S0NJakZwNFR6MmRCejFQNEpJdGpRUWo4NGJoaDBBT2JSWEdkRlUwMnJFTzJvUW9Ja2o5QWJjQkdhZHlWWkw1SjdTOFNqdFlVVzRack0tQXIwVlV6eHBtdmFhb1BZb3JKbTVfOXdFWFBsSUJOX3g4RlFSNHpQRWNJMTNWamIyRzBmOU10eExtZmZxdGgzN0FyMFk?oc=5,
6a8499bb5dbd7dc252891140,154bececfa62b5aae8a351c001f5cba9d29f341888601891e751720e784b1e5c,,2026-08-18T17:43:23.316729+00:00,no_disaster_keyword,NDTV,local,"Video: Train Rams Truck, Nearly Topples It At Level Crossing In Jharkhand - NDTV",https://news.google.com/rss/articles/CBMisgFBVV95cUxOdy1KdzYxbjF0OTRWQzF1YnhEOTBtLU4tOS1TNVlIYkg2Y3drN2ZvSTJ1WlBkRFpOU3AtSHlNM2VldFFoUjVLaUw0d3lmMUE3MUxWaWJwN3IxRlFVOHhyRmZOSmhhR3F4WldiSnRaTURLWjJDTnBjOEdKMV9reTVXeXpSNHhGUkxsb3JXLVJJUlBJYTJCY1ZJV1RzYmNtV0hMZ2pOVmdIbVltazZRZEM2aHhn0gG6AUFVX3lxTE1LUVdhZUFZSU1NUm1jbTZQY3FZa1ZFaF8yam4yb1ZYbjlsSEliblFwTHl3ZVlRYVRCSkFYYU82YTBlQXNBaDhZc1hLVTJJWE9YeFl1M2JycGY4Y3hJakZqRWM3QXpNYjVZQlpPdTY1QzVXQXhBcFJ5NG1RWW1OeTR1akpFZlNNenUtbzBfb0FBRWQ0UXY3ZWJVR2wzQVBGYjhEZzFLYm5EM0RGU0cxUmNzYmNaVFVLODdmUQ?oc=5,
6a8499bb5dbd7dc252891141,2e9d0058cf87b292531dd5f745953f682ea3c9e050a6fd9b2d7a1deec971f229,,2026-08-18T17:43:23.487660+00:00,no_disaster_keyword,NDTV,local,'Train Overshot Red Signal': Railways On Likely Cause Of Chhattisgarh Crash - NDTV,https://news.google.com/rss/articles/CBMisgFBVV95cUxQckNoQmpwVFUzOW5QWUtYWkQyaGtiRV9GSUpRZlVkZU9zWFpsYWY0U1ZYeU9Ra3duM3gyYVFsTGQ1T0xDcm5LYTlGRUZYQUc4aERuYl90OVZ3QUI1R0g5UUVPdGQ0eTVLZXBLM0Q5cFJfWmRudGtyQy1LRmRGRnF3ay1wMktZdlBVb2Z1TmdWdHJEWDAzdFRMSmt3THpkUXcwTTYwQzVvOGswOVNMU3JwYzBR0gG6AUFVX3lxTFByNVVtU0o2RldGRUx3b0RkQjlGM1FKLVE4a1R0cmJQUWRudXdQWl9TLUtBaS1OT05ZWGRoLVM3ZE16QVBsRVA2aE5hdTVwczZJZ3hBVEk2d1BYd25xdm80dV9jc01RN1pCX2NXUFFhWmdxOFAtWnNBeXlRTm5VYTFkQ0FQbEhscktnOXB5dDFrVU1vempJRnctWi1rQnBjbWhIOFhLLVRwY3ZNanBaelFSZVVVR0tkM1pHZw?oc=5,
6a8499bb5dbd7dc252891142,2d664920efd2c41ab92e7f78064072090c8ba9735854b13da787656d21c6f999,,2026-08-18T17:43:23.791446+00:00,no_disaster_keyword,AP News,local,"Passenger train collides with cargo train in central India, killing at least 11 - AP News",https://news.google.com/rss/articles/CBMingFBVV95cUxNOC1tX2xZWWNYX3psa0NlWEdrREZzYW5IQUpDZWgzdzJnc1hIbk1RMF9XQ3ZVQXBhSy1ZODdFV0lrbURzMXdUb19zbTZwVXBmcWRtREVNMk54eGQwTVVrZDlaVVZncVd4di02Vm5wRkV4c3o3Qm13R3ZmNV8zMUhLSFVUbUstbV9UYnQtMWVoQXVYVF94a0lwX3VoVk1lQQ?oc=5,
6a8499bb5dbd7dc252891143,a1b09111aca5a32fbaa96d5d46a4f0b2f78577612e256be39a10c8e31998782f,,2026-08-18T17:43:23.847699+00:00,no_disaster_keyword,India Today,local,Over 20 injured after goods train hits college bus in Tamil Nadu - India Today,https://news.google.com/rss/articles/CBMi7gFBVV95cUxOQ3VELUcwSl9JN2V6Zkk2ZTdtX1AycHNCTGo3U1h4UENnM1MzZ2Q0STRuQjlWZnV0Qk9FbmNsTjUyX3MyWW1vdEw0cWlvemxwd3AzZ3RrSmxlWXlvMUUwZDJMcWdGNlN1VlBFVTZWMmVFbkJaY3JlM1pLNlVkNDA3eFlXY3FvTjZwSFpHYkNqTWFSdmo5NjJud2QxN1ZNUlgydGJBZ0dVSkpjdGVIbHR6T0dqOHZQTlBjV2g5Z2Y3NlFxZE03dzB1dHV1c1p1RlhLeG1fS1V3R2lHUkt5SzZpMHd5VUJNdEpKSDFlcU5R0gHzAUFVX3lxTFBGbURRdmVTekdGSWZFTXcyLVptNzQ4ckx3MHk3MWZEZGI0eERoa1BlRXdKVWdEcDJjMDlYSzh6dTl2QXZHbGtGY3VIWDZoajdJOVp4eWF5dzFIa09oa2dDTXdIUWZXdkhnY0ZtSjVCbmFDUFdLdjZ0cjhtb3g0eE5IeWdKM29ld2ZkQlNvcVg0ZTlDd29zMVd2eGt2aTlYY0N5aWp3MjFsU3FKWXNsRnFBVU1XSjNEYV9UMmlvTE81eWJNRFc4dW42T3U1OTZpNjZvaVBUYUlhUXR5UndhdmJYalRzU29lRFp4c3g4WDhqdUpJNA?oc=5,
6a8499bb5dbd7dc252891144,5ca645e2be214fc76f22ad81cc4d7a5e42c7660bb6f479627d363a421a7b6166,,2026-08-18T17:43:23.895966+00:00,no_disaster_keyword,The Hindu,local,"Chhattisgarh train collision: With parents dead, relatives of toddler who survived worried about his future - The Hindu",https://news.google.com/rss/articles/CBMiggJBVV95cUxQdHFwZnQycy1wQ2lXa2xzdDhrS3FKS0hUQkJxZXFXNnRpRTI2ZjFfcG5lekpmT01aS2g5MkR5TXF2MUVCamtMalVtZ0k4TmNJXzJBdzhxU2Y3ODV1OXE1Ung3NVBnLW9XYkl5bnRIcmtaT3JqU1pYcTNUQnZQSFJ5dDR0VHpKaWp6dTFtUXFEbVJ1VjVhdEFZSDZ2VDZCN2l2VWVJZ21CSGFOMWxLZkltbThHT1dXcVc1MEtYTWZOeUdBY3lnSVJrNnhWQTZDX0Q3dlRfTlotQUthVDB2SERwS0ZVZ01NTFZPdURQc05zbHJPd3NQN0FSRi1DaXNTZVJqX1HSAYgCQVVfeXFMUDFCcnNPVUxua2hXWXZvTFhlWmE5TXZmZmpyQmxRdTdGWUtVUldlVlRMWVY5Z0Rhai1GclRfMVR5T2xPdXFfRVdHUmIydlRkRHpuallJcnhJMlNoU3VhSE5VWUN3aDVLVmRiaXBERXBqdm8ySFA0TkxCeVp0eF8yUXJNaXNjV0hVbHlpTFhHUWVBckpicE9mWkZia3ltY2FnZk0zUk5FZmpZeEo4eVdEUmx6T1dySkJCc1FIMUhtMHZnY1RHVW50emVZdHJScjBkT1lhWTg1X1pOc0pTQXBSX3FuYmxRSFB0Y3hpRkp5ZnZnQlN3WXdodkp4bXZWeklPcEhKNHpYOTJh?oc=5,
6a8499bb5dbd7dc252891145,92ad679eae1c97e210b2a179a440302cba12458b8cf81cc8a8087e127c32c328,,2026-08-18T17:43:23.946789+00:00,no_india_location_or_context,Firstpost,local,"Fire rumours may have triggered panic before deadly Morena train accident, preliminary findings suggest - Firstpost",https://news.google.com/rss/articles/CBMi4gFBVV95cUxQbjdRXzdxYWVjTENDNEZfTTU0a0d0WkNMU2Y0a0ttWEcwcXFGM2RlWjdRRUhJWXB5bG1FOTJxRFR5T080WUk1RWE4YjRJZmVfU2Z1VTUwMjFVTlVxazZMa1FvdlhLSlQ1dHI5VFNRVlpYeVRha0ZsMjhwTGp4bHhyOWpMV2FkQnFoQlczbEpNYjBSenItbFVfLWYwSExvLTFIdXlpazQ3TGVPWGJMZllCVGdSNHNZZHBhSDVnbmI4Y05KeGU1UTFEUVBIRnVHVVQxbGdUMVoyOE44aTVCSjdXNmtB0gHnAUFVX3lxTFBWYmtES0xMN0ZyTDhoUlQyNl85THZ4TUVJNklPVHJkVHI1V1daZUxabEtiTER0MkhySUJQa3JDOE9xUlJhY09yQi15c2oxQmtHM0VOeGVUc1V4VnNnQ1kxb3pVVjI3a1dvWjJpN1NzSF80c28zVkZSREs0cV9CMlNVSWNVSGlGTHBnMTJsb01sUXpDQ1lsdnR4M0EwWmE3b0dUZTZXbGFXNDNSU1QtQ0tYM3VTbmhTcHBfQ0JTRHNyaTRCZlRXNjJ5cjlrejNHempTejJZNXVkamNUSFlSVlJTZ0hSMzlCbw?oc=5,
6a8499bb5dbd7dc252891146,4f740e8dec5fcfe5c8f988ce607c4a46b07c36a0beb4684523fde522e44a95aa,,2026-08-18T17:43:23.993924+00:00,no_india_location_or_context,Al Jazeera,local,"Train crash near Peru’s Machu Picchu kills driver, injures dozens - Al Jazeera",https://news.google.com/rss/articles/CBMiqAFBVV95cUxQaWd4N0R3TDlXc3dqNVhZSEkxNW1Lajlvd0t2VFhUb3ZWUWhmUUpFZ2V6Xy14VG10dENiUmhYa2xNcllELWx0dGFuY3E4R2tabGxLRjhPQ2VjZmhUVXZXNWJQc3VFTVFlVUtZY3NnRXRwWkc2Xy00c3k1aVJtUm9xY3VYRWNBd0tHclBtUEZTN1U2WklYMjA4MzBjX2Q3aS04Vk1qaTRDdzXSAa4BQVVfeXFMTVBJcUhPNWIydk9MeWdTSFlaS3JmdlNvbU9VMHB4Mkl4NXVxZ2dFTkRIa3czZWdZTW9OVS1rd2xiTHhSSWFiZEZTVkhHczYza0JuempFaTA3NFdqMDJZVmQ3dm5nTzFYdmFnWDJQVEptaWR3ZEo5YURpdEM3bDJxZFNQX0F5SU1XV1hpWWNKVDF1NzAtbGZmUk1EdTg0VXJEVWJxNi1BQlJ1YmJFWkNn?oc=5,
6a8499bb5dbd7dc252891147,62e579daa2fb4b61bfdccdf6c1335f839529b3db850030ee7eddbf9ed3d5f071,,2026-08-18T17:43:24.034913+00:00,no_disaster_keyword,Telegraph India,local,"Goods train derails in Bihar’s Jamui, rail traffic hit on Howrah-Patna-Delhi route - Telegraph India",https://news.google.com/rss/articles/CBMiyAFBVV95cUxOQ2dxM21CM1NjYVpvMEo3X002VDJhd0dsOXBfRjFiOXhNMmNTNE9DdnNZRlN0eUxyOFE5VWVBZW13bkRLckc2RDBjVnZaeUEyYkZjeHVmdVhiYzFlQ2JrZWFfMmFxdXFSTzRhUEtqVk85SERVOWlKc3NBZzBMRDNndWF2bmpIX0NWNXZjVGh2M1hQUXZkUFJYT281eGxTc01BZkYwbzZVV2t2bVAyVGVxd2lUZENVNkdkRWtqOElXcS1zVXJJNmJzZ9IBzgFBVV95cUxPZmRxTGFYdWVDbFFYb0Y1TUFndnhYZDVTLVA4RURwbnVCRWsyWG1JZVBNRDBKMXctRGZXSEdNd2NCdjkyV3FvcnAtVGFSZE5pNDJ4QmpLN3VERUEzVGVHamdIbnE0ZkJOZVRuRGRKY182ODkzR0tYTXdGemQ5Mmc4cTZWQzAtWU1FWWpaMktGWGZSanVjM2FsSE1OdnNpU0J1QVBWLWpSYmc5VWZ5dzJBTzZoYkYxTWZvMUFMRTBsQ29fcWhQbW02c3pBN1ZGZw?oc=5,
6a8499bb5dbd7dc252891148,56df76a5f7dfdd6d677c0ade90b8ddff87884b720b9ed6e40c75de445188337f,,2026-08-18T17:43:24.091133+00:00,no_disaster_keyword,India Today,local,"11 dead, 20 injured as passenger train rams goods train in Chhattisgarh's Bilaspur - India Today",https://news.google.com/rss/articles/CBMivwFBVV95cUxPTUJlZ1ZqVmFxc001cmNPeTl5eXBMaENldXBjZDlxTTl3YUpiNFdVQ25aTGJuenlvTWx3bFIzbEdxQVFXZ2FGQ0pqN0p4VTVpYmdHWjNkQ19feUM0eHdPdUZJUFZkb0txRnAta3lTMWJtYmEtdTItaVphOEZhdHE4M1g5Q013OWdLYllvZ2JMam1zcWtEY3g2UDJCcWZ2bkFxSk5oYjFaQ3o0NDBJVHdTWk9JaXYzbnBwUTh2cGp4NNIBxAFBVV95cUxPX0toZDhqSTFSYUYyX3F3Q0NtQl9HZnVnc2p2RE1ZbmZNQ0pacmdJdERmUWtZLTFqXzRlX1RVVW1kYzlmbVJBakpsODZqUmh5T09FQ1puQ2dDSVhhc3d4RmZrSVo0SXJVemJ6T1FFQlI1ZGRRVmZwTGZYZjVxR0NmZG1FY1paQU9HQ0ZwYlZjbnE0R0tqbHJaeWl3VmRyVkVaQ1J6Z0tDVkduaUJNY0hqREI4QkRGcEpJcjRHMjE3VktfMThn?oc=5,
6a8499bc5dbd7dc252891149,8af1b1d754311ef6ff8d0486547e88bce058339df51ac473231197049c512241,,2026-08-18T17:43:24.143056+00:00,no_disaster_keyword,The Indian Express,local,"Mirzapur accident: Train operations normalised on Delhi-Howrah route, Railways issues safety advisory - The Indian Express",https://news.google.com/rss/articles/CBMi1gFBVV95cUxPVF8yYXh0VGlyMjE2X0s4ODE1ZU9kLWEwWlRIaWp5QS1FME1DeWxZbnBpZnlHdmdaR0pfVDJabmdUeHNBdTJLWGFUX0o1SkF6UXd3akVwUWtwa2tyYnFLcndXM19rRW1mU01FSG4wb094UzZyNGtENDVETE5iZm1PUm5RenZiQ3hQbkxHSTdVZjVWZnVTb3JXUmpvMXVPbEY5bExUQW1idW1tVmdDdjVTNm9Mb2lLcldYV1NQVllXcVBIRWVOR244Rmk5RWlmdWZUZmxUSVV30gHcAUFVX3lxTFBEc05tcVZSc2puVTFNamZETWloQnFiY1hPSHg5VlFhZnQxRFpsNTNfZ1lPYXl4Zll5dTVBUUVXX2dPcWI3T1dOV3A4X1pudl96WjhDWnV4ZmtBN3FDbFV6MEppR0lvRXo5UmtPUkZ5OUJnSXRSSDY1RFUteVZsU0xMeDJGRm1RUXpSd29GRkZZMHFCQlhYbTQySEs1YlBQZy1uT3FEbkljQmZjTlBzNUxHM2l1M2lERE44bWdvUWVxVUZmdHZxUEN2NDl1SlJLaDdmMjZQZllmSnR1anc?oc=5,
6a8499bc5dbd7dc25289114a,058110d8133b1d791447c87e0b138768f70d94a26efe114bff6e28895b097306,,2026-08-18T17:43:24.187221+00:00,no_disaster_keyword,NDTV,local,"Over 21,000 Deaths In Railway-Related Accidents In 2023: Data - NDTV",https://news.google.com/rss/articles/CBMiogFBVV95cUxQdm1LVTVEMWhndWw5bkY0SHJFdmo5YmpMYlQtUlJpR0JyS19Kel94U1lyM1FsMlhMbngyRjRYa1BYSVI1M25pOUp0bmRUWHhKYV9GcDQ1WU10TmZoYUFqVmpGWGJ3MEN3WjZGVmVHbXo0NlozWTJlLWVEa0tFM2xVR09LcllPTDhaNkF6dDNIdXRyS3l3Qk1yWkRBZW1tRTd3X0HSAaoBQVVfeXFMTWFHQmEzSmtJeFR2VXZUN0RMeVNBRFJsbUNqdEFXZEQ0cFI4cWRiejBzNllfdXJVQkR6dzZiRDFTVThoZ2VFRnFKTkdFbjlqS0taTm1QelpqTjJxc2pxNDZhOVBnQ3EyUGw2OGh5OUxBQ1dpWmNqdHNLQ3dvVzVyZWNQZ3BfV3lNYWd2d0ttS1JSRTVERlFKb1U0YUpaYmZMMWtlZmlDNDU3NVE?oc=5,
6a8499bc5dbd7dc25289114b,e42d7c0d5dd6d363db2f647bcae31c6e7d4e93e9f92e78f4e6e11e713b814edb,,2026-08-18T17:43:24.230782+00:00,no_disaster_keyword,IndiaTomorrow,local,Chilling Death of Maulana Tauseef Raza: Was It an Accident or a Hate-based Mob Lynching in a Running Train in UP? - IndiaTomorrow,https://news.google.com/rss/articles/CBMi4wFBVV95cUxNWnRRT1ZnZFJIMUFCeHE5VVhPLURhYmlBVjBSeU1rUzBVOEZPY0JDOGVRbl80eVlpNk5qMmIwbDltczVFWlY1OEZuUXpnOW1fZjByX3hKR1JvSUg2UzBlanZUQ1UxME1wU0pzbjF1NUJycVIzdGp1aGZWWnpoRDk4LVNUcTR4N2NtclZScm9xTnU5S3FNVFctX0pkTTAwdHBnVWhNZkVRU2wtYjRxWjRITzE4MElfQ1dScm9NdXhfZ3N3WG9NTFB2bTVrd1dGdndDX1JWYWlZbWNVeE1paDJUSm9IRQ?oc=5,
6a8499bc5dbd7dc25289114c,aa73c63055b8d215cbed41f9a622e0dc9a05d30f45f1da8a445e8e01f475298e,,2026-08-18T17:43:24.273017+00:00,no_india_location_or_context,ThePrint,local,Couple found hanging months after son’s death in train accident in Kasaragod - ThePrint,https://news.google.com/rss/articles/CBMirwFBVV95cUxPSFRKRUpQc3FEaVpraWJOSkVPQjdGZXZYVnRReGxaN0Vqdk0tdDN5UWwySU56VG5ucmpCWEJRQkFrSUcyYTA2LXU4R2tfSjFFVHZHd2VJb0d5bU1Db0FYM1BOTFFVWF8yUU1nMWljQzFrMVNETlRjQzF2VVc4X3F1ZjBIaHVOd2VjY21VVFpSQnJhRTlad3J5c3FRQzdYUUQ1M29NVHNuQ3BzM2VFX2ZN0gG0AUFVX3lxTE9HSzFhTDBLaUxvcU1LZ2k5aTlCUHg2cWhEbkdGUUZKWkU1N2U0TnI4ZmtSZUlqcDU3aEtRTTlTTll2MFpJZS1LM0xTYjlKOGlRdWo3YVNfLTdsYko0cW9FS25VcHlCQmtzNjA4QmhsSU50Y2h5M1Z0ZGhMYmxUNVA0Y1Z5X3cweG5vSnM3WUtFaFNhbzZYanpzVkVlYk4yOTlyZWwzQjBab3lZN01ocG5qNjItRQ?oc=5,
6a8499bc5dbd7dc25289114d,3bffb56fd3d2b69c6ec00a502cd8df5819d1423c82af0919b683d8174fdf8029,,2026-08-18T17:43:24.316206+00:00,no_disaster_keyword,The Times of India,local,"Vande Bharat derailment delays trains by hours, passengers suffer amid scorcher - The Times of India",https://news.google.com/rss/articles/CBMi5AFBVV95cUxQcUxYWU1waGNQN2dkakZMZHMtZmd4NFQ4NGIwaFdPTUNRZHE1WkJpbTlwdkxrOHAxaDFmSGFuR3BvS0xXZzdCRFl5cTJmWDh4YVB6NWowTFZCdlF6eEthdUYtYjdqRDE3bnBqZFJ1dTRjUWJQUFVCMUhCLUs4MHRNcmYtLTRTTlYxMGtIM0YyS0YtYklvdWUtMjNqZFFMWi1tNERJMFh0eEt3bi1nTFcxMHNaeGRyOTVHUVB1Wmlrb1RqbzdnRFN4ZUtZbHdvY3c3bGZVeVFHM0dla3RyRU5xeHZqQVXSAeoBQVVfeXFMTWo4NGlXTzh3b2ZQRXY2d2ladHI3cFJNWmpORWE4a0pvdGRqVHRfYkJYSkhlRklHN3ZKWTRicE15emVPbS1NN0NJdnhJcnlSRFJLNTNTUlhIeGtrTC05VEhZNk5kaTJ5bm9YMk1iU0F0MWFTVExOR3hJcFJpbUUzQ2I1MWFsM2NBUm0wSTZQZTlzcC1iNTFoREZiTi1uTktDV24tX1l4bm9Oa2tZaUo2c2RhZUUzVklpSmdRcjBfN1lvdnR4RUI2bm93c2VfeTBYNUQzYWRRZ2xBSFpZOUtoTWRfZE1IMDBUZE13?oc=5,
6a8499bc5dbd7dc25289114e,e15faf46bec82cfa66e01417d213b1b2fa042bc8a2efa7a4a7edc43da4ff66b0,,2026-08-18T17:43:24.378460+00:00,no_disaster_keyword,India Today,local,Caught on camera: Train rams truck at Jharkhand railway crossing - India Today,https://news.google.com/rss/articles/CBMixwFBVV95cUxNSDhubTdDMUxtc01UV0ZaLVM2LU5UXzluS1pyU20wQlNQdjBiWVNxSkQwVnBVS05XdnY0Mk1oSUx5X015VGswcHZwSnRRdS1kZU00a1MxVjdSZjllTEFJUWh2SUhhb2ZmM2VOSGk1REtTZDR4NTlhV0N1WlZOWFJLTXBnbmhUSi1LTG5UZnJNMVV5QWdpLUFHeFYxUTVjcmlBVjVFbng0NEFjOVpmVmUwOE1HYTJYSWdzdTduaEJvTXhEVkdueXJr0gHMAUFVX3lxTFBIOFZnWnM2aUVWeFFyOXU3LThsRUVHZ0NxQU9Ba0lLemFwbF9mMnU1c1FKb0tKVEpBMFdNbEF1a3ZNbGNGODJQal9SRGx4RmYwc3RIX1VSSmVsSFQ1cFFUNEFUWS1hbFBOMXBOVzZLbzhKZktnWWZTTzg1MTNHVkZDRl9IRDJhT2F1dFFQVXVDY2dyOWZza1dYbGtMVzBmSFBFUTJmODlISnVNZTdtck85UlQ3aU9mSF9fWXhHSnpPRGs1a190aFRsTGl2eQ?oc=5,
6a8499bc5dbd7dc25289114f,df5b3131940482383cf62d8f410a83dd6399ea01d19ca3a29a0760ac2a71f8aa,,2026-08-18T17:43:24.437660+00:00,no_disaster_keyword,The Indian Express,local,Crew ‘failed to control train at danger signal’: Initial report into Bilaspur crash that killed 11 - The Indian Express,https://news.google.com/rss/articles/CBMitAFBVV95cUxQcWd6dUtYMFdfYUpWRGpnOU84ZENudEJ2ZGgyLXJTeXV6dG1ZZnJ0YW1zcDR4T21JdnFjZmpYWGVRT0tDRGYzU2hnYmxlZndTTC02NGx0ODg3ZXBBeU43bGFOVWY5ZVFhMEZydTVwMVlFUE5xaTZwMHU4bmVDN28zdy05ZjBHb0RERUV1SGNRVG5WdmNfWmp6RnJLQ1dQS2N1cDk4N193aXR4NmxLQm4zQUY0Q0nSAbsBQVVfeXFMT1l1amk5OV9UamV6cE0ySGkwYml5ZUY0cWZLU0RuUTBrNnJPaWE3djJEdjdGekNYZU1ETDJldWdZNUdMWjZhejBVMlRuMDVLMElQTy1HbmU5cFA0OVBVcG80MEJUcXFBOTZWYWFvaTJZeFJOcEVMRndLdF9LOVAtMTN6ZlM2cm9TTWcwQzFwMHhQS1Fjd1hLeUhCR1hUaG5LSUFEcHBFUDRoY0U2bllQclluakJCeDRURWlUMA?oc=5,
6a8499bc5dbd7dc252891150,c60d37bce287fb72449457712140dce9f485bafbc8d76568aae77fd49958f0c5,,2026-08-18T17:43:24.490323+00:00,no_disaster_keyword,TheWire.in,local,"21,803 People Killed in 24,678 Railway Accidents Across India in 2023: NCRB Data - TheWire.in",https://news.google.com/rss/articles/CBMiuAFBVV95cUxOYnY1UFA4QmV3WDkxa1dzZzBqUFlSalhRbkUxMDdsZmpUZzZndGtEZXZNbUtabzcwS3RSRndUZ0g2WGxsWkh1ZDFkM0x6MTJEc2FCZ3IwUXRFZkotVjBpbXRHcGxONmFncHVjM20yR0FXQ0tmMzNqbDlDaTd2ZDR3azFMUW02OUxzRVQzY25pTXlyRUlTcDBoQ19hWjRyM1FNc3RaejV4WTJKWXhFSGlIVks1cjRVd3Rh0gG-AUFVX3lxTE5MZ2lIZV96MHBQSzVERG5zZEREVzZqbF9zcHF1RXdDd1ROYlFVbzZTYnBVWkk2UldhT081NDE0dERhVDV1M0wxUGh4STZIS0xWdUljb2hJUVdvdThMMi1UWDhSQW9BTExRcUFzdy1WTXZCR3F6NFZ4N20xVlRBX0dfbU5UQmlTOTlZMVpJc3B4Ty05MF9TYzJSSzM3R1QzTWhQWEdoemxid3dVQVJfaEZEdkFPcXlxdVkxcmg5WlE?oc=5,
6a8499bc5dbd7dc252891151,15f788350bbf07c7129023e376dcf2d35949f39003dfd8fcbbc7c464ced9866a,,2026-08-18T17:43:24.540944+00:00,no_disaster_keyword,Telegraph India,local,"Amritsar-Saharsa Garib Rath Express coach catches fire in Punjab, one injured - Telegraph India",https://news.google.com/rss/articles/CBMi1wFBVV95cUxOLUduMHJIUnhJc0RVbVNIUGtET1RwaU9SQmVzT3RXNWRVdjB4bko2TmR5bVR1dnB2OXM5am9JUzVIZTIzQUl2TTdmdUFWWGZ2SXNVNHJ3end4RHVrWEQ2RVJLMW15VTdaWnNTc1NqakVVZDc0OFR2MnBPcmpRaGRBQnIyeDUzdUpkNXFoQ0gwUHZrNm1YQ09oLWpDelVmMkdTLTNDYTBiZVhZTi1sOFdLb2ctSEdScDNwUFkzbWg2UVp0SUFTNm9INk94RGtZT0V0Tk1vbDBxNNIB3AFBVV95cUxNR1F1VkRKaWlyTkJFM3FxRTlkRTE3bk4yT3RoOFpVWXpzQ1Q1OWQ0ZWVhbnI0OFlLMkVZVGZ4MElBNmVTR3Q0SFdYVERNNTl3cWp3RXRwUDM4bmNUUjJheExxM0lMX0VkX0hpSFI4S2YzWkd5VWdHS0U5eHNqRXRvdnIzZXo1Q1QxLUxjYVctLTBndTdGZXRJVjRDVXdTay14N2pGTU8tQmJBWWdvdnNuUGY2bFN1QUk2XzR1QkpIT1pzUFJiSExhaExqMHZUc3lHSGhyRVZHZTFMcjhM?oc=5,
6a8499bc5dbd7dc252891152,7e9d450f1cd8cd7c72a4873dc6eaf2208e3b9575222f13b1db8da4114aa29b29,,2026-08-18T17:43:24.621392+00:00,no_disaster_keyword,Deccan Herald,local,At least 2 killed after being hit by train in Mumbai; agitation by rail staff leads to chaos at stations - Deccan Herald,https://news.google.com/rss/articles/CBMi7AFBVV95cUxNV1JkRF9nQnpmdXZmRGMyZ0g4UkFBclVodTMySElhVldiYlhkQ0Y4ZlFpa0xVcjFVRWtVTGMyc2dOV29TeGVzX2hnWFVLQTl2NWVyQTRoSHdDY09WZ2JmU09PWXFKZEpJUldheXVobEt6ZGVVUlczM0dqdmxhc3FBLUJ3emJWUHJMa2xqTlpqekZ1QjdoUmtCZ0lSQm9CQlpvdFlqV2NoQXBicEhpMW1pTVdVRTM1R1BXX3lkZDktbXlfUlBZbmttdFJJcWdkdl9lSHlTM0tFQUVubkp2RnFMOWd3Mk5Kb3UzRm56Vg?oc=5,
6a8499bc5dbd7dc252891153,75bbe32942058e53bf1391533f87232fa2ee58fcf4e2b49afce49a7dd9a9b33c,,2026-08-18T17:43:24.689822+00:00,no_disaster_keyword,Deccan Herald,local,38 wagons of goods train derail on Western Dedicated Freight Corridor in Rajasthan - Deccan Herald,https://news.google.com/rss/articles/CBMi0AFBVV95cUxORUpDUTN2WmNacEFPTEVUNzJhMV9SM0FtUWZLd0d4amt0MlFEVEtNYW9US1NhYVRHV1RHTEtXQVFwSWx1bllITDM0YzBIVlJPUndlSUxKRkZua3J1UE56U1Q0STdndzg1WXp0aEJ5b3hCQ2lCSFlpdkhmQklEY2h5cGxqOXFNdW80dkpFUU5nT2h3OWo1dXRaSVl1d296eXJ2UDVjWkoyLXZweS00dVFEbWNqQnlDS1dMN0ppdy1NMnU2bmdaSkI0ejk1SUdqRFF4?oc=5,
6a8499bc5dbd7dc252891154,f6fe54bcbae9c84ac7cf33811f62d81f003e0c169a80a9a0257558d6d80b91fd,,2026-08-18T17:43:24.753973+00:00,no_disaster_keyword,Telegraph India,local,A shocking end: Three children run over by speeding train while crossing tracks - Telegraph India,https://news.google.com/rss/articles/CBMi1AFBVV95cUxNMGRxaTQxakF3dVp6Qzg3dUtKU3dBOWxVUVNxeVJ5MUItdC1yRXFjdGVaSEdtd0NOaEdvWmFFVHJzZ00tcDA5YnczM3lNVndHZHhmSU9nVjQ1MllvMHVWOFZ3Y0VSMVZmRkphVkw1NUV0UHNvc0lmX3BRZUdhV1FyOTIxUUN6RnhfXzVKVEJWZkQzcUpPQXNVcUhLR0NIX2haSzRpZkRoTldycGFZNWh1REw4VjJBZnVDUmoyZzg3SE5tRDhadVZmbm0xT29NZzFNa0RveNIB2gFBVV95cUxPWWFNX1RTcjFpU2lja2xLUGNEZGFtS0IxdEkzczNCS2FiQVVmdzVreFpwQ2o1ZkFLclRhZFRFcDk3WVNNdk9yNm5ISk1CcWJVZ2RuWVBkZ01TNGJsVnNCY0pCeG1UT0xWcDEycDJ0UUFMMkFuUXM1cmdqUWlMX3Vla0MydnVDUU1OYmpQOGRrbjk4VlQteUdPY29uNDJvVFV3eEVsakVGZTVpZUtYazF0bkRJZDd5eFk1bUlpYTZsSklUWEptZ09JN1ZhcUoxVm9kUzU0Zy13LVRyQQ?oc=5,
6a8499bc5dbd7dc252891155,c713d9129b171df1678b0cac1e3f11092585271acdcb25e9ca52270d35978141,,2026-08-18T17:43:24.798503+00:00,no_disaster_keyword,Latest news from Azerbaijan,local,Caught on camera: 2 women killed by Farakka Express at Bihar station - VIDEO - Latest news from Azerbaijan,https://news.google.com/rss/articles/CBMimgFBVV95cUxOWVg1MkFkNU16WTdCbmNiSDVzaDJ2T00zUEhUeTVaSzF4V0hycnBMbVQ4TWJSV1FESURMTXRiWGM1WjctX0N0VG9waWpWTmNyb3ByQXRsM202VG1lQTFWUWVKbDg1VVBmWk5nalQ2TllTRUdlOWplZlVqU0VMWWlaV3FMNnNrRFpPR1lob3JxQmRFeGJ3d2RZOVdR?oc=5,
6a8499bc5dbd7dc252891156,bdf4548d47415324742441d88031875ea081f36e282770c728ff39375c1ae060,,2026-08-18T17:43:24.841335+00:00,no_disaster_keyword,GujaratSamachar English,local,"7 Killed, 11 Injured As Bus Plunges Into 100-Foot Gorge In Himachal Pradesh's Chamba - GujaratSamachar English",https://news.google.com/rss/articles/CBMi3AFBVV95cUxPTG5lMVlDR0JYT3l3NG9vblphR0Vid2pBdS1PVVk5QWFyOG45S0RZWldrVUM3eVFyaG8tQ0pPS3NpNXNIY3BMMlFPaThvU2hnTDgwNkVQYXlCLU04SlJMZWpJRTBGTjYxS2RMaHVNZk1jS3Q4V0RBMDJ1YUJKcklkclU5N2NqTGVwakktYlowNUozbEppN2UzSGo1Vi0taWJQMGFVSGpDdndNbzd5bzI2QmJYbExnUk1iVEtvcUNxeVJvR1lPZFBQU1VuRnRCYXI5cUtUMTd4WXJoVmlK?oc=5,
6a8499bc5dbd7dc252891157,c3939a9ccd26abad1326f02dc987748ded124b50bb9b69fbfb134773cec3b09e,,2026-08-18T17:43:24.882534+00:00,no_disaster_keyword,The Indian Express,local,39 Amarnath pilgrims’ narrow escape after bus crashes into house - The Indian Express,https://news.google.com/rss/articles/CBMivwFBVV95cUxOQ1VKZFg5c0xMbDdaRG42NWRyeHYxR2RvOWp1TGsyT0UtekJzYU5lM2llMG81YWNld2FKekdrV3JoenFFUXhWa0pTeG9zeW5CMGZVNWFFN3I2MjlXMzVEVEI5YWFGanJmWFA2cUhVSVdVU2VZZWtRSTVISWh3c2ZCNTlsbVRTbXA4YlFWSEt3amZUNFkyYldmLXItZjhicWN3bjJQZXBjQmlXQlVjMlN5a0VJclg5SWYwQTF2RC14VdIBxgFBVV95cUxQaEhld3JCMlJFWXU4X19OZlB6Uk5scDdoQUZTc2JmbS1mOG51YWRYUmpoVlhjSm05b1NJM0dVT3lTeWIwVTFHc0JtdnYtTVFNcl9RRWJJV21ZbzV4V3pGT2hzX216dkF3Um1MZVBBaGNsQkVxUElGdVZsYjhnY0w4aTNWemNMZ2pRZXR0NG1QVFJVcUhtT2NXYUZvWm85WDlqSUFITWx6LXUtS3FySWc5ZUpFTWpZTTRMd1V0amFTZWdQWmRZZmc?oc=5,
6a8499bc5dbd7dc252891158,b5061951e11cbfd68e2f50dd6a0ca4b32bae0cf3da091cd583b4d9263424394b,,2026-08-18T17:43:24.924149+00:00,no_disaster_keyword,The Times of India,local,"Bus plunges into Udhampur gorge, 21 dead - The Times of India",https://news.google.com/rss/articles/CBMiqwFBVV95cUxPZUhCSzBnQVFvblR0dC1scE5tZUNXdTZfOWtEZXl6al9nbXZWTUV1RjJyc1lDSkMwQmZ6OXlIWTBnRlRCRU9LRmN3dnNTZXFWeHZmQllydU84T0tLem1QcGZIMkZxYU4xUDJtVFJNblI4bDUwWlpGSWEzUGFNcmdjNDBWVjZ2RE1rcjRzZ2x0R2dTRU13TVFUb2RnS2MtZ0F3Wl9NaV9zcnZabzDSAbABQVVfeXFMT2RwNTh1WW1iam1OLTZDNGVMZGVjUzdxRE05bEZmOWV4Vk1ETlBra2FMZk1PVTJoT2tWSlJvTHI3RUxjWVlNbkdjMTFPM1A1WTNFd3VpTUNqU3lCTkNoN1hmUFAyc015VUxmdTJQODRMRUQ3MHZsZlRnRlloVzgxOU14bUdyeWl0UmdZd3pON1pSMFVhRzhtZldYVTEzZTViTTNJaGZ1Z2ZhQnBYajN5ZDA?oc=5,
6a8499bc5dbd7dc252891159,c629a2b458282d6bfd5a63f3eb361be760c59261f2434f4a3fbce7cc55faca7c,,2026-08-18T17:43:24.965051+00:00,no_disaster_keyword,NDTV,local,"12 Killed, 35 Injured After Bus Falls Into 400-Metre Gorge In Himachal Pradesh - NDTV",https://news.google.com/rss/articles/CBMitwFBVV95cUxOWFZNVDRPanB4X3BTdS1fM0ZQODRxY0drVnJnZDlsRHU1SEJOX1h1QlBXTTM2SlNZNmtxZElVVG04YWN3Q0RvYUU4QWVhRy0wdGhvTzNmdERUdEhUMFdFYWE4Y1FMMGh4ZjY0bnVjTFdpRWI0X1l6dEp4cFhpUlFRajFiTjJyQXRjaGJzXzh0WGNkYWwzMXVkSm5lZWg4aHhocEM5bGJ1TVJFaFh5ZUIwRl9OM2tJYXfSAb8BQVVfeXFMTzBGVVRVZFNfeUlYM2tLNldLakM1dXZPdDRNaTg5LVQ5bnZHbEpDVkMtYmM3SUVKY1B4cS1UOVJNSlctYTVWU1ZyODJQWjVRdFhLejRYbkNkQkNXUGZDUUhhX2lQaE9LUm5rVnFRV2NTeTMtcEhrNjA3dmNEMWFNa3BOVHhRaUtrR2F1OE9rS0J1RFA3QUo1cmZMNFlLSk1ZSkxtdDhmQWwzQWpHR3FQdzBqQUZObTd6ZUxtQkR6Wms?oc=5,
6a8499bc5dbd7dc25289115a,784dea2e0986bc5a118dddc81e0ce9da2f62da21306f89fdd33f6c85ae27dda9,,2026-08-18T17:43:25.012061+00:00,no_india_location_or_context,WION,local,"Udhampur Bus Tragedy: 15 Dead, 20 Injured After Bus Falls Into Gorge - WION",https://news.google.com/rss/articles/CBMisAFBVV95cUxPNm5pY2M2SUg1UUR2Sjk3MzlPaG9SX0RuQ0xiTWI5ODNHczRtLVQ4dmFERXZJNk5CYzFSaTcwVW8xMU5yMlV5N3RaS183cUVWc2ctWDRoSloyU3lIRm9HQlRTc0xOcGdmTUhPSmRkSFpyUGpMa1k1bmFSWGVFOTBsOGNib1J5WHQ1X2sxaVhLVzMxU1JMdWZRSGZ4RVM2RkItWFF0VXN5X2x0LUF2MThFZdIBtgFBVV95cUxQeVZiVkFFSnpaR3NMOFFqV1JaSnNPdThvWklxYVRjSnJUUmI4T0FjTl96eGZYLTFPVS03Sm5LT29kVFZVTHI0dTd5Yng3Ri1Cb1d5NVY1U1UxOFZMZDZ1cTlCb3RpVm1sUmZLX3JhcXVTWnNrNUhmLUw4cUE4bndDQXkxT3FiNmdMczJyaFdzUzkyenlaNXE5Y2tPeS1RWWt0ajdSS2pnaDJVS1RzWnNHaGszSmxoZw?oc=5,
6a8499bc5dbd7dc25289115b,7c9d97bbb4ee823f866abae7d943d2e34d3898cd52b81746cddde92ef9cb4757,,2026-08-18T17:43:25.051324+00:00,no_disaster_keyword,NDTV,local,7 Indian Pilgrims Dead After Bus Falls Into A Gorge In Nepal - NDTV,https://news.google.com/rss/articles/CBMiowFBVV95cUxOU0Z5ZGR3WFR6X1BQd1duTENfczNBcFk2OHo4M2p4RW9UU3hBRjgwejdJR0dFMUJEODFLOXR6NXVvNlJDb19BOUlNdGZjUmQ1VnY5YnJFdTMycC1wVFd2c3doVk5YQm1qa0NVWlNzOWRBa05iTXpUc0NBOC1iS3huNk56VlhQMFpISUhXOHJfaXRPamhsSUdiRHRXUFNmWEQzYV9j0gGrAUFVX3lxTE9xOTBYaGp4NVBnel85cTRJdzV1UTZPOW9vUXRmVUlRSG9hTlVqdEl4VWg3QVJHa1U5UVl5WDR0VXRIYXRaZVJKRERvZnBSd0VWbVg0U3hvSDNzX1A0Q0xqZW9lMVVMcE5DMXNaUWk2Z01ONmpMOUNHQXJQU3lWNEVnT0VYaXVKUXhXdGVHYlFDNTY1X00yMFJ5NXdtWnJZOU1OY0JWQzlBU2l0bw?oc=5,
6a8499bd5dbd7dc25289115c,c568d5107734e270726cc8af1ee5affb802a962667677540772af51f44f9e7a8,,2026-08-18T17:43:25.111627+00:00,no_india_location_or_context,GujaratSamachar English,local,30 Amarnath Pilgrims Injured After Bus Plunges into Gorge i… - GujaratSamachar English,https://news.google.com/rss/articles/CBMi1gFBVV95cUxOanJQYU9wVThWWmgxbGZkT1B1dmJScWNlOTdLNElHNFRQN0Q0RTd0V1Y0RURsb05TS0theFhYOWJBcWdwSVN3QlUyVjk4dld5YmNzVC0tNDdxUnhDMDA1TXFRdFVNNGlCWGhUYnhhVW9Hb29haUdnZVMyNEs2NXo1YXJYRDdld29lYXJHMkZYWW9uMjRlay1Bbi1qdDk3TjNEY0FoS25tSVpabzdOSXJjWEpqa1c0ck5aVEN0TFVCcDJjQjBfQTk5M3FWZTd3QlJ2MVB3SXJn?oc=5,
6a8499bd5dbd7dc25289115d,32dcc26068edd7ad6486e5beae9f61d10163c971bb278a3b67307c6d84c540ae,,2026-08-18T17:43:25.154575+00:00,no_disaster_keyword,The Indian Express,local,"3 killed, many injured after Himachal Pradesh bus plunged into a gorge on Uttarakhand border - The Indian Express",https://news.google.com/rss/articles/CBMisgFBVV95cUxNeWx2bG9TaWpIMWx0c005UDVmUWNieF8zMEs5Q3BSOE1kMHFyeVBKS1FGSFRtSWU3MTFBR2NyVEYtQjA2bmFtbVJ6TWtNeHJiejUwWjh0X2YzbUlYTFY1RHNqLUc5aXJkcThrb0dsaHc2Ulp0bG9WdFN6VlRMT1MyVmVzZ2hnM2dBbUV3SEZ5aTN6cUdqaWVlVnNQSlp6bHF1S3h1RkN3aE9ZYV9kczRXcG1B0gG4AUFVX3lxTFBQaUkwNnlETlNkTUlHenBGQnB2WU1FVi1PRjZNQkx3ZnZQdnJRQjh4WmJZbHlWMzRTdTRPdUp4WjBaanZDaXB4eUtZSHN6dEluVUo5YjVtWndFQTNWQ240a0o3SGpwbGNobGgtS2VLdjQwWXJ4RmViZUpQNVJKeEd3V1EzOFNBMm04SVVScC0xWERVRkVDR2szNjJvMHRRVGx0ZnpDMWxDUi1mNUlBdF9PNl8yNEp3NW0?oc=5,
6a8499bd5dbd7dc25289115e,c4a51680eb2d8ce4a4adeae92f515ee729bfd11dab593702b4ffcbd62e6a6361,,2026-08-18T17:43:25.214677+00:00,no_disaster_keyword,The Indian Express,local,2 dead after Mumbai office trekkers’ bus falls 50 feet into Pune’s Pabe Ghat gorge - The Indian Express,https://news.google.com/rss/articles/CBMipAFBVV95cUxQNlJ1dl95QWRfamo3Q0Y0RlQ5Y1h2UGZ2Z0VfWmtfTTRmVml3dkhSSEJkSFhFeDM3ZXh5UlMwRUUzbjNhVWRFV3AxSldGWi1rWER5QzFBWVh1WS1RSWtubmRUOEtfbDFSU1NGTnZEaFdOM2ZTMDJyV29vUW1MNG5OWWx3N1RURVp0OVF4NTNmWnl6WExidDlRWU5aWGY2RHhUdFhzdtIBqwFBVV95cUxNMFQ1dkhubnpMYzJLMG9rX3Q5TTh6LXdvSksxY29obkpJY2RfTFZkbkdxQUdSdmRyeXB2eGFpcGVta0VhTmxjTFpEYlNFM2Uya1g2bk9ZZmJoQW0xM2YxSzMyUzFxT2QwRmJhSjFOWUJlYml6YWFJbEhKMTdXOHJzbGlWVkpIWEY3YkZ3eFQ4a1F4TEw1T2dPS0lVUWlWVjNzdkxCS3VTSVhJVDA?oc=5,
6a8499bd5dbd7dc25289115f,58167b98f2467c104d2149ba864833388fe9462aa4db036ce9cc331afbcc0edb,,2026-08-18T17:43:25.258658+00:00,no_disaster_keyword,NDTV,local,"3 Killed, 10 Injured As Bus Falls In Deep Gorge In Uttarakhand: Cops - NDTV",https://news.google.com/rss/articles/CBMiqwFBVV95cUxPclVWWFFhOHlpazh6UXM0NEdLSjJVUWoteXBNOFVTakpISi1wT0d6aWxhNlZLMl93LXg0Tlk4NDB5bU9NOEdvbkpWZmoweTRrVDVHNXJQMjQ4M0JwT0dRSG9SU3UtbVY2MHFFTnNKeFpzMm9yZnl1dldJNHFWRjBxNWhCQmoyUy1naDNGelpSUXVDU1J1dmI0QlFkelJPcEUtVU5zSE1BaUxodlXSAbMBQVVfeXFMTTYzbU9OYnNUamkzVWJFRGhNX3pkY2FGZUlDSDFYYmlFakZYVlpob0kxa1VKbk5CVjhfdDdfbXlrYXdXZmN0eDhFdU04SDFZU3VQSjR0djlMbU9qNGFMY0lMNW9KQ0NBNk8zcmU3X1E3QzZrWlI0SXlzSUd3UWVNcWJUc1VrYVVWbkU3bUhPcUNKT3J1cks4Y09mWGU0UmM4TGZqTmF5b0N3dWo5WHdGS1ltUlU?oc=5,
6a8499bd5dbd7dc252891160,de388814cd39c01da9e3541b26850fd610d092cc888f814b53ed8ae29e4b3963,,2026-08-18T17:43:25.309763+00:00,no_disaster_keyword,The Times of India,local,14 killed as bus plunges into 500m-deep Himachal gorge - The Times of India,https://news.google.com/rss/articles/CBMivwFBVV95cUxOZFhRWGNhRXZldEoxbDdiVXZOcklEbEFxakxEd1hSSDVJeGp5cU0tTDVWMUhHSXZaNkhhb0hkeU0yUS0ySDNIaUFrakxvRkFIZXl0YmJVMXA2NEt6a0dhOXNPNU5HbDBHNTRZTDVtcHJ3WnlXNEw4azdtWnZfd3RGOEpJZ0dXdFlaVkVWUTRIMWFGcU9WUG1OeVVSTDRWS3Rfb3FxVVpnWUdWa2ZqQUpLS21mYkhKLVpaTnBLMC1ab9IBxAFBVV95cUxNLTNYa29WUGRwQ05kX1Rma2RwV1N6d1JBc29nclFDYmVTVVFWU2NlelJXOEc3eFJsVmRldVRzQTJCd2dBMU1WZ0VRUlNrSlV6UHBuSjE5M1VMMnNscGtodml5ZVd1V3lXLTZiSG14Y0xkVTJXQWwwLTNVWEpMMExUR1dULXA1LW1iZXA1QmJjZzllWkU5UFV3RUh3U0RSR1I5SHNNSmdqYUJXYy1ybHRZMjFnZ2VyN2VPUjFkU0lweVN2WEdZ?oc=5,
6a8499bd5dbd7dc252891161,fe63355dfe75173404838d358d996faeef8a56d15b02b562e533b3587ba26708,,2026-08-18T17:43:25.392455+00:00,no_disaster_keyword,The Indian Express,local,"Bus falls 200 metres into gorge in Uttarakhand; 7 killed, 12 injured - The Indian Express",https://news.google.com/rss/articles/CBMitwFBVV95cUxPZmFOQk41UW9PZFFYV0pxekZwcnlKM3g3X19tTE1iZDM5ZkNaX0R4Uy1tX04ybmh2TjdoSDFmbmUzTzBqLVBtbUR4WEcwR096UnlsMWQwWE1aRERiX29ISFNIU3pMMXBVU1lTX2U4dVJ3b3pUZ2ZQMFFaNk9JWk94WHo4cWNIc3JtZWpuaWVETnZxSXRNTWk2QkxabEN4bFI0aVVyV0R5VnIwV1hXSmFIY01IeURCMDDSAb4BQVVfeXFMTThHdmNISmZIOXlJZlEyMWNkV2dwcmtBSi00R0VlbFNwRGk4Q0N2MFk5amlkSkVEQ1hDcm95OTU0VEppN1hWanJVWlF6OVZZMGdpb1JVVV9xc3UxSlUzcmNRU09kbWtMN051eTI0dVVZTjlGdHBNV09wTXMyU05OS2QxeUJUOXkwRzF6czNXbF9XT183eTFlLTNDWFFsbDIwYUppMWZsdFV6cWlraWRRUDNSUWxGY24xYlBUMTVxUQ?oc=5,
6a8499bd5dbd7dc252891162,1a41878a5d4c9b176faad0b4e651e8b31fd8f1cadf8f90f7962f3fa62fe848f2,,2026-08-18T17:43:25.445721+00:00,no_disaster_keyword,The Times of India,local,"2 Mumbai trekkers dead, 18 injured as minibus plunges into 40ft gorge in Pabe Ghat - The Times of India",https://news.google.com/rss/articles/CBMi5AFBVV95cUxQV2RvUl8wcTVnQnVKQjZSVlRvQ2pPTEx4dnBhWmRHdVRoTTVVZ0I5OGZRQjBBbWFNUS1QVG9odlI1RUpERzRtd29NUUdNVms1Q2ZfMjh1aWlBVVFyckhuVWl0OGVTTmd5TGlrQ0VRQWQxZDdsV0FsM0FuMDRWT0p0SWRPY013bWN2UlNQeXpubXp4Z3pRZjV1aUJCMW1QemtUNW51c0FkOUwxWDRYNDlGdkN0N3IweTVaVWsybTdFTy1QNGpFMzhPd2xwZ3AxTnVkazlTQm9tQUQxa3NRN1ZYTllwbWzSAeoBQVVfeXFMUG1wYmNIOVdZRTNZaEhkcWs5ZXE2WHlyTU1oNWxTYldoYUcxUzRsNFdYYjFudFkwcC1YVk1SN1Fob1NLV3ExTXVjd1RvOE9wZmoxSVUyT0ZpaTkxOUZZOTZEZzd1S25KaE1SVk1Hd3JBQzVPOWVmZVlGbXA2Mm5mSVA0Tm9DN0ZoY0xBdXpFeFItYktPS0tMNEhHQWNZRTQ2UzlqdG93OTJFOGxqTDBoZ2hqQm0xMS03V1hCZk5ndFBKYlRJaFZhSExiSC12TTRKVnl6QlNGdnhoYkJYamtBRGxyNzlmVHJfVk93?oc=5,
6a8499bd5dbd7dc252891163,b932848054e967262124c71dad66f1134368497a74f6048b86f2aa961ea43cae,,2026-08-18T17:43:25.570823+00:00,no_disaster_keyword,The Times of India,local,23 pilgrims injured as minibus plunges into gorge en route to temple in Jammu and Kashmir’s Kathua - The Times of India,https://news.google.com/rss/articles/CBMi8gFBVV95cUxQdU80Z2FabVJ5dmRmUHhTRlA4QjMtYnRYMFBmQ2hvSlVrOGdJT3N2bGh0NVJvQjNQS3JSMzN4RXFYXzdGOFVUdW5xUHFGc1RFUHM0d291MUdaYWU5bG9YenZTX3pod0todjFYMW5odG83SUgxWjBYRXZNZkJUR2lUSDhuY2Q5bGlUWFlZdHFNODhKenAxc0VtYjVMWEptTmtkdE9LQ3ZEck0zbmVUQzk1SFJST3FzWTJJTmxYQWtndzRRUV9DQThuSDE5dEx2M1BGMHFpSGZFaWpyTjAzMlRueGRQWjhYbDcyRGNXZDFQam1oQdIB9wFBVV95cUxOWTNmNHFqODh4aHUwODd2ZFNtNlgxRXE4OXJiS0hyUlFhX1dIMEZoUFdENXZvcGtJRUNVRHJrS2E1bjhnVFduOWVTTWM2WU1xWGVua3ptY1B2aVlnUXN1V2lCWFpzVkVfZVhMaUl0ZzhieWVRT0RCcDlEUS1QVWdiREdRdHJWVnN1cHg4cTZTZ0Frc3VKemR6ZmQ4eS1XcVdZT3RvSk5rUlA1cmEyVGtDbzF2dHNHQXVxSzJXS05VQ1NNMjlMUk9ramJ0Q1hjcWlTQ29QOHA1RWJpb0tFemduaHF3elVvMTJmVzM3RkxlMTNOZk1MUURr?oc=5,
6a8499bd5dbd7dc252891164,a2b4f779b41790abff1ca4a716767f2af1c56cb57e98f14f5ed639cc5c2dcc87,,2026-08-18T17:43:25.622036+00:00,no_india_location_or_context,WION,local,"At least 15 dead, several injured as bus falls into gorge in J&K’s Udhampur - WION",https://news.google.com/rss/articles/CBMiwAFBVV95cUxQbzlLTU44SFhDdUFGRTNCak84d3R2dGQwbjJlVmlpejVObll1LXhNZUwtd0tfckR5NHpVMzAyYl8yS1JzWG5QYUd1b2R6Qkt3R0h4WHZ6d1ZpMVdCUXBYcGV4TEtzWE1fTndmTzF2TlpnSW93UWpzNHMzN1hudXFXOXpTRWFNR3hUYzlrYnRhSTFOcGZleWtlUkxlWFZibnZMNG1hOENLZGNrSHVHbFNhbnctQk03N29GTVAweWJydzLSAcYBQVVfeXFMTlg2UzE0V2trV2hEWVMwbU9YTHJBUHVXQXRZTmRrYXNWWk03YWZQM0dUNkw3bk8wX2cxenlmd2hTcU9yUWt1Z1FJLVB0ekNrb0l1SlU3M3hQYmYwTVlTd2tDWlN5RUtMNnBPQjEyRjhnSXFHSnNRaVdmY1IzbmpzS05OX3FDT2NNbl9vOE93V191SWJUZ3lHaTVQbFNRcWNlOUl2LWJRYloyMUZHdjVWUDd0dmw5RE94ZHYyZUlRNmpUNFVISW93?oc=5,
6a8499bd5dbd7dc252891165,415d201944d528b6f8daf1c1b5de440e3d0edf1e9f4ea0004ae94d37d0c36f43,,2026-08-18T17:43:25.764369+00:00,no_disaster_keyword,India Today,local,"14 killed, over 35 injured as bus overturns, plunges into gorge in Himachal Pradesh - India Today",https://news.google.com/rss/articles/CBMi6gFBVV95cUxOS0tLSlVTWTBqaFZldTdSSkFQUldDMm1kYXBmYm9seHA5d2pHNTh0YVFWeWlScG02Z2xIdlBvSUU2WGZnNWdwTGdPSGw5RkJuTHdlNTdCNnY3SUxWRW5UNWQ0TmJfX0pTcU9PWUQwWldUdU1xZ1Bhd2JWU3J1eGlxN0ttYWxVTlRjaHUwWGJ4dEFMb25zU09xNVRvZTgtUVAtc0M5b1IyMUNoZTFhd19ORW5hOUtWUjJWRW92Vkg0aVFzWXVQdGVSVnZBNm5BcFUyWVBDN2thUTV5NlEwcjFnamdtbUd6Qkw1c1HSAe8BQVVfeXFMTWhlMkVGXzlUV1BoOWpfYTJycjJya284dFZ1akp2NkwwWkRLWW5LbnlhWHNKUW5CYW54SXAxVzJGTTNfZ2ZOWUdRV0NsRGZvQlNXeU9KWUZaWjRLd2laV19UV0F1OHg1SDRTMzFKOG5nMGIzdXJyOUw1Wk1PZTJKdVluX2Z1QnBDLWhqTzFWQjQ3a1dhUDVxbjRVTjlhOEgwRDZ4T1JWQWN1aTVhU2JFTzR3RkxqZDBWclRodmhhdnpRVWlYMk53dkFDSlJOUTZ4R3hKaDB4YmdqaWhCQ3UwSzB5bDFDNUdZaEVvRk5kY2M?oc=5,
6a8499bd5dbd7dc252891166,639070eeb9ea8d90555990746b2fa14aefc3b02def8af74364929ab165be0dea,,2026-08-18T17:43:25.906606+00:00,no_disaster_keyword,The New Indian Express,local,13 killed as bus plunges into 500- ft deep gorge in Himachal’s Sirmaur; PM announces ex-gratia for victims - The New Indian Express,https://news.google.com/rss/articles/CBMizAFBVV95cUxNTXBzcDAtbVQ5dzNxcjY1Rm4wdGZ0b0lRVlVucnVfaTh1RU5DeGJ2MzFrbERLQjJrbXFlNmZac1pNM0xpOXViWlEtOWVsbTNxNVRNZnBhdzBhZmZHSllfT0JVZ3AtckJGNXlwdU44WUtKdnRoczlsQnpuSWFOMjdJSmVHNV94WU1vcFUwbjl3akZzcGQ5WnlYaGl5UGFHZEVWaERyQnJ2SVR1Ylp6MmNSanZxcVBPeTliR0ZIT1ZFRWd1VjhSeWd1YjdJLVrSAdoBQVVfeXFMT2IweGdHMFJfSVRvTkdlYXFyeEU1NTUxb2k2MlJiT19aWnNqb3NscktITDlSR2NydlVZM1k3cmtJY1pVLWg0UGUxNjJxc2dabDB3b3JZU3J4d2o4cDU3UVVONEwwX09QaDJuNTlLbGFjaGE4ZDZmWWpjdTJnMEFGejJ2djVSdFBaaDYyNFhGSXpuaFk3d0JZZVdCbVQtZXhIN2pKdFRNdWZnaU8zQTBsakNSRVdEdjhYUVBSdTBsaXpMX1ctdC1rb1FrZlQyNkpLZW4wYV9aSnpWQ3c?oc=5,
6a8499bd5dbd7dc252891167,5e1be99a611e73901a4d22adf70fbb05f40cfc5cfbc09bc3ede552979f3f2cb4,,2026-08-18T17:43:26.018122+00:00,no_disaster_keyword,India Today,local,5 killed after bus falls into 70-metre-deep gorge in Uttarakhand - India Today,https://news.google.com/rss/articles/CBMivgFBVV95cUxQRXJzOEhQLXFURzJmRmxCbHFVVzF1Qnd0NjZ0OWxxZ3pyNHhYenJjMmFlR1ExWlVSQTFlQlljQnlQbnBjN0JsaHBiTEJneTlSNncyMFBuVTh4czJBbDBWSTl0NFJMRURWaGxwSHRSNjNiU2F1T09yR0U3MExxT2dMU1diNENweVFMMTdiWUpkTnNRTjhFcG9sRjJYb0s4RVdtcnFZTFpPRzRpS0JrUi1pMlY3MnM2N2FWc3VjbjN30gHDAUFVX3lxTE80bDdvVFFURVdheDMxZnA0UGoxMUxFeU4yNHJPNE10RGNJVjdlNkVfeGRNOWxuUzl3NTJlekxMd1pFQWJ6XzE1U1BjMFpsMml1NWE1ZkwtcTRpSnR4U2J4eHRhbVQwdjZ0dEV6U2NQTXFTa25scUkyaWxteU10SDNnck1STjVXMTM5Z2IwcjRIdFRIT3JvTXlHT3JNb1NFR2lyX01KVGdsUnR1ZFBST3lLeUVrSTdiV3k4aXl6Y2drNU8zSQ?oc=5,
6a8499be5dbd7dc252891168,aa10bb6c8a40e5075fec0a91ee1362f1c76b520585894be03b549e261f6d9ff0,,2026-08-18T17:43:26.316817+00:00,no_disaster_keyword,Gulf News,local,"3 killed, 15 hurt as Himachal bus plunges into ditch in Dehradun - Gulf News",https://news.google.com/rss/articles/CBMiswFBVV95cUxQelRLdEhoVk1HcnZZeWN6NWkyY3l2Uk8wV3RwUXg2R2RhMzlxRlJySGdVQVBnMWdGOEZDVnEtYWlMZGtpSlUwZl9tRklzdllNT1kxMVNGbWdCM1BqODFXQTVFNjd2N290c2NQb3QxYnpkay1yUDF0SjQzU19EOERvUXR6cVg2MDdpVDZpcmdmS3ZFb3B0S1hTand2ems3NFdxbGpERV95SnlDT0VyaUJIVHFwNNIByAFBVV95cUxOM1NNS0JWQ0hLYTQ2XzNWeWlsTzdBTnVYYlNiYk1Md2hXN3NoU3BLQWxwRTVCWkVHcUxVQVJTTlVSSzVURmZlbmpoTmZfbzlhOElOQk56RTF3c0NucmlTSUVtMVpLM3ZKWlNVN3Z4UXhWNU5qMm82cGxsRWVoR0w0czRHT1dTNnNPR3Q5eUFLNGprLUI2M0s4WjRNN3JJeVNiOXE2YVNBeUhhOE9BNmRYVjdrZGl1RXlMOFlMd0NzaG9fWGZlc3NXYg?oc=5,
6a8499be5dbd7dc252891169,0f107a63cfdda335a1cbad5c84222ff6f34cdf9f7cb5d9cb71d113f77c7d648e,,2026-08-18T17:43:26.393939+00:00,no_disaster_keyword,The Times of India,local,"7 killed, 12 injured as bus plunges 160ft into gorge in Almora; survivors allege rash driving - The Times of India",https://news.google.com/rss/articles/CBMi-wFBVV95cUxOV3NQYTltWjA4NzI1S1MwbjZ5MFJQVVJ4OFJTU0hzMW9xeEYxWVdzU1Q0UFExQ3FVQ3FybXJoTjhIbXJZTmNTS241M2ZfcFNHdk5Va01YLVJrbGN0T1dUaDBBRk5sdWJHT3N4U1NWbXZUc2VyZDNRbmJHb2lDV0gxR1NDU0lDQkZqSlB6dWNEQUJrbVBhRkc0WFNlbE90Q1R6aThVOWNFZDFuMlRKN1hLX3Y4bnM3WTNBeTFId2R3T3VoTUhnUDduRkRuZHo3blF5ZzFrUm5hbmlGQ3ItUlhVcjVDQ3FoRDAyQnd5R3ktdTZYZTd3eE1qR3p3UdIBgAJBVV95cUxQOVd3MEFCRVpoMVFyZXFEbVFKMUl2NlNIREc4dTJKRjVuVGJvU3ZkMmNqMjRTa21tYzBabzhvamJnUHFnb1VJZ0YtWnExWDhBbFZ2bGZFcHNSZC1jalpaLVU1aC1YdmMwNFdfbVhjQ215UnJ2elFvVVM2aFo5ZE5TaHlvYjlNSEE1aGp3cVFVWjA5d1hCQjZpUHdMQWFUaUdrTXNpckQ4cGkzc3hfakdEQWR5SzFfdzJWX1NuRkI4N3V1d1U5QU5kaFo3OTBWVE1JQVJGa0RrOWJJZTFvTlZwUVQzNm4wUkUxVC1Jb1V6WU1pLUgtb3E3bnVkOHR6c3pS?oc=5,
6a8499be5dbd7dc25289116a,7247ab458f24dde69c5e855987b5da4605e19fb0b40945f6033ee3feabe8f11a,,2026-08-18T17:43:26.491342+00:00,no_disaster_keyword,The Times of India,local,13 killed as wedding party bus fallsinto gorge in Nepal near India border - The Times of India,https://news.google.com/rss/articles/CBMi4wFBVV95cUxOVnJhTjJyOXBaQ0ZWQjJPTmlWdUZ3S0ZRRGZtX1Z0elBNR05JOWZnNGVycWdPSHpOd2sxdXpJaXk5c0lmSkwwb3QwUm1FaWJYcjlGaHZuV09LNUlMNVhWREVVLWQ2VlBsemFTcWYzd0VIeDZYOTluMG0zQlNsVFlDVC00eC1sUjhISFRManJaQ0Fxd2s2cFhnZGhyTF9HMGxiNVFoQXpXWTdYVXlsMXMwYWgyVlNTSXBaT3FwSC14cm1wUXpqTDVXTzYydFVUOHZxandCR1pMajdwaFJrS2ZvRlJvd9IB6AFBVV95cUxNclpVckRFcnlFOG9qMWhmMmhKQk9RTTF3RVZ0R1VGRk9LVHp2bnozaS1tcVlNSlhCY09pRjNuSDhnZ3oyTTNBMzgySFY0cjRiQk5Sek1VZzhTdkNCUXlJQlgzSmVidzNuaXQwWVVtMklqYVRwMFZrTUdLNGxQcjJrRXRYMkRaSkQwTkY3a2JjdEt5V0w4ME5QVUdXUl9Rd19aVTVsdEdVNDl3cHpaMHRyTWpBOEN4c2d0dVdHemQzN2kwUHpQaF9mUkJsLUI2MmM2a01pdG9SMDROUm9abUw0ekVEUXczTUtZ?oc=5,
6a8499be5dbd7dc25289116b,4138b7c1912daeadcef87d02ea41e59a086250d9c9853a6942f09e53ad95e231,,2026-08-18T17:43:26.573895+00:00,no_disaster_keyword,The Times of India,local,5 dead as bus carrying 30 passengers falls into gorge in Dehradun - The Times of India,https://news.google.com/rss/articles/CBMi0wFBVV95cUxPT1d1VWVTdHJSeUxURzhERWhHN1YwLTU3N1JLbmc0UG4xNzVOS1RlTE1WNXduaWlsTW9EWXo4N2swdUo3Z0ZMeHkzSG5JMEY1Yi1zX1lSNGgyX2VzdnNaRmJlNTd5dGh0WGktNU45UmRpUE54dEprUlBhYWg4SkpvYmlFOVJaRUdOR2tVaERKRE9NNjcxWHI1U0FNSnZvX3RPdHI0WGpZYlBsT0FfY004eEpYamc3Tml3cmNhOXo4TkFNZGRrOE9sRHBIdGtwbENxTXI00gHYAUFVX3lxTE9CS1lILVRWeHctOFBndkplNUxTaDFhVVpUZ2UxMW40ZDUwSFAxM0NMN083V3FKMTljaTlGai1oNzNRNmJMNzRYWGxyVmxFNGoxbkZRZnBWVHdMamNIOGdWNXFZeF82bVNfdEt4VVVsQmk5X09wNnlnSl9QNkRvRHRYSl93WW1PWl9ZT2Vka1lPYjFLejkwMkIydTJkb2RibkU2dlFrcHZrSU5TRFJmZnlhSTVqcHJDM2RFSl96cDB6ZXhKZnAtc0NiQUpoZUk1VEVvcDBBejZ1Sw?oc=5,
6a8499be5dbd7dc25289116c,ed5cd3461591925cbfb09c143023e3f3116e5959bb20c14929c8ff24efcbb083,,2026-08-18T17:43:26.615864+00:00,no_disaster_keyword,India Today,local,9 dead after bus carrying 35 passengers falls into gorge in Andhra Pradesh - India Today,https://news.google.com/rss/articles/CBMi2wFBVV95cUxQa1dEWXlJRU5jbFItc1ppcGZmRUx5Q21LSmp4aWVRNDVIS0UyVG5zbHNpU2VDczZTeDllcnpTazAtZlhKdlY2emR3SGVpU095d0pHam1WTWlyZjNNYzlISl9RMkpOQ0p1LXVJek4ycGFKNGpiS0RHS3hiTzZsS0E1b0tfRGtpa1FmSTJEX0ZtbUM1azFOLV9fU0dscXhUWWdNV0tZbE1uN25nXzRTc3AzSE5RRURVRmxsVUtyX3Q2MGUxVDFRSlVBTmliRjZsdkJTN0RzTWk2V1owTTjSAeABQVVfeXFMTXA4M2swcHlPeG1jSjlhMzBUdmprYTc0RjdqdVctUXFwWmc5TmJXdVBleHg4czlFNXc4cExrNEFneXBJM001eHAtLVg0U3NDODNuZDhYdWhsdVVJS3pKUmlTVm1VcXRwTWpNNHZWLUlySUsxTElQX1E2bjFzdUdLYUNYR2hwV3N6ZEszUmpkTUljQ1NrN0dPLU9sbnMwQm9OXzlvRjYyU2lLWDFLcDNVaHExa2k0dmZwVFlkT0N1S3NTWDVGeFFxU2R3amdNZTNfaVV2cUJCRXJoUXRhbHJkNE0?oc=5,
6a8499be5dbd7dc25289116e,012ba2871612ed64b477c9794304825ce6495fb85d9e4d68c75c56508e552ec9,,2026-08-18T17:43:26.669133+00:00,no_disaster_keyword,WION,local,"Himachal Pradesh accident: 14 dead, 20 injured as bus plunges into 500ft gorge in Sirmaur; PM Modi reacts - WION",https://news.google.com/rss/articles/CBMi5gFBVV95cUxPOGpORWRSWWFPQlRtY0xSMEpwZXdMc3JvTVgyTDhHajdzbW9vVUJEWGZ1RFlqMXZKVXpIS3FVaXA4VHRWQkh3QS1BN0Nhcmc4UVA3YVhheDQ3alZZenRuYVN0STRSbHdpUVo2QW1NNG5sVWx6SEE4b2toUUxSMjBMSnhBa2FkcFhiTEc0MWxDVFlreUcwVVE0dU1oWkR2Mnl5NlZyLXNEVUk1U3lZUTlUSlR1ck9aR3ZHc1NIQmlWUWEtVW5MM1NMajd2Rmd2Q0ZIc1NkX19DUlE2N05aR0E5OHliQkNmUdIB6wFBVV95cUxOSWlHLWxsdEVFaUlka2VsMzFqM2NzenJGZms2YlZadnpvVDZSNFc5U3dQWXVSSTM1SzVEMUhDSDdJWGI2Q1FEd2N2UWxaUzJhOUdIMkRDSW5PUmRkSEpwMUdVQTYxbUFsUk5URzdBbjZDeEY5cG1nNThmQWFQdUJDRUFNMG4wYWtTTExtZVZBaFBCZ1laWC1adFJ3cm9MU1p5eENhMVlxNWJ4YkIxS05CNEhrR1Y4OG4yczVacWhkSkw4dkxHbU5SYlVvLVRzREMzVHNwdXpiMlNiWm9OcW5XeGVGMkJwb0pRVUNV?oc=5,
6a8499be5dbd7dc25289116f,c895b16f2237b73107778ed3401bc57cf9973c012a44f4adfe59fbe9b1cf1e82,,2026-08-18T17:43:26.722783+00:00,no_disaster_keyword,hindustantimes.com,local,"20 dead, 36 injured as passenger bus rolls into gorge in Jammu and Kashmir’s Udhampur district | India News - hindustantimes.com",https://news.google.com/rss/articles/CBMi_gFBVV95cUxQVWlZRFk1NXk2WDRhNUd5NzhOVHdXNHJUaEpfZmtVZmZ3ZWdXSUF0aEJmUkxrMkdwMS1PNmJwNTJNaXhEZkVQb2ZiUkptdUNrcWVtRmREV3dRaU9LNngxZEU4XzhUY3dnSmxSbmRNYURCS0VzSkdLZEN1N0JLZHJpUkVKektlREJTZFJudmxsXzRFVHo4Ulg3Y0ctc2d6d0FfMzBZWUJ5SV8xaW1uX0tKb290aVdIQmJfZVFKeFpDZVA3VE1ocnJLNjRzZjNtT3FaazJwU0FMWl9zTDBUUndEeXF1eFhVYmlhMzdranRJM1Nfa0pwX0Fwek9VekRZUdIBgwJBVV95cUxPWFA0bFVRUk1pZXVoVjNYNlZlVG5kejNBbzVyeUR6SVFrN3Fuamp6dGpsZjFVWW9walhaUVE3WGtNUm1RT1U0Nk02ZzRINllReTBTT3BhaU1UTnVIeTNhVU1YbkFqRklrckZUWjA5OHd1aUlHaXlrLUdUY1VxUnJDYzlBcHZLQ2FFN0JvVFk4dXNRdHpmdlFjeVlfSUE3MEdFZVZucmZ3bW41Qm1DSDZYSGh4cXpadkIxM1NBNHd1a2xxN2Y5T0NOcW42d1JzLWVkOGhwR0pZeHc5dXhxUUxNRHNObnlEeW9LYTJ5WlZpdC1XN0dpdnM3ZVM4di1PTHBSU0JB?oc=5,
6a8499be5dbd7dc252891170,cf4321430c7864d353c006ffb4426ba9f3412915da792e1b79d6a35422d4dd60,,2026-08-18T17:43:26.773170+00:00,no_india_location_or_context,business-standard.com,local,"15 killed, several injured as bus falls into gorge in J-K's Udhampur - business-standard.com",https://news.google.com/rss/articles/CBMizAFBVV95cUxQdloyYkh2aHRyVzNxSlItVWg1OTBibUp3Z2stRUhyeFNmdzdXRUVrX2FObGtycVBIcTFzaEs0NzQxYW5HelBQbUthOWdvcGR3Ykp5VlhpV1dUV3RndTI3dm9fZGg5dnhNNldUWHlQRXhwU0pLZ1VLNDdBMmFCa0FYWEZGeXpjM21Lem5JUmwzRmM5N1Nydk15ZGlvdWRUY0FJdW1PYlUzaHhGTnJ3MXdfMVd5YWJRRFMtUU15Z2xjQ1RMcGxWMHhsY0VsbGzSAdIBQVVfeXFMUHBHQ2RLOVV3MXUyOE8tRS1jazE0Uk1aZE96bkVLVWxxVmhJamdLUXBnbV9jRnZ0RzhnNGoySnJxWFJqSnBoNklDUzJjaW9FLTNRSkZmcTFycW5qaHcwTzY5a2pueFNwWTRFZGhOd0lTWHkxMGVUN2o5bkQ5N083U2E3bUVWcEdYYWFJdF9scUtzTWxTcHZTaUVORXBpZ1NyV3pQREJtYVJrTlZEM2dKZktrYm4wN01xNndFRGExRmg2V2xRSnBFcTRBMmlieXBZZjB3?oc=5,
6a8499be5dbd7dc252891171,782508a9e401531c3cf813845f51c26e46866208bf00008383c35769ded4a9f9,,2026-08-18T17:43:26.823686+00:00,no_disaster_keyword,India Today,local,"9 Killed, Over 22 Injured After Falls Into Gorge In Andhra, Rescue Ops Underway - India Today - India Today",https://news.google.com/rss/articles/CBMi1AFBVV95cUxPbEwydkdlTVQtUmJlNUV3aWtfSFozeldMOEFNcjF4YVNBREk5ZE1fMUZDMWpXZGEtbVk3NlkyVGxRUEF4aWFlYmxscm5tdV9WMXZETmYxSzdUS2l1RXdIMEk4ZXlqSjkyQVVhU29YTWNCUG9NUkNuNDBscFd3RWkyNzZyVzhvVmswOE81T3JYcWk5SWdQQmU3WHJoeFJxaURnRTZnSjltMloybldlTDhIdHZpdmN3ZC16MFB5QUNMMWp3QW1ZcHZfNmcwV05DTS1NQU1GU9IB2gFBVV95cUxQSnFncUw3bU9DVE5EYV9qU3ZuQk9UZVM4STRabWN6VFJYUTU0clhreHFfamV5aDB3T1BYaDFZcjMyZGh5X2VrR0FCM09uaU1XZFZXRkliQzJRTFhDTm5Rd2pyMExuV1cxTkZYdGtvdnVYXzctclNjYnRzN0NES3ZpS01tbE83QXBEc2hHa1VJbkJ6QXFPWTdPMHZ2ZlBTUVdZYjNqOGpKNUFSMnlQWDB1X2E5cW9UVUk5bVZqN3prZG0zUmkxUnRfaWxEZmF2bW1ZZEItSzJjN3NVQQ?oc=5,
6a8499be5dbd7dc252891172,d71adbc778a3533ffcd668097841431857abebff0b170eb7dded590e22e6aa8f,,2026-08-18T17:43:26.866803+00:00,no_disaster_keyword,NDTV,local,"Video | 10 Army Personnel Killed, 10 Injured As Vehicle Falls Into Gorge In J&K's Doda - NDTV",https://news.google.com/rss/articles/CBMisgFBVV95cUxNWURMS3pjV1BMYnRPcDBjbHo4Ujh3cEFhTldUMjJjSEdtVUZTaDBPcXZUcEJ5VWd0bmZXZEprSlFucjBrTFcxRmE3eE1sUFdGdGNGS0xuc1FTLU9Sb3lISWdoczV4bDRXZk9Nb3J2bWNGWG91d2hRZDQ0MnA2UVhPdGliZzdnMnpEeXFWaHFjdE5ObkRKODdVOEdXZVJMdUtDUDl3WkpiZ2prcGJlYm11cm9n?oc=5,
6a8499be5dbd7dc252891173,a7618fbb0d36f7f157666b6a779dc58230e5ab66c2101024e40c73fda5aac882,,2026-08-18T17:43:26.911511+00:00,no_disaster_keyword,The Indian Express,local,"Bus carrying pilgrims falls into gorge in Uttarakhand while reversing, 5 dead - The Indian Express",https://news.google.com/rss/articles/CBMinAFBVV95cUxPaDFTWU9jUkU2SWZFUXdsVHdxUmhhVGtoTndhbXY5Nm54SWthdDR1R1VLUDhUczVGZGloTWN6OExRLUFJNGIzTnl0a21lSGNhMjMtTVFvMV9GSFYxbG45aUcyYVd5VThjNHdHbEg2TzZ3VVNZWTBod3BRYk9veTBCYTJ1TVJEZlhlNnJjMkVkRVRRbFZTbWFkOVBTMVrSAaMBQVVfeXFMTjIxa1R3RFgtclZpeWszNjZUMlJjSVQyaEFyRG44S1lGYzJyaE9hY2NpVERBelJBcnlHcUc5VEZPSFhsamdjLWRNYjZGNjE2NUljUlVpSGxsQk43U0hhaEtZeGtOeUNHZEFoUVpRdExVTXRqaG1kOUNxcm1Mb2Fzc29vYk5qYlBKM3cydjVLbmJ1dFZWUnNVUlNNWE5jc0xTQkQ4NA?oc=5,
6a8499be5dbd7dc252891174,1eff16f634365b58186553b2e98037d187608378c9078af9306d8c1c09c6cca6,,2026-08-18T17:43:26.960352+00:00,no_india_location_or_context,The Statesman,local,"21 killed, 61 injured as bus plunges into gorge in Udhampur; PM, CM announce ex-gratia - The Statesman",https://news.google.com/rss/articles/CBMizwFBVV95cUxOTFgtdXUxQlRfX0pCMnMyNDJ0Q0tUbzNlaExzVkh2Y3FldnlrNG5qbXVQVnM2V2FaRC1wNWwyM0dYazhKTzlaUVNqVVN1UUNJLWtQU1Q0TmNCc09VMnBZaWk3ZlJyX2RyMFBiQ21lcXpPQ05MYnpaMU0xa2NZdm5KZExaYk9JQldqNDZ2Y1hWVkRDUHRoNWhVSUphbUk2cG1kcm14RkNja0Vnd0tlWXF4TEFCUmZVMDFnYnExWXdZaFY1cmdTamJPT2RBSVdKWEnSAdQBQVVfeXFMUFlTQXpfbWJ3TlVYQ3dRUndMaE4yZ2J0LUhDRUhrNjBObFVta0ZjY2tiam5wQnI4a1JKOGEzbG1kOWVUVDBBVnA0dVI5SG5WaFIyU05BSFlNM1NNWXNFa1JkVWxVb2h6QllYckdfZ1FsZTBFU280V1lBaWpBMS1ET2hOb2x5QmJCNndLZDZ1YThtQW1neGZhUTNsdy1KTWk5UnNXMnlMS203TXJoWDNqek9oQkFuWmhFWlhoMFhlVjNyQjFucVF3WHQ4eDVTTDR4NjZreTE?oc=5,
6a8499be5dbd7dc252891175,ec8cc6375c89ad4164bb11158fd0f28777e68596d7f05be8d57dfe36d25315c2,,2026-08-18T17:43:27.014590+00:00,no_india_location_or_context,Moneycontrol.com,local,Mini bus plunges into gorge in J&K’s Kathua; 23 pilgrims injured - Moneycontrol.com,https://news.google.com/rss/articles/CBMiuAFBVV95cUxObTduR1BtNUU2N05xbUE5RDZOaks2UktxU1VaN01KOWJMcklhSXpMVDY0NWlGZWNLTThmcFdtRThMS0trZUZESDN4TDlNT1BVM3dycEprMmgwbVQxbWtadVBWVUdITmpZU3Z5cnhfREpzQkN4OFdkZXJCVmxnbTN1RTRQRVlwcFFVM2RJV2hRQmRtMnQ4YWc1MkdrUzkxVE4xZ3pYVVhxS19IeVAyb0hubFdDcUVLdGs50gG-AUFVX3lxTE53cV84dGJUMDN2OEFaLU9RZjVfREVxVG04WEM0Wm1MZWdJaVdraHdwZnUtWEtqeXhKYllsc0ZRR1BwaUJOWkJkc0U1Yi1ra0o4WklXcDU4NGtlelpIT3JRQmc1VHlQdTVUNkhDMHlvSlk2cWJsTWJwUURiVC0tWW1iVExBZG1sV3FYUFBoa3hRX0hsWTZEWFE2bTRhUG8ydkl3SXBKMHozWlMxQmVzR0Mtbk5mcXktUTZWWlN0Q3c?oc=5,
6a8499be5dbd7dc252891176,d310c590819f0314e7f15b73d5168e525d4ae0328494c471a1a0db1c7f24f0c4,,2026-08-18T17:43:27.053365+00:00,no_disaster_keyword,The Times of India,local,"Bus carrying pilgrims from Gujarat, Delhi & Mumbai falls into gorge near Rishikesh; 5 dead, 4 critical - The Times of India",https://news.google.com/rss/articles/CBMigwJBVV95cUxPckhGeVFxZ3ctWGdTa2pyN2Q0dm43cXQ5SVAxZW1OTGplYzhqaHN0YWF6WTFfXy15Q3JkTTVLXzdDbnpoaEpEVVkxak8xaEZUTy1oQ0ZxYy1BYzRPaWl6SHZrclJqcm5qaEJuUzNfN19BR3JyU3ZnYm1xUGRWaDV4a2xzN0Q1WjJsN21RNy1SUDlRcDdLaExRZWc4Tk50WGctZEtkWnh6LTNZVTc3ejRZYXR5eHRFbjBZLXpuaF8zRWV5Nm1GM18yWVIyX1NHRjJtdjhmSHZ6M1lJQkc3S0RETndBVEJTTjFnSEh1NHNVQ3NlUEFGVXhvSTlXRVVCX1E0d3ZV0gGIAkFVX3lxTE5nT3VEYklhVlRzSGZOS3ZZbVd0ZUh3QWZicjJsU2o1elk0YUotTTNJd21taTFfZGZlY3BrUVdjNE05SzlXT2tiMGxjSEpBc1JNSmE5akFFTTY2NmUta0RjbzFPQWVEYVN4MlBCd0Z1N2VyUFRaMnhBdTlpalUtdE9HcmRmYjlsWUJreDcyWF92dUZQRjZuTVJKckFaa2V5TmpiaGtPNjZfNXBxODNQcXRzM2xnOWxpRFpGTEYyN2pvNXRKby14RjJOV0VlcjFpVm4zNlV0M2plbXR5Y0JzdHJOLUdjYk9IMWszNDM3NUFvWFBnLWdyVkJDSE15emFMMUR1LWNZSV92WA?oc=5,
6a8499bf5dbd7dc252891177,cb18c444cc3bf7caca1981d75308be25de974de6628dc2e6e07276a29a2258ad,,2026-08-18T17:43:27.113761+00:00,no_india_location_or_context,Indiablooms,local,"15 killed, 20 injured as bus plunges into gorge in J&K’s Udhampur - Indiablooms",https://news.google.com/rss/articles/CBMipgFBVV95cUxOQW1vdnhrM3NISk45aWdsNDF6ZGhOa0gxY2pxdlhZa2VBRl9QaWVQNUZ6ZUhIN0Jpd3VFUEcyT0dwMk1xdWRKN1YyWkVYVjg0bmIxLWp1aTFWcjQ5X3FqR3V5cmduU0JjOVVKM2s5S3ctRnY2VGZLYlIyRUx5NXhRT1NmeElBd3FxR0FZbDVJNEhxTWpfM3plS0kwcWlqaW9JRHVOWWd3?oc=5,
6a8499bf5dbd7dc252891178,ef0161ef7c2d0ed3bc9b0c9225b1378076fd03f64e7bbdb7044218b4ce1c2a90,,2026-08-18T17:43:27.149631+00:00,no_disaster_keyword,India.com,local,"8 killed, several injured as bus falls into deep gorge in Himachal Pradesh - India.com",https://news.google.com/rss/articles/CBMi-gFBVV95cUxPaFlReklWcEk3TDdqVlF4NTNGcW9XRmZHMzR5SUJiZUdRQ0VHRWpqYy1kMVNOZXp5SGJSS01ZMk5wWEhxRnh0X0REeUM1NEY1ZENhN0tmOFlxSl9lSlA4TkRCQmMyMDE4bzRKS0V1U0dDelFLN0pqczQtRTZZd3JVdDlIcGZlSnowaHVISzdSY1pMOUhPNkdXWnlNMEJfT3RINm9GQXRUbERER3JCc2VDUndJM1FnU0lSYVBIYVBmR282ak96STJvUWZtUW1iVUxCSEFzRV96djlZZzBfbE8ybktaZlFtZmFNd2VteTF3REQxRXBhbHZ1N09n0gH_AUFVX3lxTE13U2dOYUlhY19tZHY5UlVsQmg0X2VFMlN2cDR5eWZCY3NRUWZtMHlFR21xcW1CZTJSaHJQWjBTcjhEdlpPTENJTHVkN3pQY0RWVDVYVXZPTmtReU9hT2NENXpMNHhqMVNTX1Y2UUMzT1RiZWF4RUtuNHRhZzBkbkFKdVFGcG1HWVZ2MGF0X0ZCZHEyX0VtNTN3dGtfR2FrZC1VMmNKckZsWkliclhEVWZ3Y3c2bEk4bTc0eVgyYXY5ZExUUjJkTjZGcDBieTJySlpXbE43RXkyanFSd2J5YmU1Smp1dFZkSkRvT3plVmg4RlBmY25CWDAzOEFDWkJTbw?oc=5,
6a8499bf5dbd7dc252891179,cfed596365e891d4fc8f4d164224c6e28ca10e9d03cb37e1ad8d7b2fa2e07d38,,2026-08-18T17:43:27.192509+00:00,no_disaster_keyword,Gulf News,local,Holiday trip turns tragic in Kerala: 9 killed as tourist van plunges off Valparai cliff in Tamil Nadu - Gulf News,https://news.google.com/rss/articles/CBMi2gFBVV95cUxPX2g3MHVCcWg4VFVRWm16bzc1enEyMlU4X25Mc3VRR0lPMG1OQkVVUnFUbFY2VkxIcTIyTWVLSzdlR1J2bE9WS2Y1ZW0wRzBjanJhalBncm1iOHk1RWk3RnN0WEppTXlSZ1hLZFlodXFLNEQ3M0ZkOUgtZURiOGJkZ0ZabVdxb1k0TWpSWk9OSGRHNDVXNVpiUG1NbHZobVNSazdQMm1Yd2Q2NWZNaS1wLWxqZWo2NDYzQ2w4a09FSU80cUV0OEk5UEV1QVNNX1BvMWlRUFY2Rktfdw?oc=5,
6a8499bf5dbd7dc25289117a,43daa7dabcf69afaea1cf824f806b53cf8cc1cf24328b1440462ca92f0be3a08,,2026-08-18T17:43:27.230893+00:00,no_disaster_keyword,India.com,local,"7 Indian pilgrims die, 7 get injured after minibus falls into gorge in Nepal; Were returning from Manakamana - India.com",https://news.google.com/rss/articles/CBMizgJBVV95cUxNMHJGTnhKTXE5VzdwUEhURi10V01aeGdfaXd1ZE1JUjQ0bk12ZWxsTlUzNU9USDVjc1IyZ09iTFhjU1FWNHJFVTlsNVNRb2NuamV5NzMybnBtbHJJaldfSUsyQWlLbVU0VEZsRmpqUzJQdHZvc2xqTHRJcjJ4eldGMGMyU2R3bVE2QUtYSTdOYXYtZ2RIYzhBNTYyUDY3VG1GTmpqVjB5SmNkZzREbFZFOFhyWl9tek5BeDBvUjRXV2JmR0cwZFBhUThaOEYydF9rNnhvYS1YODBRbWpGWE91MGdGMHJWQjZRWFJDMGRqUWFqNzVUSHNpZmp2SEZpcXFmcVdYd3JaOGZsMGFDQWg4Ti1QMzduaUgyTHlFRFpBWHd0WldtSW0tcUJxYWMteGJHTWdhdU5qaWtLbDdBXzl1Q2s0Ykk0dEFWQUFYamh30gHTAkFVX3lxTE8xUTQ4emFZaXVaN21QU3ljMjNqZ3BHMU40WjhoTG40UGQ5UmFmOXdnRzlhRk9NVklRcmdkVHlKdV9RRFhwdnNsUk9NMDJpVTVtdjVyM1pucVpOUnY4aDlNRXVCd1ZNeTRlRUU0dU04T2dzVFdmOU0zbGc1NjdTd3hHbHpXV0tOUFpyT2FxR2xFVkd3RFJNNk1hN3U5Yl9mX3VXMFd4VGdlRHR6MTFQb1I3ckd1TThDR0xQRlhqcmQ0QjBPeW1EeG40S19xTWNyUUhIUEtycTBYNi1BSDhYMWFvMXNsQWNCc29vd3hhMzhkeHBjY1ZxbE55OUZVNTZyOWFaQ05fbWpERGY1ZDFPV1dHQmtGbXYtM2RfWkVwWWczbmlHOGFYclB4akw5OUcxTjlMbDNSUGwzM0toaHJnb1RkUmktSk16R2NLeXpHRW96MlAxNA?oc=5,
6a8499bf5dbd7dc25289117b,a6c54dd2730bc90670e57a0cad09a961e4e5686479cb1ed31fe6dfc50f24fec6,,2026-08-18T17:43:27.266111+00:00,no_disaster_keyword,NDTV,local,"4 Tourists Dead, 14 Injured As Tempo Falls Into Gorge In Himachal Pradesh - NDTV",https://news.google.com/rss/articles/CBMiswFBVV95cUxNMmpZMERLTElyRG9tTnNnVkZWSGcwcEoteDZxTDZnZXRXRjQzNjFjdnVIX0N2a3JKU3hPWkpydWVLM2N1b0s1LVBsVWt2RGtTOGVnWmtrWS1qZVVmZmdBMER4UzhfQjBkdmNPTUUyVUI4VmNRQVZfaHRXOFV0V1VtUHRiUmdTYXV3Q3dsaW5jUG1aeEtBN3V5VFRnMjZoM0M1ZG5FeEY1NkEwNFZMSG1uc2kxZ9IBuwFBVV95cUxPSUJ6a2NiMlNOVHI0VXpXTDNnMmR3d3BKYm92SXdfYW4tbzdLbDVkd2FmRDBBcDQxc3hheHFodW5Qd0ZFWjdvbUNJUzJ3ZGdoeVVCdTc0ZXpPaEg5VVRzWWo4TF9Wb20xY1JfWkZRNFg1bEpNS2xKd0ppMThtZXpnakZ0TkZnZUM4ZFpPaURiU2VMZ1Zscm1sd1ExNUtidlo5bDFWUlVwZ0ZIRXdMSTdNMG1rSjVxU2JldTZJ?oc=5,
6a8499bf5dbd7dc25289117c,4368b210b3bac83dc64e1302a5a6841fcd1da29c3e7ae1cd7bea78bc816b3004,,2026-08-18T17:43:27.305890+00:00,no_disaster_keyword,The Times of India,local,"Two students killed, over 30 injured as school bus falls 150ft into gorge in Nandurbar district - The Times of India",https://news.google.com/rss/articles/CBMi_AFBVV95cUxNejhPbU5uZDR5MmJ1NXJwM29kWnpqa0FxY2lFMjhOMW1OeGR5NlFpOHBzVlVMYnJVMHlNRTBmYVprX1B3bE5TbGt0U1dVeWx2bzRlTVFRaW1yZl9GeXRUcWlIT0NWM1RSdDFpc2hneVJQcTlUU2dxa0NNSV8xZGNvUm1oLUNmQjhkUzF4UFIzck9NN3VMaVNPeXRCcTRtNWRNSGFOeFAteVpvdTBtellkVXZCY0lBcGthTkpwOVZreFN3dm11Zy0xSDdXZ2F3TEt2ZmE5TGxBeFBBZ0xhUVhEa1R1Q3ctZjVHNk5iQjZFVnpMNWlsVzlrcnpWM0jSAYICQVVfeXFMUEFYOUlXWTZweXlvRXJ1Y2FHS0FXanJkeDV2bDJIa0d0QzZ3cUl5VWpfbXdkMWI5ejlld0hNd2tZbEFZWkp2dFBaZ0tnV2dubFpHeVF1bTJVMmpzYnhiQUM2c2RhckhpVUdqR0F5aWxHa3g0UDBjMm9SQUhjdHp6MEhUM2VOZWJtTktQbGYtOXNFekRHZWE0OENlblIxak01OHFfZTlNSUpMR1FDVHRVbXU1Y1FZb3p6TEppaWtzQTNteFpLLXF0NWNnRFMtQXppVWtaZm9LUFMtRmZZV1BzSW5EY1kzQkEzY2xhMmJjTVVycTNpc1ZIc2hvMUJZclpsRjhR?oc=5,
6a8499bf5dbd7dc25289117d,73687b3dc7476182b32f241b351e3a42febacb7532ed8cf7608aa93134a2c170,,2026-08-18T17:43:27.350858+00:00,no_disaster_keyword,The Tribune,local,"14 killed, over 50 injured as private bus falls into 500-foot-deep gorge in Himachals Sirmaur - The Tribune",https://news.google.com/rss/articles/CBMiwgFBVV95cUxOeG9NVVdmZUxqU3ZPV3pVbG84alpiTDA5aFZqUHV0MThBcWxKa2tZTldqMHZ4NUZNMGtPSzdqQlB5NjhoZDFoYUxqakpkVDhkeEF3Qm5OMXk4Rm9iSWtod0FTdDk4N3VUMGg2ZjNiNXhPVTB2N3JhSm5YYWZzam94ZFQ1bExTQVRmZUEyaVRGbmpfZnA0U3FOTUlQeWNYdXRyekhuTW5YaXNUa0hCd3Z1a1l5bEZvaFBTY2pNZEhzRWhaZ9IBxgFBVV95cUxOU1Nyb3ZMTFRuRFM1M2pDQXhJdEp4anJlaVc2c2xad04wMmFXNmxxdzNhSHhsLXNuT0RWQVRPMHduaGk4TTRUaUN0N3R5eWhCZHR1WFA4ay12X1dGUVE2Z3pZaUpjNUEwRDMwam9nN3ZOSExtTHFRWTVEMkQ0RzluYjYwdlVONzJjdGdabnBLVUsyVzc5MTRMdTlPSzlhQ1lrMTdESUtfcmJybV9KOG0yRG9hTDBndHowcnJlZ004NUJvNXRwdVE?oc=5,
6a8499bf5dbd7dc25289117e,2b09416a079e0f3ffe72ffd15279b5e55950e0fdb330246892d6b676889f0c96,,2026-08-18T17:43:27.395002+00:00,no_disaster_keyword,India.com,local,"Uttarakhand tragedy: Five killed, several injured as passenger bus plunges into deep gorge in Tehri, rescue o - India.com",https://news.google.com/rss/articles/CBMi-AFBVV95cUxOYUc3UmI2OUFtODNyWk9TSVhhbDZPVFA4T0FuQXJwZHktSmozbHoxZnBxM0hfMDlvMWJaWVNIZDJnU0xhcy1fOUxTM21vOWFZSFJYX0J2TVRDUDRnOHBkbE9fSmRWWFg5Wjl0XzFVd2NYOWc2MlVMcXlrZ0s2ZjhhLXY2X3Q1WGtVc3NkQzR0YUhkaTJjaC1KRWdzOTVUbGIxUXRScXZlYnl2UWY3RUxuczFRYUFGRXAtUVI2Z3hRajFUSEJheUFfTW05a3FZQ29KQWhWUlUxSGV6T2lpX054ZUVtMU1zdFU1Mmd3NzRtZDlTd3VabWxDedIB_gFBVV95cUxNclFxWU5RLXM5d0xUeEF0OFZPWFk3SzIzUjkzNUY4U2kxdUp5Q2FzRXdySFczRE5wWTVuM0lxT0NpTWgtY2tfcHVxdWdCOEVrSmlHOEpOTlM0M3lnd1M0XzNLTDRWMW1hbXJJMENvVGpETW1obFpRY0k1emxMY2dlSXlmOGRfajY5LS1kNFRILThBcHhRaURnbVhBbFQ5REN0Zk0tOVFPUGFVYW0tNmQweXJldU5vS2pEakdEbFFpcmFMSW4wM0JIak5aWlExTVRBR3B1R0g3bV9YcVhCQWJzM3lyZVlwSDhFSVRqVGFFZlo2NWppb1dIVUJETHlqQQ?oc=5,
6a8499bf5dbd7dc25289117f,0008de7cf1ea23057bbda4bad5d2031845312abde2ba63d8a4eb22edace79417,,2026-08-18T17:43:27.461149+00:00,no_disaster_keyword,News18,local,"5 Dead, Several Injured As Bus Falls 70 Metres Into Gorge In Uttarakhand’s Tehri District - News18",https://news.google.com/rss/articles/CBMizwFBVV95cUxQTVdnV2JxSkMzNGVBODdoaGNDMnpwVkFtcFNYUXV5bGhyVWlOaUhlYTFIUnBSWmc4aWRVQk9WU3NvRXBzUWtpZmEtRklaYktFdGJSMlJPQmxqN0ZHMmNGUWIwS2RfRXV1ZmVBbF9FREdFY1BpdWFfSnlxLTE0X1JPUDZTMlo1VWpKR0pfanl3eVpEVVJUOXI4UG9KMUZTUVNsNl9sUkVDdFhiWnY3dkMydC1jLWRNcnc1NXdIV1E0TWZiS2J6Uld1cHEwbDY4bmfSAdQBQVVfeXFMTWFndnhxeWVtdklnanBnZFoyOWNDTHB6eU9yV1J4RWFUYWRUVmQyV3B4bXRNcVdSRzRtbWh3QXQzRUdmVmxlcjdxUlloT2kweGZ1NVFMQkl5YkJ3MFRKdUZ5X2ZFOEYyQmozejVwQ24xUkoxXzJTV3d0dVRyaE50V2c1VGstQndMSUpUU1lCSGpIYXB5UFRBT1lvdlNYZk1nM2FsSFgtRlBoOS1oTlo0MEM3VWl1R2ZJNkVkeUZzY05sRV9hanlzOUNxa1hJWHlFM2lrUE0?oc=5,
6a8499bf5dbd7dc252891180,92354a34d90bd707504067b4bb064540a412f3bc36a5c922e6ec6246c573a056,,2026-08-18T17:43:27.529015+00:00,no_disaster_keyword,India.com,local,Andhra Pradesh tragedy: 10 dead as bus packed with pilgrims falls into gorge in Alluri Sitarama Raju district - India.com,https://news.google.com/rss/articles/CBMiiAJBVV95cUxOdU1sanhtNm5URm4wM2JHZE9na0lKQmJrNFlOcHZIWGZ3S0NybDZpLXpFdmhjX0tZN3haXzB1QjJTcjhpWEdFbnA0bmthZ0IwRmZlbTkyNmdfLV84YWVwUkNpaWpYeTVYMzU0Z2N5bWhacjFicXVKSE1HdDFpbE42OEN0dkdxSDB5QjZOS1UwUm9XeTVSYkRZY0loM3JQeXBmNVJOUW1pcXI5N2NiV1pXSklzbzhaZWtma1VWQXRTUFgtOTEtWmVTaGZFeFNodW5uNE40WGhjcDlZNjJIbldHM3dfVE1jMTRJODczUWoyZ2U5NW92RUU3MDIzVWFmcUc5SWxfYzRYQ1nSAY4CQVVfeXFMT21NZDdzRUJMUzhQcGtzWC03OWNBTXZ2dm5LaUkxUnlMTm1LbUtDMFV6UXJKamRRajNKbFN5SGszVDdqbUF2LTA2X2xsTk5JaGVtYzU1NkV1LUkxU1BSTzBIbmxMbllZLVRoOVRlaVhfTEExWXJBMEZxejBGMWxEaGQxbFR3N2VXdXcyemJ3bFhZZmtpVG1WSGRQVkpTaTl4RmFDYzRLTGF1V0RlMWNtcGJKYU01YUk2ckthZGtMTHhPM24tRWxGcjRhVVItN203aU5RbzVHZFNwY2R3ME9YeUV2ZHRSc0FFdS0zbG1laWJ6WEdVQWh0QTljMDhZSm9XMUdETU9LUmRrLXQ1TWhn?oc=5,
6a8499bf5dbd7dc252891181,518e765529b94437ff01d448021aee04f26ac4ec3e87320b3b0de55ada51e226,,2026-08-18T17:43:27.597403+00:00,no_india_location_or_context,Pragativadi,local,"Koraput Bus Accident: OSRTC Volvo Falls Into Gorge, One Dead and Several Injured - Pragativadi",https://news.google.com/rss/articles/CBMipgFBVV95cUxOWGNsd2JibmJsZWZTTHl3OFlSWFU4ejl1bEp0dlN5aDMtUXdNbHN2eFp3MFZwRk9jT19tUUVTWGlKUXJBbWRtdU5IRUhKbm5ia0NEQmZoU0lGRFJrS0U3MVJweG13OF9sZTR2Y1NzUHVNOFpSaGpISXlLZWdBOHBxTWdLNUI3RFZ3OGtaMzFxel9QWkxUa1Y3VndDeTVld0I3TTlfYl9n?oc=5,
6a8499bf5dbd7dc252891182,0758eee0fef4f71e9d4c7137ec3167cd33035858c8d60741e2e7aaddae930c46,,2026-08-18T17:43:27.652003+00:00,no_disaster_keyword,Outlook India,local,"Bus plunges Into 70-Metre Gorge In Uttarakhand’s Tehri District, 5 Killed - Outlook India",https://news.google.com/rss/articles/CBMirgFBVV95cUxQN3hMeVd2RXJ3TWtjR21Sd1R4TXVCdVltSDhwWm9CSVdiMEdTclltNTFTSHZmaHFKa3VqYmtrWlRtQTZ0NG1iV2VBeGs5QzhFUDVydFZkLTFDSDhYeGU4a040eGVVM056d3A1RlIxekUybXZqUUVmNHFiR0ltZ1lRNGFNZHVEZGtIUUh0T0ZFOFdlVmlSeWFRSlp2WUNKcGNoU2Q4MzNOZGZ4YzRRTXfSAbsBQVVfeXFMT2lQWnZaSlJFWlJjSVpNeVdkTVJhX0VCa1A3XzQtUlFkTm9HMEpPNFk5S0o1UFZja2h3SndpTWMwM2JuNFVfUW1DNDUzSXViM3N1SGdjNGhDamdQc193M0dUdHVIN190X2FaeFJ1Um9aTHVCMTJrUTBCbXFBSkVyckplVXFfYlJNdkpRQjNiN0h4MnpKODdaZWhaa2VwVUV3LWJ3Z0xZNnRvNW5LOTFUajZKbGlUZGFEQ3drbw?oc=5,
6a8499bf5dbd7dc252891183,084bffade8d8dd2c9ac952bc4be5c5e4534d7dd909723ebcd34349a8568a4c3d,,2026-08-18T17:43:27.697067+00:00,no_disaster_keyword,curlytales.com,local,Jammu & Kashmir: 10 Dead After Army Vehicle Plunges Into 200-Ft Gorge In Doda - curlytales.com,https://news.google.com/rss/articles/CBMiqgFBVV95cUxOT1c3MmpJYU9HbUtOd3Brb2l6ZXh1d3h4TWN2aXJsVU54aHIxdmdJbExQT3pqR2RIUWQ5N25WWWlheUQ2MTZBbWhQNUpQVjJjbVAtU3JjRVJLMXNacV96ZTRBcVFlUWxYS3NRaTRieXI4RWFSUTZudXctTmVPV1VpMTBwMENDOFp5MW4ycm1PbVNjeTZfcFBnTWxDanVyemszTUVJb3ptMXpNZ9IBrwFBVV95cUxNTlZjVHpJR3hiTVNjQmNOU0NTSG0yZl8tV21FYW5GUmwwbnN0M3BucXc1WTNMVWdvX2NJdzBPRUkxQVloak81SG84c3NIR3VFSFU0SzNFWThMeFJfZkxsMEZYUGRhS3A5RWp3OXRSem14MWlkdVA0MnJ1enUyeWp5X3ZPNHllUWFYRzNGNS1saVFOSU5nckVDbUlOUVA3ZGt2VmZiSTdvSkhnYnhhY3hz?oc=5,
6a8499bf5dbd7dc252891184,f4f8feac598cdb87852987dc81113c200bd808a2b0b330b3de99b4f17ded0318,,2026-08-18T17:43:27.747923+00:00,no_disaster_keyword,Al Jazeera,local,"Bus plunges into Himalayan gorge in north India, killing at least 36 people - Al Jazeera",https://news.google.com/rss/articles/CBMitgFBVV95cUxNaG84YmZ4Ykh6STZGT1lDQ0s0SV9fb0ZVTmhFaVNYc2VnUXJMcFZIWVNJOW9uSkt3S01ac3N2ajFSakR5RlVPZTRnci1MNnR2WHJfUkVsdEhkTUJZZUhHNW81X01tMk1yX2ZGLWZaWERyMUlMcERrdGVoYXNScWxuRXE3aXktLVhRWlY2ZnViOF9lTXdfZUZHbkNIblUwUUVUWGdoNWJkel9aTl9DVEp3WHJRMkZGd9IBuwFBVV95cUxORzdGWFJOaEl4TU02STlvZF9wd2FNT3ljbnpTUWd0am9RZk5tRi1CcDY2TVlEcWUxLTZTTTV3S0wyNmxBa0lRZF9vYUluTl9XU29hUTJ1ZXJFcUF3Q0lZemNVdFBBaTdHZUtDSkg4bzdtOXQxZERJWHNPeHQyT2tmRURUaG8wd1FvbF9EZlNGTzVGdTc2Z3BqaEdmWnZJSUgyeTRQVnlkREJIbzJaM2FlRFdnSzlrbEdEcUlv?oc=5,
6a8499bf5dbd7dc252891185,c8549b59631face463c50a256b0e80e3a36a3bfa22405c2e0e80f3346e2a7ac9,,2026-08-18T17:43:27.800798+00:00,no_disaster_keyword,BBC,local,Uttarakhand: At least 36 dead after bus falls into a gorge - BBC,https://news.google.com/rss/articles/CBMiWkFVX3lxTE0wTi1jOTE4ajJ3aGRER0ZIVWE0M1ZkSEpYNnROQWFWTW1LcFhic2pncHc5TkNTSlN4SU1Ca0pJNm5GSlZJRHM3Rm5EM081QndoVzhtVDdQcnRxUQ?oc=5,
6a8499bf5dbd7dc252891186,971315c3813b3db1882c783e92e6db16442a56836925b388cbc0576e07e01137,,2026-08-18T17:43:27.840435+00:00,no_disaster_keyword,NDTV,local,"1 Dead, 39 Injured As Bus Carrying Vaishno Devi Pilgrims Falls In J&K Gorge - NDTV",https://news.google.com/rss/articles/CBMi3gFBVV95cUxPZ01NYzZRLTV0WHNRSnhrZnhNbS1TZGsydHNUcGhxb0N1d2tYSG02YUdpUWNZYXZicXV0dkZOWDVLY3Ric3hoTU53eTVSNEQwcF9CeTJDQ1YtRnhyQnFIbmZqeVVhNnV2Y2VKVWZtRVJKOWFjVkY4VV9TaVp1MWF0SWlIb0lIejNuSGkxQ0lyZWhhMWwzcjk3NmJrNnBtcmxjSHBLaW9mNWdmSVZ6ekl6d3B6dUV1SGlBU2JNTm1TNmcweVo1LUdWOEc4N2dJMnR6aTRIM0ZYY2Q0aGMzbnfSAeYBQVVfeXFMTUV2TTBoeUFMcW5FYW5tRjBuMHZwQ3B2VzBLNTJsOWxWVzRLUU9LcGdrTkN5dlNrdFB1M1BxWmtJQXhoQ2RyTFo2eFozSUl1Ti1UdlZNcHBNRHc2N0U3czVLeklIbEUzeU5zQkh4YVFLNXFEM0tiRzhMUWNRTG00T2lBY0pxYXZnNEw1MF9vaFRaM3ZzbFc1T2hfdHRsZEEtX2Z0ZXN1Vk1yMlhvaXZZekRwUXhabThrOWJCWGg0WWFpa2NHUWpjZER2VjJGQVo3Yk15VW53RXdPd3pBa0dLaWtSamRTSGc?oc=5,
6a8499bf5dbd7dc252891187,368b0a7f43912dd9267c6b1b66002bb10e869c8927ac7b6ea34d483f09678c33,,2026-08-18T17:43:27.878292+00:00,no_disaster_keyword,AP News,local,"Bus crashes into gorge in India-controlled Kashmir, killing at least 21 people - AP News",https://news.google.com/rss/articles/CBMimgFBVV95cUxOZEJ1Zjc5bVVkSlVETW9zby1BcGM2RXRYNDAyV2pTaUQxc2lsdDZ0dkU3R3g2MFROQ2h2QUtJVUZmU0tZMEx3RGJRVVAydnVxcHI1bzZ5MGNNblM4d1ZkT1l5V0dhSDF2TFpObjJFanFLY0IzM2RBV0p6aVB1eHREZTdiNUFYS095VkE0WktSeThibkp4UVZVQ3lB?oc=5,
6a8499bf5dbd7dc252891188,aa9f754d8b63283cdddb9e94a54ef6ebb4b2168ef6c2756a7d3d53b43090697d,,2026-08-18T17:43:27.915102+00:00,no_disaster_keyword,The Times of India,local,Four dead as bus falls into Poonch gorge - The Times of India,https://news.google.com/rss/articles/CBMirAFBVV95cUxOUS1Kc2Jzd2JBVmVaV251WEV3VC04WkJaNVQzRGM3Zkx6QjlFcU9tYVFoRF90dExBS1czSl91cGI5SHV4blZ2WjY1UnBjOW9rMTR5UTJUdzlfdlM4VjhmX1BSN180OXN3Z0pWdmFmRWJaZWxUUnlXb3FxTnRkYVVMcUJjOWZqX3ZiMHFfUUZvbEJZUXA3QmtkeENOOW1OZFQyR1NXaVRsS1AwMmp10gGyAUFVX3lxTE1GbTJjT01WTHF1SHJabkRLem1nRFoyMXVTWXVhLUNNNTdGS2EtQXBqZUlEQThhMTU2YkZZWGkxU3JqMF9wYVFHLXBLaHlZVUFsVEVDUEhTazZ6N3d4cXNoZTlNWE42ZElVcnlTUGJxOUtHekJfQVdXTjNXVTJiUDAzYXhDWGFzWnhvVm1odnotcDFGZWVUTFRYaWtvVVpVR3BmLUdfWklCdHFWSHF5UjRVX2c?oc=5,
6a8499bf5dbd7dc252891189,e5a25816b63dbe395fc60f6774de892a701a13e9876808b692ad32b0c1850634,,2026-08-18T17:43:27.955501+00:00,no_disaster_keyword,CBS News,local,"Bus carrying Hindu pilgrims to a shrine in India plunges down 150-foot gorge, killing 22 people - CBS News",https://news.google.com/rss/articles/CBMikwFBVV95cUxNWDgyWG9UbXlZUHJjSzB5RW5qaDBUWFM5Qk9GamlkYnVEd01qdldGV2xkeFM5NnZ0QV9UQzJtSGNIRVpjTzU0YVZjeHBXdHJDRVJpN2FEV2R6Vlh2ZE9ETzNHYjk3M1U5dnAyNXE5YUR0Rm9CeVpVUHg5VmlsMTZ3czlKOGN2VFNpV09EdFlYN2lmTGfSAZgBQVVfeXFMUHRuZUlRdk1qdUpKVE93ZTlFdGZzNFZVbjNLT0xNaks5U3FZWlp2SjZYcmFESUVINW0wVklqNFhJdFBwSU9kN0JtVWQybmx1VXRaMUM4MFU1d3dhUHhqUTdxT3VhbzBlWERCSGc0eWpXSkxvT3dZVTgwZWRsdkUySnpZUUxZY05VMlViY2VwOHhIN1dmMG9EMlM?oc=5,
6a8499bf5dbd7dc25289118a,0a72708b985bb4bc83ca9d384ff489a1ee46bad824f5de5561957170cdd73ced,,2026-08-18T17:43:28.012922+00:00,no_disaster_keyword,NDTV,local,36 Killed As Bus Falls In Gorge In Uttarakhand's Almora District - NDTV,https://news.google.com/rss/articles/CBMi0wFBVV95cUxPV3AyVzE0bE4xd2hBRDlDQzQyT21EQ2J3VW1yN1VCTm1YbjBQR19UbGNsMmpSVjBTRUxTR2s1MXJiZUg4a1hFQ1VydEdLYW5OSlVXOTlMTVlGN3QxSHVoZW5nVkc0ZWh4WHBZNEczZWhockxTRXRubktpTDhKeTN4MjhkTUc4RzRteEJwR2IxMDU1dUpCZk9GOEZlTF9sWHBKZnFfbWlIWUo4QUFmdmdsRG1PMnFlSUxmWkFmZzE1ck1TRzlrUVR4bWpPWmJObWYwcGxN0gHbAUFVX3lxTE9LWlhHc0tROHNrVU1mU2k0dGdRU1dOOXhCcDY1b2hrTXN4QldZSVd3T0phLXYxalRObEFVSmNSSEI1N3BSUUdaYkhqT1RMamNrZDhQcnk1aUpyOGtpSlFTQjBEc0tRLUdqejhTY1V2S3FMTnk3eUFRNHZGOEpWeV95Nm54OHViZ1RiWllrSWphWEdSa2xUZ3RtdUx4WkdyYllqVHBZY05CUGVqTl9Ud3BaU2hBeHNUazUwZEpOa0o2ZEVuM1FrYl84eTBGaE5qSFZ5UXNPemNpRWtFOA?oc=5,
6a8499bf5dbd7dc25289118b,ee822f1c533f3a9c2a0c6b5449c743f303045f5105898a078432b00e973a4919,,2026-08-18T17:43:28.050265+00:00,no_disaster_keyword,India Today,local,55 dead as bus plunges 115 feet into gorge after multi-vehicle crash in Guatemala - India Today,https://news.google.com/rss/articles/CBMingFBVV95cUxPeXJPRHRXRC1BUG9qSWRFY2ttcFVseWJjZTJOeDZqenItaWZzVjdxRlpFQXNCdTFTY3NTb1oyRnpCeGNUVUctTUVCQXRoaHhPcWJYeFBfeUtTYTdNemdnUllsS09wbXRROE9TOUltUnM1T08zai0td0cwVThUVzkza0sxZm8wLXlqTEQ2M1lWZWpEeW5uS0t4UENsUm42QdIBowFBVV95cUxNOVl0aWlyQ2szSnFEelI2djZLUlhMRTgzZkJxOUktN0IzcWNjRURuWG01RDJrMTZJNDd1cmVfSnRXOGFSVzQwSXRsajBvQXR5anNLX2wzaGtkaUNxM3puZ1h5WVMxcG8yM0lYOHgxX0NwbGxENkgxcXpUMmFVNFBuZ005TjVRZVYyMjA3dmtJMWtmZGF6ZldCMFpsUnVUNkFjSFpn?oc=5,
6a8499bf5dbd7dc25289118c,1afa4877042bc60da25ba7c9bedbcdc4aa06ccf7db17249a5dbbec06a1d53520,,2026-08-18T17:43:28.087789+00:00,no_disaster_keyword,The Indian Express,local,6 killed after bus plunges 100 metres into gorge in Uttarakhand - The Indian Express,https://news.google.com/rss/articles/CBMirAFBVV95cUxQSUJUeGMwaVhMbUdyS2NoWUNuNTJIYVV0RU5oNUxfWGJIcjRNcGFLbFF6aGxBQkpyNWRFak8wMlFScGYyQVNucXJDRE8tdExaVkhZTVN2a0dOQ01MZ0tFUjlUQ2NDZzR4Tjh6am5haDZLVW5jVEQtRGlTcW9PcXBQd1FRX0ZMdE1STUVYX2VFSzZ6czJYOENZZkhNRG1CeFRoaFhXRDd1WC1CY2Ix0gGzAUFVX3lxTE52elo0bnMyel9VRnpGbmhpWU5fcDhScUp6cDdxOVdBbDlDVHI4Z3U1UlA5VUFtS0pfaHR5bncxazNROWJNcUt1NGc3UW1Sa1YyaFhmMVFTaHRqX1gyalAtWkp0dFhtOVNvZzFhbDFSRE9KZ01xbmlWcWNoUVl0UXlnbFV4QTJSOXByLTlWUUFzY2MzTDJBNmhQbzAyUmYtblhVanNvTnJuR09KcXZGQVZxcnpV?oc=5,
6a8499c05dbd7dc25289118d,c7638a8be4184a8963e8466db80b930c30231e965615fb203bfc77c3ad1477c1,,2026-08-18T17:43:28.140603+00:00,no_disaster_keyword,NDTV,local,"6 Dead, 22 Injured After Bus Falls Into 100-Meter-Deep Gorge In Uttarakhand - NDTV",https://news.google.com/rss/articles/CBMitAFBVV95cUxOVUk0a0xIWDRnLXBzRUctMnNEc2NHa1hlUnlKd0NVVGpnTWZWZk40Q05XWE1pRGhrYkpQNnBYS3owM056N1dBWnNIMmZnV0laeGZQYnN0UmlhX3l5dDNtYU5YN0RHRm13ZlpBZXB1SFJJS3RUSkpuaklsN3pEenFPUkJGRWFRRmpOaVZSbkM1eGpxWmxKcWRMakdQSDZWVFppZ3M2SzdHZ0lpaE1xZTgwd0owVy3SAbwBQVVfeXFMT1Y2eXNqZU5MRmZzNHN0Z3JUeDdteEd3T081TTM2T25rZy00MkR5c0JqUVQ3cUo3RmYzM0NndXVrZ0tJcTlmUmcyb0JEbno3MU5LOWNZekRHSFU3dDRoNXdvY2VaMXU0WWtxZlhxenV1Ti1FV19PaHRWWm90M3Vyd3ZSY2tJbUpXSjZUWkZUYV9tUjRRT3AwNy1sSnhxdU4za1lDR3M4ak9lc2cxWEt3d3F0VVJPYURIUURPTTQ?oc=5,
6a8499c05dbd7dc25289118e,34428153aacc99849ce5eb12e056aa2e2f6b3c6bd5e77a1e0b7a8f1697ae2812,,2026-08-18T17:43:28.200863+00:00,no_disaster_keyword,India Today,local,"Two dead, 25 injured after bus plunges into 200-foot gorge in Jammu - India Today",https://news.google.com/rss/articles/CBMiuAFBVV95cUxQek1DYXAwWm55VGlUeVNtQmcyS1JtYk4yN2lYOWlwQllqbmF6NTBOaG5xaFptSk5jclRkc010bGhMS28xYTBxcEhXRG00N3FYcENqT1NVRW52MnVOaWxYb0ZWY1hvck9LdXNDVzNRWWNBN3EwMXp1RkFfMVBGaUNSaThtbzBpNkpELVdQdm14NXExWkVvZW5PZWR0bEtKU05naWJiVlV6dFNPaUxCVFhDeXBCdWFyWkJ10gG-AUFVX3lxTE0wdWEyWEhJbE9Nek10X1BGLXhELVpSMWRuOUZJNWFKNWZLdWd4eG1vY3RUWnVHVzFlZFlRd1BnbFp6ZmpSVkFTZkdiLTJpTjdDaGk1dlVhSDNCdDJzdGVuREtISEtTOWVxUkt1Zm1TdXFRVi0tb0FpaHpZb01NWkpEQldJYV9nX0VCRzR5d0k2ZzVMZ1p5Mm5SWTV4UGx2d1daQWhUVEMzTGtPT252d0Jzb0stTWNHT3RPc0J6NXc?oc=5,
6a8499c05dbd7dc25289118f,3f1d43b20ebaf3aace77af77e35f28b3caddae12fc99b7de38098d14d42f9130,,2026-08-18T17:43:28.259958+00:00,no_disaster_keyword,CNN,local,At least 36 dead after overcrowded bus skids into deep gorge in northern India - CNN,https://news.google.com/rss/articles/CBMifEFVX3lxTE51SzVzQ2NKODE0TklPdndPekNicEV5UGJsZE1RWTh5NzRFSkxreXVRTWdrelQtbFdzM21keGxfQnRtbFRXd2otQS1pNVRhWG5SX3QxMkZlQnYyYnN2OWxsTVZPeUFxbHhtZ3JOSG0xUndvR09DRVhabVJUQ04?oc=5,
6a8499c05dbd7dc252891190,e73d4d3bff7783fc1f1b8c08f434bce7f40f83e51beba927f805c7217acc2370,,2026-08-18T17:43:28.301282+00:00,no_disaster_keyword,Telangana Today,local,"23 killed, 15 injured as bus falls into deep gorge in Uttarakhand’s Almora - Telangana Today",https://news.google.com/rss/articles/CBMioAFBVV95cUxOWFJkeldKV0pBcmk2VFpIV1JQWkZJdHlyU1d5M3JkLWRtdV9wWGFzMTFBQnF2OUk5djVTemdlX205emZCTnpPZHJqbW5SbVY5S1JCLTJJRkdRdW8ycTFTWTBtRnJad0pqQWlkeXJxazgzWnBFUXlnbXRuSFNWSXBuakFWTk5RQUd5c0RiaUZrUWlTa01mR3dXbmcxZllPdEg3?oc=5,
6a8499c05dbd7dc252891192,19ef208c80a8342717ded829cfb948a946df5ef9163e535bfc73d8888c874b5c,,2026-08-18T17:43:28.359279+00:00,no_disaster_keyword,The Indian Express,local,"36 people die after bus falls into a gorge in Uttarakhand, CM suspends officials - The Indian Express",https://news.google.com/rss/articles/CBMitAFBVV95cUxOam90SFUtMFdpMGt2eHFlM3FIbllNNk5Yal9lcmNtSVlOZ3JSSHNYSktDbVFaeUxMa0wyWG5icGFEYThkWUtsaElscUkyanpnTWRsV2JhOVBjZlc2QTdaeWk2M0R3UmppY29HMW5pSFhOeVp3YkhDZGN6ZFBOQjhFMTBWSTQ2dk1fdDlRZkJGd0VBa3NBbVZibG5rc3A3dlEycW9qT3hqMTQtc2hhaGgxQlRLN1nSAbsBQVVfeXFMTm1LWFJWVFQ0UUk5enBrRDhBUkNsUnRhdWhUbXk0bTBKZTc1SlF2dWNxcEZ2dXhqVUN5eGpQNWlTWkRTcTh6TElNSS1iUEljTWk1MlZwQ0NVaFlEbnBzYWlHVXJPaUhNbDhpVVFGSEtWY0p4V0syXzRvbFFKVWJaYnVySWxyOFNkanRsUHNleVQ4anJLRi1nY0pSVHlZRS04NDdMNDN3S24yUWFHTXNqU0s0cmdOSi14b3RCVQ?oc=5,
6a8499c05dbd7dc252891193,6dcf9d0d4edf3e83853120ac7eab3c3ef5a93c29db527b505b10898a7b0e8bd7,,2026-08-18T17:43:28.425828+00:00,no_disaster_keyword,NDTV,local,"Driver Killed, 17 Injured As Bus Carrying Pilgrims Falls Into Gorge in J&K - NDTV",https://news.google.com/rss/articles/CBMiswFBVV95cUxOdjg1Z2J4T0ZWODhweTF5eklURmVDV1BRcGR1V3B0S19HUVBmSjB6OFhudlpUSzQ2ZjdScGZQODhaVWtyaE5KUW1sS2hPNDRxWXBmNjhHWEJDejZVZllLWUNkNmx1Q1dmUDJ2MnBjek1iaFZwSDBmQi1mODNMNi1Sb2V0QXlsX3dBWW1nYVVocmFWTHlNeGIyVVp6LTNDUk0tVHNocmR4c2NjMC1meGd5VEc5UdIBuwFBVV95cUxQQzJWQ1Y1bEZJYWVJUnR0VnRGVnprTDNOSzNqX2IwLVFVYTdwS1ZlOUt0Tzg1SWR5VF9aeWdDVGRHUjZMeDRNMFFjQ1VFaTFpM3dlSUN6QmFFRXpCajZHT0E4czY4Qm9iVkZScVRma1N5RUtOdnk5RXpZam9teG10WjZsLUwtZ0lJWjNreDNFMkdIWjRnbTBmbnFmWnRtS3hweXhMejQ2TmN6bWlVTHAzMnpzY2NfODZ3a01Z?oc=5,
6a8499c05dbd7dc252891194,abb41b1c3df356abd068697192db29e8b70a123c6540ed2606b0b1d34abe36e5,,2026-08-18T17:43:28.888493+00:00,low_quality_score_5.5,NDTV,quality,4.2 Magnitude Earthquake Hits Jolts Uttarakhand's Uttarkashi District - NDTV,https://news.google.com/rss/articles/CBMirgFBVV95cUxOU3JfVzJESUlPOUFiYjYzdUxfRWxpcDE1ZUV6ZjI3dFg4dXVmdDhRYWZWbm9ZbFRGM19kd0VucHJjTmRYT3A3OGRYeWRyQXJvZmRpY053UTdEU2ZGZXphMzdDc1ozLVYwSVBFVDcyeGlNR3JUVTJCSFA4b2FyZGlqazh4SFRrMF9JdVBNb2lrNjNtRnVGYXFVZC1SYmFLbmZ0d0VJNWp2b2ZKaS1Kb3fSAbYBQVVfeXFMUEU2RGdHUWJvSDFYQWJIc0d1RUxDdUVMR1RidlowTnZqRU0xcjhtTWhMaUZqR2pyX3BzVU5rdzk4MmktSlZuRDlGRFVWUlRQRzRrZGttWEQ3WmJTUXI0MUc0TWgtQ0RqOUY5MVNhSUdjaS1jbDV5WnIxQXdOZmVVN1JyX2NwZXlaRHVadEkyck50cmd3azI3OGk2dzBEa2lFVFp6THkxaDZFaVQxTk5RTVVHc2QtWnc?oc=5,5.5
6a8499c05dbd7dc252891195,61e643684193edf1ebf82cd977a1fa48de1c359419cc68f6e130dbed3d1a20ea,,2026-08-18T17:43:29.013607+00:00,low_quality_score_4.5,ETV Bharat,quality,"Earthquake Jolts Bihar, Sikkim and North Bengal; Epicentre Located in Bhutan - ETV Bharat",https://news.google.com/rss/articles/CBMiwgFBVV95cUxOaFFVZ2JQajlyQU5WT2ZMSFdEdktCT1hnUHpYUlYtZHJNeGpCdm1zVEVjNG5OWnVuYWpJOVJiUE5iWkgwT3VrS2gxNDFDenE5QWVnS1M1N2NfM3pFLVBHTjVnUEdiZVVMeXFiUlAtVTFBUnZ0N01LU1lkdmRGRHo3N1BYbGNXcGJsRWRhcjZsTndkcmdWYXoxZ1VZcnQwcnpTUnh1d0dCRkhEaFdUMlhJeTk5LS16UGlWLWpIMXZQWDBCd9IBxwFBVV95cUxQUXZMY2I1b1Y2QWR2V3BLSVg3cmtoYVhvTnBoTDA2bDYyTHJOWGg5Qk8tNENEcFpvM2ZLSWZ1bURNdXAtNGZMd29aY1Q2ZHpDY2czYTNsUkRkUGN2ak1RckhtcjhkM0lZcWsxa2hPc1kyQWRFNnUzOXRWd0FiTmxpNG00TEpvcngtYlFwa3Q1cnpHYVZUTWxkcDJOalk5QkpqTmV4ZlN3SFV0WnRoRzFvbFpVNXZ3WFRtRlNncUkySWxDb0NoUVFR?oc=5,4.5
6a8499c05dbd7dc252891196,d8fb334b7c709e42b76ecfd7ee9cb1fb596c2b69b11ca683349b39503eba77b1,,2026-08-18T17:43:29.060135+00:00,low_quality_score_5.5,The Times of India,quality,2.8-magnitude earthquake reported in Delhi - The Times of India,https://news.google.com/rss/articles/CBMi3gFBVV95cUxOS1MzUWJCXzVyZ0JIa2ZXR2NfdmQwUzYtSjMwYVdTNy0xbThBLUJfcUhLUWxtMVRKLWhYeTNUdnVmWkk3VzdHYU1yXzFDRGxfaHduQVVBOEFsT3FoSlRuWlJ2VjBQNTdPRkJrN2Y1ZGY2Y1hoel8wWTNiTEdtVC1ZcTVsVFdmTWd5SUJ0WTRLMllLLUFCSk9FQkVFNk5aT1VMdTJqQnpzRWFpQ1FwN3pVbWliMUpGTzNzRVEwVHdiOTE3cDlNdzJoQjZ0X0taUFMyNkx2ckZ6TWU2RVNTU0HSAeMBQVVfeXFMUDBfYkpDNDk4MEF2VFJqUUt1dmg3UHpnYXVOcWU4Zkt2cDZybUhGb0QwV1NMRlFLdW9mVmM0SXBqWjh0RDQwUUVTbUxfb2c0WGl6OTV2Vmx4OG83bklEd2MtZWF3R2txcXIzS3FlaTY2VVd1WGdBZWJvUDJXbVRPaGF1Q2VtVTNHdHZ0WFUyOWlnWXVtdXJZREJIVlc4ODNNRmo4blYxZGc2MENNcGs1cEdvNkx2all0NzdHR1RBWEh3RThZRFFBbnlSTkxaX1l3cjdFaVdnQ01PbldIanpONmJkQ28?oc=5,5.5
6a8499c15dbd7dc252891197,5ce9a7bc30ef087aa20a982bfbaf0a1d2dcd5c88dcefacdb3f030a506663cdec,,2026-08-18T17:43:29.100789+00:00,low_quality_score_2.5,ETV Bharat,quality,Earthquake Tremors Felt In North India - ETV Bharat,https://news.google.com/rss/articles/CBMikgFBVV95cUxOQjd4Z2ZZUGc2RU90dFhDbEFHb1E3cTFuc0d3U2VOUmtvcHo1anpqZ0Z4NjBneUVEQmhjVE1UaG5TLUxndFhFSTFvTGZBYmdVc2ZTYzd6QW5iUURfck1rb0s3U2drbWF6ZmxYMFdHcU9uRzgzM2pnbnEwY240SE8zVHluQ0JNLXREc1VFZjhObXpmZw?oc=5,2.5
6a8499c15dbd7dc252891198,f84761077d5a63caa3e40e03c48be7bba67f0fab8feba85d2a06afdf85bbea01,,2026-08-18T17:43:29.183585+00:00,low_quality_score_3.5,Daily Excelsior,quality,Earthquake tremors felt in several parts of north India - Daily Excelsior,https://news.google.com/rss/articles/CBMikAFBVV95cUxPQkVqXzJldTc2S3ZyY2pacUxMWkdFaVRicllMSUZRNTkxODBxSG1La0lvSFR2Q25HWXpkeS0zRHBXYk9qdnkyTldrX05TY1VmNktxdHJuek0wRGpodVBCVEgxWHFDTm9KMHVLbHpncVNzaDFJblRGRkF6ZUdIRjBuQng2RnVkWGh0UUQxM3Zuc3jSAZQBQVVfeXFMTXo5dVdEM0xiVWlCcGl2ZEMzajgwT1lXbzhQSEphR1pMUVFSYnNmMy03N0E3Z2x2cy00N2JOZ1pEUC1vX0pOLThCNEEzeDU0T0ItNm9meHhsdVBaMEJwRGVERFpQYkdfbmpVd29WMnFaVkVaMnI2dkIwTnFyeFFDQlc1enVfUnN2NzhfVmI3RVF0U2FmVA?oc=5,3.5
6a8499c15dbd7dc252891199,922bb1473f0807662e8b949d84d09d7d018840034c4de9adfa0adeddb697cc14,,2026-08-18T17:43:29.462279+00:00,low_quality_score_3.5,Bhaskar English,quality,"Earthquake of magnitude 5.6 strikes Bhutan: Tremors felt across parts of India, Bangladesh, China and Nepal - Bhaskar English",https://news.google.com/rss/articles/CBMiugFBVV95cUxOZHdpaDdyd0M5YVpVYlB4QXNUbTBQRUZlQ3RMVXpEM3gySW1ya2dCWHp5Q2U5bWpiMkMtczg4Y0NTY0lQaUxHZjJhYTFpb0ZWWEZYanlxLVBnWmFWVmZvMXpwSnVnOTJVSU44VkRjQVF4QlpMVUlkX1Q1UDE2R3g1Ul9CWEp6NlpRUENYVDJiV2NIOWJJM3JGMTE0SlE3VWR3NU5JZDFEamJoeEFTUGRMZFV0UnFVZEJ1R2fSAb8BQVVfeXFMT1prTTVqalZ4OHNJTUVlUnVBOFk2QWJkVC0tREVuMUs4R29Jb09ZX0ZwTlJHd296a05qV0FZdGJtcV9yVkk3X0Rnelh0WkV6ZHlUODFQSXYtdjVIdkZUZ0taMDNTXzRGMG1Fc0o4dXVsRlZhc3dIQjlCNC00SzFJTzJXNTZpdDZfeWRGbFFERG13UzcxeWc5U1c0Y3VfWk1DamY5U092LXVINjNCMVdmSEU5QjdITUxkOUc4UG5MOEU?oc=5,3.5
6a8499c15dbd7dc25289119a,72d271869eb795711fa2a360f4dd5a452267a602e1223ede6b37e733972a2bd1,,2026-08-18T17:43:29.505289+00:00,low_quality_score_4.5,Punjab Newsline,quality,"Strong Earthquake Hits Afghanistan; Tremors Rock Punjab, Delhi-NCR, Chandigarh and Jammu & Kashmir - Punjab Newsline",https://news.google.com/rss/articles/CBMiwwFBVV95cUxORFJPSmRUQTBmWFA0ZzhxODViZF9KZVlKczlpckpNTGFrTEZSYmtMbi1xSjJya1lSRnhsNzcyZjhUWUhGaUVSSmN3RmgteWtOTXNyUW1pMjJXa2dTTlNTb0lleU1lRlZoR0wzT1dVNzlmbWM2OWFSQTNGNkp6R0RrMkxFemxKeHI3YVJXeDMyNF96Q2V3bGJONFJ0aXlyakI2eUJCU0hwQTAyOXlZYnloMWo3a1hPR2FtakFIcmJsa1JQVFE?oc=5,4.5
6a8499c15dbd7dc25289119b,c4fa4f360422e748469115deec7c1ecba69e563eaa903935143b5ad9c0d20f6b,,2026-08-18T17:43:29.550223+00:00,low_quality_score_5.0,News18,quality,"Earthquake Of Magnitude 5.9 Jolts Jammu And Kashmir, Tremors Felt Delhi-NCR - News18",https://news.google.com/rss/articles/CBMipgFBVV95cUxPVHByT3ZWWmUyZkhuazctQXlaNWtEWE5IcXh2blZUOU00blB2TjJUbUJzN3dWNW93WnlxUFZ1VlllZjBhYW1QcE9qdURyRW43Q2o0djBxbngydjZrOHNEdlFFdEVFTjE3dm12MkdweFIwVzR6MVhWaUtpWmdmb3BmMkJBWnk3dVBoSldJOEhFWG5DNzlzWFd0Um13bHhnSmpGLTljMXRB0gGrAUFVX3lxTFB2eHF4bXdJcEdxM1RiMFNlVkd4NVZkUVBWNFZhVF9uMTNOQkI3VnIwU2tlTWRSQzlEUmNoSExya1pYQjdVTWVxeDFRN0M2R1VXMUtMRlN2NGxYTlR6NHlIWGFvMHhDb1pNWmRXM1BQczcybGlJd3ZIcHNaV0J5aGxhZTdNR0o4eHVLd21LWXJCTXVRejlNdGZla3pPSUdwSlVhdnBfRS1fLW9NNA?oc=5,5
6a8499c15dbd7dc25289119d,d3f2b463a947832a1af6f3762a0cd62f5c06fd0bcbeefed1f719f51ff79792be,,2026-08-18T17:43:29.587869+00:00,low_quality_score_3.5,WION,quality,"Strong earthquake tremors felt in Kolkata, epicenter in Bangladesh - WION",https://news.google.com/rss/articles/CBMiugFBVV95cUxNdDlkNXd6X1NnajdnU056MW9BTFZ5a1RwanVOa3JMMkFkS3hYZTh3QTZnOGRtR3VqNGN0THhpN3VKeVExV1VDRW9WTkpzYjdyeGZrbzRhcGZwRWM3TXhEcEdSUWFNUWZteDdBcUVpb0lVZmoyLWIwX0pBS24zMFd0a2wtdU9IdnpQUG13V3hySUc5Q3hXQzlOQnEwakc0d1lzQXZQYzdiOTRPQW8tb2ExRUQxdjI2MGNRMVHSAb8BQVVfeXFMTnFJYlUwM3hrYmZ6dVlmbG9Tc3RUY3VSeXBXRG80S1BVUkJ6azd4Nl90RmNTNkNKM3NRLWxiQWptb1h5MkZHV1ZuSWVKODZiX3dJUmQ1RVpRU3E2ZG5NV05iT1NvM19NZTZIalN1MFFOX2RLaTJ2d3JCc1JBc3FSR1AxWkNILTlGWmo0MEdFVFhKZlJBV1hWZl84ODFKNE4yQmZaSVhsV1BhYkJ2WnNuTS0xVDFTbkJyN0ZzV0dEMDA?oc=5,3.5
6a8499c15dbd7dc25289119e,02078c38cd0e0c70d3bea1a10bd3d689a3a2de05607b56dc1d4a60c2bad9e2fd,,2026-08-18T17:43:29.786166+00:00,low_quality_score_3.5,eos.org,quality,"The 7 July 2026 Kalladi landslide in Kerala, India - eos.org",https://news.google.com/rss/articles/CBMiYkFVX3lxTFBNT3U1cjRUaGxtRG5UTHVoVGl4Y0hsS2ZVMkJPMnVqTjFJYXk5MnFrZTVBT0hvNWx3aFRRWE01c1pENUktV1h6SVZXanc1OUVsdFFtU3U3NHBEYlRTUVp4ZjZ3?oc=5,3.5
6a8499c15dbd7dc25289119f,f25faae42f25a66a84a72ca3c537de8b623377d19a1cea2fc2943a880b9acff6,,2026-08-18T17:43:29.830226+00:00,low_quality_score_5.5,The Hindu,quality,Kerala faces deadly landslides amid intensifying monsoon rains | Explained - The Hindu,https://news.google.com/rss/articles/CBMirAFBVV95cUxOOElQZTJyY213TjR0UFNVbkFaSnRsSlZtV1Vpb2RaUDRRb19ZYkhnc0YxWFdkdUNFSVMzeTNSNXZlY2t2NTE1T1luWThUNmx3eUlsa3VkYWI0LWZJcXB1WmNfS3YzMnFIdUlUY01IUmJIYVJQdXNobENXMkdTQ21aalJyM2NRcXprc29sUE1fbHpvYk1wNjh3SDEyVHFXSHVYb1E4UFJOMG9kZ09H0gGzAUFVX3lxTE9KT0J3Q2oxUndOY2ZVQjBKMDgtV1hqMnVfU1lMaFJHZ21nazVfT3E1OC0zV3FkMXRfcmtVbDN4RlJQNTl0LVpPUUttQi14QTRUZ0dxd1JYZlJuR3gzWlJ3TkVhdzE3cTFlQU1iY3lCcEM2V3QxWlEzdDN1Nlc0V1I3QnN6MmJIeXI1UDBGT3U5R2JsWGRNTzJLWlB5blhVd3A3UXUtUlQ2RGM2TXRLb0hiSW5v?oc=5,5.5
6a8499c15dbd7dc2528911a0,9b89cbf67bcb9034728df78198447d85fad3f240da583b92aa6db91f9eeadca5,,2026-08-18T17:43:29.875579+00:00,low_quality_score_4.5,ThePrint,quality,"Bus narrowly escapes landslide, 114 roads closed in rain-battered Himachal - ThePrint",https://news.google.com/rss/articles/CBMirAFBVV95cUxNanpvT19wWWQwMThxS3Y3SkFROGUtSGxPb3pKNjBjS3k5Und1Y3JaUUJpaVV5R3hiX0EyWFBRODlfTS0zVDcxX0I4WU1xY0NDc21fdFljSFJzWDN1Mk9CbEJOcGljMUNvX3pnSEdNY0J0NEswWjdpOXhlQWZUWTZQZVhZZU1yZmZXQWhscnpjRWIwbERQb3d6RDI3V2Nvck9GWDl4c3RCNUtCX2pF0gGyAUFVX3lxTE1mTHotZjltcmVDVEVYOERtNllSUGRpSFNiY2p0S1JNQlhqTHVscG96a01RMmVKbmlaQnhhYUFzRFpwdG5rVkpNV1Q1NjZIcG5odWQxenlRWHgySDdXQUdEZzNERUgwemVUMXJRVi16dDBoV1Y0Q1o2U29PaTRzX3ZKM0lXYmwtUU1NNk1hU0V4cVhmOEoyVGdYRmNpU20tbVl1M2d4MGVRRnptVklIV1U2MEE?oc=5,4.5
6a8499c15dbd7dc2528911a1,aeaad2ac0f9c06545052f5881eae0e14b779e516888887bad45d93a36de9df3e,,2026-08-18T17:43:29.948240+00:00,low_quality_score_5.5,The Times of India,quality,"178 roads shut, Flashfloods and landslides damage houses in Himachal Pradesh; 7 districts on alert - The Times of India",https://news.google.com/rss/articles/CBMi_wFBVV95cUxPemNVLV9ZcXRjOHpjd3d2dWI0QjBRMlVWU25fUXZ0bnV1cWl2SkVVRE5GMUItNjQ5SzVNTm1NRWc5TVdpQ1gzcnhMVHUwbHk1Z0tDUmFGb1NhbXhEdVhrOXRueG5PSWVSa0RMMEdNM1F1R0d4cFAxSlpueGYtWTVPdUFxRngzbWhOaGNXUVNSNWVKR25nY0FZaEZHaVM4c2pNcGtVcjk1QWtZNkVpVnc4TTNUQWJwZWwtZ0hkby1oRE5vM0czaTlzOVB6UUJpalo4blVqUXVOOTItQXA1a0p0eFllajJ6WUlyUGZLU2oyTzY3Zl9fN1ZNaGdHWC00ZmPSAYQCQVVfeXFMT0hzYVplcXNHWGRDZlRURXl2Z0FqbzFuSl9lTTdUYjJzcFA4bjYtYlk5VmpRNGlLQWtpWE80cVM4SzdEZE16TWg3UFQtZHoyX2YzcjY3MW5IZHpkOW9JTDRZdmpYdEROUjlJUmtGd3ZiTXJPS3ZpdHlJLUo3a0JaS0hyWm9SNWpsUFlyN21SSF9Yd2hVbW5STFJjM0dXVFlIemhGbHVnbjQzVXBsRm1tRG0xa1A5cXpuMFhpTXhZbGhuOEFOLVUwamhFeHBJbjUwVlNLN0RuYUxweTVDMG8zSFMxNjZSc3AtQ3ZBUzRzZUowamYtRkxnU2V6MmdRdkY3WnJsQlo?oc=5,5.5
6a8499c15dbd7dc2528911a2,2825ed943c479035ccafe02742917bb9c5db6e2ca7d5106643fd073597196342,,2026-08-18T17:43:29.985153+00:00,low_quality_score_2.5,Euronews.com,quality,Rescuers search for five people after landslide in southern India - Euronews.com,https://news.google.com/rss/articles/CBMivgFBVV95cUxPYTVkSlZqUmI5aTFKeC1jV0VJOFdwRnZ5WjJHRk1PTDF1em1SZUM4UWtUb04zelUyVVlpZjZuRDFhT3F1VkVRR1JDYTVxdjN1dGFlUkhPWmVsS0ZabzhQaDlCN2gtamV0TnRjWTFYcV9WZWQ5SUNJQTAxRklQYnMtV1JUNnFnUW5GYzFPdVdpa3FMcHh5MEZGTzl4SjFYa1oySHZiQ180cnZERHFCNmlmdkhGZmlnd2p4ZElCU1hR?oc=5,2.5
6a8499c15dbd7dc2528911a3,84868253dc96cb029637ff895a83d93d0d07d54d77e4c281b34db9512d80ffc7,,2026-08-18T17:43:30.027866+00:00,low_quality_score_3.5,Al Jazeera,quality,People flee as rain triggers landslide in India’s Kerala - Al Jazeera,https://news.google.com/rss/articles/CBMiiAFBVV95cUxPZlNncFpicE5uLUYyaGRJb05iVkx4U244V19RbXpkX3JXS3lMLS1KU095X24yOXRSdGdROEJuRmwzeENkbUpBRThTTG9GRE96aHJJRXdyWDJGQmE5SHRPcmlWZ3FMREFKeUpkQ1NtTDI2MUNhSlZMUUIyclVOd3Y4U2dGRnhNUU9y0gGOAUFVX3lxTE01N1ZzdEQzMURvajJkTkF1NWkxTkFiek5qYWkzcWRoUl82T056emQ3cnBWaFU2d1VqZjJBSXBuZEItckEzQ3VraEFTbllqVVNpVFltcmEwaFR5T2JJZlNHQ0VGOVVFbWpEVW5uUWI5TE15WUg5TzJobG9oQUt3US1GWHg1NHc2bjFuYVNHanc?oc=5,3.5
6a8499c15dbd7dc2528911a4,622aecc23994205c0b7d74cfab4a0f130553197a4b99abd46a331b4892599f07,,2026-08-18T17:43:30.067007+00:00,low_quality_score_4.0,Down To Earth,quality,"Monsoon wreaks havoc in Himachal: Landslides, floods and Rs 20,000 crore damage - Down To Earth",https://news.google.com/rss/articles/CBMivwFBVV95cUxOazE4a01ULXoyVTFkX2l6SU1UYnVUdldBYlduZ01ncG44c1dlR00ta1h2NVNnNzJxMjBYbXh6YjVLVGt1clpRd0hacmVGODZOUXF0UkRSb25HdFRJTUpoNk1Cdlp4UEl0dUFXemhVRE5BT2dzNmQ1emFIWW80dS13dHAyZk1BOHBpa0JQYzFPOWJocWpHS3hDa2V4TTE4QmpUS2ZYanl5U0EyZ05wNFdvSU9USmt2bzVxX1kta0ZwSdIBzAFBVV95cUxPalBoVHdYMjNnV2tyMzl0SEVPRVdzMFpzR2FkU290RzdOYXVHUW9OMlJRUlNyVlQ1a1B4ZVFqamlHLVRIVl80LUI0c2dRUjRtN3pKTlZGYXZ2RWhmZERNUkMxTDJTaktHZ1YxdFd4RHVhdDJFU0xXUlQtSVhlR0JvTGQ3LUFNc29SVU12NERrUDBXWDdweC1BN2p3bFVEVGsyVms2Y2VXR1l1b3RJRW9Hck1qT3dUNEV6TFZKT3dWLU5RdjZMWXRpOVZFdHU?oc=5,4
6a8499c25dbd7dc2528911a5,1d2d0a77824d04450fdc7f38b72cfc63268371ca9f4087a854c8443c5a0ddc71,,2026-08-18T17:43:30.134819+00:00,forecast_without_ground_impact,The Economic Times,quality,"Uttarakhand weather: IMD issues orange alert for 5 districts, warns of heavy rain and flash floods - The Economic Times",https://news.google.com/rss/articles/CBMi-wFBVV95cUxNaXF1T1VfNnJLNTNqdVplUkNucUtUb01jaFkwT2JqUkRnOHlWTDFJR3V0UmdWRXJMOTYzaDVIZVR3U3JVOXBhWldoUE1CcVNyYWhSRGJmNTV0dEJJekNNZ1psVlFSTVpwcG5keFhxYnZuLThkUTlkZnFRWGRwNXlUb3VfLVNkTEY4WnMtWjB3YlRpdDlWbjg5YjYtZmdYYXVfT0hJb2F0QjZseGNoTVd0N19QYWpxTXpPVi1WaTdZVEgzM3hJNE1yMVFYSzhFVm9aeEQtOEk1SVpWNXF0VEszWVRYRzRpQkE3cnFtcnFXZ0diTFlnNHFGR0VIRdIBgAJBVV95cUxNWWRnT1YxX0d2VXhKWE5GVHZTWXR4N3JLOTFCaXVjeDg4bHlkd0RUNm9IcVN0RzBjNDBvallHRnVsUF9leUc4X2c5U1pKUUZ5VzN0ZUNLcHpnOGRJbkJFcVRaV0pFOUh4ZzdBc0hwRE9iNlNMNzJwVUIyZG5SUllGZTRuazRvSDd4QktINFNlYVI4ekJkY2RicUpxNVNwS0VFVGdpTDB0QVM3QWp0aG5MZkZ4TXJlbDVrQ2hUZktDSlIxT0dtNnpOMnk5REx1X3dDWUk1cmhkU2VpWVhGS2gwU0hXVU1WSHlYbWozcjdYNXRZT0gxTEJia3haMDd1a2o1?oc=5,4
6a8499c25dbd7dc2528911a6,894ae7721bcc16096a9699bbad3b3d6f8f7421640f302941bb1e2bf42a7a6adb,,2026-08-18T17:43:30.217917+00:00,low_quality_score_2.5,Mongabay India,quality,Tunnel landslide raises fresh questions over mountain development - Mongabay India,https://news.google.com/rss/articles/CBMiowFBVV95cUxPN3FFak9nTnNWcTBKNW5qNjM3N0kwbE9mOW1CSDEzWkloY1dJbDRTd2x2TWI2aFRPdjBobDFfekVCM01YYlNpYVdSUzd0V2U4Vl9UbEZPX2FIS1hWSnpJa3lnSDNTYXNqeERwa2ZRMGtxWV9yOW5jOUEyakFfQ0dadkNjZzA3ZkpVcnhyWUV3NXBJVkxpZTdkVVBvV0M2amhCZGRn?oc=5,2.5
6a8499c25dbd7dc2528911a7,fa86f5e29c13f0f9fcf952fb3e647eec03088e234b79dfa58221443d0300f5c2,,2026-08-18T17:43:30.442633+00:00,low_quality_score_3.5,Northeast Live,quality,Nearly 60 People at Risk as Landslide Threatens Homes in West Sikkim - Northeast Live,https://news.google.com/rss/articles/CBMiqAFBVV95cUxNMFVtR2MwYlZhN0wzZm9kZ25SR3dIS0JHZk91YndjQW5KY2lVQ09ZNUFRZHU1RV9oRXhUeEUwWUtNNDZ0UXM0Qk1ia3NRLU03ZHFXN1pBZE5Ed2ZTTjBUZFhpaEJOTWo3WTJsX2Q1YUZJdWNoSHpuYVJ1a1RqUzI3enFwa1VKeE52eGNySHpnVEVxV0g3YlJta205VW1SOW5uWTJLZHFxbXo?oc=5,3.5
6a8499c25dbd7dc2528911a8,a8fc38db84f8e1ab6d2bae99d4ab0fbb415d34fcb2588101e7576c715322663e,,2026-08-18T17:43:30.495848+00:00,low_quality_score_4.5,ThePrint,quality,Illegal quarrying caused Panakkad landslide: Kerala Minister - ThePrint,https://news.google.com/rss/articles/CBMimgFBVV95cUxQcG9saHRoR2xrRmNfWlp5RFVuMkNNMDJneEI5SHF4VVRuOURPNGw0a2Q0RnZ3eV9GTWxFRmNSTnh6VHVERlVKaTRIdG1WYmdZNjVrZ1ZxMTJRRVBGWDNpdlVyTW1MZkhxVzNGNThRT09uYmxXZW8xd0NuZTdtQl8yQ1JEUm5tOHlKdUpHZGxTdkFiNGJGTHhwZmhn0gGfAUFVX3lxTE1VOEtNeTlOc3lmeXEyMEdtd3U0XzZraUtJVWVBbC1HV29rQ1YzUjBRWkxNWWg2MmtyZ2ZaV1Y5U0R4ZHZtd1pKLW9JQ2x5SWRkeVJuQzFsOUFoZGhucGJLY0w1VFE2SklyV3VKNVBHamFoeW1PMVpOQkNKb3NsdmlWZmlBeDdHQXUzeG82ZmY5X05aT28wUURqZ2NJWHRldw?oc=5,4.5
6a8499c25dbd7dc2528911a9,e31f10ed9bf27962845169d0df15ea62cd6853c31cb00426e7b9c1844875fab0,,2026-08-18T17:43:30.535823+00:00,low_quality_score_5.5,The New Indian Express,quality,Massive landslide blocks strategic road to China border in Uttarakhand's Pithoragarh - The New Indian Express,https://news.google.com/rss/articles/CBMizwFBVV95cUxQVHd5d2lmYnZxOWl0VlBadmNCN1d5VFFqQXdGZnVVM1diNEYzVlpXNGk5X05acDI1VmVNUU1zYktnX3Fwakp4bmZIcUFUS0JiNjRzdU42Qlp5VGJrVVFFUnQ5VU1HYXI0V2NQRncyVFhpTW14OWc0NFpOSkFxVnJOX1Q5SThmLWFaYXhkWTVMVkdTWnEwNVhDNWNGbzV6Tl9SYkpWV3NwelN1WXpKdnB6R1hkLWpGYTE4WEQ4VkNWdjhSRlc1RW1Zd21qV2hwbUHSAdwBQVVfeXFMTkUtTDFMcHB2c1NGSWtxeV9qaVJWajg1MEg4MmdsbEdHYjcwdE44V2RuSHJwcmk4bGxpRzdvRFg2NHhGQ296dlNHSDFvaW1BRWdpa2w3dDlqQm5vTlJVV1k5a2FKX2oxa056NGxkbFhXcEM2anY0RDZHXzBLM0lIcWNhOWtST1FBZzNYUld4NWtWMDAwOTBBV21QeFVFQTBjVW4yZ21VZHFBSXZFam1JcWhZVWhrck1VV29SNFo3eDZ0eVRDWktGQmRXMTVaN2tTTGllc21lMHJrRXNkZw?oc=5,5.5
6a8499c25dbd7dc2528911aa,fb58400dc56226f8b418a9989953eb2613294cf2ac5fdee71050ac49ced5f6a0,,2026-08-18T17:43:30.594662+00:00,low_quality_score_5.5,Deccan Herald,quality,"Kerala govt to give additional Rs 2 lakh to 2024 Wayanad landslides victims, says CM V D Satheesan - Deccan Herald",https://news.google.com/rss/articles/CBMi0AFBVV95cUxOcURZX3RnU2FVNmNBRmx2c0E2dUVaNm1UaWFKR0hpdTJHRlB3b09PblpibW5STHc2YnpZZDBLRzU4S0VDVk9UNWs1aS1tYXVxeDAzalpDNXlwYk9XVkdSLVdLREVSVTYwMmJDUjREUFZ0UUdTcHlhRXNnMmxleWRjM3g5NHFFQUpuYmpLSTRGT0tYa1hPZWxxVnlHN2ZQZXYzQ3hVR3BjYm9JX1ljcjZqS0wzQWl5UjRZd0l5ZTFuS0lfXy1CLTlPUVZzTzZ0M2l4?oc=5,5.5
6a8499c25dbd7dc2528911ab,10b565054c3e598f07175e483bfaf304d0bd99379897063ea9ec64983f9394ee,,2026-08-18T17:43:30.628386+00:00,low_quality_score_5.5,The Hindu,quality,Kerala HC to hear suo motu proceedings on July 2024 landslide in Wayanad - The Hindu,https://news.google.com/rss/articles/CBMi1AFBVV95cUxNQkRKbDZVTVNQaUMyMmVxTFhaV1l3ZU4yVkdjZ2VDemM4YWNQWmtPUC12eHJiMjBNS1JRYl9CN01rU0Ewejl6LW5FZ25vS2x2dExncVFYVlhGTUxtd1lRR0RuRXhSVFJoUlVzbzhnR2Jqa0U5dzYzcnZFc0ZKdldpS2lVMU5mc091am8yQlVhRnMtd1hVdzZVWnRwM1cteDg5Qk9lNDF5V0I4aHpZYkJDdHBFeDFjLWZHLTEtc3UzSEs0YXpLUHU2X0Qtek02V2NpRlpvdtIB2wFBVV95cUxPcUFFRDVGV2ozNTdjQ1RQaWdxSUZQZG5tZlBscWV4RHJ5SVdWaHUwRTZpdTVnRGttRC1GNzV6S2lOcDlYRVR0alVpRU5kM3Q5c3NPbzN2Rzg5NEswMDNJMGxHUmI5Vl9PVW1MZFFpY0xsMmdlN2E1S2FLdGY1R2VXdmt5Z3ppTXNKYVFJMjBLRl9fSkxBZE9GUkN3UWJvTXkxR0dGT3dKMTBrVzF2cmF6bE5FQm1VNWhaeVlDRlQtZnVqdmJpdFJ3NEpmMWI0a0VsMExmWGFpQkZvQjg?oc=5,5.5
6a8499c25dbd7dc2528911ac,d55ff3c85b3e3b4e2a503d69f3a6e6452dc5c2cdc105efdfd7b41675ee916f24,,2026-08-18T17:43:30.688771+00:00,low_quality_score_5.5,NDTV,quality,"Video: Villagers Risk Lives, Use Excavator Bucket To Cross Landslide-Hit Road In Uttarakhand - NDTV",https://news.google.com/rss/articles/CBMiywFBVV95cUxQbVU1NVFsTS1MWTY2YVNfZDJuaW1mSkVBNUdtUXp3N2J2c3ZiNk1VTEIxNXFZd2xraU9tOFhZQ2tfVlpwUjdSOU5OMEtsQ01SaXRaYjNkZnczcFNGRVNvS2NIYU9KLTRHMUlMMlhiXzVUTkN3N0FVSTdXTzhqUjlJM0hlNWFqZUhzdmxsUVlqYXBPNTNsZ0M3T1U1QmFDenBvSnBDTjVQR0k2enNFTW5GT1gzYmR4SEZiZnZyd095aXVZemhDOVJrbFRZd9IB0wFBVV95cUxQOS16RFFJOTM0RUVJZWZhWWlMRDg1MmFnUVRaczhyRmZMLVYxSjRBWk1SdUU3ZGxUb1k3NnhRbmduWFdRdzZKQ2JKcWMtVUpiaFZQXzhFSFF3dXgzM2ZDRkVVY2NlMk9pQ01Md21xYVBJMXR1OS03S1I0ajU0dlBNZ1M1M0psYmpvMWlTMnVDYWlQeXRBdmIySGhfR0JtLXF6aHozaXJLVmxTazBDb0R5VUZkYkFyWUtNMF9LbHVtUnZDLWRXSkRuaWZDYUtBcTUzbzNJ?oc=5,5.5
6a8499c25dbd7dc2528911ad,02b2542dbe9e15892a3859e4f044301942f91334084a93d75093b12aa6789f34,,2026-08-18T17:43:30.742879+00:00,low_quality_score_5.5,The New Indian Express,quality,Landslide terror grips Chamoli village; families flee homes as rains batter Uttarakhand - The New Indian Express,https://news.google.com/rss/articles/CBMi0wFBVV95cUxNM3M4Y1ItdHFQcUQwT0MxcGNpanhXUXhaV0lrdGFjMlh0LWVndG1OMUhxbV9sUWVfSzNXWjVRSHZJMjdiU29BdmNGMlZweWZVb1lHRzEwQURzS1paYnBvY0lrT09OdThZalo2M2RpSlp6RDVHTHhuQXBRMmtWaktvd081NWFvcnFXNFNGZUtjUGxnb1haZnkzVkdUS3lVS1VaYlRscTU4WHNQbE9MMlI5Q1hyYUQ4dUk3c1owSVBIMEdRaEZMWGt2Q0lmOWlrVlc1dmR30gHgAUFVX3lxTFBFRHh5NGQ1SF9rNDhCa2YwOHpodlhJRmVRZDRYSnI5Qm00VlBac0dnTjFCUXhtTHRoblZVcFNQVTJsRV9SLWdUMHN3azM4RmdxQkRHb0loWHBjbkhWVWROVDlFQVIyY0RiNHNia1dYd05tRG9mbF9rLWV0ZjJWMzVCZ1ZXQlVzRXlXem9reDNQalJYVzFGRkZMMTdnSGZobkxMWjRISGVydDh0WkszZ192dDdIV29UbDBjcG04VVMtX1NnOGg3MUNWdFVSWGZLb1hjRVVtQWpUMzVhRlp6Mmh4?oc=5,5.5
6a8499c25dbd7dc2528911ae,eb2b2d99008d8842db09e253c3db0438d43a28c253f486691061dda66e3e0288,,2026-08-18T17:43:30.803529+00:00,low_quality_score_5.5,DW.com,quality,India news: Several trapped after deadly Kerala landslide - DW.com,https://news.google.com/rss/articles/CBMilwFBVV95cUxPcUVfdkZzZGt1cDN6ZXRGU2doX2JBVTE0M01zVkxIeG96RE82Z0p2SVJKb2pVYWNSUjNtQWExYWFtTFRDcDRlTzU4N3djdGZ0QnlXQkFTUUlnX3VYYVdwQXhJeU5tVzNJSko0TUY3bk5yT2tNbEhRV3dyMGlGVklUSk9NUUdpTm9LU0hlZFlRcFpwd1ZDcEFZ?oc=5,5.5
6a8499c25dbd7dc2528911af,e919a86f490be5fe58b1f636f7faf597224e6c2e8e4380a8c61262d5243e009f,,2026-08-18T17:43:30.856469+00:00,forecast_without_ground_impact,Rediff,quality,"Himachal Pradesh on red alert as rainfall triggers landslides, schools declare holidays - Rediff",https://news.google.com/rss/articles/CBMizwFBVV95cUxNR09TVzFuNFZzal9vTjluUWxsSEQ5b0ExUlFYOUNlaXJKeUVLNjdkeldDTndKTDZCQUQzYmhUZjlNdjEtcXdLdi1VTFZtbHBkbWxTQ2did2M5TGtTeW9YWEtDaG9WZkE0LXpkUFgxV1BZUjV5cmpfX0VGOWdJMGtlMmVjejhwbm9BNFVWRDVjdVJlZDZCMHBkLTBCem1qQ0EyUHd0MmNjWW9JRVpkM1kwa3ZFeUx3NXYtNWxIY05kS0xCVmlMSU45TjJHZzBwTjTSAdIBQVVfeXFMTU5Xd0ZHV054MVQwYmc5aUxHaDNXVENqRTBGRlRUZzlLdTY3d1JaUmFMdDg2TGNrbHdCbTZ0dWg4bW9TOFloWUVOTWRPT3F6SHRjamZnN3I1a2xWc0J3aG40STh0TzFFMUJPNXR2XzJaaFk0SzRweHowX1dKU29QajNGQnpzX0k0cTB2Ym5ZMlB6REh0d0p0QkhpaGFaZjMtcWZlSno2eTFFdzJWT1V5NzZVNTR6Yy1ReXNhenVIckQzQjVuLUw2eDB2SG51d3BySHN3?oc=5,0
6a8499c25dbd7dc2528911b0,a76d882267947fb000ebaa29f055b1b7e6172c73a2cf167790274d5f1455ca9e,,2026-08-18T17:43:30.924178+00:00,low_quality_score_4.0,ETV Bharat,quality,Monsoon Floods And Landslides Disrupt Normal Life In Himachal; National Highway Blocked In Kinnaur - ETV Bharat,https://news.google.com/rss/articles/CBMivAFBVV95cUxQaHdDd2dwbnBVblU0VmM0SFl5SkZFZWtsblpmLWpvYUFkVjhhQldxSXVfWERZOExYa2JyMzBPQjJIOFBQZUF4R0htSDMwbi1sSGU0NUtzaVdBczQ5MUppWWVCMVp2azJuM3BLSmlpdlBGaDZvaERiZ0M0QTJ3VzViMjRkb01GcElLMnJpbXpnaHRCMHgyZDJYSEctSFdPRE1BSU1iOUpaWFBNcjZwZ011UVJnUDRXekVPQUZEctIBwgFBVV95cUxPczhjTF9aLWxKTDBLN1k5Wm5MSC1QeWNZM25BcW9rNjJUc3ExaUJKdEo5eW9GQk9uVmtzZzVCQ285VzFnc243WWdDejF4Wnpmczc5ZkozZ1Jueng4aTBwRXMwSTVicUlId0xpMTl4bzYxc1JlRkVkejNZZHp0ZG1JcTNfYktIdjFiWDBjSWNkUzdrMlBGYVRQUlMtVjZYeWRYN2tEY3p3dUpTRXFfR0ZVenRNZXp6bV9kdXhCZElFRUw3QQ?oc=5,4
6a8499c25dbd7dc2528911b1,194284c7d50fb187959ae2635a0ab0eb0b7aa159ebb02ff6bc366482feca2406,,2026-08-18T17:43:31.032570+00:00,low_quality_score_4.0,The News Mill,quality,IMD forecasts heavy rainfall and landslide risks in Himachal Pradesh - The News Mill,https://news.google.com/rss/articles/CBMirgFBVV95cUxPM3JCUVY0MVNpM1BRX3B5Nm5PbDBLSmt2aF85SHAzTmVfUUVydkhMVENtRzRBRHpRYjNST1p1VE1oUHhJeGZUWGg2cDFpMFZTXzdzZDc3VmZUeVg4STRNazREakRkT1l4N21ZMmN2ZHc0THlXUGVmVXVpdklRUzNsSENSeGMwVDc0MEFFMzRPTngyVl9sZ0hLa0daaFQ0LVp5RVI0VEtvVzgtUGVTVnc?oc=5,4
6a8499c25dbd7dc2528911b2,331638b41b63186152f5c67187a299d48ef87e476c549ca458fdb24c06aab22d,,2026-08-18T17:43:31.073605+00:00,low_quality_score_5.5,The Economic Times,quality,"Over 10,000 Kedarnath pilgrims rescued after massive landslide in Uttarakhand's Rudraprayag - The Economic Times",https://news.google.com/rss/articles/CBMi6gFBVV95cUxORjRFQXIyakhDa3V4YnB5c1d5WlpJUmpxeFIyT2hIR2tva3Y1czgyU0t2V1NMLUtWeThRSTZZaDNNSklQZGE5Z2NnTW1aNlA1UDR1MjZ1WXl2TlllcjFiNkNhYnk5YUF0cWFlQjRnNmpHOFo0N0NuZ281NWdaU0VRaUVjRXNVR2J2QnBOZi0yMHNvamZ4bmJiMW8xT0RtXzVrUF95SVZ6VzNON2dlNlYwT2U5aUdUMExjUjloSTJmVEl3MUhPbUI2N1NWT29LV2FqZTVkQjRkNXBIOXVBa25TZWtFOGJFT2NKNEHSAe8BQVVfeXFMT19QOG9ibkw3UlM0MVlmRUlMdzh5eVprdW1IRzJudWRMOFlGd3VnU0llNWhWR0xLUjZwdUhGcU5UOUJublJsb0s3MDRiakI2WUxtYWFTMUdvUFJEYTFETGQ1Y0hnX2ZRX3E5VmluWlFzejAyczhOUGs3YWpOZ3NjTUpRellPb3JMNTRxWFJ4TktvUGc3Zi1mZkxJY3R4d2RWWlpQQXpuaGRYTnlDOTh6NFE4WWN5dGYzUnJhanBOMjluZzk2Vkh3SFhwOC02eDRRWnEtQVBWZFFGZUZaUXktTUFDMGsyVlpIRzU3MVEycDQ?oc=5,5.5
6a8499c35dbd7dc2528911b3,f5172c7b4f5a4981b190ec3e10e93d53888c185695b0a9f2b08da6d45ac3282c,,2026-08-18T17:43:31.172748+00:00,low_quality_score_4.0,ETV Bharat,quality,Flash Flood Risk Looms In Uttarakhand As Landslide Blocks Ramganga River - ETV Bharat,https://news.google.com/rss/articles/CBMivwFBVV95cUxObGFIbkttU3p5Rk4xemlKczlEUzhVQXA4eFRMc3dtMjZhNF9NMW5pVGtCdnR3U3hjMEZMcFo0QjJvV3A4aE9Bb3B5OEJiMFRVenVOc01JWnpxcnlEejB1aGQ5bXUwbHJvVzljM2dNSkttR1VNR0FhZmJsS2lMVUpFT0dCaWpzRUlGdEQxeS14THhDVjJIc29PMzJpS3JucFBwQkFlam9sczRjMnBkejBpcktMXzFrZ3pWX1J5LVVPSdIBxAFBVV95cUxQNjFSR05kdktwOGRnTWh2dEwwUjBya0RQdXFUb29JMm5wRG5QejJCZGloS3JyclR6dDZTeTk5UUh6LVFIVERXbHVHS0otRmxLeUp1OElzQnZvQ2N2MkRibGNYc0QyeGFfOTlLYUdLODBYaWY0cC1VdXVCbk9WVUp6Ql9HOFphaF9fZjZGVXNkY1F4S0dLeXE3TXlmYkFzbGNlck5hU0J1WDE1dktaVkQ2Vm5lLTlUeHhtU0J5MllTaVZCc3p2?oc=5,4
6a8499c35dbd7dc2528911b4,419c14491d8a93075fc0a8d7bb1f60c7a2035fe6012645f3309f509728e74f58,,2026-08-18T17:43:31.268751+00:00,low_quality_score_4.5,The News Minute,quality,Cyclone Senyar: IMD estimates heavy rainfall in Tamil Nadu and Kerala - The News Minute,https://news.google.com/rss/articles/CBMirgFBVV95cUxOR0FaOUhVM0plRE0zTzNZeEpIMWJTbUFNcDZLM09SMERFQi1KTEpDQXVOcERvR3FEZ0xCc0xpdVhRbV9vUmZLNmFQRXNrcnNtRUQyeGsyNHdDTFJ3bk1xZktWVTlpVXNnNkZnVU4yYUJQWDVsQVF2U21ZbXVWdzFSazdfV1B5c3JWRGtRaTB3Q2ZySjYtNFNLd1pDbE5UWGpSQWc1UmNLeWxxNmFFVnfSAbsBQVVfeXFMTXBXSFRXM25hLWlsMEVGbEUtdlFqX1hiZFlwNEF2SnBKUGJneU9wTFJLSk1obmhJM0lQeG91Nm1CS1lKNmI1eVoxaVVHeVhtczgtbFRIZEZTTzM3V184S0pxcXJ1R3RrY3JkMlMxc0JfNXNiV3otQzhxOEpiVWRNWkR1MnhnY1A1NXIwdXZuXzFFVFFkQ1l1TU52bUQzZWNQQmFjSWlRSUNFc3RldDR4dm1UQzBmSzBYY3Bxbw?oc=5,4.5
6a8499c35dbd7dc2528911b5,0b1518af459fdc5e7adf1629dac936cde21195c38294432228dd0c94f9505f76,,2026-08-18T17:43:31.329750+00:00,low_quality_score_2.0,Manorama Yearbook,quality,IMD issues alert on Cyclone ‘Ditwah’ - Manorama Yearbook,https://news.google.com/rss/articles/CBMingFBVV95cUxOWHlDZFVvRGN4a3NMbi1JZTl1ZUtvdGtKZGMtNXhmNzc5N29NME9fLWRIYXdfeUw3NmpMTVZBM2tHTVNkN0pia1ZuTmhnTjgwaUZIMWxNTTJlaGUtRjllQlp0UDN5dHNGVF9yeDZvOGltZ3pTNTY0WG10NjExdVBBclRYbEZQY09Rdkp6Tkhibk1fRFgyUDdoZHBVcS1sQQ?oc=5,2
6a8499c35dbd7dc2528911b6,12ff7bf8315b7fe404cf6bcb17216066863053c312337ce990d34e1c887a9786,,2026-08-18T17:43:31.410028+00:00,low_quality_score_4.0,News On AIR,quality,"IMD Warns of Rain, Thunderstorms in Multiple States; Bay Depression May Turn Cyclone Tomorrow - News On AIR",https://news.google.com/rss/articles/CBMiuAFBVV95cUxNa3VwYnFWOXlDZTI4R295UHZHV182U3dVOU14cU9HNFhRRTVaVExEcGUyNVZ5RHM2V0hBSG15VmdfZllvOXpXSXo1eGs1SHpHU2Z4NXhFeTBSTk11c2JnRmlSM3NkQlFGMVd3M0JyUmEwa05RellzY1NwV1A3ZENCUXotOUV3QXBnNXQtSHlyUVJVLWZpbHd6MElnTTcxTm1NbEExUFNiM2hUbl9NWlVKQWxDR2lrR3cx?oc=5,4
6a8499c35dbd7dc2528911b7,85ee878ddaa075c6072d438d2db634f5013371b608fee788b479c0ee225a5d9f,,2026-08-18T17:43:31.469615+00:00,forecast_without_ground_impact,India.com,quality,Delhi Red alert: National capital suffers severe waterlogging as heavy rain lashes city | In Pics - India.com,https://news.google.com/rss/articles/CBMi3wFBVV95cUxPQmFrTDFRWFdvMktISDM0aV9NMF9Yai1UdXR5bURKbGFKWm5PNFl5S2s1Q2lKMHNCX0x5ZnNybEdFM2FOYWNrcWM5OHU3SjNwcVFBTW1FQTdic3JHY3MtT211NEhLMzhXTlEwWm1mTWNscmZQTDBSMzkxZkJrYVpUNGUtT0ZaWFJTZlluQURJTURVRVhjNnpVczR3U1o2eld1endScVE5bmxVaVkydWgwQW42MVhsY010SldIZG1rOTZ4blFFRUl5MzV1QjViUFBCYVVLUVYwOHcxN2tQOWdV?oc=5,0
6a8499c35dbd7dc2528911b8,5089b3e9287749d9ea6ff07725ad403704cfc685791b4815f46bc230a5c34e74,,2026-08-18T17:43:31.531104+00:00,low_quality_score_5.5,livemint.com,quality,"Delhi-NCR rain: Internet reacts as flooding, traffic chaos bring region to a standstill | Watch video - livemint.com",https://news.google.com/rss/articles/CBMi4gFBVV95cUxNenNyXzhNOU91VVJBcWIyUVplVmNxN2ZLZ01aaE8tSU5IdjluUlVvZjhhOTJsNEcwLXgtWVA3TUNGSXJGNmYyT21zaGdUSFZXNTBQYlM5eF8zSHdkQ2JYN0ZwbDdINmRsYVpWZVpYVno1MFZ3WG1PWEJGYXkxM21fTmk0NDEzMDNBLU5Yalp0YnRVd3puY253QVpQM1I1S0N3Zm04U2plNFdzTW1LdHRGaWhyNlItS01pQzZzUmRQeV9Sdmk2QnZuSzU3Y0EtM184ZngzNU81clVSSnRfOV9ER0VB0gHnAUFVX3lxTE45LUg5VUh6cW5CWGtFZU4zWjlaZVVsRlNGYV83ZmVGNEFkVDlSREdHR1dIRDZRX3RUOG83U2VlempFZmoxbmNCTWlyUlVoem9Hb2tUQkJsT284TnphZjlnRlpzcUVIT3lraG1POWZSMkkyUl9WSlFEUmpFbWRnQUthOTZwakFmT2Q2SHNyRlRybXFxU2NmUkVwX0FPbk5NR1BIWmxWN3NsaTdvZXFFSkxuVEVmMk5GV1JlMEQwMTJPMG1vaFhGcFlFY0c0NGlocjFzdkp6YjFWbHBTZW15MWJUWTI1TFUyYw?oc=5,5.5
6a8499c35dbd7dc2528911b9,ad3b70d28f4a7c393d690bcacc4becad8d5743e8f6f44b74d101cc743d628e27,,2026-08-18T17:43:31.576434+00:00,low_quality_score_4.5,Greater Kashmir,quality,"Cloudburst hits Uri village, residents shifted to safer places - Greater Kashmir",https://news.google.com/rss/articles/CBMirgFBVV95cUxPYlRUQTJkS1QySFBES3NJQXU1QU81U05zZGVKeFpsZVpIclRXOWNLVFJIR0VpTDIxZ0R0LU9zZzFnSzNfX3VOQms5R1c0V0tqRmxxM2NvOTFhc1RCY0VjcVFfbmlqdG5idVVSYWZDbG9TcnQ0VzQ4c1pBMEdheWgxLWE5a1VrUlk4MkRDZ0hpTzY5V3J1b2NvcEZRT2ZhMUhrQzRhc0Y4Wm55d0p2cUHSAbMBQVVfeXFMT2U1bER4ak42SlZzOGJiMlAwRUVmMF92VVl5VWtaTUFadFU1N2lGUTBpOERpUlpUNFphMXJiN1pMQXVjX003WTAzc3lNN21rNGJmNjRGd0RSRVVURHh2R005Z3NwYUM4RnNUX1VUTm5fcHVlSGR0RnZiNTVncjgzLVhmNVhvMkNjTjZzQTdocXF0RTBFTDR4anJ0a1Fuejc5VkZBYkhDZGx1ZFNaR3ladnZvNWs?oc=5,4.5
6a8499c35dbd7dc2528911ba,a99283639eb4bbd8d62e276de540c61c19ecc6d7b23000e15d5d4d6910ac4e53,,2026-08-18T17:43:31.618247+00:00,low_quality_score_3.5,Kashmir Life,quality,Cloudburst Hits Pahalgam in South Kashmir - Kashmir Life,https://news.google.com/rss/articles/CBMifkFVX3lxTE84c0tFUU12OEJoa0s4eXdoSDVwVG1EQ3VVc2NHV0NwUHZOV2tKanYxYUZfNllKektzRXRTSlhhWmo5NXd2SUt1dWZTWmh3WUl3YUVEOXhqeHVROElrX1pOdnh1MExzaFNBQWlhMFJENmZQOGFjMTRCRnRCMVNvZw?oc=5,3.5
6a8499c35dbd7dc2528911bb,e0527200384f38e49ee1917896c37e43e1a09954a553191d1ba042ee639e86f3,,2026-08-18T17:43:31.693995+00:00,low_quality_score_3.5,Kashmir Life,quality,"Cloudburst Hits Kishtwar, Washes Away Vehicles and Damages Property - Kashmir Life",https://news.google.com/rss/articles/CBMinwFBVV95cUxQb0pTWElVVUZaMDJnalpSdkJxNkVKQVdkNUlEb0EtWmFyS0F5eWhrbjlDTHVFVjVsLThjaWdfRzRtQ0VJOHkxQW5KMTNVQ0NWRFdoWm84b1NDZFUwTm5IYTdfVWQwZGI0SnlUQVgxdFYzSXo5emJTdHpDTHhQanpxeWFXeU1BbU43blZHOS1DUmR4b3J1dlp3WVZrX3NnYVU?oc=5,3.5
6a8499c35dbd7dc2528911bc,331b6878c42a8caaacd3e74881fd17b19d0e7e5ca586bbdad79876793116a38e,,2026-08-18T17:43:31.761564+00:00,low_quality_score_3.5,Rising Kashmir,quality,Police intensify vigilance after Pahalgam cloudburst - Rising Kashmir,https://news.google.com/rss/articles/CBMiswFBVV95cUxQMUFiMGxYYjJ1ZlJ4Q2szQmxvMFBDSkhRdzhZMkc0amdkX3pBUkl0Zkp0Y3hyS0IyUUVqcDkyT2Y5X1BXS3pHMnRJM1NrU1p2cWxTOXlqdDdHMFBpYmI4NDVJd2pCeFk5QUt1aU53U1VMdVpZcU1paktDcGptaFM1bk56WG5xTW5aSEpDXzNXcW12cEVPTU5BQ2NEam9GNXd5QmlqdmItR3VLS1Z1RzNIUmtfWQ?oc=5,3.5
6a8499c35dbd7dc2528911bd,6927cf0162781d804bc640ebd27a7c2a8e5e441503320a17d709f81164188eab,,2026-08-18T17:43:31.875084+00:00,low_quality_score_5.5,Deccan Herald,quality,"From cloudbursts to hailstorms, Kashmir sees rise in weather extremes - Deccan Herald",https://news.google.com/rss/articles/CBMiyAFBVV95cUxQeDg5SEg0NE54azFhVHc1elZXSzlSSnRybU96MDlWNmRlRDB2LWtjZXRNYTh3RVpKTE5LQ3lNOVdYZHh3VVZOZWFneWN5SVMwNHVTbERCdDNHNnNWV2t3UThRSldpdkpiaXRNRUJDNTdWckZ0cE1Gbzd3eHV0X3ZreGtzRjNqSWdleklGT1dTR1NZU1NfalYyOUZWREh5TDhFTGhVVjJZYXF1RXIxazJWVGQyRFVpb1dzWGxEM3gyUnBjczFZbU9scw?oc=5,5.5
6a8499c35dbd7dc2528911be,4b40bb588f0a5e0fa8b27e71df77ce07ad52dffc10b54f83844a10d9fd6bdec4,,2026-08-18T17:43:31.921955+00:00,low_quality_score_5.5,News18,quality,"Heavy Rains, Cloudburst Trigger Flash Floods In Jammu And Kashmir, Schools Shut In 3 Districts - News18",https://news.google.com/rss/articles/CBMi0wFBVV95cUxObTctNHlac1RETlZZektjOEVJMFdxX1pnd0xKNXh0VmVpSXE4cTBNWjJQanNaR2pUZndKcThyakNSdmJPZnY5NXB2c1hVU1EyQ2R3VDU1ZDJualV6WHUweVVjNFgtYkotRHFOVmZuRmJyNFRpbVF2TkQ1Rm83VjVobXlkbnpMUWk3QTFNc2MxYVRqeVBma2tKNTBOT0NZWmZCWW9GOVY1V1pXbmlGMVRTcW9fQllSbkphc1FCaE1HY1FtdURuWnJZMi1VcUt1YmxsczBJ0gHYAUFVX3lxTFA5bU1MOHBWU2ZTSkxodzNMRGZydDZHdDA5bHJNV0x6dEU5R3gydE9zdW04MUloVk5ZQzQ2My12R3VkSFRMalM2bUNkMms1RG5pUVl0SDNudVp1eUpLT3kyZ1NpZWNDbWItQ3Y1bzZYZjMxWFJHaEY4OEJMdGZ5dFZ1T3g3dGdUYUFfc1lTUnh2REszTUpMZmxpOEdZblcwUzJXbWNzMWExZzJFcnYzZm92SUY2eENEN3Vnc0JFc3p6OFdJWGlaS2tCMFZtUHdrUWpzRHk5MnRRVQ?oc=5,5.5
6a8499c35dbd7dc2528911bf,7b975f12c89bb0807e9b79e53aad3c385ab589f3098800aeea40fdf247d44983,,2026-08-18T17:43:31.988258+00:00,low_quality_score_4.5,Greater Kashmir,quality,J&K witnesses 6 cloudbursts in a week - Greater Kashmir,https://news.google.com/rss/articles/CBMilAFBVV95cUxOZUo2aXhMOWh1NkhmVF91TFd4a3dmU3FmSFFrd2kwc2QtbzBRQ0w0ZXRILTFpdHZTSHVnamJvVXJ6TldjQlZ3QVRRTjFtWXFaMEQ5b0NQcXpjLUhZN1M3OXNUSnhGbndWazIyRFMyeldQU1ViWVJpaURBdWJyWTd0ZG9JMXNFQlR1Nm56RUJ2U3lwNGNE0gGaAUFVX3lxTE4tNHRMajZlVlltaWIzNkxiY2tsN0NETm5HWnU5OWd4cWlFODNyNWVqWXpadTNYUlpYWU44RjRhaXI1WUdKN2RhbnJUejU5R3dTSGR0WGx5YW9Jd19pTkktRW9JUmR1MTcyY1NZX3QtVVdGNW1wdVBPV3VVNnZ4cHRsbU51MDJ6VDZvclJPaWhBMjcxM0lfU3RVTmc?oc=5,4.5
6a8499c35dbd7dc2528911c0,bcffda52f5488f696a6360d6ee0a3932ed23ced61fa99b2f78715da18b8c9ca3,,2026-08-18T17:43:32.031030+00:00,low_quality_score_5.0,Greater Kashmir,quality,"Two cloudbursts trigger flash floods in Anantnag's Shangus, Pahalgam - Greater Kashmir",https://news.google.com/rss/articles/CBMitAFBVV95cUxOYTYyV18zVDdlcGZtUmpJZXROLVZPUHhhTnNiRHpTUVNxSUVLQ05YWTIxWVpGcXJ3WFQxUENybU44MVVKWTAybnQxdUQteV82VVJCR2oyWldMdGlQMVFuZm9zN1FOemlnZkJkWjFJY0ZBbmo0UVg3amF5MXBDWEVrYUROSHJuWTlLencydHJQcGxndGlZdWdMdGsxRGpaYWNkWTY4V1hVOThtMURwUWE0MnJXRXfSAboBQVVfeXFMTUc2R3pRbHNiSkdBVk1USGNBRWxoS0pPVVdkZ3p6NG5SMUVob1ZCMDFtanc4QUUyRExZX1BydkU3aXBGS1RUSk5KSjAtZklPRnd4Rl9sMmQzS1lrNFdwX1VCTzA1cnZ2SGNLeFNVNmd1eWxXQnhRUFJGTkF2eUtCbWNyMFpnNWc0LWtvWDBEc0dwR3JzRll4eGhtekxHaXF6SXptVGJRdUUwUEdQSzBLTjMtcElNRlptMXhB?oc=5,5
6a8499c35dbd7dc2528911c1,4038305586c658fc40807faf9ea99b7e7f27def1a70b83a9228b4e0edfcd436c,,2026-08-18T17:43:32.087463+00:00,low_quality_score_4.0,ETV Bharat,quality,Chenab Valley On Edge: Are Cloudbursts And Landslides Becoming New Normal In Jammu Kashmir? - ETV Bharat,https://news.google.com/rss/articles/CBMi1wFBVV95cUxNQTlhOFNqTmJlNFFuS0NqN1NsQzM5Qk1WNllPTUpaZXBqTU00WEJlWER4VEhWUzdPdk9UTEZCakl3Vmd6QThvOFNjYWdXWWk0OGowVWVpTG01UkU5WTlhZTdWZnVncjM0SS1jWF9hSGxmTG5lbjV2TUZXNGhTbENFZWtrV250TkRXNklvR2F4OG02U09yZjU3Q0Jqdl9yZHNhaE5mcFJmUU5QYUZXQTdhSmdQZnAzLU1TWEJuUXlnS1pWUVVwWm1tUThYMUhrVVlkN3BYQldxMNIB3AFBVV95cUxNUzVyZ0JoY2Z4Z3ZSejVNQWplOHZnOVd2RTVldWx0NVhPdHV6MVJxNGJKaDJPVlBqRHNwaGFpcEdWR0lheW5SU2hvajRtZG50cjNMQUlSNm9HS2FpcGxkT1ZDdDU4RHppSG5OVklyU3djQ1N0Sm9UTy1PQnlHTjZqT3ZCRHI3RjhxVHRhbUx4V0pIeVhyY1c4TWtPdmptN29sM3VUUFY3THIxNVR0Qi1RMUo0c2V6Z3NmSVlvZ1JScWZvTDNxYXBzRXdhNm1kNVR5cmVWOTNFMUx2ZXRX?oc=5,4
6a8499c45dbd7dc2528911c2,a9f922ddc642f320305ecd5d73b9d60bc3566147643c997cb26a236af897f7cb,,2026-08-18T17:43:32.128208+00:00,low_quality_score_3.5,Kashmir Observer,quality,J&K Records 15 Cloudbursts In July So Far - Kashmir Observer,https://news.google.com/rss/articles/CBMihwFBVV95cUxNWFI1ZnVXRzNFeVNzdUtYSUJvaFlZbkQyS1Zqb1V1SktETk9BTGttZXE2V1BFNmpmREF1VVhRQXhfalR3YnJydmVVR2QweWk0RmQtZE9RX19haUZBT1VuLW5RRzJhMHV1bkJqZUZvQmp5Tnoyd1FGRVhhZm9jTUNxaWdIcU1PaGc?oc=5,3.5
6a8499c45dbd7dc2528911c3,1645014d65c75b6253d97d9ffc6ef630de3699b417d746bcabefa8faf4f051e3,,2026-08-18T17:43:32.175314+00:00,low_quality_score_5.0,Greater Kashmir,quality,Flash floods ravage Chatroo after cloudburst - Greater Kashmir,https://news.google.com/rss/articles/CBMinwFBVV95cUxOY3lMU0NJQjFJcjIzbzlERjNLTUtDcHdhc3pyN2NrUUxSLV9SWERWZ2pkTTBaQ0g4MG5GamRkNGhMZTFpS1dPSFkxYm5fWGF0M2I2eXdLc3NJSlo0eldsT3UxSlRPWEFmVVNGYmE2aEpGdlh5TGZPUGdiUW5CNWowV0s4dGE2dVFlWUtYRG9mbUlpMkVoUG1wZHRMc2w3Y3fSAaQBQVVfeXFMTjQ5Wkp0S29RUk1wTnVTcFh1ZkRIWVNQY0V1VTJCSkI2UERFUmFDOVcxQklKbUtGSHBybEQ0UXlPblM1ZmR6ZnJiaGw4SEdEMzFBWGRZSEVwVm1PX1Q0R2NzQzNXVWpUczZUalJUV0lSR2Y1QkpsOEkwQlRoUUNPZ3hvWmQyZzFlaE55endROEVZOTJqTHYzcDF1RndFUGVqRW1JbFI?oc=5,5
6a8499c45dbd7dc2528911c4,9048d8f5f9d7e96075005cc233d8aa16f6c4a7ce17d2360314cb7d91afa560be,,2026-08-18T17:43:32.214325+00:00,low_quality_score_5.0,WION,quality,"India monsoon: cloudburst hits Kashmir, Uttarakhand landslides, IMD issues heavy rain alert - WION",https://news.google.com/rss/articles/CBMizgFBVV95cUxQcFRJSEpFcmp6dE1WT29uc2dxR2M2aDFwV2lFcWw1TkhvUHJaRlJ5SmZRX3haakg5eV9PSXNuc0Fla0kxNFFpOXVtZUJnWl82SHNCNXQxc09ESUhTUTdNM0JZRVZXY0RRbno5c0owT3FIZkZDMFRmQS12TktoVkNhSXBSUmVNZFd6aTdZNDV4MzVIWWg4WlhPVWxxdXhULVRLcWdITnBwWHd4VXl4VjlEaGxEMDVvVE1LOXN3d0VaaWpZQnVvUGRCVC1SRE1sUdIB0wFBVV95cUxQMVVPd19INkhUU0lZYmpObVN1ZHNXRzc4ek9ZY2xNQXNtbVNfQV8zTzVzelpST2I3M3l6MVFUZUF0eDNkNHJvNFlRYmZpcUtzUUcwQ2hEd21mMWZKelhZXzlrc1VuNHNnRlZkTV9yTjNqT0hpVTcyWlJ6dnhBWE83X3pGYTJPTF94NGRDSVhWMzM2eUMwZjFXYThCWmowX1VkMzRUc04yUzFRTzZocFZUajRhNnR6YUIwVlJIVkNBTmF4Um5KSVJIOWpBOHJNM0FRSjZF?oc=5,5
6a8499c45dbd7dc2528911c5,9790228f1124e35c248efc789cd48e77d7a30d2a2dd6431dd9e2a9866e4c00be,,2026-08-18T17:43:32.285504+00:00,low_quality_score_4.0,ETV Bharat,quality,"Cloudburst Triggers Flash Flood In Kinnaur, Damages Bridge, Roads And Orchards - ETV Bharat",https://news.google.com/rss/articles/CBMixAFBVV95cUxPcV9YVzlFcHRYakNkaWxoaXhoLXl0eVJZTjZxSllIOXk1dS1pUEtubk1yVjRqdlU5WGlTVXNvXzh3OVFmdGlBRkZocXpWSnFqeTN2YzdvZ2lsTkI2QmFIdzMwUWxwY25NWmtLWDg2dGNQMTlVaXVsTmlabFJrb1VWR1J4VmpDWTVrWW1sWVVfR3pfNXBneVFmMjJ5THpuTkpTM25TMGgySHZQeWpXOU5FWEdBNVBYckZBMGg0MHZENjB3c1d50gHKAUFVX3lxTE5Ibmw4aU1LaFlOaWhSTkJMMlo4bHFrQVFUMFktQmNRbVdlakVwajBiTG9JQVlnNVlyX1JpOGVXd1RrbEYtbUhoVkU2N0FJekpBelFOOGp2Tkg0RFg3Y2lZamNoYW53cUVoWDdZTnZyd2NmYW1seTFwMUs5RS00Nk5OZ2tya2pwdWlkdGRtSHJ5R1RJT2g4ejl4NFdCX1FYRXlyWGlJZG1SSVJkcWdMeHJMQm1JbTExak1pTy12aDZ4cDE0VWRuTDhLNXc?oc=5,4
6a8499c45dbd7dc2528911c6,f8b205c12ed3758e91ea494bbccc029470742f51eea625ac63f47cf48538b7b7,,2026-08-18T17:43:32.326850+00:00,low_quality_score_5.0,The Shillong Times,quality,"Cloudburst on Pahalgam road in Kashmir, tourists moved to safety - The Shillong Times",https://news.google.com/rss/articles/CBMipwFBVV95cUxOWHU3SVB5eGVpdmtPX2tpNUtmUmktaTRfb2Y0TW9CTTRBYWlZc3RWd2RlWDFZblhhMGpocUhYRm9IbXFmaEgtd3VlaFE5TWJrV1lRMjZOLWpubjJVaXpHbHJXZDJ5a1dIYUVWUmVZVlBUeXFNb3JyaDl2dVNfZy1QN2xKWUpMNWVYVWZzYnZFZW5ZNkxWa1ZJa193VFlmQUVnMU9iZEo0QQ?oc=5,5
6a8499c45dbd7dc2528911c7,22725db25ebf502f95782ff610b9433cb066761e348a43d519588f898bcfcf28,,2026-08-18T17:43:32.365214+00:00,low_quality_score_3.5,The News Himachal,quality,Himachal CM Warns of Increasing Cloudburst Incidents Across Himalayan States - The News Himachal,https://news.google.com/rss/articles/CBMiswFBVV95cUxOLVpzUnlEbDZuMHFEN0FqQkdVRkFvOE4wa25lR0Npd3lmM3pqaS1KeE42TExKQW9ZaWlVXzI2azlLQUZVMUZZUjFyM2pDTE40UEJCZGszSVYwX0syX05rbk9KZE9YZ2JVdFZkbGJZcGJJeVZUenpld2dYZDhLdUtiamF1MllfOEE5WndxSVBVMjUtNDlZcm9XUjNETkhieGFmYllkQ0tjVzZYbmtLNjcxd3M3Yw?oc=5,3.5
6a8499c45dbd7dc2528911c8,fbf8a5bd7c56afab295ac1a3a675b582f6efa1e0dc7eb821cae2a6c1ed590690,,2026-08-18T17:43:32.401884+00:00,low_quality_score_4.0,Good Morning Kashmir,quality,"Cloudburst triggers flash floods in Kashmir parts, woman dies - Good Morning Kashmir",https://news.google.com/rss/articles/CBMiowFBVV95cUxNOHBMVUxZSzNIeE1oT0J3NWRpZ0YxY0t2b2dmeU9wS1dBWHRpemNRVG01ZkpjNGZpYnY0OEFqbDA5M1diVnU3QzZ3WV8wRmh1ekIxbV9ma3BGLWV2dElSNGI3QjdaX3ppRzZndmI4ZEF1WlJrYXB3dEFBcHRULXhrOXhYYmF6eEY3MDZlaFdpTi1aLVhtd1BQOW1xYmxfUkIwZGhV?oc=5,4
6a8499c45dbd7dc2528911c9,5608b386723ea3de1d12d0d4d2b771d4ee22049cbef61921d549c766dbe55041,,2026-08-18T17:43:32.440488+00:00,low_quality_score_4.0,News Arena India,quality,"Multiple cloudbursts and incessant rainfall wreaked havoc across South, Central and North Kashmir, triggering flash floods that claimed one life and caused extensive damage to infrastructure. - News Arena India",https://news.google.com/rss/articles/CBMiowFBVV95cUxPMW0zZXZSVXBFTHNCNzBjbnFQc2trSkVrTUtuRjNxNjNxTTA3dXFRYnhEZFhfR1g0cTNJYUR5bDVMWUZnb1IwOWpQaEVMcjN0ZkNuX25Pamt5bkdjVWYxUkptRTFwM2Naenk1STRPd0stWVFZRWJScVJzaTk3T05fRkdPeEx3bWsyV3dyd25PNDE1Y2ZQNFJwYzJCcmJQMjhkOHNV?oc=5,4
6a8499c45dbd7dc2528911ca,8e4307648f5868eba99f098f389cf7de1368f97476393fbd472d06e9e446c9da,,2026-08-18T17:43:32.514932+00:00,low_quality_score_4.0,The Statesman,quality,"Twin cloudbursts trigger flash floods in south Kashmir’s Pahalgam, Shangus - The Statesman",https://news.google.com/rss/articles/CBMiwAFBVV95cUxPRVJDMmFYbkJJcmlydzZwM08yZkRCSi03OWJENFBPSHVFOWFfeS03b3M2aFpfX09DY2tLTWlUVmJMMHRpeXVNYl9PQmY2WGxQTWdac0ZQS2dPN3hUcFRSRzZSazVNV0hvcFZrN2U5LW9RZWVBejlJbEtLMEYzV0VxVWxkODc0dnhRcDdkNm1lQkhia0c0QkE4SWRVOFhiRWEyc2o1RHBHS1Z3NXhEbWxkWUlNWnNpYjVBcHk2dVFwcjbSAcYBQVVfeXFMTjZCYk1DVG41QmZzVWVBNEdsbHJEeHMta25wcWxZVl9DajZ4TFhCbUMtdnFjQU9QTmUzR1BGcThNb2xsaDZzcTByTm5LVnJWdFdVQ2k1b1VvaFlUR1p5bFowZEtmeW53bnRzYVk0S3hfZzdjd3JleWdYRjhsbU1jS1NWVGJFa2o2Y2JxeEZQZXhWV1ZvV00zZTAzeWU5bmluV2M2MzFHM19RNWUxS1dmS2h1WTNUWmEwVkh2UmJuQkpRRGpKN1l3?oc=5,4
6a8499c45dbd7dc2528911cb,b95a5444226aa3951fcf07a77010d10c126c972495623d54caad6aceba7f189b,,2026-08-18T17:43:32.583756+00:00,low_quality_score_4.0,Kashmir Life,quality,NH-244 Reopens for One-Way Traffic After Cloudburst-Triggered Flash Flood in Doda - Kashmir Life,https://news.google.com/rss/articles/CBMiswFBVV95cUxPOUxqOVpkV3dfdWJLc1pZVllDZXZ3T3UwMWsxWDBicEgzT0NrYU9xV1pjTjVHTEs3VTA0bjdBQkc0aTlNQVhibzk3R1NUSlVNdHBpR2JjYTZWRk85SldldnZnVGxjRFJuVXlDNWRBUDVSY280RDg2d3ZWZFgwdVJudGhFcjJoYXlFZnlnU3BiSkN1NVd6ZVJ0TXFsc2dSQS1PRVB2WU5KSjl2aUNqckFDekJsNA?oc=5,4
6a8499c45dbd7dc2528911cc,71c86b6433a5845bfc4c9e9496a622798579b15f76b0db517fcbe83b1f3f6be7,,2026-08-18T17:43:32.624291+00:00,low_quality_score_5.5,organiser.org,quality,"Massive Cloudburst in Jammu & Kashmir’s Kishtwar: No Casualties, Shops & Vehicles Damaged, Says Minister Jitendra Singh - organiser.org",https://news.google.com/rss/articles/CBMiiwFBVV95cUxOemJ3UWMxWmI2T1hMY18tQS1ENGtMdkt3NHo0Sy1qY2hJNkluZDF2bVk2bElydzJxcWRpYkRhLTBtTUZ1SnNhQzlfanZUZzJrSWFxcWd0Mm9pckZpZDJLdVhVdHE3Y29fTnppb29hd1dBZU50RHB5TXVGa3JzRTd2dHFpUGdqNHFOYjc40gGQAUFVX3lxTE82ZktLUUxtU05VVkJvMXdySW05VzZOUnJ5VTdldGZzczNnbzBHZjlPdi1zS0hhclhENTZOZlc3U1ZKVm51enNHMVZkVGNwS21nMy10ZUNaeUFFMm9XOWpaRmkwam5rZ3JZQkpOUWpldmJFeUxHRmZXOGJvcFB0ZFpucThjNHB5MmJhNV84aGFfVA?oc=5,5.5
6a8499c45dbd7dc2528911cd,3b8186cc44560698b516a32da1f0842ab41fc984afd0ed62a00b5ffc224d2f93,,2026-08-18T17:43:32.660957+00:00,low_quality_score_4.0,Kashmir Convener,quality,Cloudburst Triggers Flood-Like Situation in Gurez’s Tulail Valley - Kashmir Convener,https://news.google.com/rss/articles/CBMimAFBVV95cUxQOEs5R18yUElWeWtkMjR0b3hkY3ZYUE1FZlRVZzVxc091UTdQRzFYcHdzcmExVjFidElCUEQzRy1ZZk1VVTR4REJBMnc0aVVva2RoQnBPYWhGVnRzdWU2QlVydEhIOFlmOEpfUW1ycWdLVEFXdy0zS0txdnNBM3c4a3J3ODVYQ1VIcnBWYWRvYjNHOG9LSnlCeg?oc=5,4
6a8499c45dbd7dc2528911ce,61cd99b4ab417a02d588d8923f90fd7e1c1b3e330abe2309629e38b566b7e002,,2026-08-18T17:43:32.708104+00:00,low_quality_score_5.0,Greater Kashmir,quality,"Third consecutive cloudburst in three days hits Shopian, flash flooding inundates Badrhama village - Greater Kashmir",https://news.google.com/rss/articles/CBMi3AFBVV95cUxOQmZUeENjX0dGVHByMy1vaEZ4a2dMSVdZdG41cVA3ak9xSDhwLVluRzUxU3FiWnZHNEo5WEp2Qlc2Z0lOdF95NnlobU82NFcwUUMybUZHblNzODZKTktYRXZuUG9JMkYwakVsaWxvWnd4NkcwdDJXNV9UZTlIQUNDaDNMeDdST1ZPSVpaRkQzTzQzb2M3MTBaOEVMZTVfclNvX1plYU1yT3k4VTFQWDVJVmhWVXdxSWpIOVFNWUpvV1VrVnVkZDlnYVN4cXQzMHhXVzVMSHo2c1NwbllJ0gHiAUFVX3lxTE1FbFBraHJDQmdSUnBhWEVnYnNtT21CLUdOUDNvcktxdFRFOEw4N0JkNlNsdUd3OGNrMF9jY2l2akZvelJwbVNtWmV0QVYzcFFlajVUUVY4S1FwbmNWWEtBNVk2MFo3RnJMLUNvZkpOYkxNZUNTY0VjSmhhVEpOODBGREstdVREUVJOYlB0TE9QN2Vsb0tpNm02U1Q2RGdDWkMzXzVmRnFXOEE3ZGJ5WXprdERWU2tlajVwX0JVQWRyU3dxenNncjJXWWxqQkk1a0NRYUpJR2VkZzRDNEhPOTJ2elE?oc=5,5
6a8499c45dbd7dc2528911cf,2f5116ae47d5b4385253b24a56c501c2e8a2a2ee709081cfb0ba26ba195175fd,,2026-08-18T17:43:32.748243+00:00,low_quality_score_3.5,India.com,quality,"Cloudburst triggers flashfloods in Bandipora, dozens of houses damaged in North Kashmir | Video - India.com",https://news.google.com/rss/articles/CBMiugFBVV95cUxQX3hTVnJMM2JYRWRSc0tLbHNVUWs5TWlhejdnVy1fcVZmSWNaTk5ab2daenFfVUVubkFFcWR1Z1VWSDZ3Z2gyZWs3cE5FU0xLQWhkdDR3bVRxcXRiN09XQjBwc2M5eXlmMjRsWlRvaFpiSUVCemNKVVNjck5CalRlTHRZTUVIR2Q3dURmcHliSU5IQy01bEg2R0JKTlBfa2dhcFdqam0xSFhrSzV4TF9MNERkOEl3VUVURmfSAb8BQVVfeXFMTWFQQXI3SXhaRWl6UUpjVURMMktmR1BuODEyOTh2NG1LU2Y4UG56cXJjMXJPRjRwd2FWdC0zWVBfd1l3VDNQenBqZjhqa1dycjhHMkdoal94TnAtMFBRZjVoaE9PWXg5LWNFdmJEekFKQ0Y3c2t3TW5RU2NrZVRHTGNKWmZPM2N1VUxHTGR3WWM5ZTJNVDVaTWhJUVFteWdpNEd5V3IxZTJkRzFNbzViZjhuMWRINzJETkhhRjdBbGM?oc=5,3.5
6a8499c45dbd7dc2528911d0,aa54eb45f52b769abd912eb2f553e08be1f18553c3e87377374d3c9e6fd72146,,2026-08-18T17:43:32.794247+00:00,low_quality_score_5.0,Daily Excelsior,quality,"Cloudburst triggers flash flood in Bhalessa, students rescued in Kashmir - Daily Excelsior",https://news.google.com/rss/articles/CBMipgFBVV95cUxOVlp2UGR6RkdtX0VvM0RreW9ObWM3b05XV3ZXNnVsUXNfZlhEdDIzNnJnM1ZPOTZNcFBqdEg3THhtWXctNVpYLWRNb3U1YTBwZ2plU2hxYVlxNW40YWo5RVZDUGtfTUQ3ZXpvT0k0R0FILXJENWhfTXRmRFZ5X2xqOS14YzRsamplVTJiMEJwZ0ZTZExMeTZTVnhncHRYbTVRQ0s4eHF30gGqAUFVX3lxTE5SYzIzcDAxekVaY2h1Y0JreE1zS0p3bkNwWHpzbDRpYnRCWU0wUkJRcmdOU2htQUo2V09kYktBRnhESHJZYVhmTGY2ZnhHdDNRMHQ3Q3JUWkFvdG5jb3NQVm8zOFhqZjVhN29UWkJKZEhLaHNIMkVua09tTTF2dUpBR0NwVlVzbjh4SUVwemEtdnVGVWpPRkFSQ0YtNDZub21QdVhhOWdwSVN3?oc=5,5
6a8499c45dbd7dc2528911d1,4fba55f6c3e95101b547a5dd391423216528b792b5d7892b489ce05427f645c2,,2026-08-18T17:43:32.878193+00:00,low_quality_score_3.5,Kashmir Life,quality,57 Drinking Water Schemes Still Defunct After Pahalgam Cloudburst - Kashmir Life,https://news.google.com/rss/articles/CBMingFBVV95cUxPdGNFanM4VThVWGJjakdJSTFBblhBZWhjc3BRWkR6bDhISkx5azdjU3VtVi04NHFDeWJFQ0Y4T1JLTDFvS1dLWUdfdFpuZUFoMXhDMlhwZHA5VHk2QjE1WGY3R2NrcHZwZ0lRbnNtNGdTU1dQeDBST241Y185Z2ViX003Rm5EY09JZmhBUXZPcU5YYldmbF9BVnhockZYQQ?oc=5,3.5
6a8499c45dbd7dc2528911d2,f1bc26ee57754d98dc838a74dc1c091715a9bc8fa73f598468578b28e6c17d19,,2026-08-18T17:43:32.918180+00:00,low_quality_score_5.5,The Indian Express,quality,"Hours-long traffic jams, muddy water in houses: Cloudbursts put 2 Jammu and Kashmir districts on alert - The Indian Express",https://news.google.com/rss/articles/CBMi5AFBVV95cUxOTUVScXlmSzA3cGREa2QtVFlOMFV1VVZCSzA0UVhxTktRVDkxdW51MGVoZDVtTkFhaENfWldKWnJqeXdEeG1mMGZiVVd5bXVYVmJHUURNTmJ2Q3NzR0xFeFZ0ZFZreFBnYVJlTkd0Z01oRWxialNGQXE1dXpicEtsYmhaYjA3dHhaaVBRUDI1VURRNzNGU2t6ckFWYWhjaUg0MlRtbm50QVRSbG5KTVdWZmt6aE5aUmVOa0ZmdUxZcGdMREM4VkZtZkUzRVB1WnR6WHlGVkJBM0xHcnVKMWRNYmk0QXrSAesBQVVfeXFMUEc1Wk91ZHR1c2NLZllNMTl5UUx6VTZLTlY3V2JmbTBhSFJ4U281Q3J2VVBGeThXX19UQkVvX1FYNlpCUjdraXdkUHp1QWhBQk9xTC0yaGxDRTlucUNmcklfVmMwdkp5X3FrVXB6bnF5U1ZkMVpfZlZIYlJlOS13Q2dqeG5Qd1AtTDdOZkZFbElZSWE2aEY5d2ZuTEl4VExDTDdNdGR5VFM4MFp2NFBzU1UwdjVpbk5pVkpwd0RPTElBRUFDcUV0ZWRnaDZfYnotRGFKaWVEclVjQ3d5UlAwZk43eXRIeWFnZ19Caw?oc=5,5.5
6a8499c45dbd7dc2528911d3,de147b1d6c82763254ac2ab8e225d418033fa91602b3b5e7542d5d1687fbd96c,,2026-08-18T17:43:33.025435+00:00,low_quality_score_4.5,India Today,quality,Five people die daily from lightning strikes in India - India Today,https://news.google.com/rss/articles/CBMivgFBVV95cUxOeVRGTVAxdE4tSENXNnJOUEcxS2JzZWtqVV9EcFVscDFMVldvQnB2Y2JQN2xPc1JjRk1VcGZwS1lvcjg5eXUwTXJwcXNtYUdFeWhIMWQxeWtsZ1JhU210eUxvZGt6TTVLM2Y2YjNhWEdidjN1RUVaYzQyTlhBdVpKQzlxSkJwaHV5UW91dy1pTnVSRTd5QVFla2lCUlJpZGFrOUhkbGFwS1E4TldwcmxhOVhWSGFTemR2ZHpLbVJR0gHDAUFVX3lxTE9sTFRyQTlrN0JVNThQWmdWT0xteUdVZE9QNVUzZlRkXzhvT0ItT0w3anJxeTRQSkRBOWlaYTEzN1lZbURoMWpnM1FCYTlNUjBlaVpvOFdZN0tDWnhVQk5zOWpGb2F6QzQ0R2w0U1dwcmFybC1MYTB4b0RocGZPWVhfRDhVZUEtTTdZY2lYeGJVOXpOVG40d3BaVXB4MU1leG8zclRpWDVFUlF3YkdVa1ZVeHBXMGZpVlFjVmdsZDJicHBiSQ?oc=5,4.5
6a8499c55dbd7dc2528911d4,6ff98f3acdfe5b295eab440189c06ad64a5798f96cae9a5a9188f775161266d3,,2026-08-18T17:43:33.473385+00:00,low_quality_score_2.5,Ground Report,quality,"Every Day, Eight People Die by Lightning in India, Most Never Got a Warning - Ground Report",https://news.google.com/rss/articles/CBMiugFBVV95cUxNdXBJRUxJOTgzTEtIdGY4M3FwWldKSDQ4N3h4TGd4ZmZQN0tHZkZ0WmVxQUx2R3RzVnV6b0ZlOEJCWWRERm9OcEVLZE9KT1h4N0ViYU13TW54NHNjd1JOSUZEcW9NVWxOcjQxNG8yMXBzYzU1TmRXalVqcFFuWnNfdkVOTVRZVUQxa095R1ZYTEhaZFdJRzlMa0FIT1MxbUxqLXN3S1hrX0piZ19PQ0tYVTV3RTJQbXNnNGc?oc=5,2.5
6a8499c55dbd7dc2528911d5,c2b00fa572432652d8052c2981d5dede2a914d2be942911071b7af37ba672747,,2026-08-18T17:43:33.520773+00:00,low_quality_score_2.5,Down To Earth,quality,Lightning an understated disaster in India: Experts call for deeper understanding of atmospheric electricity - Down To Earth,https://news.google.com/rss/articles/CBMi-wFBVV95cUxNNTVkdVNxbnhid25abWJiN3ZzTVFXUkZxN0twMGs1bUJlWUFfcmFSTi1oV0o3TmFLbzBERkUxbTFmLVJvOWNuWEhsMDA4dTdPTWFHS1JSX2I4cnNNR0VGN2JoS1NLM19WQUZHaDNoQ29UenpCd01Cd1NSdFpqZW1KTjlMd19MRXpIaWw3UnlzUW9NNWNDeUk2OUU1bGl4RkptcUp2N3hrNXBnLXl0U1ktZ19mOGgwTE1TUFdjb1VmSGJqMXN5QllSckg5ZGV0MzRHR2hfckgxTHh0d2p5cEVZTXNaeGJoSG9qckQ5eUlBRTFEcUlnb01BSW5hONIBiAJBVV95cUxOWFZjQ01KVHAweFZicXN3RlFmTVZyWTNQaXphRHRja3ctS1E3VDExc1Eyd0dZWkNEYUM4aGJJS2tUTUp5Wmd1NlBQNWd1NUJSblZSNlpnVVdoQkFNVng0b1cyODJjMTc5cUVBZjVLSk5INTRXdEMzWlpzOUs4SEJfNDR2SHdSRjZHbmJYaEJ6ODFFMGY5LVE1dlN2VmRoMkljTjEwRXVtY2dHRmI0WUJ3aFZlNERwOElGQjE0UlRHdUZWeFhya2JPV28tM29hTkt5dUtBS0tXNHFOZkFFVHBDbzlDUlQwaUVVX1BXU1ZiNUw5dWE1Vlh1UzlsWExGUjNWNHp6Nm43dy0?oc=5,2.5
6a8499c55dbd7dc2528911d6,dd9ac0dbfb75771a78ef992880a3649befa8ff3fcb2bcf6bd934b1eb843fb115,,2026-08-18T17:43:33.559823+00:00,low_quality_score_5.0,NBC News,quality,Dust storms and lightning kill at least 96 people in northern India - NBC News,https://news.google.com/rss/articles/CBMipwFBVV95cUxQTVk1WDRWbGFxeVlZcFQ1MG5vdVZOVlhRemZqRnVOMk9xNWctSkEwYkFnOWtTUmFERnF6bHNhVUdvU3l2bTR6Y2JyS2ZyXzRSVjhvbGthdFpnUERoR3hDUFNKSzZBMEFOclVrWkFqNTMtRFpwbnZNWW1lYUNpQmxjcXp1TnN0c1ZleGREb3JqWjhmWFFnOE84Vzd5TkZVeFpkYmhsUGx1RQ?oc=5,5
6a8499c55dbd7dc2528911d7,3891b2ce67afcd3a5b19d62adfc0e7974853e803b5e6501685606fa221e996bc,,2026-08-18T17:43:33.645854+00:00,low_quality_score_3.5,News18,quality,Why Are Lightning Strikes Rising In India? Warning Signs And Safety Tips Explained - News18,https://news.google.com/rss/articles/CBMi4gFBVV95cUxQbmNkdzd5WjRMbU5NOVlQQ1kyZ0Rvc1hienRHaDFpaFFrRlV0Tkg4cnRtV2h5YndJVk9aOFNLaEtjcFNGRUFXdl9QU3luRkdLMlF5RzZfWTBtaGR1M21Wd2VOeHN0Rk1PU3o4LWY4SC1Nc2RSeURvME8waHdFMk9KV09MeGtxYThvODRhUW1hdTdOTTNkQzdPSUNod2lsX3BEcVpSOUNQb1NJa25RbWx4dUs4dWVfZXZ4QkN5RVFjRTN0d0hNaEswSGhRR1REa0Vsb1dGZFU1enhOTUFOVlNuejVB0gHnAUFVX3lxTE44d1hQOG5NUndrYUR1WW5yRlpQMFdYckR2MkR4NlBaY0RIY1dXdVJsM1czZWllMTRoc3IyeXNUcFMwcU1fWU9XNWVLbTczWFlpdklHZWF2UEpwWERjNVpnSDBvTjBJRGVyTW9Md18zMVlVMU9LckFvNjVjYlJHOWhyWEZaYTU3MFVDM3dPNDNPM0RreHVYVThwWWJUQ1o3VHBQWU80OUN1RzBOWUFXbmhRX1M3RUtwbDUxaEstMUlNLVRlQ1NTemdfVi1hQXB5a0pubk5EQXdNX2VjZS1obm42emJTVXVKTQ?oc=5,3.5
6a8499c65dbd7dc2528911d8,4ae84c20fba2040ba5f8ae9ffeb94c559b18d70005c041e82bccffad6001d5ec,,2026-08-18T17:43:34.120598+00:00,low_quality_score_4.5,The Times of India,quality,2 brothers trekking to world’s highest Shiva temple die after being struck by lightning - The Times of India,https://news.google.com/rss/articles/CBMi0AFBVV95cUxPdkhfbUlPeDhxOEM2Sk1YbTRXakxua1VMSEVXR0ZMbDMyUlFtN1lQNVBFcnlTV2dQejM5UWlUREo3NlFsNFJoLUVpWmxiNWhGYVF6T0Z5N3BUaGNTa09UMExrS3FVLUFTT2kwa3dGN05vWm80VGt5dUQwX1plR0hjTGhIcllQSnpQeV81MHpQWDFxVjZnREgtYjY3NVMwYkxfd3dSZVpheFlLdFEyRkpGcnZjQzIwWGFfb1l3N0JHQ0kyVWoxRTNQWFpMenFtTHRJ0gHWAUFVX3lxTE1UMXQ3ODZCckhPSFNydlR0OVNDa1Q1YTB4dElvbWRPQk9lZm9ibGZrV1ZBZHY0SmdJUFdRLTNDaGhMUEpYdm4xNGltN0pGNHR6YzhJdjdOMDRzanhndktmblRuNHlITnRTTUFtQjhxLVZ3b202alNqSFhnQXVnSzJfdGxQQ0dES2R1ZTY3LUp3eFFQejZEQjdUYWtVcmo2b1dlSWczdEZ1ZW5ZYzdJTzB0WmRjVk8zZ0t2eVhrS0d2QkRzbjRlRXZDOWRHX29tRHVFekxmc3c?oc=5,4.5
6a8499c65dbd7dc2528911d9,ae011506ab82a090359f884a9fc0342c0db62bb22aba85ac7dde870d15ab95de,,2026-08-18T17:43:34.163517+00:00,low_quality_score_3.5,Down To Earth,quality,"As lightning strikes rise in Jharkhand, its poor and marginalised tribal communities are most at risk - Down To Earth",https://news.google.com/rss/articles/CBMi4wFBVV95cUxPaC1PWlp5RHQ2M0NPY0NmUTFZeUpDT2pBaEIyM0xRT3gwWVdtTU5lOTl3cmx4NlJlYTdUSG5TVUw2T2V3U0R6NDBwM0pLU3dLQ0JxQzBKNF94c0x6YlI3Vl9MeXdXVEhuRVpfSXJDMjNITDI3dk9sN3FYUnVIQUpWWWhEbDVSN3VBc1dBVEU2QkZYQ0xRQ2xRMTlrOUVvS2VIb2hGVVdfV1VXdlVqc25iS21SOWdlamJNemhNMi1qZkswRzVjNUNjZTFLOU4zM0x5a2JXbTF2R2VYZTZoYUZlSHJmMNIB8AFBVV95cUxPdUUxa19JenhnZjdzQ3B6VFhEeWo3YkVHRlRLUjNuTGVHSVlqMWhaU3o0RHhaSF9GZEFrWTgzbDRteUJ3d3Vpb19NZG9BSkt4eXJCbGw2RGlkS2xtUzU0aXpnX0FSYl93RVN3ZkM4X0xtVTVmSnEwaW1Ib2R5Y0VwbjdkRHJUajJFWVlxQjE2ZWhTdUpUamh5bU1QaDZKZjZoNHFoVHppd0poOHhIRnZVb05NbHlpNWNGcjNBemctZ1BYSWIwdUI4T0xuc2ZOUG5kVk81dm80MlJJVXJKcHFLY1dFZjlRT1NMR1FzZERXVTU?oc=5,3.5
6a8499c65dbd7dc2528911da,b09dd3f6a13df73b90a818032462315687c12fd8040214bf25c8a8719eb1d263,,2026-08-18T17:43:34.256169+00:00,low_quality_score_5.0,The Independent,quality,At least 111 dead as freak summer hailstorm and heavy rains strike northern India - The Independent,https://news.google.com/rss/articles/CBMinwFBVV95cUxQSzhDM0JyMmNXbWxXd1pQTWJyVDA0Um9xWGd6UmlWcUZTSDI5Yk15S0Z4SUNOeUxDTXF4czd2Q2VXOXlISURfdEZkdEVKU3BGZHktMW5rTXhCS1lhMWh1eXdzaDN6TkV5SGp2VTZicHQtRE1haUw5bjhMSUdjWk01QzVvUnM5cFpoeDlpOVZHd29oYm5nQVlfQjRDaW1FVnc?oc=5,5
6a8499c65dbd7dc2528911db,72d5871e74b85518a61747066eb52c90fdade0b94aa70f26e435d04b5c0f896b,,2026-08-18T17:43:34.360968+00:00,low_quality_score_4.5,India Today,quality,How climate change and urbanisation are fuelling deadly lightning strikes in India - India Today,https://news.google.com/rss/articles/CBMi0gFBVV95cUxNcF9zay1Wcm5ldXpNWl9NSWJyX0VsZnhIcXFRbmF5dHo1aUt0X2NySFU0enNSUDhXNG9yejJfd3NYbmJ0TTNaamRjZ0lyYklHZjBnSEhvMGwtd0Q5b2VWNjh1RElWNGNDMXVWWE5Ea0VObmVFNlFpNmZyWjNpdnRGZWhVMlBpZHZHNVU0RFozNzF2WHV2czJxMXNkUlRyZTdPbTE4R0RQWkJxbjdGb1VaNTJfSlYxTVdqekpUazl4cl9MT3B2ZGwtUWhaVUMwZmRQQ2fSAdcBQVVfeXFMTm1nc0NXSFY0UXV3T1BTdEp1eHF5OU5mNHpZR1B3dWMyMVlGdk5ReGlZNkRabnJkYzAxaEswOWFEUHBNNXpRUTQ2N2xfQ1BNZTgzTExQeV9Sa1pnX25jSThNTUliSnRWSjRnb3hIandRb3ZZcUQ2VTJXbC1YcU5HMDQtQWlONW1VcHZwV1kxM0hfSlBqYm5xcVo0Ml9Pa3h1aWVzbXlGOTJENkR3RGNVT1lFSGZvZmo5UDJ0dzYxeld2RFo3Nkh3Uk1sRmVhMjI2c19DOTZNSDQ?oc=5,4.5
6a8499c65dbd7dc2528911dc,c7aad6ed638d95a7d780745b958d18881d837a8d0fd3d564216ce093b7d757aa,,2026-08-18T17:43:34.456080+00:00,low_quality_score_5.0,Context News,quality,Will India lightning strike deaths rise as climate change worsens? - Context News,https://news.google.com/rss/articles/CBMipwFBVV95cUxNWHpkYmN0bjIxbWlpUnhMYndPQU1YaVZ1UGc1NF9VM25tNEtCS1VuY0t0VEctVVRBa0JDX1BOY3FtMS1xNHllT09uMWVQbUkzSk1kbm5IaVZGTHBVRk44OWZ1d3NHZV9FbHFTMmo0b1VGX0ZLVkg4RHJNbkZTRDE3NVdFOG04T05EdFlWeU55ZlFXaXhNZXpLQ1FRR0ZjUU51VXZQM21jbw?oc=5,5
6a8499c65dbd7dc2528911dd,bed601ca30549237bd2807c887b63b5173f21be6c8f393b81a6e4d6b5e0aee7e,,2026-08-18T17:43:34.545999+00:00,low_quality_score_5.0,CBS News,quality,Lightning strikes kill 33 people in a week as India's monsoon season brings powerful storms - CBS News,https://news.google.com/rss/articles/CBMiogFBVV95cUxOVnprMkFQWnlkb2JHVmdBcWNoWDhCRnZTYVpQZmRTd3FqMl9DUGQxMnpjUXNiM3R5Z3U4THZiMmJDd0FybHhUR21WLTMwWFhHQ0tZVFhxc1ZxMUV3eXhRMloteS1kNXh6VEVkSWRQRXBwZmVWQnAzNGxQWHZLaTcydHdVa0hySmFjeVJqRXdjdWtEWEtzREJSamxoMUlFU0Y5QnfSAacBQVVfeXFMUGVhcExKVTVzSkhOOFZpaDdSdUZhOGdBMF8wbExxaGpfamRVV1Fmc3pLLXdaY1ZYWUQ4Z1RyY0JlQ1hHbzFwQWxLbnNoOTJmYWlfdm1kMzNDQnZxYndscllIRFdPR1RxU2NFWjdLVjluU0RkMGNYLVhGWXlvZjUxenVfN2s3elNpRGFoZXhWRExXME1xWW5NWTBLeWdQT2FJemJqbUcydTg?oc=5,5
6a8499c65dbd7dc2528911de,6d64dea8e5032be9d7206736a6ea6e41e2f00fd86966717965d6fdcee7e7683f,,2026-08-18T17:43:34.647636+00:00,low_quality_score_2.5,Phys.org,quality,'Alarming' rise in deadly lightning strikes in India: scientists - Phys.org,https://news.google.com/rss/articles/CBMigwFBVV95cUxQR2RReDgzMDJGS3JDWkQtMHBVWmd5ams0TTQ1WmthNzVSTm1pdDhRSHFVU2lsSnNjVjBaTFJDYUR6VWdrSktReTNlUF81a2ZfN0l2SUp4WUJxcjRaWUdCdDU3SXpWX1NyZXhRSlQ0a0FwREhFdVdkLUU3RzhMNkY5UHVlSQ?oc=5,2.5
6a8499c65dbd7dc2528911df,169ff3989532669c3779f829ebe8f029da2358b72dfdc6bf7116f870c6a5a110,,2026-08-18T17:43:34.925201+00:00,low_quality_score_5.0,The Independent,quality,100 people killed in thunderstorm and lightning strikes in India - The Independent,https://news.google.com/rss/articles/CBMimgFBVV95cUxOSlpqR25md1FBSlhDZkJGNjhvODJFRTg0Yk5pSW5zWjJxaU1iSnYxMWRJM1BUeEpxWHM5b05ySlNTRnFTSGE4S2ZEMzFCSmhNQnFTc0xCUGc0ZXhUdjJnVWwwNmZMUFo1cFcyeVA4YWFXRjRmVlNhZHEyOHFnZHZTdDZiTXp1Tkh0T3hPTWd1SklFOHNXckRNT29B?oc=5,5
6a8499c65dbd7dc2528911e0,1f0d6d36f7d68fdf68121f2781fb655e7ca1e529cab73e66a145a27cbdbe8d87,,2026-08-18T17:43:35.001908+00:00,low_quality_score_5.5,Al Jazeera,quality,"Lightning, heavy rains kill at least 36 in India - Al Jazeera",https://news.google.com/rss/articles/CBMikgFBVV95cUxNRkE0VGF5Wm5NalYtR2U1TmFSWms3ZktSckpDZnhhSHZyM1lkNUFDMFliNmtIeUNfYWxOdFBzSi1oYkV1LUtDQlNjTjdZajJMX2UwMlg1dE1XMnBZUVpCY2JoMVZ2cF9lNTAxN3I1UHpOeFRsMThHMWNNTEJNMW1fSU8zZ0F3UXo3bGZJV1pkNm93Z9IBlwFBVV95cUxPMm1WOXNXMkloS01CNDV0NWNHM21YdFVjODdsOHhpZHk1c3pURk9rSG9aXy1FSzA3Y0l3R2VNbkJnNkV2ZWtyci1zbmVHLXI1bHdBTWlWeEI4akx6WE9Zdld1aDBlTTJHRlIwLWRwejR2b1RuaWdYUm1uYUF0UkdYeFdOYllRbjMwbS1ZRFRnSDYydnl3SFhZ?oc=5,5.5
6a8499c65dbd7dc2528911e1,f41d17503102c9bd8715590ee4818261d94eca55c4c6af3daed3e9adb5ab7a80,,2026-08-18T17:43:35.041591+00:00,low_quality_score_2.5,Dialogue Earth,quality,Climate change is leading to more lightning strikes in India - Dialogue Earth,https://news.google.com/rss/articles/CBMiigFBVV95cUxQdE9CdjM2SUR4Tm1PSlBFUVdERDZlSUxNRTNSZ20xOG9hVzdvdDdqc3NtNzlmcUtqeUlvRE9NUmlGUURvcW1JTmdZcTU4UXItaXhZbWtiX3RjdGJTNzBTMGg2emRIQlowa19ROTZxbTRrSmZvOV9qNm5FQ0ZpVk5xajRvakNsVndOV2c?oc=5,2.5
6a8499c65dbd7dc2528911e2,1bfef3fb32332cbdd6ba2e0f23789e752046385244c6df1399d188cd6c0fa9ca,,2026-08-18T17:43:35.083597+00:00,low_quality_score_2.5,Rediff,quality,Lightning: India's Deadliest Hazard - Rediff,https://news.google.com/rss/articles/CBMiigFBVV95cUxPTVFpeS1fbEI2a3F2cXM5STlCdmRfMHcteHhSMkJKRk4tZHdEdVZlRHIyWDRiaHdRTG5LMkZTRHI3LVUzY2dqVUk4LVZIR3c3dE1kdXVrcEpWR241d2ZJYU5XTzNocWkyQ2hxajRsZmlfa3FfcTJhYWZ5aV9SRjR4LWFjazhzTEJhOUHSAYwBQVVfeXFMUE9GVlNTbWp4aHY2SkRFZXN3MXpoc1F6Vk9ORWY3bTFlQmMyTGFFeUdRdVRFYTFVYmJpS2NkZHJsemoyOWl5NmR4VzBGN1FfVUlyNHRkMEFuUFBYZE5GeEQzZlZFaEpHVXAtNEw4SEJXbzhUT0xyNzBwd3VEWDltbGRNM0xyMHR6MTFTS2w?oc=5,2.5
6a8499c75dbd7dc2528911e3,652026ae77a3b4f2b306060a3af6f27e50c0590008d499945eaa151f2d5106a3,,2026-08-18T17:43:35.164836+00:00,low_quality_score_4.5,The Times of India,quality,India's deadly heatwaves are getting worse: Here's what extreme heat actually does to your body - The Times of India,https://news.google.com/rss/articles/CBMi8wFBVV95cUxPZW1MNWl2eENzTDgzTVp4OTZ0TmJkNlBwMUdLRTh4ZzB1Z053NEZCa1JBNVhpWnJxbXVScVprbllYQmlvM2xIb1NmM3BJU0NwVnZSVFE3alZGRXRZTFVDTWlhUXVISFF3dzNuNzBpZ0JkVXVWYWlrSWZRRDFXSzBoc05ER2Y4dmdWc3Z4RzdTOEdEaGpRWWtVNldEU2lYcTRoWTJiSnFvX1lUS3MyUDNIcE9CTHhSUVYtVUk2d2Q1R1FkRVo0WTA2MDYtaWk3ZDFYNlRVTVg0NVY0a3dfTHdLWDBFTDlUTnVYLWtDVjFuOFIwT3fSAfgBQVVfeXFMT0tUNVIwN3FGTTBoRWdiNjJhbHh0R0MyTTAxaUtUS2xTNTc1bUxsb0xQZHhISlliNklvTVpqZDhXZGFsSGFaanNRUHNBU2pYLW5HS0hxUkw5bjdJdUNab2dWcnYxZHNvX3c5SnpBbTlPLWMyY2xvLXdKSk1xdEtzT1lUMFYyem9TcXI3NnY5WGc2emFiZkRjaVFjeEtOUUZMZlJQSkxHcmRtaU9CalNkaFg1YUpQam5BVGlibTR0MlZzUW1VTC1SajV2NUdsdU8wRTNCUkU5bU1EZ0J2V2xQbHoyOFhJZWVqWHRiOHZobF9lVU1zbkd2TU8?oc=5,4.5
6a8499c75dbd7dc2528911e4,9e443bb515426dd0c76a3c74ab3b2271e7c261edba0e61db5913671b94f25a18,,2026-08-18T17:43:35.220911+00:00,low_quality_score_5.0,TheWire.in,quality,"Heatwave Across India to Abate Soon But Leaves Trail of Deaths, Power Demand Hits Record Peak - TheWire.in",https://news.google.com/rss/articles/CBMiwAFBVV95cUxQZ3liWF9mZUYwanVQNGY0RHJBM0lweGM4NU5MV2pqQllFV1Y0YjM0UGNWa0hHMDJBT09qLTUxRnRfTk80bmRlR3JyWGlveWIzQU1neE91VGJrRWxralhNXzlyamNEeTlId2dlSC1oQUxvR1NIM09jZ2FPOTRIN1FpYjZTYTNiZXNtWFVOVVpFanFvWERmanE4Wmoza0Ffb01OdmN2R2RiVzJDOUVBcGY0aWdXQ29ZazF6RW05bXo0Z2Y?oc=5,5
6a8499c75dbd7dc2528911e5,2c43ed559addb00bbf6c61f05b2d7878dfea94b3d60d064d67d18de62bc42870,,2026-08-18T17:43:35.291202+00:00,low_quality_score_3.5,India.com,quality,Rajasthan: Two sisters suffocate to death in parked car amid heatwave in Alwar - India.com,https://news.google.com/rss/articles/CBMivgFBVV95cUxObmN6RkI1Ny1tU3c4Z01QRUhLdU1ydzR5ei0zcDFlS2ZKOGc2N0ZRdVp5V1FIZXNIRzQ1TkNibFB6VnRKblNRN1BKdWdTeG1sazNQVUkxQnNMWXJaU25jTDdJVk1GQjRxZ1NmUFE2XzJRRlBvQmhTWmRHdFJBdC1IUUt1MUY1cFJDZVV2SlVlNlFtSUZBN3lqVkRnZm5SVXBPelpwX3ZFSUNTcjhnMjNCYmhGY1lYdmZHSlpxS3Bn0gHDAUFVX3lxTFBmZFNIb092ZVdfbktwSHlmSndOeHhGVnZQa21HSmFnUEFCNkVrTHBIdzFBV1d4QjJmSElJU0QxRjhuVVZfTzhsd3U1VV9IdWZoWGlEMVZPbDhlVlFKM0hpVWpwaFlzRkk4SmN6akUyZzhzLWg3SFlfcTdQWEJUTC1OMldiRk5JQ2VieXJmY2RvcHQxamtJZDc4ZHNBS09JVVVLZTBhMWNsSnQ1UFA3WS11SWkzVWo0RzVKbHpNcmdrdnk2Zw?oc=5,3.5
6a8499c75dbd7dc2528911e6,923f0084c75152b4f559b0e6f2494a126f67a6066aa58f6dd0083ec55b0567e7,,2026-08-18T17:43:35.338376+00:00,low_quality_score_2.5,Anadolu Ajansı,quality,At least 10 die due to heat wave in India - Anadolu Ajansı,https://news.google.com/rss/articles/CBMikAFBVV95cUxORGJXN1B3QlZ3VGk0VUE0WkhVZUxKdER2bjZqbU1fa2syREFGUmdlZWJVNWVySFFaVFdGQ1FCaHB1WjRMamdMUkNEaXNwU3RfcEtQcXFwN2YxMUFieUlFRlZsRHo3UXp2RndSMnZqNkJGRDdCWEtiX0NsbnU0RDQtN2x0cU5fMThCRWRfVEgxTzY?oc=5,2.5
6a8499c75dbd7dc2528911e7,a598d5e1ac6a8a9d10e9b07633de5629b879571eee951759fb4077eca4574043,,2026-08-18T17:43:35.441009+00:00,forecast_without_ground_impact,Daily Excelsior,quality,"Avalanche Alert Issued For North Kashmir With Medium Danger Expected Above 2,600 Metres - Daily Excelsior",https://news.google.com/rss/articles/CBMiugFBVV95cUxPeFJVU0tWS2JGWnctSTNqNGo4ZGg4ZW95OUU2bF96Y2hOTE9DalRsOGItdTViUkZJOGFQXy1wbkJlVkN1YmdvWndqNGx0UklJOFNsdC1qeUJ6WTRSNUN1eG1pY3o2bUZPTlJyTlZncllhSTNocjlDVHFTcm10eWJLbU9PelNqMDNrY2djOF9haVcybXZiZXRFcTU5ZDRod19KTjQ3NUxRa1Y3dU8wYUtzZDRxaFR2ZWtqbnfSAb4BQVVfeXFMUGVqLS1QTVZmVVBOTG95WjB1dlRUSGN3c1hWT3cyTEMwWVZfLW1qR0R6TzBJdWdCTjJWQTluXzBLd2dUeUFNS054aUVVVmJvN3VXd2ZnbW1WSm5ZaHN0QnpMZ2xfdFFOQ0NaNXdqazhPdE9TRU5zNFNKb2tSbUJocmZFYk9aVm0taTBBR2FSRjYyVVJ4X0tnZk5LbEJIb1ZQY0JIempkTE5HMFBsNmRXa3VNVXg4Xy1ZakhrODAwUQ?oc=5,0.5
6a8499c75dbd7dc2528911e8,c23a54deb7a8a3d99c21afd6fce32561e08453ec2a1ee2808f8cbe36cb9e6718,,2026-08-18T17:43:35.485024+00:00,low_quality_score_3.5,Kashmir Life,quality,Avalanche-Hit Gurez–Bandipora Road Reopens After Days of Closure - Kashmir Life,https://news.google.com/rss/articles/CBMinAFBVV95cUxPWlc5Q294cUVtajFUaUtaYkhMbDJKWENSUkZfc2dLTlVKX0c2eEVlWjRSb1BYZENQM0hJTTRQMGU0TTBSZ283REJwRkl6WF83eUpib2dGTTdKMy13cmx4ZXc3dkVRSFNKYXcwQ2FHbEsxTFU5SVM2RlJOb1lVR2dzbzRsSlhJUVY3dDRDck5Sd0hfYTAyaGlVTTNkbVk?oc=5,3.5
6a8499c75dbd7dc2528911e9,75766256919eaceb3593318d33420c1c1e08e4d1582ab8966eb438c4aebeeafc,,2026-08-18T17:43:35.520830+00:00,low_quality_score_5.5,The Hindu,quality,"Avalanche hits Kanchan Ganga near Badrinath, no casualties reported - The Hindu",https://news.google.com/rss/articles/CBMi0wFBVV95cUxOZXAxaVRNMFZqUXY4T2pFZURIR05rWTExaUpyZzlSUzU1aDItRkxYYlVqQXVXVWpCeXZHRFVmbnR3RFUtekNQOU9QT3BxX2FwYnc4S0dUbjMtYS1zV1pjbk5HNlNmSXdpUTMtTk5fTjIzNGZTZ3JyRkV1NEF3M2p3MUdiWE9NOHBNTjY4U2lBQXIwRWNDYTkycUZzcmRRTmxfU1lTbUNkRWFEekJSSUxnNm9pTjA4REs1Z2g4Yk1RQlBEaFFYQmtiekZCSnQ4dkd5X1BR0gHaAUFVX3lxTE44U2dzcWMyWm53OFVZc0RYcXF3ZDBMUEV1eU1KbjZoWXBDMkR6V0x0ZmRXa1BnNTI0RXptbVFYX1JVMW9aeHpuZTl0U0lrZHZya0JVMzRXU3hCVUlHbWJuZmY0d1lEUEpFNjUwUTNhMW9aMmNpNk01cVM4ME9lZldHbkFjSUJ6NDZQNjNXdnUxcHRITFo1YVlEaUFvWXJIZlNEUExGdjVUQko3ZVZOdmpKRy1acHM0aXJPMVYyanVkLThlem9QS2gyekUtVlE2RDRsaVVjVENyRnZR?oc=5,5.5
6a8499c75dbd7dc2528911ea,594e22267d856b2a0dd8674b14e335fa005b3357ed68739de42eb35d898be344,,2026-08-18T17:43:35.581781+00:00,low_quality_score_4.5,Telegraph India,quality,"Massive avalanche hits Sonamarg tourist zone after heavy snowfall, no casualties reported - Telegraph India",https://news.google.com/rss/articles/CBMi3gFBVV95cUxPcWlueUR6RU12VTBGLTdaS1g1dGV2UHRoSl9hOXFHVFU0NTA1dmVPbTFXWTRpekVONGxrZHVjWVRvem1XckliUU9wZThQSkdEZzNYczJkUkhrbGZPQkFyaXViMEdzU05kZDhDSkhMN1MyVjNhcUFlZ3I2blpPb3BOaU5JZ25NenMwVklPQzRnQVZteHFLSmxOTlNJemt3amtoVzN4VWxqV1pZa2k4ZGNvODlyVEhibTNGYjFaQUNPeFpIZGFmbml6QU5RTWZmbERrMy0tbi1zYUQwWmpnZnfSAeMBQVVfeXFMT3NnbmpBM1NyMEhVcDIweVZtcUhCSWlSdzYxUFl1RTBvUFlKQmpDbk9fWHdOQ3ViNTZjV3FRNFhlOG5NcnV4V3JlVW1kWVJfRFgzTG1pTE5iMVdsSUhQdlNOX1l6UGk3Y1JteUNWRnRmcnhIOWptLTB4SlcyTUkwVExkenlja0lPYXY3SUZXVWN3a0RXaV9mblRWbl9rd2xIbUtUZ1E5Z1pEUzYyYWRrQWhFQ3BKekpWSFJGamxOM0dQd1VVbzgxZ2JvbENEVDRlRXdFa0x2dWQtWmR1Z0VLVTRKaXM?oc=5,4.5
6a8499c75dbd7dc2528911eb,5bcaa4e5b9b57bd953228c7937ba1946fce181a1c22e0e4a9e9c45645e8fe9cb,,2026-08-18T17:43:35.628354+00:00,low_quality_score_5.5,The Times of India,quality,Massive avalanche strikes Warwan Valley in Jammu and Kashmir's Kishtwar; locals warned to avoid vulnerabl - The Times of India,https://news.google.com/rss/articles/CBMilAJBVV95cUxOc2g4M2Nla1B3M01UdU1VLUxDMVhla3k5VlF6NHJHaElQNTJmZkZHd2FuYkNoZ2I0TF9MeEVhbUlLc3NaV3owUEQtMm9fOW50U3N0M055R2o4akJVYUxRSXRpN183V0U3UEJ5bXpaZlh5NW5iYm4xWDZFbHprd0FyTTczUkV2ZTE4ejRnY1NnN2hILVdmLWtsN1ozb2R3VzlWa0E3U3RSUHRYczFhclJncmxRcWRIdjR6UWxyN0s3cUNWemxzaXNQaWx0UGxaR0tibTZ3Y3pYVjRaV0dKRTh5S0ZVeGR5QnQzdzI4bDNYdUZvenByRWxlUnRYMTA2U0s2aGttOHFIY3BTZGtoS2FhMHhOQTfSAZoCQVVfeXFMTklLUk1Hb2JEUGtyWERKSm9OUnl2alNDZnh0NUVPbXJwbElFUzVNazRtS3BzUEdYb0g4U0tzNzVBSFg2czlmSUYyMmpKajFTNTlsbmpyS1NreWF3VGVaWWpZM2JNbnAwRFdaQ0ZGRUFSbVJNU21MaGJxeGR1amc1c3pMU0VtcERJN0JWUWQ4VExYaUpuQWlMSTA4ZzdQUzBTbUdLUVN2YWh1dnNQRlE2LVh6YTNlLUloc1ZMMUNqbld6bnVOdlVSUGV3NmJKZG5hT2EyLWhDYjlYTlRWaGQ1NlpMbWFmOXlIc2dvVmRNSEp0cXNMeS1ycXNJYkQyOGV2LTJ6VXB4VHA3SHl0akVXVUR3eVEtWDR0VVZR?oc=5,5.5
6a8499c75dbd7dc2528911ec,29976072bd508b7c58335cba1344958ffcd78fe55b8c5ee6e58b2b00a3392f5a,,2026-08-18T17:43:35.677078+00:00,low_quality_score_5.5,Kashmir Vision,quality,"Avalanche hits near Zojila pass, several vehicles trapped - Kashmir Vision",https://news.google.com/rss/articles/CBMimAFBVV95cUxNeTJCeVhmemc0YWtxelZoSDhfN3BNV0hrbmFuR1VIT2dWZWtjWWpZNHkzM1FOOE8zakFEbE0wc3FLeDh6TjlNY3F2bTA2d1diNWFfREdpdll4RVZJTUJ4WDVvZWxPT0djRGs5QTdDSjJnUDV5cVloLTVTWXowUWx2SVdlWmxPajJ1c3p6TG5kUXZyeXpZUGhzRw?oc=5,5.5
6a8499c75dbd7dc2528911ed,c48ae60d25558024f811759206e6e747d7a57286c2f69fd2c5f8578a83628ad8,,2026-08-18T17:43:35.720353+00:00,low_quality_score_4.0,Kashmir Observer,quality,Srinagar-Jammu Blocked After Landslide; Avalanche Risk Looms - Kashmir Observer,https://news.google.com/rss/articles/CBMitAFBVV95cUxQUllqV2ZBWlBWVkc1c3pGSzFfSGVZN3Bra0xnckZFTFZjVjJqVE9YNVVFOE1BQVFKNzFjeGpTNVNVMlBxLTl5QTRLUWtBWjdHcmxNQmx6U0xVYlpWVTZ4bjh0NTlSZUJ5LUJNbUtxWkx6cVQ5eTJIdDl3Vl85VHVNdmY2dnEzVUt5TmxzOXIzS0hZRFllSzdxRXk2LVZQcFprNFhBN3NMbVpMekYwclpKUUlveFQ?oc=5,4
6a8499c75dbd7dc2528911ee,ca52a941eaee1b87fe8ef8dcfa15b8a19b33aaaff8487d4d643658209550a470,,2026-08-18T17:43:35.763354+00:00,low_quality_score_5.5,Media India Group,quality,"Snowfall, avalanches strike Sonamarg and Uttarakhand, roads blocked - Media India Group",https://news.google.com/rss/articles/CBMinAFBVV95cUxObXF1SzJpQnhBZEgtWHFtM3MxeWZ1S24zVHpQd0dZTmtIYVZNNUJVdm44X1ZFZEk1Z1RkaWxKM0h2dmhuRXk5aTE4WElfYkIzd1pOM2lOUnFBR21sZXk5NjJvVnJDRGJZNV9UNEJWVm1tV0pEeTRjcER4bU4teWt2UW1WRXF6VlZIS1FTQ0F6Z3dRYWE4UWQ0UmxxX0k?oc=5,5.5
6a8499c75dbd7dc2528911ef,144e285d12ed73d5abba275b2ca3efed0252a58da5f35ddab4c2267d8f97407c,,2026-08-18T17:43:35.820350+00:00,low_quality_score_2.5,AFP Fact Check,quality,Video of avalanche in northern India is AI-generated - AFP Fact Check,https://news.google.com/rss/articles/CBMiWEFVX3lxTE4xRjNpVXRDdHhkNWNvV3Qyc1hhUzRjVUV2WlNuaEJwbWg3ZXdrdHZCUFlZd1pkYXpTZ1ByY1lhNVhYVHR6MWdsRG5QY2lUZ082RlVKcnJWTW4?oc=5,2.5
6a8499c75dbd7dc2528911f0,d53d35cec2b630327ec1b26d51afe095ac1042d214b17c10f833851b53ffe2fe,,2026-08-18T17:43:35.897049+00:00,forecast_without_ground_impact,The Times of India,quality,Avalanche warning issued for five districts in Jammu and Kashmir - The Times of India,https://news.google.com/rss/articles/CBMiugFBVV95cUxPZEd6V2FuQ2g4cS1GWjI2NmhCSkdJakczcjVqUXJRd2tVNGo4Nnc2YVptcWtXeHk2NkkwSVJJNGxzVUxRZUZMVmE4T3ZEZ1djaUQwN1RUY1ZJYlM0YnJyUTVBRUpDTGRNckxsakZwLXFCc0ZTWW1tc0xVNEdHYUJhLWdLSnNWX3p3WGE5Tks1U0t2azFJYnU0anpRVWVLMWZTR3ZSN2NieF82T1UzY0xqNzhRZnBJYUo1ZlHSAb8BQVVfeXFMUE5xenB0X0NaeGF1cVFvTy1raldJU3VsUU5uVHBTeS1zVktKTm1yTUtNUi1SNkdJVEY3R0Rmdmp5MFBQSjJuUlA0cWExMHJMRVFYRjRCaVphOHQyN1pRbHBIenlCWWpVSDVyNC1wQjdjSG5yems0X2xfcFZTZEh4djBCLU5WcUJ5bG9HZE0tejh3NGFkV3h4T1VQSmJ5UVdGQUFOLVQtZnp4ZWJLVFdOMmlaUmxnZ2FRYlJSeHZvb3c?oc=5,1.5
6a8499c75dbd7dc2528911f1,2dbdecd89563574c9f1fb9875577032878b7d589351abdad1440ad2a8f89edb1,,2026-08-18T17:43:35.975484+00:00,low_quality_score_4.0,Kashmir Life,quality,Zojila Avalanche Aftermath: Srinagar–Leh Highway Shut Amid Snow Clearance - Kashmir Life,https://news.google.com/rss/articles/CBMipwFBVV95cUxQcU1OS01tbzQ1UzBUTUU3LVQzVG1adWUyVnJtWmdlaXI4dlpVXzJIdjQ1Mlh3cTNkOVJaYmNWV0FkVWhEcUJmMnpqckJmWTNWaU03eF9UOVkzSG5DNEpjbE9vUV9sVzZFSFJpVzhuME43UGV4Y2NkNGhiN1FYa0dDbjJHSnJUUnhweGkzZzVJZVZzS1dOMFFFQkNJOWFaOE1RN01uakpCMA?oc=5,4
6a8499c75dbd7dc2528911f2,1c94e0d6eb2d5b57d3323a4fc9b730b419801fa139b37c14682147827483422e,,2026-08-18T17:43:36.026516+00:00,forecast_without_ground_impact,Kashmir Life,quality,Medium Avalanche Risk Alert Issued for Ganderbal - Kashmir Life,https://news.google.com/rss/articles/CBMihwFBVV95cUxONm1hOS1keDlGM1duXzNSRXlpRTdKdDQ4V3lFeFdYeDNqLWxndEI0WXp1NHFJTTZfWlptR19yaXFYVldCczZrbnJzZWZqbkVYcmhBRi0xR3doWkJ5LTQxZjJtOXAtZUwxTVlFSDg5N0tSNzRwSnowOU1ZT1BZVTFBQ1BHcE0xRWs?oc=5,0
6a8499c75dbd7dc2528911f3,5165403b8d94988de723cbd904fa12ee558fe33d049db310c2c22943bbcde671,,2026-08-18T17:43:36.095016+00:00,low_quality_score_3.5,Kashmir Life,quality,Avalanche Alert in Ganderbal; People Advised to Avoid Higher Reaches - Kashmir Life,https://news.google.com/rss/articles/CBMioAFBVV95cUxQT0stNjhlVmdVWmxsWTN4bVM3U1hVa09WTGFNRzlDamhGUEJCcS1iQkRRSF9LMFNHMlhUZDI2UDRfdGVGajVaeFFSR1FUM01tejhmRXZHbTIyUC1na2cyWWk4b3N0bElOQkpvWEJaVHc2UUVqb3lnUzFKUVJKQzFndERHaXBTbFhkZVJRVlVfRHhkTEZWTWEyM2tTZlIzS1M2?oc=5,3.5
6a8499c85dbd7dc2528911f4,ce63518061c6561a96c45b99c97411c8d878d15f2642f77d9260dc12f9f601c7,,2026-08-18T17:43:36.401856+00:00,low_quality_score_4.5,Greater Kashmir,quality,Dramatic visuals of an avalanche caught on CCTV in Sonmarg of Central Kashmir - Greater Kashmir,https://news.google.com/rss/articles/CBMiwgFBVV95cUxNYzktWlhSZzZiQ3pENDMzV0xYOTNqYzI3OC1mQ2RNRG1kb0t3RVMyck41QWFhVzJrdTZYdVpvSDF5WFI1RDltUFRUaE41bm9uOE1iMEZXMHA1YzdYZ2ZrRUFmTi1MVDNzaE91TUt2eVZEcmV4UEhhOWk2MWJPUEVFVUtjWkpmcm4wOVZTRi00bk1QeDdrZ2w0MUdwQmE0NVNHbldDQ2o1amtMX25SSFhieTV5UV9QM2FQZ1luUjc5bFYtZ9IBxgFBVV95cUxNclhPMEMtT01lMm9oU0Y4cUd6bndQRFNoMl9wclBWU3c2M3BRZmtvSGpTZ0gwTUV5dlhpT3NoMXJxWlpUOHVOXzdySTJzR0lvUEZpbDVlenVyVWtOa1d0RWtqV2NkaTFvSUdaaVhDVFB1WUlGWHBDZWJtSC1hLWp5clYyMHFfUUlSaV8xcjd5S2pYUUtjNjhoekdfUlBHamZHT2xobnJYZ1FiamJvOUplaFk5MUhKaDU5ZEdUWE0yY2s5eDdVaHc?oc=5,4.5
6a8499c85dbd7dc2528911f5,051187474ce84bc5b8e0d7544906d0656f072bb4d030735074b3d258042c09a8,,2026-08-18T17:43:36.450018+00:00,forecast_without_ground_impact,Greater Kashmir,quality,"Avalanche warning issued for Bandipora, Ganderbal - Greater Kashmir",https://news.google.com/rss/articles/CBMikgFBVV95cUxOM0wxRGhqQ2daQ1RFalA2Q3d4aVJmQlJaMTNHR3MwOFhOcHFzdjJIQmJPWkJuV1JBdnZZRUYwaGZiMkxhMFJKZk95eTlDUkNMektrUVY5SHI5MmdMZW1vNFhjUGlwdmpfMXlPT24taHZpOVFPaFVpUkNjMWxpUUwxMHFsYlJXZ2lZVVJKbEtwZGNxZ9IBlgFBVV95cUxPZU1GNGdGejFlbzc2VlNMejduSEVnS1VRdkI2RXB0V0JZajNIUTdiVTZkdmtXWTNSSGZOd1dGWXA1ckNLMmIzanhyaDFDNllyVVZ1V3EzUTl1ZTlfRk01Rld4eFlxbnhZSHlydEZ0b2NLeVI4MUJWdHVLWlE2UzJIYWNYRUJnR2JqN1doNTNrNElHVy1HRmc?oc=5,0.5
6a8499c85dbd7dc2528911f6,794628f6dd0e51ef9629d7820fefb46d57ee3ee732d1d3b824b2877d51ec3484,,2026-08-18T17:43:36.492619+00:00,low_quality_score_5.5,The Indian Express,quality,"After Sonmarg, a massive avalanche hit Warwan valley in Jammu and Kashmir; video goes viral - The Indian Express",https://news.google.com/rss/articles/CBMi7wFBVV95cUxOYk1oZXJsMGY0SDVkcUM2SWIzUkZfNlFSV0lveHBMZU5kSkRHVmc3QWxFOUxKd0kwaS1sSTFURE5uV3czMUQ1REg3WnNtdFJOZkRmMlV1V0hhbUZUTkJmaGJnMWJLYUdiSUJKNjBHdXVEZEx1SkVHUkdYMFJEXzMtZkFLVEtTdnVwUl9IMXpMU2hMb1F5NnV4U2dCTmFwR21DbnBhWWpJVjZVZ3VjS3pqOWR0S2pucnFnYk9SendQRVRhRUhRUU5VVk1QbHVNNjBSZGhjQ2tmOUpIY25XNFdJOUVGZkRIc25ESTU2RmZXTdIB9gFBVV95cUxNczUyNXRhamNvUlFRS2lIRUlzUzNSX2VpT2x4bzRObWZXNFZfNTFJYmctN1k1VnJJb19FLTdoZ0hmdVlBMl9wU0psUkR2OVlkTGZRQjJyTXJBX19yUlBNdTFDUzRDckJQQzdNUkZ5NHE4UXVCUmNhZlhMNVJZWlBBcUFKTHhzY0VwMHdqekYtd2I1SHZwUjd4UV95TnViZnJQZC1McEhLbEhacmlLS3ZNQWFWRXlnMU9rMHNFc01BeWI0RmJ5bFJNY1Q0MnJjbGt2RzBUeWFQbzdxdjRtNFlWWFZrUDNZTmZlNU9ZYU05dVJHODU2VGc?oc=5,5.5
6a8499c85dbd7dc2528911f7,9aa4b67e03f72541d74c188ffda0a23999fb677b83aec2ccc4b4f77557072411,,2026-08-18T17:43:36.544194+00:00,low_quality_score_5.5,Kashmir Observer,quality,"Snow Avalanche Hits Zojila; Vehicles Trapped, Rescue Ops On - Kashmir Observer",https://news.google.com/rss/articles/CBMingFBVV95cUxQc01qaW56U2xYN1U4Znc3Q2FzZEpsOFhGZ2hidXUwcWNQVngwdVhkWnFIb2FTV3ZTbmstb19mWjZOTkIxZDNNalNYRDhHSmx6bjFjTFpzVVozczJ3dWFibXY0ZUN1eXRneXF4aGlfeDJTclFuYVEwa1dYTDNQelB2ejlrYUJCZlcwSE9LcTJvZ3d0VmtaY09zZHNxWGtLdw?oc=5,5.5
6a8499c85dbd7dc2528911f8,b2c15739764fd529fd77adcce7a5bbc63bce0beba90aaae4ae9fefcb1edd2359,,2026-08-18T17:43:36.663410+00:00,forecast_without_ground_impact,Moneycontrol.com,quality,"Western Disturbance turns extremely active: Avalanche alert in Uttarakhand, yellow alert in Delhi-NCR... - Moneycontrol.com",https://news.google.com/rss/articles/CBMi4AFBVV95cUxNcEtlTzZDTVFQNzdUZ1FtN0xGcVk3ZVpkc1FfbGRHWmR3S2tvNFdJRzlOT3hyRjJ3WlhLOEh1dHFHQ1ZMUVlMMEVvRGZVZENWRHA4d3d6OVZvVWJGTGdjMUpqZ3ZsYkM3OHpzNU1xZFExblduMDVxY0NEQzcxWE5MYk5fU0xzdFpEcmlfd2JVUnZZdE1zOUtlS29vVno3QTdTeUxUN3BNQVZfTThxYVdmc2FQVTZJWGR0U3lVNGZsdFR0MGlES28wNXhyeXlYeWZ2NnZySEpwcEIteDdZeVdjUdIB5gFBVV95cUxPR0lObEdCakpTbzNnUUNOaFB1UzFraEFCNlF6OFBHSTF5SThPNVota2RqV2hTdzlyRlRtTDJ1bXZGNEROal9vX3lMV2o2STJ1a0lHQ1g2MVNPdGp4RUN0dnBRRWF1cEpJZnQ4RkhJR1BDeVMxdm5xd0xIcUQ0Q21rdHJFc3NFMmhUYURtc0ZzcTVVZGw2Z2IwYXZOR2tWSDVCdGJZTFVuWkdqTWhFRUc5dFRoUnZ0UkpjdERTbE0zd0kwdmlCUGR1eDg0OXp1M0lRaDUyZUNCOGh2VnpLTndwXzhLa25FZw?oc=5,1
6a8499c85dbd7dc2528911f9,c5a641c9a7dc67425a005c47704b46d43a1c0fd3c5b43022654966556032f5cb,,2026-08-18T17:43:36.708921+00:00,forecast_without_ground_impact,Greater Kashmir,quality,"Rain, snow keep J&K in cold grip; avalanche alert issued - Greater Kashmir",https://news.google.com/rss/articles/CBMihgFBVV95cUxNeDZxWGoxcHVYaWtOMFhLd2szVDBmbk9RdWptVmNJT25sQWFUZk9JTDN5alpuQ21jR0x6NlI0bXpUcHAwLVR6N1NjWEtCRHlXbnJUcnZPNFpxS0U4RWU3TkN5VW11RFY1b0IxSURqd1lHeTk5aXN4R2lKbENTeG9VQzZZSzUxd9IBigFBVV95cUxNbHRLSUktWVlxdHRHVnJmZVY3bVJHa3ZTMTRqZ1RGR3NBWjhRb1ZCOW50Yk4ybmdlQ3NKeGFvck9wVWtlREZSSkh3Mkgyc2kya3pFUThqZXF6S3ZxUW5vTk5XRVNFbUMwbVNIdldvNGVIOGNObUoxRERYa3FjVUlVa3U5QUYzdVkzM2c?oc=5,0.5
6a8499c85dbd7dc2528911fa,ebd59fef265eb495c55c53f116d4baf92edc0f019e2e2c20c100c63eed03a3d2,,2026-08-18T17:43:36.749220+00:00,low_quality_score_3.5,Kashmir Observer,quality,High-Risk Avalanche Warning For 6 J&K Districts - Kashmir Observer,https://news.google.com/rss/articles/CBMikgFBVV95cUxOeFk2U2xjY0xUS2llanpWZm0tRjVZMU1uM2x3V0JKRWlTOTBtYWNvV2txOFE0aHlpM1N4THFMbWtIVmw3ZVBuYVp4OFVQdjdiNEZYUW9fMEZka21aMEEtWFNmaERUaXpmYlh6b19KbHpFX2ZIYlluNzNfeUpnbTlGZkFidEQ0LUtrdmpDSTNuY09yZw?oc=5,3.5
6a8499c85dbd7dc2528911fb,10fde271b96be7a95b720b038e6f75bc7512376ea06bcb454cea6f7edfe50bfe,,2026-08-18T17:43:36.789660+00:00,low_quality_score_3.5,Travel and Leisure Asia,quality,Sonamarg Avalanche Amid Heavy Snowfall Disrupts Roads & Flights In Kashmir - Travel and Leisure Asia,https://news.google.com/rss/articles/CBMiugFBVV95cUxNT0pleUV3R3dqdlM5MTlkMk8tMmRWSzRfU1lWbUhIejA2cmIzdm1PWUlCcDloazctR0xrQy1vRTJEeGJSY3kwWno3a1FpV0N0V2JPRDZtYVQ2aWtvcEhsLXdONzNkRmZPRGFOcmxjT29BcFpDNF9RRGg4UDJvWjlKY0tEaXdtOGpLNmhPbEtpcTRTX0NheUt5SEJkNTJBbk9WajlnYWVSa2I2c2Q1RmMxX0tZa0ZRd2ZCbUHSAb8BQVVfeXFMTmFaWXhmVmJHQkdpZE5PelRMTjVzeGUzajFZSjBCT0p4YzZvV3daeV9NTW1pU3FYX0ltRjZ6b1FfbHQzR0NaeVlKNUZkVHBJWmdHdGVRVDFmdFpKQlRCbTZFRGlPSVlLdU9zQlJPXy05SlVLb3NWb1k3UUdwQnFwMGxaV3Z4bkZ2SkFFNXpwb0R4R2dZQndrbVI0WkFpZzFaRlNFMDhiRkdWNkRhdUlnejNFVmpjckdrTnRaMXNGNEU?oc=5,3.5
6a8499c85dbd7dc2528911fc,25c2d5b8713d582b85e61173e436d227d79fc1f1ac41ce6552971a0535f85826,,2026-08-18T17:43:36.828647+00:00,low_quality_score_5.5,Free Press Kashmir,quality,"Avalanche hits Zojila Pass; 3 trapped drivers rescued, highway remains shut - Free Press Kashmir",https://news.google.com/rss/articles/CBMitgFBVV95cUxOSV9wWTZKQjdPekgydjhKZzA3Q1djeVpXcVNsX05JVGR5bFR4VXZSalRzVEl6a0duODNnSENJeFhnaDN3NmZFaXYtMjNwZ3otajNpSVZ3ZDVtOWRLbmlHMm10TUtIcE1oX1pweTJNb3A0Z0o4RmoxR293bHQ5MEdOb3NLZlE4VHRXYnVtcVJ0VGI0VHhhVE9DMWJZSmpoNnFlekRHbjIxYVJlWnB4bVlXajBPbW91UdIBuwFBVV95cUxOSVRlalFsRHVrMy1RcW5xU0lrVWpTZTVLTGQ1al9SRndNMnFjTDJZTlM3bzVzRHEwWVAycTVvU25VNWU1Z2xrWE1UVm1RX1laRkR3VS1LWUhPNWwtc20wNnJtNVNfcm1Fa0hZWVRfNC1sZVNpaTZjeDhSVW55aU1TSENmelVPSUxWQjYydkNFOGRHOG5mcXdFWTRkeXUwZmdCUFRITG1wOTJjRzNVM3p0OVBfX25EWklCR21B?oc=5,5.5
6a8499c85dbd7dc2528911fd,819c133fe81e4ffa4a0e637ed1cdc53c7b271bd85d715e44571c1b1bd200a278,,2026-08-18T17:43:36.866367+00:00,low_quality_score_5.5,The New Indian Express,quality,Massive glacier collapse near Badrinath triggers avalanche scare; no damage reported - The New Indian Express,https://news.google.com/rss/articles/CBMizwFBVV95cUxQRHV3Yk00UVJvYmE4N3hXR2pMbjBBcGk2TlJXUDBKZkJHdzlOWGJSSkRBSWhGZGxNUFJMS2FyOUh6RExyLUk0QldBZlNEUWZGaTdMbWpITE1yNHB2UHdXdFJEbjJMckVKN0l2OXN2eW1hYUkxTXMtS2ZDMHZTQ1dxb1ZURHpZSDZINlVqenVnSUFHdkVMUHp2STRpU3VPellTVEc3blo4YVVMSVMzRzZna0tKRUJDOVFPdGpQNHkycmt1TF9sc3dTSFpoNHRlMmvSAdwBQVVfeXFMUEN1enY4LTZxb2R4WmdoSFNIeHpzSF9NVi1OaXdtX3dEOTZqMERLaHZkRWpSanowYnNxRVNTTDIxRm5fNWtBUUVIaXRRVnRISDV2dFcwNUVUWHcyMnowSFRmTUhfUm5jTWFObkpfM2JVUDQ4dXJ6OVBKQXdNRUxFS3BhTkQ4TmYzS2lqZXpIa2NmT2NBVHpsREtFNmpQQVFKRkNiMENQeXd5UlY4a2FCR0xxb1RQaVdGUDQ5R0Y5d2drWFhRR1RhOHNiOGpkV1pRUmt0RDktb1R2b2F3Sg?oc=5,5.5
6a8499c85dbd7dc2528911fe,96c27be619ff4ce2e221ce48501459b62a940ba0dc35e9d537ec8bb421610b80,,2026-08-18T17:43:36.905820+00:00,low_quality_score_3.5,vishvasnews.com,quality,"Fact Check: Viral Video of Kashmir Avalanche is AI-Generated, Not Real - vishvasnews.com",https://news.google.com/rss/articles/CBMitAFBVV95cUxPMzdiQUpJaTVqVTdIaHlnazlDSkRtdFpZRVduNkJJZ1c3Y29pRDBGYnR3VTVlaGZ1V0NBTGNzTWlNdzBwS0duNUNzaHpuTy1PUHhOcVRJdVRJNkpCbnJTYkU0cjJkeWNfNVhSLUZGQXpjbXFuRWRqZmhlYlBhbHYxd3VHUzBSU3V2MXMzZjJmRFIyeFRFSFBOSU5YTU1XRHY4QWQ5aldlc3pEMk54b0xacXMtTnc?oc=5,3.5
6a8499c85dbd7dc2528911ff,44333364206840d7dcc3d193c7c15d47832fa874a3f11eaa440959f2f177c4a5,,2026-08-18T17:43:36.952975+00:00,forecast_without_ground_impact,Kashmir Life,quality,Avalanche Warning Issued for Five Jammu Kashmir Districts - Kashmir Life,https://news.google.com/rss/articles/CBMikwFBVV95cUxPU2QyNVJhdzhjUnBsWDk4aTJqVXZZV1A4M0lOdTVURXpva1p5YWVqb09jdGNLWVFuM0pjUzJzb0RfWkVRRDl6d3I1M2N5QVRSb21PbWFvdkE4QlU3c3RIMXBsbVljaHBGZGtJNHBQQmljeGxmQldOTzdYTGZJY2h2SGE1cTEyVEhSaG5RdW53YW5EX1E?oc=5,0
6a8499c85dbd7dc252891200,bf2748960a192a59fc99b36292e516ae9bc632d4909e793e3a8e25337a9682e0,,2026-08-18T17:43:37.022177+00:00,forecast_without_ground_impact,Greater Kashmir,quality,Avalanche warning issued for higher reaches of Ganderbal - Greater Kashmir,https://news.google.com/rss/articles/CBMinwFBVV95cUxQWFIyaEdfZ05pWHlhSHlPVlBtMnRfY1RfV2pNTWpDakRva0NXMDR0NDdlbEhEX2lueEJycDM4TGhFQVJCdXA3ZWpBTXItVVEtRTdZdHJfdjJQWGZrLXU0eFQ5SDJ3ejhoTHNDMThoSTVWTkFUVjh1d3FSbU9fcGlad0ZyUVc0Y190ajVmcDdFSmZ2SXJ2UUgwNDdYX09va3PSAaMBQVVfeXFMT2x3eDdPa19sbjFOUmM5cVZTZTRteVRRcFBieDhmVU5vNm53ZnNPbTJWR2dhc0x4RlRQbWx0Z1IySC1maXI3RTBWMEZQM19BbTB3THBCUzNiNndydTZVNmlGRE5QaGxISE9BanhBVUY0UmRyZjdURHpETUV1ekVsSDRReVlQalVoaTBmS2E0OHhzMS1KajktRHM4SDBVeGFTVGFMaw?oc=5,0.5
6a8499c95dbd7dc252891201,1ea47f14bdc35faf07932718912dd30eb01c79ff1cae2001df7dc38872751c5a,,2026-08-18T17:43:37.113255+00:00,low_quality_score_3.5,NewsGram,quality,Snow avalanche traps vehicles on Ladakh side of Zojila Pass; no casualties reported - NewsGram,https://news.google.com/rss/articles/CBMiwgFBVV95cUxNYWN5OUYxSDZ2bXZCdFJIc3UxSm1oWG5RQnRPd0Y0ajFrTmJVUTBDek9PYXVtYnBmSXNMbHV0d2Zqc01MZlhxcnk3cWt5Z2lBWEpJYzRrYlJEbEhsamw4aUVvZHpvV004cDk4SUptc24yZTVNcjRpUENXRG96ekV3UnJKenU1U1I4bGFYdnM2alFyYWtiaTc0eGx6dkEtVWJwVlR5VHoxNldESmZBeVVZWXRBeE56U2hBTDJ2bW1jUkg4QdIBzwFBVV95cUxOcVlMY21kRXZVLWwxQUc1WnBucUE2cHMxTHREaTViY3ZfYTZaV0Z6RllQdkZfUlJPYmpYM1ZqSUVaQ1VRNGdkNlZMNlpUS3R1MUVvQ3k2OElwN0V6b2FXMm9WUGxFN290WmVpanE4OGVQT29ETXBGNGFiUWlaX2pKUXl5czhmVFFfdFpJZTJIRzF2OS0wLUVEc2paMi10SThJbkVaRzVPamw1V3RkSnFKX01wV2tzXzNvRm5rOFVqZ256RTU0NDl2SmFKY251M28?oc=5,3.5
6a8499c95dbd7dc252891202,e68d1c3ff4af0f76e7a8a76dcca49325d6c83f7678b42e6be56ff7f81a90ad33,,2026-08-18T17:43:37.158754+00:00,forecast_without_ground_impact,Telegraph India,quality,"Uttarakhand avalanche warning issued for Badrinath, Kedarnath after fresh snowfall - Telegraph India",https://news.google.com/rss/articles/CBMiygFBVV95cUxNN1o3RWVFaEZOaXZBTi1rd3R2dXZMMjFkMDNpV2J2akR1aEU5WkJLZ0hoVzBkbEpLbU1qUGRsNE05QzB6bHhac2xxMGdEcWtTR2pxZGsyWWtUb3VHd2VnTnFjSzFKTFdJeWVVNTFkdjROalBhTzRDMkdKTklmWnJIR241U0xjS3VYRHRGVUE1Z2RyaWd0REpNZW9ZaXRTUzBBME1QWVRVR09jVGNVblhTSWJqTl9VSTUwNFl2bVU4bWk5NFl2NTFFOTVn0gHPAUFVX3lxTE8xcWk4VmdUcmJZb1p3R29wWnQ3MzVRTDFRUmNRRlNqZnVNOUVQb0xVVkdJMUFGTU9NdmZDRXhjeDJsSzdyVTBDQ19DQlBMQmdKVUJyVGk4b0tMMFNrbndIdjN6Zm9QUUQybVVZTVZEUF9rOEpXWThDNFcydGRpQzk5SXk0NnJHM1QzZzkzUFhMSmFNQUpZQUd5czU2N0Y4OWZRZ2dpSVBrekFRdWdDSHIxSGpJbVFub3R4b3F3bDdJSFBaSnVIWlR4eVk5WDhWMA?oc=5,1.5
6a8499c95dbd7dc252891203,4fecfb415e06f2dd2953e3bf5de98fbc3d77eeb83e02726ebfd5dff7f0aaf5da,,2026-08-18T17:43:37.203097+00:00,low_quality_score_3.5,Kashmir Convener,quality,"Snow avalanche buries vehicles at Zojila, rescue operations underway - Kashmir Convener",https://news.google.com/rss/articles/CBMinAFBVV95cUxNbVQ1SHQ0UlY2YnN0TjFZLUtpTERFYWNMRGViUGJHRllvUXd6cTgxTzExWDFvQWM2R1p6Y21TOXFVVVVCZDBSTTdSaXVMR0toN2wxUUw5ZVhSTlBTcHpfbVZVU19xYjc3YmVYRnNJal9aOU92UDgwOHAzaVBrRE9VcElGTVVKcDF2SkNiYkpZaG14emRmQ0NJeERXbTY?oc=5,3.5
6a8499c95dbd7dc252891204,530611f54be9d40777d6ba7ed28bd0b668a9a264f025823ad5b154487576875d,,2026-08-18T17:43:37.270835+00:00,low_quality_score_3.5,Kashmir Life,quality,"LG Sinha Reviews Zojila Avalanche Rescue Operations, Orders Full Relief Support to Affected Families - Kashmir Life",https://news.google.com/rss/articles/CBMiywFBVV95cUxNYWxRTmlmZjZtZ3oxbUdzZEtTRVNYd3ZRYzZ4anl0TzhNMVZnZEluQjZqM1JmRkNmNUV4X3VDWGhrTDc3c2RESVJMbzFRTkRweFdlVjBOZzZWSExmNEl0ZHdXczZqRjRmZkhDRk1HS3l6cFdBdWlveTVJX0I0TmM1U25uejlzd2p3R0p6NV9ncm1xQnJSTV9HQjZxV0tFaXo3V2JQYURLT3Eycmo2dGsxTm00dGVjSzkwRU53TnUyYnFOOGhjaVFRMEhnRQ?oc=5,3.5
6a8499c95dbd7dc252891205,3622f71239f42a5709106dc734ff669537a1daaec44cd6380dde9cacca95822d,,2026-08-18T17:43:37.315254+00:00,low_quality_score_4.5,Telegraph India,quality,"J&K issues ‘medium danger’ avalanche warning in Ganderbal, Kupwara high areas - Telegraph India",https://news.google.com/rss/articles/CBMi0wFBVV95cUxPZkpBOXktd2k4ZTF5SWFOWHJ6VnprVTRBb3NxNm1CNGVHMS16SjF4eVdXUG81VGZaNmcyUUVkWkhwUFpIR1NfSFpldm81MGJITWZTYng2SnNOSFJVT0N0NEgwYnE1eGpRZ3cxb29vQVFMSi1RLVRNTWpZa0VfeTQ2QlpLYUNveXJDOVN2YllxeEM4UGNDWnNxcXBHOUxfbk9KUWQwdHBtX2FEMDBGckVVVkp0c1FJeTl1bDJ1eERMZjZ6R3RkTjhKYlduUnhOam1CNFJR0gHYAUFVX3lxTFBnVTFyQzBhWnd3c0h1Y3A4RVFxZVFEWkxaS2dHNzhyUWFISjQ2OGZrNmc2ZjVJdll3eUpKOUNaZUh6Y0xlbkx5bW13Zk9SOThjVHYzX242MTVYWHN1UG1LMnUwWUlUOUVSRmZZckNYUVFRT0REbk50aldhQTBHQThWU2hpVzBzWEM5WU1DZnVXRU53RnZiSFUyZ1dKX3RMVklPbm40cXAxZWJUeW02aVc3WFRMSWYwb0NVMzJ6Tkt2bkduMjNsMDhtdDlleGd2SzM3clJ2TWtXVQ?oc=5,4.5
6a8499c95dbd7dc252891206,5fd90fb13191ec1cf5830ea2c9eb83626c9150798afce2205eaaab2f12b31090,,2026-08-18T17:43:37.365649+00:00,low_quality_score_3.5,Kashmir Life,quality,"Sinthan, Margan Top Roads Closed Amid Heavy Snowfall, Avalanche Risk - Kashmir Life",https://news.google.com/rss/articles/CBMinwFBVV95cUxPYzhyUVR5ZG5HRUhCd0pxWEZ3WTU2ZnBiQWkxVDNfMEFIMDMteFF4Q0wwOUFVdTVmdTF5YzZhWFhfd2p2LTNRQkxnYmxPbUJlUEQyUUxFODhNQVB6Z29Gc3RjNGRrVzdZZmUwa2RSbEQ1VXVxNWpSWFE4blpwY0NCTmp3bGprLVhVRVBRTTYtMEg1em1RWjh3czRfN1NKUzQ?oc=5,3.5
6a8499c95dbd7dc252891207,964cfcf8fa8c14fa8d5409a91a96dafe37a817a4a1fd97afc2dc602a3e06bf92,,2026-08-18T17:43:37.436475+00:00,low_quality_score_4.5,Greater Kashmir,quality,Tackle Avalanches! - Greater Kashmir,https://news.google.com/rss/articles/CBMiaEFVX3lxTE5UN2NuYUtwdFR6YmZZVHhZNy1YZ3V4ZUJtcEkzLUtRSGNKaS1WVWpWQ1QzYVRMZ20tN0lJN1ZiVnBVU3AxUU1tVVVYbDhLTEZhU2RUV29zbE93dEZoZm1PaXU3bWE2dGNR0gFsQVVfeXFMTmxlNFRiU1lZbWhHMkNrcWZLSUNsc291LXo1aTYzVmNOS2Q1LUJDa194eG9nTmdHemdRT3NKU3ZPWGJnRERfaDJqWXlaSDZSRWhyaTVUbkhnR2JYRFNQY1VWVEJ4Y21nZFp2WnVO?oc=5,4.5
6a8499c95dbd7dc252891208,5a3861d3cb47fc0e5da5fb5b7db72ce4cca6e8fdd070330243b5ea6f47e15889,,2026-08-18T17:43:37.483234+00:00,low_quality_score_4.5,Greater Kashmir,quality,Ganderbal Police issue advisory after avalanche hits Sonamarg - Greater Kashmir,https://news.google.com/rss/articles/CBMiowFBVV95cUxNNktzX2NUaHJxVzhCQWdEdzgtd1NGMGVQTWJOUVU5anZycVVncHB6c1VDd29GNU1lNHd5ZV9qbjlSc0FsSzJvVEhnNlMxeFdwRkFTWU5GLUxfUHI5X05yREh1dVdwTTQtWHYyZUg0YWk3UVV4VW9lSy10QjZkT2dacFpMMUVtdmdXS0tHbkdqY1dnd1AyM2xYZFVfcktKd3pydHRn?oc=5,4.5
6a8499c95dbd7dc252891209,659a1ee16fe88e3e9c923d9331cc6c2043a829590a0832a37e5c5749fe3f6da8,,2026-08-18T17:43:37.681051+00:00,low_quality_score_4.5,The New Indian Express,quality,Vani Vilas Sagar dam nears full capacity at 129.4 ft; raises hopes for farmers after heavy rain - The New Indian Express,https://news.google.com/rss/articles/CBMi6wFBVV95cUxNaDlGckR0V2std3dmMkF0cjZKeGw1RG52U3EzUjZpSWxBdV9YOW5Kd1ZsWjQ0aFRJMFRVc2drdHp6R1N1OTU3WEkyZ3RpNkxVeHRFdVZPWTVmd3dPVUlLR0ZwaFBoMVpyZXdvV3FpZkhubEY3MTN3OUswTTVBNVdiMEpKY2taclQ3OVhsVzVtdFZfUUZVbDJsbllwaF92QVhqNTdfc0JHWkd1V3g1ZTR4QmdnOWh5Rjc3bmhENm03Ym1aNEZobWljNXN2VmtaaGcyTFNhVjVfdlo5YUlMejBFS0VBZzZLUWwwV3Fr0gH4AUFVX3lxTE1IMWdLbjFJRy1vWHBrbVc5Sk54bS01dF85WG5zWVRGYmN1eTdZaWdVRlFsVlBSR1FXazdydWpjTWhJMVI2VEw3ZFFXUTBYSlA2bVhBRWZqd3d4bjFzMmgxYzVWRS1EZ01NT19FaTZheXFWc0JrY3pNTWMxdkFwOVdzOEdOQkVGcGhPaEktMk0xZnpmejdrMU4zSzdGamhfaHVyaHQyemNYTG1rS1RIbnVtdnJUelliRXZjdm1IMzBoRVV1elB1N2pnX2xMWnBEVDdPVnVoT1hhb241LVFlQUJ6UlRQdFZQYXlkeXY5UFB3a3ZHLXUtMFJ2?oc=5,4.5
6a8499c95dbd7dc25289120a,7ae558a4916b95c1ea54161c6c3e9878fd1a0b544bebbb0a79faef1b6e1caaf7,,2026-08-18T17:43:37.723387+00:00,low_quality_score_5.0,PBS,quality,"In India's northeast, icy flood that killed at least 41 was feared for years - PBS",https://news.google.com/rss/articles/CBMirgFBVV95cUxNdzVxQ19NNllWU2N4NUJudFJtdXRLZjFxN2lqRHdGSUMtVVMxVmp3UEd0Q0VBUUJqci11UlQ3MXhPYTNBREZVNGI2NlMwYkNVY05oMkZyZTFNUHVBLWhlRFg3U1ZOcGlTRm5LQVFVUGVnS1c1TGM4dDFfVDlrNjZJLWQyVGNUXzZCZDhuWmxwM0JGc1BqS2x2OUlhUmNSQ1BrUno5dXFRangtMm9Hc1HSAbMBQVVfeXFMTUZrNkg0Ykw0TW9pY2VRZjhWZzBFMzZnVUh5WWN6cmJuMGxRZFdtYmZLdEc3N19jTlMtcWtiSzlTcXRyVVlseW1ORXdmWUpIX0xSckVSeWtPRGtOSUUwNG1HbkhjQ29qMUhGaG9mbVhXd21JWUs5SjNxX0tidWc4aW9HVmVFS18yWWVxOWNsZjloS3dqOWRpeFpFd2ZtUTNob1R1NVVlZDZuRXlpVVJqWl8wWDA?oc=5,5
6a8499c95dbd7dc25289120b,67a8813ad169ae37974a355fab9822c7c98962e3a83d29d69181ba6a88ee7a54,,2026-08-18T17:43:37.764998+00:00,low_quality_score_5.5,India.com,quality,Tiware Dam Breach: 24 Feared Dead After Water Overflows Due to Incessant Rains; 18 Bodies Recovered so Far - India.com,https://news.google.com/rss/articles/CBMi3wFBVV95cUxQckVBc1ZOWjFQUnRJVHMzbFlidTA5eGtpTGExcEpId3VwQkpLR3Y2bUJ4S3VqOXkxc1VQNHR3TE5tY2JjWnhWZExwZEtfekMwWUZJTzBuZkNGVHJwU1Qzd2VDX3RobVpxTU9ralcyUFdWbXd3Sk9aT2Zxb21HN0RBVjE5X0FnMmZSWk1CemNkcFZyRGI0U2VETVBCSzBPam1BQVZqaWFyYjcwaUd1U1hKZnBtLUtBZW4wU3BTUzZkbk83OWl5Q1gtUkF0eU1YOVpKSnpVeUtSUmhCVWU3X3RR0gHkAUFVX3lxTE9uR29ZX3JDVUhjZFNQOWtpRmhFRHRtYzlmbEdwR2JQbWpOOEdldmt0dW1fbGFmbUVYdkJYQ3pnZXZTSTFmU1N2VGtDQ0tkcHBHOThhNVRFQ1Y2QTNUcldtUy1sNXkwSndFQ1VBZWxOSEtnZFBBVzloU2s3YThnVElqc1M2VnlPSU5ZNDMyRG9kbml0bW5qanZmWVlKNUNQZGk0Y3h2c0xxcVBYZklJamVjZFc5eVJCTjI1b240bWljYXNKcUR1eUk1Q2NCck1wOEV1UHdsMFBoZmlYMURvaVdXb3ZXYw?oc=5,5.5
6a8499c95dbd7dc25289120c,9b43e2f2b36f069860189d0721cac5fbf462a1e02512f38ed9274e173cc29b6d,,2026-08-18T17:43:37.804408+00:00,low_quality_score_2.5,"South Asia Network on Dams, Rivers and People",quality,"2025: Dam Induced Urban Floods in India - South Asia Network on Dams, Rivers and People",https://news.google.com/rss/articles/CBMid0FVX3lxTFBQQ2tyNnN0QmVPN05XN0xTZ0dvd3N3SVNXTVlOWTVFd2xSbnBnZFZrTDFhcm9HbGNsWk9wZDNsWHNjeE5lZmdQVndFVWpUQlB4ajJDVUJxZlR4WHNoMWhyV3duNE9ORjRfR01qZTRQWlExWkRqdHlz?oc=5,2.5
6a8499c95dbd7dc25289120d,21e0d88f3b8f144fc014c5e623bbe693221edce3af120f8fdb977c23cb5aee41,,2026-08-18T17:43:37.839911+00:00,low_quality_score_4.5,The Indian Express,quality,"Heavy rain: Shetrunji, 9 other dams in Saurashtra overflow - The Indian Express",https://news.google.com/rss/articles/CBMitwFBVV95cUxQV1l2WlV3ZXJER3lETlRvRFhJSnd3V1RnbFJLWU1YZ1NlT0lYY25uajQyaW9ZT1NJeVFMN3Zud2wxLXJEeXJVazRJWEJfRk02MVRiZ1hOUXRPc0dIQVpFb1RpZ1E0OGFPMkV5MjNVUGlOYlNxRjRyTjd4TEZCSlBqN2hPMVMyN0paOXFWSGt5RV9BRnZRYkZodTdZaFdUMmZyVWE2QThvUnhNVnZ2SE1TZEtHNGt6M2fSAb4BQVVfeXFMTWgzZWludnV6NjBFOGpOQmp6Zzd0dVB0Ty1xRzQ0eUZwX0stSFNRRmhOMkloVVNENDFhdUc2elI2d0lsR3UwZGtvX3VERTBHQXV0R282Nzk3VWRoWEJ6VjFDZVNzX21zN19XU0Fvbmw2c2dkNkVDMnNpS0t3WEJFMk5jSWdTRDZ0bVpBdjVLcWhXMWtORU5fcm1PSW1IVkxzSFNVZWlxbXVKQ253anphMmNDT2NyanJMNnRPQy1lUQ?oc=5,4.5
6a8499c95dbd7dc25289120e,0235cc0c1f0026362f101e6812043d2c321c981d9f5b2a55562bf61ab7f29440,,2026-08-18T17:43:37.879792+00:00,low_quality_score_3.5,Down To Earth,quality,Reservoir overflow worsens flood in Vadodara - Down To Earth,https://news.google.com/rss/articles/CBMimAFBVV95cUxOWmhyVVJrYm4zWWxEQ3JfWmhsa3dTWUFrR2otVVVBWGRUY3ZUMTM2UEpwM1ZIaG5yZ3ZZYVhISlpVMUVaSktKbVdMcHRxTk1ON3NYRjN3QWdDSFRVSUo0SmZoNEx0MUhjbXVuOTNSODBlak9nX2d2R0hBbWN2US1mQ0JSNFRwY2VkanN5bnVjaTI5RVZPYjlUMNIBpgFBVV95cUxOZzc0aEF5eklaeFJXXzRxREdiWFd6UkswRzBpb3Q3WXk1RkI2Q2F0ejhGTWdrNnJIODRib0Zldm5CalNKd3FJaXNmZkpyY0daa1VsajJ5WjJhVm1kRXlXSkNwS2NpOVJzU3BGZ1I5Ymd2R2JVSEoxR3hoUFowVmVVQ1hGRG56ZU8zYWNsUkdPTW14ZUF6RlNKc0pWdWFZTTFjS3FrQ1N3?oc=5,3.5
6a8499c95dbd7dc25289120f,98aa386f38636d4e48eaf6f99ab836f5cefc5dfbbc1f3fe2d1b683f9d9688830,,2026-08-18T17:43:37.918915+00:00,low_quality_score_5.5,The Tribune,quality,"Flood situation turns grim in Punjab; Ravi, Beas and Satluj rivers in spate - The Tribune",https://news.google.com/rss/articles/CBMitgFBVV95cUxNNmNZd2FaUktHb05laG40QktRc0pvRl9Zd25RcENWUWtqdmY3amdzOHVWVDBGR0M0MFJyYWpHQ0NkWTVMNGF3MUNEZnpWVHR5NTg3Y25xX2FZVi1HMm1WdEtXVmZuTnpmZGV0ODZqaVloR05uV3RIYjhKenhvSWlkTzlVQmhZRDRGSWlWNVNZb080OUJYdUw5Vkk4c2k0MkNOR1NoZUNFZUZkcm4yS042VXF3OEljQQ?oc=5,5.5
6a8499c95dbd7dc252891210,915d67f8405220ce18788fc4b39f2730f52a42db132b3548ecd495970cf52179,,2026-08-18T17:43:37.961885+00:00,low_quality_score_3.5,hindustantimes.com,quality,Heavy rain lashes Mumbai as Tansa Lake overflows; reservoir stock rises to 62% | Mumbai news - hindustantimes.com,https://news.google.com/rss/articles/CBMi4AFBVV95cUxPTEg2dkhNMGc2eW5PT2ZWdDdYSmRNMVVXMUh5bTVqS1VVd3FxdkR5dlhTbktXMlhjekVQQnRWYXl6YnN5djlNRHpGUlJIYm45Ri1xeXAtZTBCckRhUmhRM2JTdERXQ3dXWVhQM1ZkcDhDWDJ2LWZtZ0ExaVdjOUtESzBXSXpUSUJuYnlrbFJ4b0NXTFA1Wmp3ZmhsbURScFFZRXgwR2hoMVVkRlJiSF9YMFFpZmdRMVFIS250Q214S2RsUDc3V0F3NW9PS0hXQk9NR2tGWGN1TVNTMGgyRkNYdtIB5gFBVV95cUxPZk1uTkp0UDlFajkySGthaXdsbV83S2YwOWRDYjVpdThVdFFjeHdrU0NXRjFfRzZ2TGdxQ2xscl8xV3JCYTIwcGRtOHBaLVpKOGIzUi0yWFBySWJiQVJCaHE1ZVZOazAyc19XUUUta3JCOGtQT3NuWm9oZms2LTYzRFY2VmJMSXpGUGtDbmJDZmFBTEZfekVzeTRnN1Y4TGduM1Y4bEJQY2hxQ2w1VWRUZjgwX0dYSXY2N04tcjJiOEtRUEhRNVF0YmRSRlc3OC1PZFQtSDc2THUta0VUeTdIb1dSUFJDdw?oc=5,3.5
6a8499c95dbd7dc252891211,90af7cb8be46b0483711c21eb09f70e6d49f0e05905779721ca633659560a40f,,2026-08-18T17:43:38.007509+00:00,low_quality_score_5.5,The Indian Express,quality,"‘Man-made disaster’: Gujarat BJP govt held back Narmada waters for PM Modi’s birthday, causing flood downstream, says Congress - The Indian Express",https://news.google.com/rss/articles/CBMiyAFBVV95cUxQWTF3bkhEYWR4Nm4xdUhIaGoyMUR0YldCX0ZHWGRicGM0RHBJQW1hWnhWdUhURGJ4bnZOUTNlRHI0SlBYR2h3QS1INWgtcGNwbDlWMkFtTnVoMXphMEpMY0g5NEVZSlgzMUxidlU4Z3VXWlQ0RVJibzNrN0dMTWhqUVpfNXNnQ0FkTXR0WHpfMXJiX1lzRy02R21rWmNGQ0l6SjFfMUlJUnlXTXNlY0YxeGIwS3kyVHhfSEhUQWxNVGZ2d0c2UGxXR9IBzwFBVV95cUxNMjV4ZHNSeExKemJjTzlYMjNwR1ByaGpWLUJKY3NmbURodjJnMnJIUW1nMUpRTDBPS1lxUnJlSk1neDRmSGlLZWVkRjBhN3ozUGg2eGpoN3Z5ckJUS2s5aXZ0MjlSaTBjQ1ZxR1VZN0hZaGdKcjlhVHpUNWRMNlFTVXRVWF9ha3NvejNOQWNBRmVReFpVdVpyZElWalgtdmRRWjNocy1oSkE1QkREQnhHZC1TNG9lYjJobnVDTUZBYUhxeXVyV3JrMFFyRXlEcDA?oc=5,5.5
6a8499c95dbd7dc252891212,ff649b3109de01645208c3830574d1cd669c6f54abeae1bfb6e0dbe63d26c294,,2026-08-18T17:43:38.056576+00:00,low_quality_score_5.5,The Economic Times,quality,Tulsi lake in Mumbai overflows after heavy rains; over 90% water stock in reservoirs - The Economic Times,https://news.google.com/rss/articles/CBMi4AFBVV95cUxOWGQ1MlpTUS1DQkNrX0dIWWx3SjllVVppbWlSYXRIQVVOTFJnOWRsQ29acmhXT0ROWmpmNjRDa2FHMmpZZndMQ3lCWW90eVp1N3BYXy1QUjZIamlVckUxR0c1M2V2MklaNTdQOXRES1VISFZCSFAwd2RFdllod056a0NNNHJSdzZyRmZ2RmdZM19IWVJENmtZNkptY2dWYWdTdDE0TmxaSUF3REpyQ21ndld0Zkt3SkFnc0hSQmtndm5IbjB4T2JpR3dObWZwVlUwSnUxMGx3NWpIWl9PcUVYONIB5gFBVV95cUxPSGxOa194UUs4Q1ppZ05KVVNITWo3U1Y5MUNJemNyV3ZFdlJBek1hV2ttNWJPWTBaODQxcFppMTBkYlN0ekxoZWduUEVJTUswWnV0dkRkZ095d01FRW5yblBaalJFMURsLWJLZzVQc1c0RHV6c21PWE80M2ZSWS0wM0x6RXpiNFNQeWZuRnRQa0pBaHRSWVo1YkwzNHBoX1JLRFdZMlBzZEdITnpULTRQM1NQaW10SWE3TDAzVm9jUXZRVVJHbGJLMWRLZXNLTjJ6cDRXVzdKekJUSmR0RUhJaXU4Z2pHdw?oc=5,5.5
6a8499c95dbd7dc252891213,b4a9fc0397568d2ee0db9973ca4f6eb25a1cdc29238aeb3099c30efbe059af6e,,2026-08-18T17:43:38.103022+00:00,low_quality_score_5.5,The New Indian Express,quality,"Gujarat BJP held back Narmada waters on PM Modi's birthday, creating a deluge, alleges Congress - The New Indian Express",https://news.google.com/rss/articles/CBMi6gFBVV95cUxPY1lMWm5oaUtSYUtmNFV0NUw0dGFxS3BmQ1R6NGMwZzI1NWpyaEFuWldJRV9Sd25DWEJ4WjY0Q3ZoUWpwaFdRT0lOSm4yaF92ZFFlLTBHTWFNQVVTbzBXWU9raW1ZYy1jTzhyWjJ5UkdJbXVScEN3TUNNa0ljclRGZjY1NVZSMERDNGtkTW8wTkxsc19WX095amxoRFo2bHFXdlJnOVdFU2FGMXFySVZyTk9FOWFXV2VzYURLVjVIMFdiUXo1aHdIQVhpa3Z2Tk5KODFBSklSSlJ1a2Fnd0xINTlYZzRqRDVIZlHSAfcBQVVfeXFMTmI1aFNObFRqWENFalBXOFpWdjc5dTBXNFhfSTJYMjROZVR3TzUzYklOUVgtcWRSLXI0VEY5ME1CbjdvMm1mVFUxRlJQa2tQWVN1LWgyQnFOZlpFdUlEdXhxbll5cGdteFRXQWZfSWtoM2RpMndwanNtUXk0Q01XZ2RSRFVwWHpaVWJ1MEUwOTJCT25kNjFTSE1hZlFjdld6NENZUjZ3RHJiY092X3ptMDBtWWExalM5T20zcjdxVHJuR1l0YW5VQ1BnMjl1ZFFrRng1MHRDdnZMdXpVNzFSZWdwQlhPb1ZRbURiZnVHNEVkZXVVOHVRQQ?oc=5,5.5
6a8499ca5dbd7dc252891214,1fcf3047a6ab263ff819b2e8e800753d6f1f87e9ca8ff59e6cc07445c02f8588,,2026-08-18T17:43:38.144508+00:00,low_quality_score_5.5,The Indian Express,quality,Gujarat floods: How the deluge crippled the state - The Indian Express,https://news.google.com/rss/articles/CBMif0FVX3lxTE9RTE5xUEY0aFdmV1RiRHlqc2tNbnpRcGF2cmhsSWR2TEd1THFmLWN6UHF4eE5ES3E5Wml3SmxWaXRteFVMbnlSeU40cUFBTW5SRGFnM1JLeGNpVXhlM0hKX0tsdFFrUXpXXy1oSHRyQ0J1MHRDcVhZRmp5NDJYLUXSAYYBQVVfeXFMTjlQZnZvZDFjRmlGU1R3cTg2U0N1QWFPdEU1emFmSHNzMzZESDhneVE4SHhMZDdEOXNMOVVvYW54M1VnWXlEWkRzTUlaU09aeWZIaWVtMVJ4Q0dIa0dDUnZlTjRxNFJTQnNxdFczY1VWM20zc1ZiUmZ3Q01ZYlhieVo2eFJBRUE?oc=5,5.5
6a8499ca5dbd7dc252891215,52659e6ac3bee0ecbb5509e991500f83dacc54ed7d60789ba04c7602856479e5,,2026-08-18T17:43:38.219196+00:00,low_quality_score_5.5,The Indian Express,quality,"Gujarat rivers overflowing; Vishwamitri river in Vadodara inches towards 20-ft mark, but civic body allays flood threat - The Indian Express",https://news.google.com/rss/articles/CBMitgFBVV95cUxPMEdMcHFHeXRxMmt6ME96SUNyU3lrRWZWa1hFXzhVT1VFck1DLW9BQi10MjVVUjh3SDd6ajhOeFlySW11dXloSy1WTnhkTnV3VDl3emUxYlBuWGN2VUVUaFJhM1hvbk5lakNxVUhYWEJKR3hlVDhJdlFlN25qcllfNEFEQ01fRW1xR3Z4MExQTmVWeFlQdEVYWVBoeTBvTThoZnNBYTE4Zi1TRVdMWF9xMjlteUk3Z9IBvAFBVV95cUxQZGxZV2RycC1MNmVXSGNZaC12MDl3QW50S2RPVlhIcXlUa1I2QUJvQkhmR3dIY25NdzBnb1l1bDRvNFdGSDZKVEZ0cWUzMEJKY1E2WldFcUNYSUIwaVVFR2NYbkRBN1U4VVFnTHFMbjFlOG92STJQQlF5TFFBQVpIVjZURExUeGtjX0FnWktzQzBPQkE5RHZuUE42T1lmcTRibFVsbFJaZmxJT3UwSmExSi1mMThKbDFSeDlJZA?oc=5,5.5
6a8499ca5dbd7dc252891216,581cdcd18f439a67395608ba5c03adafc0543fba2ad4c100c4008de57a972e61,,2026-08-18T17:43:38.255607+00:00,low_quality_score_2.5,"South Asia Network on Dams, Rivers and People",quality,"2024: Dam Induced Floods in India - South Asia Network on Dams, Rivers and People",https://news.google.com/rss/articles/CBMib0FVX3lxTE9DSzNQa1lRVHUtYmdnelJMdnd6TGlteDF1OUdpMlJ6d0NnT2Z4cm1PdjlpWmRkRW5sdmNwZHJaempsZENBczN3ckFCSHV0STBiYkhZaEtyS1QzS0NPQ1VkYUpReXRmRUpoZnpucUFldw?oc=5,2.5
6a8499ca5dbd7dc252891217,024c0968dd26bd90053527c29aebc508927153552bff1fbc559aea46c441e8fe,,2026-08-18T17:43:38.297669+00:00,low_quality_score_2.5,DVIDS,quality,Community celebrates 75 years of Indian Rock Dam reducing flood risks [Image 6 of 7] - DVIDS,https://news.google.com/rss/articles/CBMiqAFBVV95cUxOYVIwU254bkthZmt2ZzYtTUk1cFFWaEVOcTB6SklrbUREZ0FDX29HQVZ0bDN5ZGNxRlkzcC1PZkg4eWtpQlpGVG5Jczk2NUI4MEo1czRBYVlnSE5BSFV6VUMybTh1Nm43UHNIVkIyY09CbVFMajZWb1VkMjdrUmEyRFJwUUNhMlViLVZzVWItYS1JMVFodnl6dk1IMG9rdGd0SlU3elpxaWY?oc=5,2.5
6a8499ca5dbd7dc252891218,571dde0f1338006b2186dc4a3433ba95b223a9a06e80a11624878d436b64a6a2,,2026-08-18T17:43:38.337188+00:00,forecast_without_ground_impact,India TV News,quality,Tamil Nadu: Flood alert issued in THESE districts - India TV News,https://news.google.com/rss/articles/CBMi5AFBVV95cUxNWlRBQlZOZzl4bmp6emJGb3dyVzMzNFVyQzIzM2pjeTlxeHE2R3RLZ1BSZzYySTM0RnFtNy1Gdmg4eUVBUHlsU1UzajJFMmVJYURtV01GMXktR1h3c2tCRHBEZExOV0xSQzdRNVVDVE9lVldqTVlLTS1uWlRuV3BYZFVHQlFIa2wwczJycS1WNGRObmhGSkVUT2lsUGl0SHctYktWY3JjZE1yLW9kdVc3V2JoemNaSjZUeTdzbEtkLVkyVEFkN09tVGhnaXlkM2R5eEVYa0EyUG55U0NOeG1YQm5WUDXSAeoBQVVfeXFMTzk3c1ZTLUc0amFxakpUM2ZUcFFtY1MzWmozaUxTU0xMSFhQTERReFhMQVVpa3lwQVhJcTNJYXVra3BqTDViLXp6czJVR09hTHJ0QmNwM3dWZTJCWGYwSnAyRllxdHRuRW5jUUhkS21lblYwOXpERzgwTlBWdkQ1QXB1NkdLQUFISmpSdFRGbU51c19xTUo0RXRRVWxYM21ZSnpLdTN2VXdvOE5GR1haN0I0Nlp6bjNxTHY3MlRJemU4MGdKdjU3T3ZLd0l1TkoxMzUtSUZXNVN1SHk1UW5uWGk2eEtwdEhlNGFR?oc=5,0
6a8499ca5dbd7dc252891219,03684cf88257ad9cbd36596184a18f4d85fd7a25548dd6cb9be8841653efeb02,,2026-08-18T17:43:38.529371+00:00,low_quality_score_5.0,Anadolu Ajansı,quality,9 killed in building collapse in western India - Anadolu Ajansı,https://news.google.com/rss/articles/CBMilwFBVV95cUxNS3hySldCQ2RDTGE0QjlOT19UNDdoaGJ2WDYxVzR1RE5ORVpWcWhYX3hmU3p6cnpEOXJyeTFzekk4WXZJNHZ6MzB1ZV9KOWFBRS1Od05GejZzeWZIb0ZaUUVueW9PMGN6SDJWNHIxOVd1QXRjSGZwZXJUdEZTLW9mOWNSazNwVUdQaDVZb3Y1SlRvc3YzajFN?oc=5,5
6a8499ca5dbd7dc25289121a,a6c855104278ff86328d6654c1d72cd0d34de6c5dcc802d4bf1fa91262df6871,,2026-08-18T17:43:38.631625+00:00,low_quality_score_5.5,The Hindu,quality,Building collapse near Pune: Two more rescued; survivor count rises to nine - The Hindu,https://news.google.com/rss/articles/CBMi3AFBVV95cUxQNkQteTVrVHdYTVNvYURvU1dtSUFzUGlPQ1lFYU5UcHVLMDcxUU10UXl1VDNHRGZ2eWVoVjAyb3BhbDJjaFB4T1dHTldKZDhld1lYQ3lSUTdoeGU3RkVCcE9JeHBlR3lrSEE4ZVR1cDFnNWp5MnBfakRobEp5ME1RUHhNb2liTGZELTlLVHlNRVU2cXJoNmFCeXpLaUV2dFIzLUR3eUc0QmFEZ2tzNUxpcTZJaXc2dFctWHRKVlBwaGtxQ2xCSF9jWm5pZUVOalJmNUtUbDJzX1RfRTRh0gHjAUFVX3lxTE5QcDd1ZlVJQXFkQ0YybzhRdjFPekRYdzVEN0dRRTF6ZGpCcHpldTVDNFpIbnZvb3V5TkZyT0w4MTZ5YnVEOVFkckY2VlZnSTVndTR1ZGdQajlCZmp0Q3dwNkp1aHNzT3NmYzRnOTVIVmVBYUowdXYtZXUySkdZY2JWR1lkdTh5NHEwMjZVUWp3QzdDTENhaVYzY0s3NFdyaXE5OXNHMzFYLXg5aUtFRFVpTmlWazUxNEQ3ODhOemdFU3B3V3ZVUmlTRzB5bFo2X3VWSzhmRWs3bDBYMFJ3ZEdEMHNR?oc=5,5.5
6a8499ca5dbd7dc25289121b,f236152d467313ab36a0680728ad698bade81927f61dd303b1d703bcbc373ba2,,2026-08-18T17:43:38.808538+00:00,low_quality_score_5.5,NDTV,quality,"No Food, No Water: Maharashtra Building Collapse Victims Share Ordeal - NDTV",https://news.google.com/rss/articles/CBMi4AFBVV95cUxNQTFnZ0JqNnl0aUM1bFVnZHBTMXZ6VVhIU2RmUjloRnFPejJLdTVPdlB6YWZwVWd0LTd3YUFuTTd5SWx6dzZ6c3ZmZEJQWlc4bTZkbFd5OTlDTnhSOGhOSDYwNnpQczdDVXZVSUM5aVZVcm1FVm5NUXBhU3I0WUM2bEVOTTdKek9rWk1FX2dPUF9ZcWZLdndkRjBrVUVlVXo5U0JRbnN4elNyWGZTMFF6aHZQTlp2cEJoekJ5REV0bWlsNnZiMDNmNU5KN0hNaHh1ZDdWSzBXT0ZveVIyYTdfVtIB6AFBVV95cUxQMHAzc0NRakY2RVU4MW91bVVVR0NLa1BKNzN5OXlwWXluY1pFc0M0YksyVllYTnU4d1BTWlotdUQ3WGFsZnFabGhYcm1VNmFoT0YtMng3WkhMUW54Znl6SkdPNDAtRVlTWkIzcHVnUVFxQ211dFJIbHA2U296TjVqbmlXQ19aSmRBaEZVZGtJOUg0RXdnZENvQ1VhaXZOa2RMakVja1VSSHFHT05JMEFrWW56RS1ZMGNJS096MW1HNG1xdmF0QXFjdEVpMjBuUGJsRFIzQWo0RGpEclEzbTBvYlRXczc4WGdp?oc=5,5.5
6a8499ca5dbd7dc25289121c,4b70df58150e3fd9cf8702722e20df48402d23f09041fd900d11732d960ca463,,2026-08-18T17:43:38.872164+00:00,low_quality_score_4.5,The Times of India,quality,"Bhiwandi building collapse: Contractor, owner under lens; collector says structure was beyond repair - The Times of India",https://news.google.com/rss/articles/CBMi-AFBVV95cUxORHYzVjhFR2hKTHFraXMyV2YtMlFHT2tndDNZcDBkUGFyeXN5RWJGNEVUUFRzaF9pZ0xqWmRKTFNWcmRYcDgzRTFOcnItQmVGbXI1azlOb09KdEE0MU5Gb1l5Q1Nib1U5WWI2NVFORDlHUU9VX3N1R19sVVhMaGl1Q0JEZnVtbXVTUjhTRk14NVRWY0RKUWtZaTktUEVhWHNVR2UzSnFvZndvZndVNHJ3ak1TdG81S0IybFQ1ZG43dHZTMk1DRFNmX2Jjb1BqUlE4RjZveGkyOERmMXlZQ29STUpSXzZIU25EZXNQc1ZoRGdtZkp5N01BWdIB_gFBVV95cUxOOHlGUGg5UFRpb2RUZjJSaVlOOThjOF8ydWNxcDlEcUZlbW9xZXNnZE5pWDc5WGg3Z1RycWN3TndsSWlHZzFuai1PYWtpX0hpUGZwcW5POUtiNTN3ZXl2R2twaG5tMDU4TlJwcGpUYi1GRFZXb3FRc0VQbDFKazU4Q1ZxUjlfaHNTQXdtTzJiTlNyYVlBM1I5NVNsUEItMUJ1NTZnUUxBSjlQMmg5UkJPZmlOTzE2LXV1bWNENG1ma2dVUXd6QWIzc09xclpENTdDSkFKWG1PLUdQNHNQNGFmeTFtOWNXNEx6SWlUTlVWZlpWQVUwZXR0aFRQZHFYUQ?oc=5,4.5
6a8499ca5dbd7dc25289121d,17ef368a4d8bc4339d0b1f7f412e9ec340498f59e57b01592b7a7528262e94be,,2026-08-18T17:43:38.934343+00:00,low_quality_score_3.5,hindustantimes.com,quality,‘Fabricated inspection records to mislead investigators’: South Delhi building collapse report flags MCD lapses | India News - hindustantimes.com,https://news.google.com/rss/articles/CBMijwJBVV95cUxPQlMtMkxqYVRFYnEySHpoWEo1ZnlkWGFYdzNqWDR2bkJJX25FMUkzNjFiWEo5YTFOOERYdFBzeGhVU1ZIdHNhRlVlcjdpMVl2LWtEM2Q1Y0ZzU0lISXpNdFZ1bzBBTE9DQjZ2Q0syREZIZjF2WjhzUFhGNzl6ZmhsUFRiOEEydlFnZGMtalh5eEN4ZWlRdklSV3lRUXpwZ09VV2VqOUtvb0JBRjJxYk04OERzOUYzYWNOZHNZRzVFa0l6bVJHSW5ucXctNTZPUnoxSnFmQ3VVVG1pNExKWU1iV0gxS3EtZTZlamJubDRqNHA4Y0daam5nNWdJTEp1dUVwVWZBZ0VFVjVWdHNvTEgw0gGUAkFVX3lxTE5qU05OS1lVcklLUTBkcDJscV9faUNnQTRkdGpJRHdPT1hkdUxBWTZBQS1JdVM0LVV3c1R0UGpxSUQ4LWpELUhmRHh0SVBjT29BelZ4X0stalJmUlJIT1dYbFZZeUlkNGpGVXZrLURLVWl5ejFjc2dpbF9fZ0dZanBMVWhlV2VBY3o3R3l4ZXJaVWpyNGptdmhiMEV2eHUyS1BNUmV0RmtUbzkyS3ZEdF92Y3FSWFAzOEpoZVliTy1Da2lZXzdVbHB5U1FXX2x5bXpQS2Rkby1IcjB3UDJUaHNqdzF6TFVWX2tfS2JDOTM5UERRYkZNallOUkpmRDlwbUJsRU1MNEVCS1NpSXR2ckFteHZMdA?oc=5,3.5
6a8499ca5dbd7dc25289121e,a959caa2176260709efe57293b11e8851968b4d18c9ff00cfe474ab6d5bdf827,,2026-08-18T17:43:38.982009+00:00,low_quality_score_5.5,India Today,quality,"Civic lapse led to Thane building collapse, was wrongly classified as repairable - India Today",https://news.google.com/rss/articles/CBMi5wFBVV95cUxPSXg4NHRQOUF1QTFUaUNuQTFfa3ZHci1QR0pHWUhESEhuMm02UXJCVE5EdzVuZGthQTZfdGRjSnNYMHlPYmxaZGxQdDFYMjRfRWMwX0Z5YThFQ3ptRFloaEFJOXh1c2lQaEJRT2MyajRhR0gwRjB1eEktWHNzUHJPWTJVNHVmTGpVbFJSc2E0YXlTZUN4UVF5UnBHVnF5Z0RxbGJkUkFuN3ZIc2NNWFlmaVhqMllzUjJvdnFTb0xGOV9HSmhkZU9FZTU4RExkY2cyclVFZVAwUjViNDJ1NHZEZUtLUVlsVUXSAewBQVVfeXFMTVZsaU9pam9Fc2tGOEFzZTZoTlpLajN3RjFvX19ZcGVZVVlBZkF4YURyalNEbnhXZ1pzMmg1YzFHQWZSbU94RFlzWWJiejc2M3ZKbWdCWjRxVUNSNnQ1QjlyS0tHbzFWYWZzd1Q5LW5ENlpGSnV4aWxtZFUtRkk1dU8wWjNncFlCejItbFcydktfc1lnRGpVX0dqMkRfT1EzaDV1NmhjaF8xRDFVRUkzcDBLN0hWaU1oN0tkaFBDQTdPMHlKd25rZENmZlhYRktBZFZwd2dsU3VNck5oazZrc29ER3BwbUM5R28xYTI?oc=5,5.5
6a8499ca5dbd7dc25289121f,568dc13a4e5c735b6316099d39d0da0e83c1bd314a5433d03fa19d3148373c34,,2026-08-18T17:43:39.071278+00:00,low_quality_score_5.5,India Today,quality,Beloved 'Parvati Aunty' dies in Delhi building collapse. She had gone back to help - India Today,https://news.google.com/rss/articles/CBMi1AFBVV95cUxNd3A1YjY0QlRNc05VRW05cmU0bUxFTHl0VmJwUlV2SmZBQWZhMi1lMnRPbmZSdUF1NnczYVRVZWNvWkJteHU3elJkeUI3S1k4eUNhY3lSd2lJaE10TGZzQkJjRmY3eC10aG5UWW5NdmU1WEI4TkZwc1NIMjBJM1V3UzhJbDRDYzI5bzhBbkhGNE1Ic2JnMXRnczk3VWZNdEhKOWRjSWVETGRwbWdWNEc0NWtpN296MDVaSjhTaERub0s5ZEFmNzB4N0hJeV96WXZBcGlrLdIB2gFBVV95cUxPUWQ1VXU3OUhWaW9kUnZYUDZhSmZpb0lFWjQzUkpsMzdHZ1VBbDh3UGJ2RDRmc2ZZVUZmQmNvY283V3lLcWszQWJvQ0lMQ2k4eE5CWDlkVGlwbjVhdUVTSE5qSXBLOF9fTFFTajdOWkxpSWxwT21Wa2RFX21jekRFcDJIbm0yYmVLRTRVUk1tWFhRMVJueWpHQllZT2xSTkFYUEpacWVvdUVfZmh4alJEUGU2UDViRi15LXFEMWFpNFJVb2FBQ2xDQ2MySjE0WF92OFl1elVjU21hdw?oc=5,5.5
6a8499cb5dbd7dc252891220,c9b1dcb1d38ddcd938667c7582b46b920aaee8bd6d062d698c83218fe4092723,,2026-08-18T17:43:39.210902+00:00,low_quality_score_5.5,Telegraph India,quality,"Delhi civic body 'primarily responsible' for Saket building collapse, probe says - Telegraph India",https://news.google.com/rss/articles/CBMi1wFBVV95cUxQZ1JHaU14ZWxzdEplQlhENXJYeWRKV0hkNG9jME9yS3cxck9IVTNabnhMZXdoeGFyVlF5ZkdfRnpSWGNvN0pvWU9ZZUlNcVhST1hEUm1wRzBSNFRkdjdBeTVDR3J0QjBoVFU1a1o5ZGdkZnN3VkNCd3ltQ1ZkcUE0bVQ0QS1hQ0lRcTd6Y0RFNjQ2d0xwQ3BEbmwyZ2lRcS16WVN4SW9qVGpBZWJQbzVvQjFUdDJzOHEwMml1ejBQNG8wY29qSU1fb0wzRUhQU3FpYWY5bXZwQdIB3AFBVV95cUxOcHhfWWppcGxyZTdKWjRhODRrYVVPZnJSVWJTNGhPSzBEQ3BfUXZRTnJObThzNkp5Sl82N0NmUTM5NmhaV2xvSTBua1hWTUNWOGU4N2dIUE4tZXQ0WmlzSWYtV1dqeXRZNHk4TVhYekVDeTNFcXE4ejZ2am5sM3VSOU1JelJ4cEJ6cXo1c0kxeVhUM3RhQ1NrWjBEeXA3U3BfWXphUUFJNVhyQjlFUEQteEI4c0hQVWVOYm1lbHNJcE9scjJWODFVLUQ1cEZMdGl4QUg1NkpuaXltRXAx?oc=5,5.5
6a8499cb5dbd7dc252891221,bd4f2f5b5504728009b60bdfcac8cd5e58bf6f6fe2b5931c63eeda92d14577a5,,2026-08-18T17:43:39.254780+00:00,low_quality_score_4.5,The Times of India,quality,"Caretaker arrested in Bhiwandi building collapse case, hunt on for builder’s partner - The Times of India",https://news.google.com/rss/articles/CBMi7AFBVV95cUxNNEhBUHZEWXRCblh1NVJCZVhucWRybTNXcnFLV3pzWEZUU3lKa3hrNHppOTNaUU53QUdtX3RUQktsR1pybXVaRk5OSTdjV2pEZWdLTTMtaUlFVWJnNnJMSmFjZmJvX3BPNG4ydnVJSW1rNEc4THI1TUlPM242SDRjWndGcTc5Sl9RRllCZTJVeWNRZUlDSHhacFR1VHUwNDREanh3WUxfVHZFTnFJTlVEbnB4bVY5Wmh5RGJXWGFlMWpoR3pWVWMzRXhyUGdBb0h4WWNiUnl4eVptZzlBenFwc2FXSnlaemZldWpEcNIB8gFBVV95cUxQMmtDR1RyYnZmUzZMa1NCQVB6dnlmcFVJTEpfS1ZMdVpJbE9uWXE2aU0tUVFOc2xVdk50ZkI5bi0yUF9XMTMxMjB5VG5oRDZkZ2dINFloa1ZSQW5NWDh0Ti1LSHdjWkxjWWI1Q015OE5ZNXBOc29FY2xfUFpIQWh3WTRpQ3lHc0NNeW9aSzY5djNSdDhpOS0xcXF2dFYyeFZMNVJwZDh3NnFEYzdpLTZpYi1BWHYtQ0w3V3RkQWFQTW96VEVZX1NTa1N0LW9abTViU3p5VUxOa2FCOURaZmJwWlhmVE1wY2c2RkVhZGQ3bW9Vdw?oc=5,4.5
6a8499cb5dbd7dc252891222,254b5fc8405e5a6855fffd2367636d76580fce510e682d0f660cf897b1a663b7,,2026-08-18T17:43:39.326665+00:00,low_quality_score_5.5,India Today,quality,"Tenant warned civic body, police months before deadly Delhi building collapse: AAP - India Today",https://news.google.com/rss/articles/CBMi3AFBVV95cUxNUm83MzRlOTMwZ0VLMk03cEktZXJIa003VkdBT3NsTWs2LXNmOHk0LXBncFdTNFAycVlBaWRHcGY4ZXNTcmpNTDFGNXJ5N1IwclQydXp3cWdselAzQ1ZJQUNnRXFJaEh6bGYxWUJuemxTY2VJZUhXXzN0Z0I4cTlDOUZJMm5KNGFLd1JuUVF3WmVvcDVUWUp0LS03U1hJdWMzZEhscnB2WjJPN0h5dUVua0gyZEo4VG1PcE1BWV9wZldUMVdvckdEbHQ3c3V5MUhCZ1lydEFpYnFnT1It0gHiAUFVX3lxTE9xeUNaVkxYM2ZGWGFEbWpzTm53b2xZaXdQMzNwTmIxQ2d6OTB6UFNINUdIUWk3OUhyY1I2SGpNTXUwSzRyUjFxM0xfcW1iUWFEdzhMcHNOaGw3QllSQUxwWW56VjJmWDFydUs5S1M4RG0xWkphU1FjTXJ3YWRId1p6c29Lb05PZnlYanlSWkZjZXpDSXFvOWs4NHlsZXNaNVB0TjU1WDV3MlllcjhOM0dOUnR2ampFTFJGN05ibUo5dnlNNlh3UEpZRW14dmhvZ0pqTzZCTUpLMEVQc0RFVWdGdXc?oc=5,5.5
6a8499cb5dbd7dc252891223,1c3757852c788065265527b6539201f56642bff4e17d1120dff9dccb564f02f9,,2026-08-18T17:43:39.414779+00:00,low_quality_score_5.5,The Indian Express,quality,Pune building collapse: Death toll hits 9 with recovery of final body from rubble - The Indian Express,https://news.google.com/rss/articles/CBMiyAFBVV95cUxOLXNyQ1FGZUhrZlhibExENFNtSnBobEJsMTRxQ3VsZ1R3UW9DOTM1YXRIYkdIbmlLZTBXdmh0SzdRcU5POHJ6UkZBRzYwV3lOSy1XaDdWVURZRk9mMGowZHVfajk2WDdUeTJpTUlhMFVOZ2VtbDBBQTZmbGJwZ3V2UVlFdlR0bk1SMXlBM1N3MXpUeUN6UnpuSTQ1VXdKa1RMNGxSbkJndFh0bHcyQlBMZDMwVVBhd2R5VzI0ZjhobTdIN3FEQVZZetIBzwFBVV95cUxQdmpsam9TNkM2Q29PdElLWmg4V1o4di1lNXFrTnpJTzZ0bGNDVTd5YThYTjdCQTN0aEZUY0cyaGo0aVNIbkw3R0Y0ckVMNmJaYjhRRzFNamtvSklUaGhfckxNNVExdkFoSnRjTGlmdzdxdWxGaGpTLUczZHZUYlZIejhwd080eUt5aEhzMV9tWjc4SDdaeUZwVzVveE5iaTF1UTZmZFJkeFRrRVMyZVU3Z3VrSHQ0ZHZWcjhveHRVOEFCYWdRa21DWGU1Z1VEaXM?oc=5,5.5
6a8499cb5dbd7dc252891224,b338061b606ebd4dc155690756b40a12fa69fc69de4d068b0339809d754aeefb,,2026-08-18T17:43:39.475633+00:00,low_quality_score_4.5,The Independent,quality,At least 16 people feared trapped after heavy rains collapse building in India - The Independent,https://news.google.com/rss/articles/CBMiowFBVV95cUxPcmNSYS1yNkI2cTc2WElLSGZYVTJlTmp5anFsQkk3NGhRVjdYbExBeXgwNEU5WmNhR3d1VTU5SExVU25KRkdrZk1ESUpjRTNxVFJScE1rVndGVHl4U1lMczlOcmJ2MEM1Yk9mdVlSQnFidGpRVjVMSTRQa3ZnYkdXSHZSYzhFeGZFTlRJLUJheGlsRGlCSEoxTHFFaGxrSnZJT2VB?oc=5,4.5
6a8499cb5dbd7dc252891225,0e7432d1474bedc440717bd18299b852771c6488be7e6182e6e0c55c9ea47e42,,2026-08-18T17:43:39.595125+00:00,low_quality_score_5.5,Telegraph India,quality,"Death toll climbs to three in Delhi building collapse as rains batter India, FIR registered - Telegraph India",https://news.google.com/rss/articles/CBMi3AFBVV95cUxQZDhuek5Md2o2dEhaQjhmSTNpbXhHRUJ5Q1I3azU2MjB2N29rSllVeHlPdkVPaU5tM3VWcUlKVHhtUkctMFFlT3hFemwyWW9hb29aYWpLY2JlRC1ldG03OWlqVlFFMVZGZXJETkY2Q09meXhPZ1BKWVZmNnFzaW1qQmJPdFBoM1R6OVR2WHBmeXFwTXBtd05DU3VCdDdMUl9ZRktPQ2pVOGxNUkozWnd1aXV1X0taLUNDQ1R1T1VYU3VSeVZKS3R4VmI4eDliMEZ4MmhSZkxiTDdYbmhH0gHiAUFVX3lxTE5BeVVrU0hVZWJfNndtOUZUbnJQal80eDdpVnl1d0s3Wkw0MU9QMkNlZWpPQzVfczdkZVVLUUp0MGIwY2xFVEpuc1pYMFNVa2lKcWVHQ3FCbGdWOUlrZy1ZdHVCZVRZWXJxdkRqNHR2YTBJM2JldkRtRFQ2dXEwMUNlTW1oZnllZzI2cFVmLTc4M0JsTTktVllUNjQ5d1RJdDVVSWRTME9RU3hOeklSUVFTaXlBQnNMYTdacGpXeTZheWgtSlZDdk1RbXN0LXJvWDJFTElsMzg3OUVJYW1kQTU1RkE?oc=5,5.5
6a8499cb5dbd7dc252891226,57c4dda8a8c02089b19d04062d83ebce3611d98f39fb7c941f876291b44ddc4a,,2026-08-18T17:43:39.698594+00:00,low_quality_score_4.5,The Indian Express,quality,"In Saket building collapse, aspirations, ambitions meet a tragic end - The Indian Express",https://news.google.com/rss/articles/CBMivgFBVV95cUxNY1M3bFZUVzJvb2Zlc2dINWVReGEtTV9ZZXBlTFhieUpRX0l0a25STTFhNUFGYU5WSThkY19JbXg3aUxuWFBna1NSb3pJMExNOVNCRk16elJScUZESEttdHRkN0ZaNFMwdVp3S1NtNXBPNU9vczUySkI5MjlSNTRsdUZoZFFOQnZFLTBwT3FOUlc5cVJTZVJpenVNbkFQZzNyOHdfWVFmWEhQSVpPWjJkUnp3T1cxT29ndmhaTWh30gHEAUFVX3lxTFBDRGUxdFN5X1k2UEV0c2JqbWZLRkh0NVZJM3JIdlNyb2hleHl4b1VSbXhsTGNoaHFpWFlJWDM4NlRWQWJkaEJGa0oyUFZIZFNsbjRXdzRrb0lxTGtKcWVGcW5FQkFUR29JNkdfd25pTVFiUDIyNk5QSDBWaXdxcUNjcnJsZkZGRUpmR1Z3SkZ1ckxtY2R2OEsyWXo1U2tsTUxwTHhFMmgyVG1MMWVxLV9EYkZ2LXlxcGxDQkNwdFVmb3E5WW8?oc=5,4.5
6a8499cb5dbd7dc252891227,898205bcf913f2addc9c24cfe0e12a2a037e84ee66b4206244cba1af044aebf4,,2026-08-18T17:43:39.847801+00:00,low_quality_score_5.5,The Times of India,quality,‘Sounded like a generator blast’: Residents recount horrific moments of building collapse in south Delhi - The Times of India,https://news.google.com/rss/articles/CBMihgJBVV95cUxNUGtyNlBnQnlVMVlkbXE1XzBWNUwwX2NGejVrbG91WE8wS1RmNWZxVkxvNEFYR2V2Wl9sSkFja0tzc0hWTF9pY1hjV0hOMEQzLUxtSTQ2TnAzdW5DRndNeHo3VkV1WmxXLWZpNGNIeE1qY2N1VC0zQlE4emUzU1N0aTBCS0NxVktUMFlMVEZBY2xYYUtidzB3RHRlQzJnNThRY1l6SzZuYW5xMF9RTmlHd253bDV1eWp3b2dTOU92dG1zUEg5NGYzMk5FalZ4anJOSXlBTTNudTN3QXE5T1N5OHJ0d3VFRUxFdmY0T1pDQlNLSDEtOWpzSkYtSTRWU2ZIejl4blh30gGLAkFVX3lxTE5sc05ydFlkeVNhSkJsUmpHcGFnOHhaNXJELUNqNHhNd29KdGRZNXFjbXpWaW9qTWdYQ0loWGtDdmR5bVE1WjRNQ0lnck1vR3dTeXU1bWdCUnNRdDBHX1o0ZFg0S1NCWGdtd2xlWFlVOUlQN2pKa2Fpcm5yZmMtUnZrS1IxcWNCeEg5SXFDZUpueUlzVUExdDhUdVJvOFBLSnZ0QXY3WFkzVXlNdEd4am9DUTY1VG1ScjduZUttSC1FMVowU2E0aVFBSXEybVltUld6MGJvX2RfSDJNN1VYclpBYzZ6b1JBck4xNmFnWnhzeXhsQ3Z1QU5YRGpQZjNoTzJHNmtfeDhvbUZ4NA?oc=5,5.5
6a8499cb5dbd7dc252891228,41d6878f9d98f3bb69fcc600442a0bd308a1da60f7cf211f0a51d9a030d0d7a0,,2026-08-18T17:43:39.904452+00:00,low_quality_score_5.5,The Times of India,quality,Inquiry report blames MCD for south Delhi building collapse - The Times of India,https://news.google.com/rss/articles/CBMizAFBVV95cUxOemYybTlEN1I2YnlERVprN0IyR21QekREMi1aVkI4cDhxZ3lrX3JHdHF1UW5PWFBzbjhXYktuS0YtWmo0N1VfaWJ0Nnl6SjBtQW1hazVRRDh6S2VUWVplb1RFSDFVV3RyLVFoelNNZEJZcUh3bVZrU2pTTHVCV3NaeWJuN18yQlpTQVc2RjdMaEU0cTVlLXlpNGI2dXVwOE9ZeWNTczR2VTVkUHl2Vk9fMnFlR28wc3lqTllyUFU5ZzRYWUdRN3ZkQTJ4cHrSAdIBQVVfeXFMT2NxWlJmRDRMSlc1SnBrQ0dvOWZVRVpOOVZFVmJTYUZkemJBZkhYYkFKMkhWUVE2TzVBNzdETjZTb0FHZ255bVVOemdpYWhhUGpsaU8zczdXd0Y0WWJ1NG1JUF9GWmQ2R0VkblA1YllvOU5sdGhnYzAzRTVUbnpwV1FKZFI4SjZiWUJaSHk4cmwxZUg0NnJJbldtN1pmQXo4aG4yRkZOdm1oOHlKSGVoSkZVQ3B3SVNvQ2Mxa1BVZ2NHeEVnSTZHUUU5YWp6Q3ZsaU5R?oc=5,5.5
6a8499cb5dbd7dc252891229,73004fd7d4a544ce2d7f0d43e8817a2b1431a78771e660958f8c2e80eb6bafe4,,2026-08-18T17:43:40.027682+00:00,low_quality_score_5.5,The Indian Express,quality,Pune building collapse: Why it gets more challenging to rescue the last 8 people - The Indian Express,https://news.google.com/rss/articles/CBMivgFBVV95cUxNbjF1RThLY3JDMGRMR0NSWGNkTHFlYndVdGhlZDRJb013V1FTczB3dXFPcVZSQ0x6elNieHY4Mm1ZVC1URFo4X01KNEU1X0xDUVJLRnNEb0tvOGUyTUdySTVGT0pLbENtcVQ5Sm1WbTFZNldqRkRpWDZWRGhrWjRiWUZzUElyUEtia1g0dk9PWGJkRlF5MzRkTVBkSXdodGxVbTIwb0lYVTd4TXVzSHBMa1lnYmdrOF9vcEh0WmtR0gHEAUFVX3lxTE1qOGFUR21TYzRRaU9CNGFDdTFDdnhucVRrbTVvUl94bmdwZ1dFUU1PbV91cWM0S1BfM3lXTmYzalZFcGk5VExtZENvWUlOcUFpbDk0V2lhRUdPZHNHUXNwYjNLTV9YdFdTbjZnMDVIazdmTC1SUFIxdEwwUVdnUDdQdjc0NVIzMm5PMjhoSlVUQy1nUXlISm1kZUdOQlFrOHU4Qmw0ejZVb0hsMEdRLW9jTFB6MWpPb0k0aVZMdzJONjZGc0c?oc=5,5.5
6a8499cb5dbd7dc25289122a,e9d4aa95fcd47d78f25e2894f2f01ae8d5d38d8ea097c5d7e66c6a56f65429a0,,2026-08-18T17:43:40.092323+00:00,low_quality_score_3.5,openthemagazine.com,quality,"Methane, Low Oxygen Hamper Pune Building Collapse Rescue - openthemagazine.com",https://news.google.com/rss/articles/CBMikwFBVV95cUxQdGlOc05rNGM2RXJEV2VFZVhrbUw1T3dLVmpZMVJiSlZNVjJMRU9CSFlfQktQd2tqbjFzZ1AzUkljc29OVjRYUXdCUEo1Y2VxN2l1T0k1NldybDdkVVEwVnZBMnkzZVJUeUFQWEFfQ2lOZXBZU2hmYlFyR0JSQmZFaVNubGJQdEVzZEYzSUdqUlUxbUU?oc=5,3.5
6a8499cc5dbd7dc25289122b,a6d776e54c3ca493ad7c45f433a64139f01ad46a9def04f83ab84427b8684b06,,2026-08-18T17:43:40.141718+00:00,low_quality_score_2.5,hindustantimes.com,quality,6 crushed in Saidulajab building collapse horror | India News - hindustantimes.com,https://news.google.com/rss/articles/CBMisAFBVV95cUxOMjRVcWdRUEhISEFaNDZIaG9xemUxNGZfZnQ0SVRtT0dHbXZkdDQwN3FRdkZBeEtyeTFFaFpkalFVdnhmR3E0Qm9WUDFEY3BkckhDNmRzUjBVQVlTMGFaWFExVS12blVXVm5qYjRDdER4X19BVDdZSHNDT3lTckx6aVB1S0dhZzdkNFQxX3JmNXNGQTAzZlF4a2s4NnhPckM0aFRCTlowZERORkZMVUxZdNIBtgFBVV95cUxPYmwzS3hwRkxSenJ5U0c2OTk1NFI5ZENFOTQzeVJteWlFUXBZM0NqanNuNFpEME02VkVOU1FISm5RUmo1THFncTFiMkRLb3hGTGk0akJ0RGJxeUtfTktmZTJ2V0I5N3pqU00wUXVpN21XY0xqV3lKWEN5Tm94QXpmQWJvLUQ1T1NBbUQ0MjZsdkwtRnZHYmNXQUtEc0pZZDR3S3dJMi1FTkdXOVRoQTJ5bWhYam1Ddw?oc=5,2.5
6a8499cc5dbd7dc25289122c,b98cf45cd0521b048873562cd6da64842f56fb8b75327561f03db3b5692f4964,,2026-08-18T17:43:40.203830+00:00,low_quality_score_5.5,WION,quality,Pune building collapse: At least 15 trapped after waste mound crashes into PCMC plant - WION,https://news.google.com/rss/articles/CBMiwwFBVV95cUxPT0pVSlZmOEtRYXFlWTF0a2tBQm5qemVqdEFCVkFEUlhkNm5QS2pHS3JtYU1GQTY1YVhfSlNIT0Z5RUVDNWk5YWt5M2FjVU1HR2JZb3dDSUVVdkZsNlM1ZzJBOGZVR2xGUUU5bzFrR3ZwOGpYXzhnaW1keVVFdHpNbFlvMzlHai16dWR1WGhwbno4bGlWN0Z3SDh4dlFqS0tKNzRWU0ViU1JtWTBaZXhtaUNVQ3RMeEc1T3VDbW0wNkhVelnSAcgBQVVfeXFMTVc4bkVVSzhWakFxdkF2SzE1M05XRHF3NEVXekRxQWx0M01jdXJ5b3Jsb0VPSENxWVJ0cGpCUk9EZ3FWR1BMandlUDdVdDhCd2puaTJKNmJUNHpkbFNlaGhCMVJCc1hiN3ZYRm9qS2FxUnhxRFRPR3hDZ29lMTU3UWwyNDVGRnZWaG16WFRaMlR4MGZwTlJXQVBWa2Zxam0yZ0NMdU1Jb19RbkVrT0JJbHZVOVdBUzdrVVVRVkxaazVjUHFXOG5TX2Y?oc=5,5.5
6a8499cc5dbd7dc25289122d,70f71520be362865c44faf4c8969a03f4a1c9cd7dbb20de6becdb9f752f9a225,,2026-08-18T17:43:40.320110+00:00,low_quality_score_3.5,hindustantimes.com,quality,Bhiwandi building collapse survivor: ‘My children’s education is at stake now’ | Mumbai news - hindustantimes.com,https://news.google.com/rss/articles/CBMi3wFBVV95cUxPUnVTd3hacUk1SDRtQ3MxOXZiclRrXzMya2xCVC1yTVhNMUxhME95bnBmbzNtN2FMNFhnYWUxSXdQbkxHQkVlZnhUZDNEcUtWcU1WZzc1S2dfdkJlaXVSbExXSTFIdXhYajZLN21fNm51TGhEcGQ2SE44M18yUVJNWmRYdmZIMm1BYmt6U3htOG45eFV2RGRfaHpySTA5Ynl6Mmo2X0s2RWdxU2FGNTg4dUhyeTNiVGdhRUJtM0dYSlFOYm84MDB6UERSSDN1S2pCSUV1eW5tNjU5VU90cWVr0gHkAUFVX3lxTFBxX01ETEtGZThMdDJ1dUJHTTlYRzA5U2N5SFJHT2RxZ1BJUV9qbDhXMElDNTZxdnFLZUJNMThsUE9zQlVRRDNlS1hnTGQweWY5OVd5OWJZR2Q0SHFKYmF5cFUtQ08xTi1td21JZ08yX2VEVEdlWEZ3Z3kzalJlVGtkZTNhdXNjWUZ0SHoyMGZ3eUVmUDI5TlM0ZlpwTk1KdVoxaDFmejhocUUzVjlvd29iMkllY2lLOGxUVGN5V3dsUlU4cGJVclhualBwSFNESGtnSnRKLWxzbGJDTXhDRF9iU3BxQg?oc=5,3.5
6a8499cc5dbd7dc25289122e,18518bcd66bf21b36bb43212248f94b6769d77fc50492066b9a189b16f225264,,2026-08-18T17:43:40.398126+00:00,low_quality_score_3.5,openthemagazine.com,quality,Pune Moshi Building Collapse: Earthmovers Deployed as Rescue Ops Continue - openthemagazine.com,https://news.google.com/rss/articles/CBMiqgFBVV95cUxPYS01bUx1Rnpnc3RyTDZvdHc3ZktlV3VHcEw3NjRSTFJoLVJqSnVSZTROTW9UMk1PZVlWd1E0aDdXUEZZSnhUcGpDc0FiR25VUTV0Q2FIdDdkbVFyNE9oTjhreTNaZEdBdlR1S2VUWlNPMGo0eF9NX2lvLWdReEQ2bUFuMHVWaHZnMzNmaHZmVmdQVUJfUzBLdHRpSXBaSERQdTF2VGI0MkR3Zw?oc=5,3.5
6a8499cc5dbd7dc25289122f,f561e38e52949b5cc682627e05ac5f73e38df0266b87518e92dbf3bdc2faad9b,,2026-08-18T17:43:40.435486+00:00,low_quality_score_5.0,The Star,quality,9 dead in building collapse in India - The Star,https://news.google.com/rss/articles/CBMioAFBVV95cUxPRE1xV2tMa1BsMWxBeXI3aXB1dGUwR2NXYnRTdUVUaUJuMUNXSGVUNURlLXVvNEh1QUdzX3ZILWRfTEg4c3hwSGptNXQ2R3VLc2Nwcjh1eUFvUmhfQWFVeWxWYUIyV05nQWRPcWhMNDJUZVZqXzEySUIyWUNmbUc3YnhTNW9VVHAxMEM0TkZfdUNlYmdiMS1yczFjeXJDN0Vy?oc=5,5
6a8499cc5dbd7dc252891230,71d6276dce121007f49838941bbcab4863c98297c2a3983f452ad74cde0369ec,,2026-08-18T17:43:40.476360+00:00,low_quality_score_4.5,India Today,quality,Rohini building collapse toll rises to 3 as rescuers pull 2 more bodies from debris - India Today,https://news.google.com/rss/articles/CBMi1AFBVV95cUxPNnpvbW9WZTIxdmlPQW9Jd1ZGZFAxcURVRE5leWpzOC1nTng2RHB3S1hLQ1RGbEU5VW50bWswWDdkQTBNMXp5MkNDUFdWaDhQQUpZeTlrZjB0XzhuWm1ZZVNvT0xZTmhGcEpTNDBmei1DZllVWnVhakZmZVhRcU1OS2szMUZXcjNjM0hWY19Hc1BoQ0h1aEFxdXAxNXJfYWxwN3V5ajU5SU5fSkQ3SDJlcDFwdXFkeWhNeFE2VzBvazFLMGV0ZHhpbVhneFRQRjBPOXlhUtIB2gFBVV95cUxQNnBubUhDSC1GeVdqeWJndUNnT1M0eFZFNENtLUQxNzZOM2ZHRUQ1NEl3MzgwQ2EtdmFIR1RPeDZmMHU2blBETUctV09Sem1CQjlaZzVPbDFCNE81bW85SExTN21pVzJPWWJNVkhpbnRyelVxOUZQRHk2UjluUEZUSE1iU3laZ18yeTMwT09aVDRibE5wTlBqTWV4T2NRQnA0MkR4djVpN3Z0U2NyM1FJNnJMam44S255Um5HR3dhUDZHQjZMbDdFTGhfbXlNT1A3NUYxYUNubVVnZw?oc=5,4.5
6a8499cc5dbd7dc252891231,be14f29b39d4a1a941d3ffb0d65e2404d8a8018ca2d121d03f01def2a0e0ee45,,2026-08-18T17:43:40.567851+00:00,low_quality_score_5.5,The New Indian Express,quality,"Building collapse near Pune: One more body recovered, nine rescued as operation continues - The New Indian Express",https://news.google.com/rss/articles/CBMi5gFBVV95cUxQcFZ2NHliQ1NJaXpQTTVpak1DdDJ1SHU2RzR5bS1idlVTQWxTSG43RU1lMERzRWhmTG5sWHloNkVSMnE1NGs4c0o5VGo3MjRLbVgwbTk5bzFfbHo4UnNEYW5kaC1pNWJia0ZxRHNoM3dLZlBvOF8ydzlsd3I4WVJZalZyLWNZM1lrWkl3Nk5uWDktTjFDVWlaMGhhZGZGRXdNSTZGbzNVUE1JQzB0SW12V2R3b0R5MjQtUUVxZTR0UXRxTDBuVjlRdVJrUkJIMjZLcThoOFh5dXhwS1BVdzFWNzMyUFowQdIB8wFBVV95cUxONFcyX1A0N1JkWEpIa2pHU01aZFFRamtEbjQ4RlJzUnRPTEFQNlVEVWQzT0V5SGRTSnFaaFRzLThRVENzNk9aVE43bDNKUFJFYVJ6Z0w4VUo4M212Wk9xNV9PdkFCNUZ5cEVhRDFRUU5GVEhCRjVuREtRbkFpdG5NY2NVSVBoa1ltTThkMGQtNUdVal9IdkFnaTJPWTZmX3BsT2JiZjNMZkh2S2ppOG14VUlKZmszMmdtdlFlRGx4RkxLVUtiSWtlQzBhSElDVl9mODZPOUFhWHZMMHQ3bW9JYzhrMlVJU0JTSkJHOUtvTF91TGM?oc=5,5.5
6a8499cc5dbd7dc252891232,1f3410c4a66bf9919cfd317ae371ebcb4309ac0829c40180bd9a45ce1b39a322,,2026-08-18T17:43:40.680398+00:00,low_quality_score_4.5,The Indian Express,quality,"Saket building collapse: Owner earned Rs 10 lakh monthly in rent; hoped to get more from new floors, probe reveals - The Indian Express",https://news.google.com/rss/articles/CBMiwgFBVV95cUxQaE1ESjRSbkI2R000VlZ2LUZ0YW5UOVljMDE5VmlKM1phVndDd2JNLXBIanVvQ3N2eGRzQ3htTnBjVmgwLWUycUkzaE9Sb1VLQVE3Qll4NUFWMVFsbWtTV2xnV3l2NXVueWtiSlN2b3ZXYU5fZktnQWhscmJOSjdnbi1Hd1N1VVBHdDByUUgwUnB3ZEVjWWYzaDBja1BvWEptMjQxT081bllWSzAtejdEWE1IcUE2YWtzMWYtZU9yaWlTQdIByAFBVV95cUxNWEpHeG1WcFBXY3J2RlNQYUZYQUJndDJ1cGpFOW1Gb3ZPREZtUkY5WTVQbHk4NkFmT29YTWs5R29BcXpSSzhtSGp0TE1rSWp1bzdQSm9adVROeXM0cVoteUJDN3p1NEFFbC1yWUhlVlE3UmRINlhnVkw1YXpjVjZxb1FONnVoNTd4Ui0wbFZseERQTjlYV3V5c0pJX2wxWEVWcGtFS01iZlZTbzVfczhaNHRuS0NwZlkybmc1ZmJ4MlNZZEQ0cTNvcw?oc=5,4.5
6a8499cc5dbd7dc252891233,eaf08a1f2ca239ea7debb3832b98ee608f68b42dc023b6052440aa5ef7670099,,2026-08-18T17:43:40.830792+00:00,low_quality_score_5.5,The Indian Express,quality,"Delhi building collapse: Owner arrested, police say family has several properties in area - The Indian Express",https://news.google.com/rss/articles/CBMi5AFBVV95cUxPcGs0bVMtekVEUjR0bi15OWdHNzFsU21mU0prYktUUWxDYUNFaDJGdnluejlOMlMxUE9IOTRWUkxwVl9YX21xYTJoVWR1ZEI5ZVFDQmZTd19rUUVQVm5DTTRmV0tndlRSeF83a0lMdFYtN0lDRzl0ZzBMWkZMQW1pNy1pVXBwb2d0N0FYdDNMWXVyeVdZUEFpRHRpTGRib2RhSFpRZTFXdzZKUFhCTURzUkYwd3RWZWowNmswUFNCMFZqOE5ROW1sY19fUEd2WWRfcV9MTjVKS3RaWTRBMFRVaW5YaXXSAesBQVVfeXFMT2I1QkVtMnpqR3dOM3ZmU3lvaU85cWVSaUt3elFhYjFsVndqMGs3STZqaUljLWhsVHNiamUycVB4Ym5PTkR1OUp5MEhYaUpxanpxTDhKVnJaWHozcUxRak1nbWw4Z2wtRS02WGh5WXhpRnA3WjA4SGY4MGZxaXlWX2hTVUQ3dS1ReF95cmRXazE1QlQ1UjR0UVhQRkhfc0c3M3l5M0JYTDVYMmYyOEdYWlBnX1JSVERpSUxtd3dOdEVpQ3hBZFo2STRwVFhVTnBna2V2Mml3cmM3b3Qzb3o2STNBMkpYdkdpVWJTdw?oc=5,5.5
6a8499cc5dbd7dc252891234,9823b0f3dd51328866245cd9299bfb532abecdc4197ba79acc085e2201944c16,,2026-08-18T17:43:40.879432+00:00,low_quality_score_4.5,Telegraph India,quality,Saket building collapse: Families recall victims’ final words and last conversations - Telegraph India,https://news.google.com/rss/articles/CBMi3wFBVV95cUxORHdmTlNmZ3drS2xNZGc2a19yMHk3bFRmT3h3c3Q1ZUFWQ2ttNUptajVaTkZJc0FQUnFqeUdPYmlqYm15aEhqazRFeGs4dEZacnNGdHN5SzFibEdXWDY5S0JiUF81Tm9EZ2s4Z2ZsVGs5RWo0U0JTZjJCak16bFhISEJ1UDFNZHc1QkQ1MTRFTVE3enFFZm1MTGdGejVpMlVtTkwzbmdHNm93YUtBTWlVYUlCc0pkeTRSMlhQMWRSbWJPbHRELU9zTWpuWUZfeE9YNWwtUXM3QlRtS1JJdk5z0gHkAUFVX3lxTFBNeFZaT1N4NG1OZWlVMmI5NkxrTnBpZjdxYmhxSlQ2MHhFSUktY0xhS1J1bFZQZWw4Q2hWOHlNVzlmS2NJeDJGTzYxTW5xYVM0VFRNZGRtUkhJSGliVWNQVkFiV3VZS2VVcVJYRWlBTTVtMEdCemFlUzJocU13bnhia1dhWkp0VmZBOWpqdVlCV2FZWWhsa2pURkpoaTVITlZOajU3RG1yWUxVbkRfVmRRd1JEaHR5cXB1UGRHdE45bFFrbGJGa1NQbEx6cU5QQzVZRThiQ0tVaGlfQW03cXNHYTdnZQ?oc=5,4.5
6a8499cc5dbd7dc252891235,b873aea4f484127fd4d94309a18be893a6323bc98ae7f5bd363e3d3d9f2531d1,,2026-08-18T17:43:40.953500+00:00,low_quality_score_5.0,Khmer Times,quality,7 dead in Indian chemical factory blaze - Khmer Times,https://news.google.com/rss/articles/CBMihgFBVV95cUxOMHJ3UThvZFpHVEZNeHdLLTk5VEU2WGpFWlJ5UkpKcGNVYndwQWtMbmtTd0owS1hRTlhPX3VubEI5WFA3QWNueVcyYkhGVS1yNGxEM0pyZjVrUm1uNWs4R3pOUlhUVmZfR2hmRUl5Qm9VZEw1MWhDRzJpRUZIM1BmUFlYNTRIdw?oc=5,5
6a8499cc5dbd7dc252891236,fed93b10c7f5ce9b3fd3a2beef5afb36eb6d9abba0fd46195cbc4260371d5bb9,,2026-08-18T17:43:41.072283+00:00,low_quality_score_4.0,business-standard.com,quality,Blaze spread in Delhi factory due to LPG cylinder explosion: Fire officer - business-standard.com,https://news.google.com/rss/articles/CBMi0wFBVV95cUxOelctLV94cW9MQ2FmVTg2UGtWbkY3V01rRHpOTTlrNzVERUdFT0FPOVJ2c09fRUJDSnl6RnZaMnBlZVdQXzVZSDMyQjJSeHNFczFIMzRTeDBkbXRLaHVnSnI2MDdZbkVldlo1QW9Zb1B2RGoxNGdBa1lUaVkyOEhGTXNXem5DNWJ6VDd0bnFXdllYZzBIZTFaQVh1N0oycjZ5VXoyNGJPanZJcG9GSFVFSjZpVDRVOUN3LVZqVUtkbUZlQlVUOWJIQUFTWkFodTFMSlRz0gHYAUFVX3lxTE9Nb2VGUW1XR3BhOVJhZW13WVFzRWFOSlJDeUJIa1FRVEFMVUJLU09sT25qeU1tSnNEOXRiOFY2Z2d6aDBJaWloZWcwRDgwaEl6UXB4TUxpRWV0c0E3aGhzQkp5eFFDUk9lX0E2TWg5ZE1hd2RaQzV4VGJHd2FpWHZldUhKYy0wd2hJQTk1ZmVtNDFORG5FOEs3cFJjYmRnY01yeXlLd1JRaVE4MFRJenRDTUhCX21ZLVBxbFBFQmd2cXRuSlE0bGNHNVpsRDVsUDVlcHUxWDBjeQ?oc=5,4
6a8499cd5dbd7dc252891237,e217ecfc9451470929656a3bd9553d7432b0e296f8fc569259911f907ea76f53,,2026-08-18T17:43:41.123888+00:00,low_quality_score_4.5,Mid-Day,quality,"Eight fire engines battle major factory fire in Gurugram, no casualties reported - Mid-Day",https://news.google.com/rss/articles/CBMi5gFBVV95cUxPNFBvNmtUR2g0SFJLemtOcVVfV3F3RUFLekVOZEotR25ZZms5emFUQ1ZGV2Vxazk3c0l1bkR0MjVCcW96SV9OQkZLdDFEdWRsaUNTcG41Tm1yYjY1a2oyeGVNQUkybUtrZnNXbUdXY1U4TDRQQjBxd2VrajRKWXNpUUJhVHZ4OGtXRkdzc3BFYzVMSWhoVW1oRVpGdkxUWUJGcFBQZTBzV1lpTEdBYUhreWJEMF9JdUo4cUxnYU02cVprWmdRbmYzLWpzOEhaSndJRU9pbHlsZ21zODIwckZHVlJQdVRlQdIB6wFBVV95cUxQbHRuZE5hM1dRdzliOENTZEVXZzdfVVBwMUdKaE1qMFBPUHJHM0MyTU5YLU9yVFlPTVB5X2xOcnNzUHVWaE1lcVpjTFdBS05DM25aaVN1S1pzaW9hX2EwSFVvdmVjNG8wdDJPT3hYMksxdzJiaS1XMzBGTEpwdGJWTlV0X0RIa0Z3aU5rdlFOWDZWeDJTeFRqdE5iWERWdGZrWkI5eUFzQ3BjMjlHYWw5NnZsNnhGQURLTE1zeHVmZWVCTGVNaWxsdkhScU9ob0h3ZHR4TGVwelpNVkpsalZqY2NjM2RUS0NJOVFZ?oc=5,4.5
6a8499cd5dbd7dc252891238,f2ab7716a96a9d77d728a40418b4be0b006a88eea72ab43657c563848c8afe7b,,2026-08-18T17:43:41.163367+00:00,low_quality_score_3.5,Republic World,quality,Massive Blaze Engulfs Garment Factory And Two Adjacent Companies In Noida’s Sector-63 - Republic World,https://news.google.com/rss/articles/CBMi1AFBVV95cUxNaHZZbi00WTVPcGlKWkh5UGRIclN0OGptcHYwVjdQbzBwQkwxYlVqR2VkRVFNLXUxeW5IYzczUWRYOTA0NmFJMzhWeWk4S0k5cDNVREhqYUxFcGNHNXRyVVFhWG9rNVVxT2hZdVE3WjFrNkN0RkpBS2M5dmNrdHBDWUY3a25hUlJNOGdIUTgyRzlPNUxQTUJZajFlSEZKWUhpTUVvajFkd1BnVUhtcGNySkJqOXN1OWxmcUxYRTFiblQ0TnQ1aU5GdGpJNldUdERJUjJwVdIB2gFBVV95cUxQRTdFd3E5b25ZaWFxbG1ZTXhUMmNPdmk0TDlBcWVKNDRicmVmcDhUT0stOEJSZjB2UGxvXzlGVTJ0c2NIY2tsRVJyVUMwWTQ1ZlluNDNTNWpsQjFGczlRU0NtSWdvUVNYbHFzNFk4T2Q4RzhkSmVsY0o3UzVva0gtUHhuOUtLQzQ1QWlkeF9ta1F5WWJRLVlJbTIzbkV2ZXhwSktHaW5jN2RFcmJBY2ZrV1FwSVkzUWYxWVpvQVRRY0t3TzBheVBUNjZBbnlPaVZ1MGJ0ZUI2amVYUQ?oc=5,3.5
6a8499cd5dbd7dc252891239,bdf044051aa77f7e454a1297c8ebd83953c7d2537382efe3f5f1081edd42e868,,2026-08-18T17:43:41.204501+00:00,low_quality_score_4.5,Mathrubhumi English,quality,Massive fire in Ghaziabad paint factory; 20 fire tenders battle blaze in Mainapur industrial area - Mathrubhumi English,https://news.google.com/rss/articles/CBMilwFBVV95cUxQd3h0R2dxRjdnQ2hWalA3WlFsMEljMWpGU0JSb21Cd1BlY0xQVWRjU2lWVFIwdFJsRUVwckNmT3VLVWc0bUJETEk2TXI5MjB4LWpMdGx0ZXBxUk9HUjc4QkFqV3V5dkFmRDRuRXlXTWQ4Z1VXSHk5VmpDQkJfc0hjbkRvRlF1cWdKeGR2SkRyeDU0T2FpeUlR0gGcAUFVX3lxTE5OZ20tamJyS0hwa3ZOSGNpVXZCbVdzMWYxdmVpQjRSOFR3b0tTOTRsdkNkVTRiOV9SV2gtNVVScDJmZmp0TVdvYlBuVjd3NFl6Z1lMR25iOTlXTncxVWg1S1prLVVwTVJWelU2TVQycm4xUzkyWVFlOVJnd2ZuRGM1Uy1ZbVE5ckZ2djcyQ2tjNDhlaC1TM0VNZVdGZQ?oc=5,4.5
6a8499cd5dbd7dc25289123a,252303ec12050215d8c9cbb9661e4ea7faa9f7ba53c528403082ebb2e0d56cdb,,2026-08-18T17:43:41.246385+00:00,low_quality_score_3.5,Republic World,quality,Massive Blaze Erupts at Shoe Factory in Delhi's Narela | VIDEO - Republic World,https://news.google.com/rss/articles/CBMiwgFBVV95cUxQUzg1VEtMYjhlcW1peU9FQ0dYZTJPLWIxaHhlbVc5cVZka18zMm5XUHNvaHRadl9sSjRVNjNSNzNmY0VzOWloZlNiZmlfX1JSZU9kV2V3eGpRcndncFc3amk0YlhHWlZ4Unc2cTN6SmotRmQ5aFAxYVU1UzZoVy02OXYyVWVKazRabC1UcjlkSW54dGhYdGxFVTJYa1dtdUtCSTlsNmlTQ2lxRWpkRjBZeHQ0bExyTGRZOXB4aFpTLW1jUdIBxwFBVV95cUxQMU9fbUJReFZUaDYyMDFET3VuSVVkWTB4MENLRktrRG5tWEp0R0M3RDlWOGk3MTRObXQ0VHZQdEtjeXhBOVJXWkZzQ093YVBPQmpxSGRGQ3FIT3NXMElLUk5Fc3R0LU9xSjZoOFJSRERFRENVMmJjYlZWQ3RYWnVWbmoyOWxOemRUdV9xT2pqOVBLZUN4VHpvbk5aX2RFNlFZcXBwM19yaDJxdEExdlZQZUMyb2dWS1YtRVJKdWZsTkpsT2NIamJN?oc=5,3.5
6a8499cd5dbd7dc25289123b,e795dd6a42f865b33d727a45ad30643622d070fb7e347213a75ae59e322ef4fe,,2026-08-18T17:43:41.288939+00:00,low_quality_score_3.5,timesnownews.com,quality,Massive Fire Breaks Out At Chemical Factory In Haryana's Yamunanagar - VIDEO - timesnownews.com,https://news.google.com/rss/articles/CBMixAFBVV95cUxNa1FMX3FrdWZwbWxzTE5jVFJKZ3hiWnV2bGdtLXJLWEhXQTY5dmRmajE3LTVZZVRCbzZ1bGIxWjNFTVhPUkNFeWdjRl85blowUk1zaWFEUUdlMFNQSEFZVmJuUjhHMjJHNDJSeks2NG5RYXh1a1RNVFVQNGFHbDBjd1N4Y1BzT0RUcjJxV3l2NDFEeE5rejFIbmpvYkExRnFoQ1FyMWZMT1lYQy1TWjBNbS0wR0hMRU1temlxSi1ZS053aGNq0gHKAUFVX3lxTE5jNGJfQlpzekJ6ZWRBeUJqQnl1X2dkdXFWUGdTWlRtMUMxdDdOY3ptaFZaYVNtSmhtOUhOdTV3Mm5WQ2RoTHdxX0EzbXZmOHZ6U00tUWhsbFJpMWZDOThLTjFnUjhXWjUweWlwWFUtRmtiQ2RjVW43bVNfaUtNcW4tVzFjbUVsV19lS1dtb1VRdEhmTnE0UERKNHU2YmNlQzJSOW5hbzM3OUJMbXpkYTV1YWhjV3hCaUZQMDV6U2p4NktoT3B6QWlJYXc?oc=5,3.5
6a8499cd5dbd7dc25289123c,1c9dc2deca6fd4f1f9fc91661968ab4d686f3c77b24b49ec82d3c39b2645d7e1,,2026-08-18T17:43:41.354607+00:00,low_quality_score_3.5,LatestLY,quality,"Lucknow Fire: Blaze Erupts in Factory in UP’s Saadatganj, No Injuries Reported (Watch Video) - LatestLY",https://news.google.com/rss/articles/CBMi3gFBVV95cUxPVzZpZzNQS2w4MEFDTmZqMEJNYmFMRGRMZkR2eGRjN1p5d3FXSHc1b1hHUHBEWUlCVDlmb3pWMWJ3SkRLSlE0NF9WRjhncXNtdjFhMXppelBsd3lzRmRYR1piMVlSUUY0WFo0UzlrLWlOa1ZUMEtlZ2l5ckdqWVdFQ2xNSTlGckU0YjZZNkNhTEQ2djhxeFU0SnNROGdvOER6d1ZqaE1tNDdvRG93R0xwTHdqZXJ3Z0FVcHJqei1RVnZCaktTNzB0MUhONGpPZmxRUnM4S3BGbEZYYnNkT0HSAeMBQVVfeXFMUDNvQU5XSDZ1Z3pGSVhQRGFyUDdiMU9tdXdVakVya01sWVAtN1lGdUptUVd1U1pwYkxOVFZoUndBZTdqN01mX292aGtYbm5KVUZQS3FWQWJYc19YZklwZ2dBWFVkY0JuaEtHWjQyaE53SVcwTzFPbTBmZThiZUNRVEk1TF9hSi1QRFRtU2JSaVpZN21odWIxaDlJWHoyTGpnbEJwMmtqZWxzTWRUUnJjSENiSVlSSGVfMHBfa2tEdzBPVEkwUkQzQmNSTURBclgyVF9SaEpiSzlGclljZk92VVhycDg?oc=5,3.5
6a8499cd5dbd7dc25289123d,02e4764a30446405bd16f7761b9695c592e6c218624ba8dc40c23b6e84ebbd0f,,2026-08-18T17:43:41.403613+00:00,low_quality_score_3.5,LatestLY,quality,"Najafgarh Fire: Blaze Erupts At Factory in Nangli Sakrawati Industrial Area of Delhi, 4 Workers Suffer Burn - LatestLY",https://news.google.com/rss/articles/CBMikgJBVV95cUxQOU1uWklFaXdxZEhKVXk0UHdwWGtMRnZBQmNITHA3T2xVYnFHcWgzQkVKMjBZeWx6QXJ4Vzh4U25UTElXbFZTSm5RY3ZCRjJNTTF3SnhwQ2laVlViZmxhM1NWaHpaV3oyYUVaRDVhRS1NREJiMG1hcWFST3A4YTY3c3JjU0hxUnVmdWI1WTh2TVhLOG1uQnR2cVBrMy1aRUgzaWw5Rmh6S1hNd3lrSmh1YnBEZGNHYkpGUUR5QzFzRk1sZ25qRTBrVWVra3hFdnB0MmhkNEtfM2pXdmVrc0tYMHVyVTdGN1pIbm1fdVJvVmlFTGZUdnhxN3I0YkxZV21CLTFnSl9ST3Q0VXQ4RUtqMC1R0gGXAkFVX3lxTE9uNzJtckNBUWoxNXhUQzZvSlFFMkE2cFYwUDJQRnpJcmZ5WFVVdGt3b21YazVDUGp5MTFVQ0lIR0FSQXBscllReUFuNFl0My1VcVpRVklkZWtSMFFWRkRYajUyb25ZeGczNUxUUmNtemVHUlNwMDZFMGNjZzA5aHVZbW5qdS1rMG1NTWhoOUE1VWZ1Y0twbUM1QUt1ckcyQlN1cUtYUFhNYlZCT1lMRWFqbWpXS1FwbVQ2anhQWFo5cU1sOXVsa1c2WkVTMlpPRWlLd192N1VVdzRKWGNLVkEyTnJ3SEVwRFJTZW9JYVBEd3dZX3lnOXVzYVhfTkhST2tpQ1pZcGRPS2lPSWhZVmh3REtwUkJ5VQ?oc=5,3.5
6a8499cd5dbd7dc25289123e,47b0fd88e2e68d81d0bfc473fce10869fa5cbccd3a7d67e8377905271526a7e5,,2026-08-18T17:43:41.447745+00:00,low_quality_score_3.5,LatestLY,quality,"Delhi Fire: Blaze Erupts in Factory in Bhorgarh Industrial Area; No Casualties Reported, 25 Fire Tenders - LatestLY",https://news.google.com/rss/articles/CBMiiwJBVV95cUxPWklQcjFrd1RPVGNLdEdROEdyaWhaX19ULW4tSVJOSkh6X2lwWHozNFI0dlN6UWppWWJHV01ZYXhWejQzSEdIckVtSV9JOC04T2NhdXhTTF9kN09QbXEzdm4zbFU0WFg4QUdzSW5IT21iWHN4LWs3TmlQYkphWWEtTjI1OE93bWdRTkU0MWQxYTFnM0REV3R6cmpOOG5BQWNVNDhKMG5Tc19OM1VySjBYWUhvdjFEeTA5WVVOeTM0S092TkVxS3hUYVVraTNBNUJlSURCVXdhNG1RMFZJZUZjZXdjZkdDeFpuWF9KTGdkcXNzb19Dc0VHRmdSTW45dktmbWktcHN0Y0hBeEHSAZACQVVfeXFMTUp5MGFjOVR5QzRuenJ3Q1drT2IxVEFwN2kybVFWS2JIRFpKTW5YM2ZLcllxXzMxQzlGLU9CWWhWMVZPb0tPYTYzRHlzU2toOUJIbTd2ZXVTUmpzUXVjTU1FZkJ4eFpkaTRuYlBwMVFrcFdQZUd5SEwwckdFc0J2ckNkcjBLeEtfYnh1dmlPbjdNcllPd1ZPSFhSbGFBTEpVeUZRSC1iRVR4LThrWE1fRHFVRU1vS1ZKZkNmbmdoc25ycmhIWXJ4X1NfYmJzRDJIRXdsWFZOa0xidFFDdy1xdXphLUs3Vlp4bG9UNVF2RGlqcENQenJJc1otMGJobk9yaEVqb09wXzFHUjNMZDFWd2s?oc=5,3.5
6a8499cd5dbd7dc25289123f,c53eebf654c640efbc900be0b4fff1ea6f4664457a3bb4954ca382d623d21fe8,,2026-08-18T17:43:41.501778+00:00,low_quality_score_3.5,LatestLY,quality,"Tarapur MIDC Fire: Blaze Erupts at Chemical Factory in Boisar in Maharashtra's Palghar, Videos Show Thick - LatestLY",https://news.google.com/rss/articles/CBMi9gFBVV95cUxNSFh4RmEydVNkYUpqb19lTnBidWd3d2kxSjYxNUx5akgxdWtiZVg5bWY2NVZPZkhBMTVFMXQ0SnFUVmU1Ny04cTFFOGpCLVFfd1lxcm9MdG1neXcydjFuVlBPcWVGVksweGJGY2FEMlByaC1wQ0JlZERiQ2ZySS1aNXVFZmZBZlIybWtieVg5eXgzdzJrS0MyOVZyMF9Pd19yQk16S2Q4bXZxOWJxMk4yWG1sZlRxTGNuWGxSbzNxbk5rZEo3VDAzc2NNOE5adzhtLWdvblFrV3UxdjA4bTlETzlpMncxYWY5ekZmWUFudjljSWN6QXfSAfsBQVVfeXFMTzd6b0pheEFPdXRNU0ZhMzN0VTROWU1ERDdQdmVzcjRXMXZOc3NjVWJMXzZGSVVWZHU1QmMtc1o3aG01ZC1NX1FlMjRDZ0d5ZjFkYXJXNFlMcWItM1RnNmRjcnF3MkZDeFAxUXZXN0VfVkVIankyZUJXMU1Qd2JUMnlBMUREamZyMjRaNFFNNDZ5dnFxTW1JNHJpTU5meXRtQml4akJieVdnYW5hYW1UUjNNMFN3SzdOdzlPcDVpdnloa3cySzFQVnBwdHBrV2pJQURXZ2lZM2dmX1IxWHluRDIxeGNId2VCdzFrTGZvdkVuUnNKdVhwSHV3MzA?oc=5,3.5
6a8499cd5dbd7dc252891240,e3fb5c3ea19ac20c390e945087721922a20c5e91bb5cda26e756a44be8bb300a,,2026-08-18T17:43:41.550777+00:00,low_quality_score_5.5,LatestLY,quality,"Ajmer Fire: Blaze Erupts at Tyre Factory in Rajasthan, Fire Tenders Rushed to Spot (Watch Video) - LatestLY",https://news.google.com/rss/articles/CBMi5AFBVV95cUxPTlA1czBnbkl0Q0Fwc1E3bk5leENydTcwY3VKMlBNUEo4cnpYdzRqUHJwaDB5VXZORkJJRzQ4dXo3RExma254bGpLekwxUlZJcXZnUVdKdjBwMWRoMkVaQ3VYZHh4NlB4Y3ZoUG5pM0I0YTB6VnAtNTdXQmowTHRUeG5VYm4tZ3lTb3VrOW04R2pQcDFZWXBsRHY4LXFjVnl1TlIxRTNaOFhkbjY1QVB5SmxDdVc2MWZIUnotV09jMk56cFRLeGwxRVdkRzBpSGl5RWMtVEhNbTZsTmhzb1BJdUVjTGLSAeoBQVVfeXFMT3dqMUxVcTFZblVneVJGY2phLUZ4NVhjWHdsc0FnNTQ1SWt2czg0cTNPODJEblkxcnFpNWFfTUhOUlVyOEk3Q3ZtOGhoblcwcGJvdUpqb002bFRlcUJsV0wwVklPZTB1YXdMTl9mcTJfMFAyU1J0a3dOcWlIMUMteHJBa0pwa1VBd3FPM1BubkZmbGp3RWJxbjZfRTFpMEU0UmhGVWZoTE9EVFdEc0hRc0hvU1dmV2Z1c0NCcVpGeFpxR1prT3VfMF83RndFbWpoZ3F2X00temg0a09RMUN6aUstMnlhajlPR0Rn?oc=5,5.5
6a8499cd5dbd7dc252891241,946df4be9a26d3f9e9af35ccc13a2cac07daf353c08c2edea7541f78f7695c99,,2026-08-18T17:43:41.595561+00:00,low_quality_score_3.5,LatestLY,quality,"West Bengal Fire: Blaze Erupts At Factory in North 24 Parganas's Titagarh, No Casualties Reported (Watch - LatestLY",https://news.google.com/rss/articles/CBMi9wFBVV95cUxOcjAtODZyZHVGbUNKQWdHMjZpbW1aQjQ2MExBT3JDS0k3QzVfMF9mQjY1QnY5RVlvT0U1b0UwQ3lRV0RuU2JRd3dYVDM2bVJlVk53UFl3a2N2UFZObkI5a3dQaklEQXJmbGRlMkFDTWJXYzd6eWE4LWZmdnJ3bi1mVFVBSE5XT0FtYUhnZ2ZSSlluOVhmSlNpdHNaWEZRZ3BxcTJLcEY3cFZPenFyWHU3bTQ1c18zR0tYeGM0MmZQSkNGUTY5Z3hfYXUyRkRjalFGT1daWWVsY3dURmJQQ01SR3c5Y1UxSjRSZktsdHhNclJQMlI0ZUZF0gH8AUFVX3lxTE5WUUN0Vzl1YlNKdUtlaXBueGxYbV9tM0oyc0ZvaVdtZ0c3RTZIdzJNTzRwbVJlYmpFRnp1VU9DdkFoZEFqNDBWdGFkS3p6UWpLZHZGMTRic0NZR2pxblBvWUppRXV2aGJqdVM4RldkMW5hY2RuVjBBSnFzT1V6Nm9NMVFhUlVBQzJhdGdUZFpZOEFBem1FbFFZRnIwVHVGU1pxdjJ0aEJSUGQ2YWNNTzBkbDVmRWN1TmZiQk1xaUlsZ2RTSE9wbmtxYUhsUEVBWE9Ya2VtZ0dBN3FNMFhZTFNZTVowUDJSbXFWaEJPLXBWTUI4Mms4MHVNM3o5VQ?oc=5,3.5
6a8499cd5dbd7dc252891242,c13dafe7650f226bfa639e2d0d08b6cdd4ccac590040c6d540526c0ca37a2368,,2026-08-18T17:43:41.641053+00:00,low_quality_score_4.0,LatestLY,quality,"Jalandhar Factory Fire: Massive Blaze Erupts at Tyre Factory in Punjab, No Injuries Reported (Watch Videos) - LatestLY",https://news.google.com/rss/articles/CBMi4AFBVV95cUxOTVk0Y2VOVEJDeUtPWi1nc2xBeDNiOWtOcFJSLVRrS1pTbGdiRGNDYlpXODZZLVowMWpGRjZKNTNaTnIxd3VUSGU2LWo3OUhfc2N3OENpREFzTEl6aVVnZ25HMHZsUXdfVUtoMlBIWXlyV3JnVHp6aUo5MFJuU25vNmJCaUtSaC0tYUhCYjJTS3I0QnlkVnBNMW5Ca1F5S2VETFVfa00wNmJkT2E3SkxxTFFqNTlVSUw4MjBZY051aTI4MzVHeDRRWTlOQ0pSejFMVVNuVTU4QzF3eldEY2IxbdIB5gFBVV95cUxObU1ybkFRbXVJSkNNU08xcGs5YXBqNERCcmtvOE1CMlp3TjJzUW41b1l1MFdyUU8yQ2lJbUdGdklneDBhSXoxSHZncEhpcjJkejFtRVIteEd2YU5ib1hVc2F6cGJ6azVqS0NPUnJIbUk2NnNjOVhpSEo3alhzWFdFc3VPUERia29VZTN1ckMwU0lVdVNmT3Azd3Q5OGdqbzd0YVdLcDZKN09NNm1NWjUwaGVpVmI5d1BJN1lURTBLVWNuTXZad3N5a01GQUVjSUwwYkRSbWNpbFc5WHItakJVLTg0TDIxdw?oc=5,4
6a8499cd5dbd7dc252891243,924847d0a99fe9618f12749d0f60306707ad053f538c1da7263a0bef7f2380ba,,2026-08-18T17:43:41.678045+00:00,low_quality_score_3.5,LatestLY,quality,"Gujarat Fire: Blaze Erupts at Private Company in Valsad, Fire Tenders Reach Spot (Watch Video) - LatestLY",https://news.google.com/rss/articles/CBMi4gFBVV95cUxNVkVjOFdYS2VjYW5sTUJMa1dfalJ3VURaaEhWNl94cXp6Q3p5LTBMS1hHa2h6SVhMNFJNNS1qb21KNFBLbTRYUjNGREFZYWFZejJTakJqcjN3OUQ0RUxBQV9NbkhCc2VXWHFzVEVOdmNILS1IeWtrZnN3WmNhdXo2LVhsVGpBZXJaYWdUYVJjczF2bzBCSS1ETFdPT3dZd3FiTjFPVmZpNmh4SnNqN3MzZi1tdzZ2NEJKenJGdDBQcDNrMDRqVmhYd05SbU1xSHBtQXo4V1NBTjdNOXUtcnZ6cklR0gHnAUFVX3lxTE1kcnBtX1Z0SDlpU3hfWi1OR1pFYzhHVFloNmMwNEJmUjgyV3NFNFByUGpuVW1pLTdkNjE2YWxic2N2dU5KYkpsSzRFN2lHZml1Z2czSk1hdjRXYk4wWDRZRkk1MjhGT1V1czZkVDZQTnR5VlNoVE9lYWc5Y25qTFBWWkpnU3FzOEgwRWJUNlBEVnVoMWZ1UHlPVWdzYnpyT2ZoYWpwNjlIQU5DOEV0R0VkdWpkOGxXQkl1Q0hNR3ZqUnV1MEp0VkphbVk3c3RMSm50U0RXcTZ4dVFPQ2tlX1J3ZlpLVFY3aw?oc=5,3.5
6a8499cd5dbd7dc252891244,7c6a718871ce23636887a40c09e66a69a9e6896cdf22eeb59e014d72f94e6727,,2026-08-18T17:43:41.716728+00:00,low_quality_score_3.5,LatestLY,quality,"West Bengal Fire: Massive Blaze Erupts at a Factory in Malda's Narayanpur, Brought Under Control by Fire - LatestLY",https://news.google.com/rss/articles/CBMijAJBVV95cUxNSUpxVXdub3RlTFVmSzh2VEt4YzQ5UXYwcnJ4N0VSSFNiYmhyNUgzZC0xb3hIWWlvMGFlaFc1WF9vWHV0OTRvdk9qSjFSM2w2M2pqeFBZWWtWS3RpY09LbHI0b0RFNE9Zd01vdDhqLVhpbWtpZHc0TGRLOEpfdjk5MUkzRlNOOTFkQ1Jyazh6d0toMGRqTHpuNG9iSVJVVFBRMWN5aFVhLUU0aTZVRm9kTkxRZlAwMmxBWk5lLTYtcmZCYVBwTlcyMDlBcGZvcWZ1ZFN0U29XRWd1VUFDcVMwLVc3MmxudmFxQm1QeDN3TnZ3NjJKLWxadUkxNG1PdGdZV0hsRGhfNjVZc0NO0gGSAkFVX3lxTE1VYlExazNwTi14ZFFNazBKM3AyLWlSUkxCbFJLODdvNG5xNmlOV0NOenV3UTZTb1VsbUk5amg2OFd0aVpUWkNhdHc2b2NUSlZqNGY0endUdlhXdUgtQ2lrUzJSaWZLUzZ1YTZ5LU1PdjgwbjRSc05xQzV2WWFfRk4ydG5YMkIyVlJ6OVRxM1V2emJUbGY1eDNnQVMtUjRidDNzWVZyX19BcnEzZld0T19tTE80MURJejM1TGhyV2RhdlRpRTFHVmoxQ0dyYUZaR2xLV2V3am1QaS1fcm1mSVhqZllSaU5BZEJFa3dlS1hOXzdzcjd2ZFp4S3lFSE9uM0tfVml4dnJCLXgxbGFFenNjSWc?oc=5,3.5
6a8499cd5dbd7dc252891245,e2f0e8137ce994a1400b8365ab6d6b679c7bff5f5e26aa9408c40fa0c01db19f,,2026-08-18T17:43:41.767032+00:00,low_quality_score_3.5,LatestLY,quality,"Delhi Fire: Blaze Erupts at Shoe Manufacturing Factory in Narela, No Casualties Reported (See Pics) - LatestLY",https://news.google.com/rss/articles/CBMi6AFBVV95cUxOUXB1T0h5YnctcG04SzBoZm1LUnNvSzlSQ2lDZFlsd0U2ZGZXRFJCYlNZSXZubVNFb09aT2xRRjJTUTRQTXcwMzhQaWJyZ1hWU2IzQjM0RDl3MFl0a3JkUlp3bmdOSURhYzBGRTFmb3V1c3hEckk4X0JDSDF1X3Zqd004eTNjcjBYdF9nT0FvWlRNTUF3MVN0YmljWFlGVEh1Q0pzUUdwU09KM1V6ZmU2akQtUjBtekNQa2wxWldPOEYwM0N6WERnd0c2aFc5TzFEWDQ5dkNXMlZ4X3lud1VPTnFGMGZmbWcy0gHuAUFVX3lxTE9QdUtzdXYzY1k0VXMwczJGQzFTMTNoNEVIbWFSYUxqU2Jndkt3djY3cndFRHlzWmV6bEV0eVU5TFRNOEdvZVIyV1hPTjltUm5xN1d5dk44QURBQy1hT29KSV9KT3huUjJNZjhid0FreExnOGxnNDMtaEdRd0N1Q295TU90UWdMZjZ0V1pKMEU0YWtUN3NrM09ydWZBZUE4QnJqaDRBT29VSEpDSmpQLVpoQ1NNbHR1NHdOTzA0X2pGYVZYb2dTRmpnOEdCc1dPQVRTRG0zTW1TcU1Uc1Z6b3pGdndmWnloMXU3cFNUZXc?oc=5,3.5
6a8499cd5dbd7dc252891246,da25c1e61bf08f6415cff611ed50bafad12588d2c9c5222adb6f7f7b37e3e521,,2026-08-18T17:43:41.809909+00:00,low_quality_score_3.5,LatestLY,quality,"Maharashtra Fire: Massive Blaze Erupts at Warehouse in Uran, Fire Tenders Reach on Spot (Watch Video) - LatestLY",https://news.google.com/rss/articles/CBMi6wFBVV95cUxNZllydFNTZW40OFBTcEp5cUhWTTFzeXJfQUhEcEE3MzVwRVFWaUpfcW8zMEhSUEhfSkFxQlNCOUVSd2RFbVVSUDRUcDhLWDR2Z1VpcG10bHJwQ0N0bHhnckctMjIzQ1BYRUYzREVJUVRvY1VjTTlkU1MyeFpnQWZDY0gyVTlvZUI5bnBLend1dDVJSmU2c0ZSME5mem5MdHNhZUU3VWc1Um1Ca2dFWXN5MDlzSEdHVXhlWTNzVDZNSWo2U3pCYVBQdjhmNkN4WWlNVHVPODAxQV9Vd0NmY1FPTjUwbS1oWnlzbllZ0gHwAUFVX3lxTFBTT3hCZU5GaGl1RW5RU2VqT0ItZmhhdlB0X2h1Z21sSHNSLWlhSHZ2ODNxU1JuNmhzNUMycnR1WWNNR0d6ZkhCRmdKaDZwbWlJc3UtQlJVRHBtSmltZzF4X1YxdUVBMGpLU05IS3ZScElPXzNXeURJWXRuRDZMYm45SFc1YTFVMTA4V3BZTERsWVZGajZiSUpaQnJPeUpMRTlsVG1FZzJxOEFGVDV2b2FidlFGS0RRcWJCeDlDTXAwNUx3NWJjTjNiLXh3YlhPSDJiV1BCU3JqU0ZySnM3LWVxY3I4WXFMNXhPMElBV01MYQ?oc=5,3.5
6a8499cd5dbd7dc252891247,78c576a1a290eccd77c438c309d4a88fdcd56db89fe2886edd5695e4e2e783d2,,2026-08-18T17:43:41.850209+00:00,low_quality_score_5.5,LatestLY,quality,"Haryana Fire: Massive Blaze Erupts at Two Shoe Factories in Bahadurgarh, Fire Tenders Rushed To Spot (Watch - LatestLY",https://news.google.com/rss/articles/CBMi_AFBVV95cUxOeFBhT3BIekZ4WjREd0FhdXR2SmFQVnJfTHU4MHpSa1BJZTZxcHlhM2pVWGtjLWpqTjBoTlJqZ0cteHVvQlZXN1o1MlF1UEdMc2F3YlZyTjJ1RWV4NktBeTdpV1FKZjVDUVgyUmZ3S1ctMUVRYjBnWmtMd2RwZXBqc2lFeGJtLU9SaFFHeXhyajBjZ1JuanlLNmhOVk5GT0VNZ1Fhdk5DZ3lRazF1MDBxUWk0YnhvOEd4MlY2czZoTjl2YlNxMTlkT05mb3N1dDFwZlFMM0xzR1RZR3VsSDJ6Y01GcFQtR1VWeUxfal9hWmZGTmFrcUJBWG16METSAYICQVVfeXFMUDdfMElZalJYak5zTWZFcHczN2NvOVdBdXV0ZlRRd3JfZnVHeEtTLXA4NF9hNU9zMm4zVGZqWGpHZE5tb3J5cEFQWE5MelBTSkdrc1psWkdjZF9ZaGFJODk2Q1dIQWF3eHVIUUVCSER5YndkTU5fdExVSTNERGpRdkk5b2sxWTRQOFlSUzhsbEliR2o2LXFJMTdfNXF2aUJ1OGR0TXhzZkFmcV93R2V4X1N3d0F3dEs0MjJUaHdjOXRkX3RBZnVkWTQwNzRPdkZqZUtlU0JHMGEtUWNEVkZJbkxUU2tDMHphUHdzSG90OHFiRld3RUpSTkdXVmF2Tlk5VzV3?oc=5,5.5
6a8499cd5dbd7dc252891248,f47853cd93bc788d29beb4ac043deacf82ff94b0707ab909403edde6390d3bc9,,2026-08-18T17:43:41.886503+00:00,low_quality_score_3.5,LatestLY,quality,"Gujarat Fire: Massive Blaze at Firecracker Factory in Aravalli, Video of Smoke Clouds Engulfing Skies - LatestLY",https://news.google.com/rss/articles/CBMi-gFBVV95cUxQTGRuejJ2WjNfYUZ1RnFMVXVaTUxHMTI1X0t3V0k3ZzBmT2RiM09ENzV2bGdNWEZaX1N2b3V4cUlTdXE0dkczdGVKc1ZtTzc3RXdrYWZfck56UWZtbnpwNEhPZ19JbTVVbHVZMVpSUy13VU1nbDhxcUx4TndQLUlRSmZoeGxZNHh2VldTbzZiWDcwNFlqOWpCNFp5MHE3dWwzdlRWZHF5RkNHNnhHd203S2hrLTlrUTFmVTA0LXZndGtzLWJRZ3U2azhaWURVTU1mS19XRGdIcXpVVVBjZmxkM1JfZ3p4QTU1enM1SnFHd2o3dDFQVHpyUzhB0gH_AUFVX3lxTE0zdmlyb3JsRmJqZVVwYUhpc0xiMm9NWGhKUFIzRkY4WnJ5RndtbzVwTmxKelRFcURtNHFXTHBxdVM5NHJteF9RMFpnNVUzc0czV3phX3dQXzRZS00wSDFaQS1Dc1phX2RTVHBLX0k4R3ZHc3dicW5OYWRiWGZ6RXpMVzdWUE5CTVlxZTlBWjVEanoyUnFSMHh3M0FMTVNtU2luRHFwa3UxVVBkQnJyYXpiLVpBWXZHQWxfUUpIUThILVBHMEhIaWZIZ3ZNMF93SGlmeHcycGVjR0hQZ0Y0U002S1N0LThPM3d6RURuVlZaRTFXSVI0dHlRVDBKMXVzNA?oc=5,3.5
6a8499cd5dbd7dc252891249,75ea029864f8e7a42f59b4beb537e36f433a0e31b407d45be55b2d4c66230fe6,,2026-08-18T17:43:42.046600+00:00,low_quality_score_2.5,INSIGHTS IAS,quality,Chemical Gas Leaks in India: Risks and Disaster Management - INSIGHTS IAS,https://news.google.com/rss/articles/CBMiekFVX3lxTFB2R2FDRjZKcW40VlF1TzRwZUptMFVtVEpBa013dUxqdkFnUGdoZmR1Ni1DUnFsMWFhWlliMGx3T09oRXUzRkxHc3BEZTd3OEpfR0xianY0Q3pFXzh2SmItVlFGVkxKaU5YUEhKSFBjMXBYM0ZxRUVYUmFB?oc=5,2.5
6a8499cd5dbd7dc25289124a,64456d9a3a9b772336d4e0b4d409ebe9029e113ff4a6b9b19aca72a91d5a112c,,2026-08-18T17:43:42.098119+00:00,low_quality_score_4.5,The Independent,quality,Schools shut and thousands evacuated after hazardous gas leak at Indian chemical plant - The Independent,https://news.google.com/rss/articles/CBMimwFBVV95cUxOUjM3TmNJaXJKS1hrZXpCRTEwMjg2Wm5ha1J2dmFFekQ4dnA3SVlHX0ZMaWs0YWFrTmp2bEtQTEIxVHhsRTBzWEJkZUN3S3pwR0Z2OHFJdVRRb05GSlNmdm9rRTJTM0hIOXNQQ1dXalJSTk8tVWNDQlNhclN1ZEZUemtVXzBKaWEzSE0tQkxya18zVS1scVRnSnFmUQ?oc=5,4.5
6a8499ce5dbd7dc25289124b,005e7d9003767f759ce7d11ef3b7006b90601f747f01af29bacf075536b3a976,,2026-08-18T17:43:42.162401+00:00,low_quality_score_4.5,The Times of India,quality,PPCB to probe alleged gas leak at chemical plant - The Times of India,https://news.google.com/rss/articles/CBMixAFBVV95cUxQT2l3aG5aRzNhSnpjRVRhTlhrSWduaTYzQ1Z5VUNRS2RBbzQ3a1MteF9CWHZtaWxVSUlLUUNJRTNOekdubkx6bmpBeFVjeFJvTmxTckJXbDloQTUxTk9iYTBOaUZtZGZqSTBvNjBrSy1yNXBlZlAwQnUyV1ZCSWN4bnZLLVZBWHRoNExadXRlZUd5ekVGaXFWbS1IYVVEeXJlQjdRZDQxa0tkeVZlRzRPLVlFbjZUVl9VUklFR3Y2bzNYYUdt0gHKAUFVX3lxTE84UEgtTVJaSmhhd3Y1VWZRWUhueXJMM0U1Y19JLVcyUUlKc0xNUFI1R01oSVJMbDNVSmpZdnN1Rm8ycFQyRThHLXpVN3pzTEh2b2NzaU04a3JnaXBYT3V0MnlKd05SbXNGcVdhNDg0TWJOaDZ3RE43UlpldEdmNUtxU3R0S3FwbEFQS0ZPc1B0RnItYV9WWDJyNm5BSUw3ZDY0aXVHTHY0RFFpeTcwYjNwLU1iRFhlU3RsVWU1eWZhZnZmbjNtWVA3ZWc?oc=5,4.5
6a8499ce5dbd7dc25289124c,eb19cae0e3c4a222371ac09ef6eae4b9ff15f75c84d31d66ef5c8fd261d6506f,,2026-08-18T17:43:42.288438+00:00,low_quality_score_4.5,The Indian Express,quality,Why Tarapur-Boisar belt see recurring chemical leak incidents - The Indian Express,https://news.google.com/rss/articles/CBMijgFBVV95cUxPbHNxUkRZVVNoRjF0NU1lRzZzS2loTWhlNmlMUlJ4WUxLdTg1TWVWUjhzVmFpUDNhZklUdE5MQU0tNkpDVGZFdllKZXBEYjhKajNhenRyZ2hBSVNadXBzYUlpOEpoaFYxVGlHVUNZejhKQmZfZEYxYmZkdTdWS1A3Z1dsaVRDZFF3X2ZmYnp30gGUAUFVX3lxTE5iQllXN0NSVzZBY1ZicGRFUXd4cW9hRVlweTVUdWVqcFJwdzhNZjRpZnkyNHVBVTg1b0FndUREWVk0NkdGVnlSQjJjMjNFNkJTNGszTWhkRVppMzJRaUUzU0p2amNHTmxoVEp0V1dJdS1tZ3lLS0JVU2Q2TUNKcURMbi00YVFPRFFlNmJWaG51S3B3dk4?oc=5,4.5
6a8499ce5dbd7dc25289124d,1e8b4d9dcf3b9dda90ba6417f10b7082cc104be6c970f4f87ba14b022632eb37,,2026-08-18T17:43:42.359886+00:00,low_quality_score_4.5,The Indian Express,quality,Knowledge Nugget: Tarapur–Boisar gas leaks and key chemical disaster safeguards for your UPSC exam - The Indian Express,https://news.google.com/rss/articles/CBMi3gFBVV95cUxPQzE3dlFxYWRqUmg1WUlzLTh1MktHcEstMjZMOUMzbVpXWHhrTzdINzVyTlh3c0l4RlVuX3ZVc3UxOHhRblNJU1Y0VWx3Rk5xaWVIdmxFaTYyRk1sdERINTlTRG1vczFXZmk2RlhnWkRwZkNHNjR6T1N0dElKYVloN2txNW83M0NMQzR2b3ViTi03bDFoU0lWQTFTZklhNUVmVC0wQVNsOU9BZVZtMUR2MWRfUWZNeWtzeUhDNmVOT1NULTI5R3RnSHZGak5adTd3TEVjdTdMWTBGaXd3YlHSAeQBQVVfeXFMUGZleGRzcnFaUW11eE9LRHdCUXFsMnltMmpYNXpISWR3TW5aVUFhMm9YMThSOGJ5dFZWRTVSTXd1U2hscWF0OEl0bVhsNWlBcjUxYXA3MHAzdVdfTTltY0NJenkzV2ZyZmpLY1lpYWgwcjhmdG1mVEdESGV1RlFtczFOLWdJTzIwS21udFR2T0JmNzZaZFhKWFRNcVZmRWZ2bkhtVldZa0JPLXktc3ZEOUlHUUd1S09ScHJiTm1UM2JjNXl6LVFZbjhRbGRadG5pNkJFbi03MnN4VmtqSkdwTWwtTzdF?oc=5,4.5
6a8499ce5dbd7dc25289124e,3c236f16da38949c561fa2696e292df41518849cd359b8df1632105f2ad7c6e2,,2026-08-18T17:43:42.422890+00:00,low_quality_score_4.5,The Times of India,quality,Vapi gas leak: Four hospitalised after reactor leak at chemical factory; probe under way - The Times of India,https://news.google.com/rss/articles/CBMi6gFBVV95cUxOWDNVRGVOUUJEMVB0TldRRmxIbGVJUHdvTVlHbVFLcnVIVkhKbjdoZno5b1VMMHY3Y3ZzdGdONC1KNm1yMkhOMGRTX2hMc1pDQjN4YTVUM0JSTVlTbWowS2lJbVg5Qlk2REpuakVvRWlHVm5hZEZ0bDdZNkxnQkk3NFRTSFVMZ2RadngtUDNYSGpzY1QxZ2hwN1dvMDJ0dmo4eHNYLWpWVHBQNHBjVnVXQ1pvRUhTcUNNclBISGtaTjQteTlSZ0hwOGp2ZzFpSnRFVGlLbzZ0TUVWT3E1WUQ0b2xReTBwaUR3N3fSAe8BQVVfeXFMTkFQY2JFV0V6Q1BTY2pERzFxc1JkTWFSY2VJclNBaUEzaFUtbzZKelE1b0xfbVFVVDJ1bi1tbFp3cWRKY01PNHQ1c19lTDJieDFBRlBSV19Bb2FyN2VrTmFZYXM0MW5hVnByMWx6Y1l3bWJSNUhGaklEYXZQdE1KWjV3YkhoUTN4a0JmcDdKb1Rzdno2dE5RcTAta3J6MUlCamlJWWlsMGNwVWhOcGQybjhpU21aa3BXUGJ0SWVUdXJPYmVkRjRfUU1mMnQxUHJaZUl0YzFZSVlta2ptNzdYOGVpWGp6UWRlT2JhTWVWV1E?oc=5,4.5
6a8499ce5dbd7dc25289124f,873695dcc3743c577dac642ad0a8fbe2532708d8a060efa6a1bdc72f18b06c9a,,2026-08-18T17:43:42.530165+00:00,low_quality_score_5.5,Deccan Herald,quality,Death toll in Tamil Nadu gas leak accident raises to nine - Deccan Herald,https://news.google.com/rss/articles/CBMisAFBVV95cUxQaFZvWnpEYnRhTmpxMkwwNk1VQWdLNnFNQXB1MC0tb1BtVzdjZ1BaSHJMVVRfbzZBOEViZElSWllOXzVJZlpxcl9OcHlxZ3NPODJRVVd6MWt4UkwzMmJEdUFjTGpqM09WYUJPQWEtQ04zQTBfbFIwV1pfQmk0THBYWlEwVVNYeFExRlBJQS1QWmd4eGxWMklHZUxhaU5tNTlORm5pdVhfRnpfQVRJWVhhbw?oc=5,5.5
6a8499ce5dbd7dc252891250,e7acd80bbc1166b67f00727de0fd45cca388826556af2a2e9634349757422218,,2026-08-18T17:43:42.661294+00:00,low_quality_score_5.5,NDTV,quality,"Mysterious Gas Leak Causes Panic In Jammu, Probe Launched - NDTV",https://news.google.com/rss/articles/CBMiyAFBVV95cUxNYjJEQVlNMmE5M0ZUN0ZqbllXSTIxRUgxNlBUYlVfUEdTb0NYWTJTeUZ4Ty1uUG0wcDA0LVhIYmZOVVFyc2MtWWlfZEpNRnR2X1ZYRW9WLU5wQmI0LUNrd2tUMVFaQlpuYW5Obk9WTXR6alctN0hoc2lqYWVqT2MtUG5MbkQ1NlFncW01YzhNZU5GM2E2VnNrM0U4UE4zV0dPRjJRczNxTTB6YTdFdXMxdGhYYVktNkZDYkpIXzc0ZVV5OGdHSlNjcdIB0AFBVV95cUxOczNOdFM5RWNSOXFlM3RNclFPR21QeXl2S21HTzUxanZmVkl6SjdBeXhOVWFoY2RRNHJiY2wwVmw2ZXR0Rk9xbmk3UVZESG9IUkc2Y2dTRUs0TzVFdEtsWHZZMlFuWmpWU1huS2E5M1kySGp5Rmp1ckJqMVEzRFhBa1JkSHkteFFCWTVGT2ZCU2ZPYkhuX1NiRllVZXRZNTA5NkxpNk5TS05ldDV1Z29JSVd5ZFhHS2syc0dmNEVIa3hHQkw2YmZ3cHlUM0wzM0J4?oc=5,5.5
6a8499ce5dbd7dc252891251,13cf40761b5eaa36c13cb8677b2b42cbc9c42d65fb63ef782d54be54896170c9,,2026-08-18T17:43:42.738655+00:00,low_quality_score_4.5,The Times of India,quality,Chemical leak at Bhilai unit engulfs area in thick smoke - The Times of India,https://news.google.com/rss/articles/CBMiygFBVV95cUxQb0tKdUJFek5USUg0WmxwZm1KOVBOS2RfSEsxcG5OS2kyc3VEaXlNYnVUYnVaYzJIMERpZ1BMdFF2d0FJQ2trSmJhQTRFMEwyR2cxRVNyZGxtdHFpZU42X08tRTdXOWQ4eG5RTmxoX1R2Qno1LS1vTGJnNjd0ZEFJc1Z6dy1fMGZtbnB6N2Z0VGlKOTl3cjlRcnpmd1k2V3I5T1ljd3JBc3MtMnhYTXFrSlN2SVB4bkpPNk1EVTlDUEItQ0hGZTVCMHZ30gHPAUFVX3lxTE1fbk1yeHlQVmZ5Sk8wVWZIbFhaS2xpWG4tVUo0ajYtdU1zTDV0a3hWUlZEUzVmNEJOTW1vTGdNb0Y4TW9qVUtqbXhMRG1ZNHl1OUlNZGJ6SUlvVlZEOFpfeGtqS2pkU01tbWRKVUtlODNFWGY1N0RkaGtuV2pCejQwSlRmVkhZTTk5ZUV1bnQyYnNna1FIVjNSMWFqbW5FVU5ZQ1luNFp6dk9aT0xaeHJUb3pwOFhNc0RHc3A3cDVrX3dkdlVwZFhmWTduVW5RZw?oc=5,4.5
6a8499ce5dbd7dc252891252,bdd02e4185981f50673a8c52f1bae1a18ab75a002ccbc4045d1f663d745e5068,,2026-08-18T17:43:42.793539+00:00,low_quality_score_4.5,The Indian Express,quality,Danger averted near Theur Phata after chemical leaks from stuck tanker - The Indian Express,https://news.google.com/rss/articles/CBMitgFBVV95cUxNYzB0T0ZVWWRmbjZ4OWlhalQ3dnd3V1ZSVTFBSEtDU25DN2ZiRmp3Z19nTllzbUNzZjF0LUI3ZW5CZHh0elN1aDVEWjB5VHZqYTVPS0doRWZPU1Z4VTJjaENKZWF1SEFXOU1vVk1GOXllRlJsamota21IWEtfQzFza2h5TGFWcUViQzNBQkhxbGlBUFgtQTNHb3NsS2FGQXJwc3V5NlRoeWQ1UUpnN0h6X2Q5ck5NQdIBvAFBVV95cUxOVUJ1OXlWNVktcVd3MEtLdV9lUERqM0FCY0szcUp2YWFnYmdYMlo2VmJrSm1iU0xNZzhmX0t5TUNvM3huT25FcG5pWG9xUnhieTBVNEc2dnB2WDlHekpjZzcycDRDckd0blFnMHYxMXdIQ1UxWXFDR3UtTnhfa2R1MkhKdXRSZzJuZWRZRGRsNGRrTzVZaTRBN3VlR1k2RzllMHpISjJNMnd1amNZdFhxNXQ5MVFMVFU1T2Nkdw?oc=5,4.5
6a8499ce5dbd7dc252891253,6480fc5dc7569a737b3d94a5ed32fc290f19648ba4faaa5b9d91ba7e2f6c0174,,2026-08-18T17:43:42.846219+00:00,low_quality_score_3.5,hindustantimes.com,quality,Panic in Maharashtra’s Palghar after Oleum gas leak in chemical company | Mumbai news - hindustantimes.com,https://news.google.com/rss/articles/CBMi2gFBVV95cUxONXQ1elNhRU5ua2l0VTU0aGptaWdoVEhtV3JoVk5hSkFhNEc4YnQxWXJhMkRtVDJUTWRST1RGNXRVMzItak5zcGlub3pPc21qenl3Wkk2TV9wVEk3WUhoSEhGT2ZJYm50LVd6UW5BeVNpMDZDelhuMVVjVnZUc1dCYnJvcmdBbS1heVZhM1dFRE9kQmdYUzlBWVF1QzNJZk00S2x3b0Qyd2U0S0w1bzdpZmIyMmpfVG5NOFpQYUtHRlZaYllycnRkcGFtLXVTYWxKZzY1eThPMmthUdIB3wFBVV95cUxNQ0lqUzJ1OHdhMG5xaUVmMHhhbDZLR2ZiOG4yT1ZHdFVTLW4tOTlDRmdMRmxhdEdTVXBhUW5BRkhNV1hOVXFBZTZjZGRXNUlpYktmVVNNZWVNaUZMWkpHdmtxcUxjLXBmTlVsVHhzTzhxSzlqYVh4Q3VZR2dCNDA0cTJ6bHl6dTNvc3k0cTNEWUdzYThTWDhNY2QtSWRqeVNYYUdPZHVTQ3dydjBqS1hGdVdFOV92UXVEZlZXUjFzaHJqNUZYRG1ZRFNwZThMbE9ZME9ZNnk1Mktockk1dGpR?oc=5,3.5
6a8499ce5dbd7dc252891254,7e06f40404925a536a91fc540797f312c502c9ade31b4ba35cb08fa3a4a28f10,,2026-08-18T17:43:42.886979+00:00,low_quality_score_4.5,The Times of India,quality,White phosphorus scare: US military denies chemical leak at South Korea military base - The Times of India,https://news.google.com/rss/articles/CBMi6wFBVV95cUxPVkJ2Ui05ZTNkcjJpbTcwbnk1Rmpjd1VWZVFOSnhld3JqcEN6WWFOUk54WG42YnF4Rm44MzhsdThLYk1uTEFCQnZueGNkMVhZLWRJY0NOX2h4Tmphck13Vi1UUmdfeXBaVUs2OTg5eEt0cGN6Vjdtc1hoRl9RMWh2SVI0YVgzSlY0N2pfVHNfYXZJS3Q3ejRKbjdKQ0NoYVpCdkttbklOb1pyaFdHTC1OdE5xMnVqR0pGc3lKZzZVajFYajZ6NEhtSlRtckdwTkYwZExpODYxRkNPQ2FYSlNibl9mTlo1aDNOdjBV0gHwAUFVX3lxTE8yYlV2b3B5bndaeEZZMGNoUGtQN2hqSWhuTTQ5LTFzMDlsMkJkY0U0eWU0VnY1Y2wza1FTQUk2S2xtQktNSXJLVEh3Z3Q0SG05cEtYckFrM1JtZ282Z2hXQy1lZXhZbkZzazNIQ3ZwNGNtU0t6TTRyc3Y4RllBWV9NSXJicWl0X2pWNlNzX2dnc2tPRGV6RmZHenYtdG5wbjlfNlRWSzRsZ2ZuMTFNY1pidWxYeWt6ZENpZlhERGlZNXhseGc0cDBFWkFQRXNzNlR2VlNnMFVXc0FQQ004TGFlRE13bmpFVDVBU1B1TVBqNQ?oc=5,4.5
6a8499ce5dbd7dc252891255,5817a75d6f2b865dae7aefe9c74b18bab4daac6c425c30526119dba89d9fae45,,2026-08-18T17:43:42.923879+00:00,low_quality_score_5.5,India Today,quality,24 hospitalised in Pune after chlorine gas leaks from defunct water plant - India Today,https://news.google.com/rss/articles/CBMi3gFBVV95cUxPTmFzR0RPOFp3T0VZRktoTnVrY0tfZEg3Vzc2ZnlnWmlDUlFBbGNfNGlEUURGaURiaTNRVlNESEYyREFiTDJtU21WaDlwNW5YajVheUM0N3otS2pCSEhCaVpOWmYxTUJWNTN6ZnZLUFdaemFqckZLc0NzeFo4UXFlanZObmFvNW5sN0g3SDAzLUZmbDlJb29Fem1sRDA1YUY3OVlPWXh3QTlPVTluR2s4VE5jQ2xCTi0yZWF2YTJvZU5URDFwQVBDaU5SUnBYZWJiMkVIUTU2YXM1aWJQRVHSAeMBQVVfeXFMTVNHWF9pb0RHcWFMZVlVNjBSZUZrUHJnMGg2VUQtZGhkQUp4Q0R0c085Y3kzN2FjT0w3TENEQzg5TTl6OHN5QXFmUXVQMGd0UEtWaE9wdjZqQXhlQkFTSGFXWEszcFdsYk0xalZaaHdpOFZNcGpLb3ZiZE0yLVAwa3lkSXhtTmRodUNUMGJmOUpBMFF5M0xPMkM5RHhiYnAwRThFblU5VW1BTzlJNVVWY3dfTmVDbENwbE84OGc2dVZKVTJGQ1JBTHJzSGpnR25sNURsRGFwdzdTRUQ0S3lYTnBtLTQ?oc=5,5.5
6a8499ce5dbd7dc252891256,bb050974a08a4f159160cb9eefcce0fad8dc6a07574bece11844546c9b0a15c9,,2026-08-18T17:43:42.961322+00:00,low_quality_score_4.5,The Indian Express,quality,"17 hospitalised in Tarapur chemical leak, second such incident this month - The Indian Express",https://news.google.com/rss/articles/CBMiygFBVV95cUxQel9kTUZNY1hjaHBSTDNXdDlFZWxyYVpsZzBnWDRVM1lmaVVaajVjVlluYm5QeEY3MVZhRjI2dkhDVVZmM25SNU9kcHo1SWV2bWFWVW1qUWRKWmhIUlFRY29SWFM4TUJ0d2gwOVdGRGppZUNCNkdCeHNSZFN3TEVtUU9IUDlGMnNvNF9kTUY4QV9BS0gyU1ZNcVJyWW5ZRzNmNG5SRTkyVzJCWVBLY2NxTFVHV09TWndtaEpWZTd1RTZMOGFwRlBDbVlR0gHQAUFVX3lxTFBTLXI2eUh1SjhMS0lScEJyV2pGQnM5ckdzNlJpcVloQ182d0dJcHA4cWhrZmJXbkhoY05rbnNUN3o5SUVCN1NxV2pOUVhDLWdITDJtX1g1Qlo3c3JydkRqbmxLTWhDOUtHbWlWS1g5cXdkc3U4Wk5teWtWMGlmcGg2bWhHTUEtZnViMDgyRTZ0dHBJVEJDT0pkbUt1X2FKTFpNUlZnV2JHSWw2VzVuV2YtSTlJUlJrZGluYWRDVEZDd1h4T3FtS0VsMDRkZ19UbmU?oc=5,4.5
6a8499ce5dbd7dc252891257,2ae8ecda439ccd71c93a6c398ad0f916bb985b6ff3ddadd4e64dc0a0e8d2bd64,,2026-08-18T17:43:43.001008+00:00,low_quality_score_5.5,Deccan Herald,quality,Death toll in Tamil Nadu ammonia gas leak raises to 16; 25 workers still hospitalised - Deccan Herald,https://news.google.com/rss/articles/CBMi1AFBVV95cUxPajVxQlEwRU5OdmZXVzV3bWpESExadWJqR2M5Yy1BNEFnbXVNTTd0UXJQcFJJZXlhVS1NVDBWcXgwSzlyTWhLemRJVEhoVVdmLUxNcW1WMWpYSENPRFVOX1l0VmNxSmZrbGdxN0Nlck9mZko3SFpNTFZkVTRfVVR5NzNUYlkzdkdQR1ozakJuOG10Z0MwZ0wxUDJ1b0M1TlhwYmhpN0FKbC1uWGY3dGZfaFg0M1o1dFBLRG5mc05jb2lfby1xYzRXVXh4MDNXb2dMb2Y0NQ?oc=5,5.5
6a8499ce5dbd7dc252891258,5aecd54e3a8cc31d8dc09603d260155e7140d86cda94997cbad14f476511b069,,2026-08-18T17:43:43.065961+00:00,low_quality_score_4.5,The Times of India,quality,"California chemical leak: What is methyl methacrylate, the chemical forcing 40,000 residents to evacuate? - The Times of India",https://news.google.com/rss/articles/CBMigAJBVV95cUxNWkRYbEZIOXFwckluZlFQbFhkN3hxZTlxWXZtVGl1Um1pb1BiakRCQ3FBaVVGRlRxSjEtckZsMEhJeWFaU3VlNV9Ca3R0T1RjLWlIdXExNFVvSjROUC1NZnBwek92Vkh3RTZOWGxuNll1SERoUmpWT0xiYmVGMlhPWFZER0RZTk9QTGVQTTdNWDJxamxIdGpja0pRRTNzV3hKT0kzTkt4TXZ1WUhycWk5SEFWckhiNUZSS24wS2d2TWZVQmFOeEdOMDBVaUlyX3V2ZExTbHdUVUJDOGtuOWlfOXBsd0g1WEUzS185UnVHaEJTS2RmSkljR1Y1WEw3UlVL0gGGAkFVX3lxTE9OSVkwc28xZktzVkxTRUVLbXRzMlZWVWRkMS05M0R1MGpyNzFWc1JVQk41SXYwVEZFTWhfMms4blBqNG1sRGV6Wk13V0RjaHM3VzFEbkxHTVNVekJoZGZpcXJYQ3pkVExWblZlRDZWbUd5dEJuSDUzZzVYQzUtd2pjWnJvUUw5dEhxNTBYbkplMWVSZnJHOHlDME1za19RaHF0X0U5dUxaMHFFTWJEZExLVXhxVkRFUnM1Rm9vNFdlY1ZWYlgwcG5mQWhlbHhoVEVsWlJveFI1QWxrc290eWRlYUNDVDZab2pKUkdwb0xJUnZrd013UGdTSWRkNHQtbGx1cmJlaGc?oc=5,4.5
6a8499cf5dbd7dc252891259,88312c700a8882041ff9d47eb4a85529ea4e84debe411a9233c761c65d2729cd,,2026-08-18T17:43:43.123219+00:00,low_quality_score_3.5,Design World,quality,Bhopal: the world’s worst industrial disaster - Design World,https://news.google.com/rss/articles/CBMihAFBVV95cUxNQ2dYQ0xpM04zc1IzOERCX3BCdzMya01DVmV4SDJtRW8yMXZfNEJuMUVCcGdMYm9yVFFXNVJOenlsRlJMRU1zbnNueVQwLThZZFd6anRaNGd0UU4xOFJBYVFPUjN1X2hYM0duTUNiU1BvZUhpSnpsVkhSNDJha1o0NjNjYmE?oc=5,3.5
6a8499cf5dbd7dc25289125a,f8ddfac7effb86a29bb091183baf740c293f9df39a14982ed434ddbc7d0dd3f1,,2026-08-18T17:43:43.210698+00:00,low_quality_score_4.5,Manufacturing Today India,quality,Bhageria Industries gas leak triggers mass evacuation in Palghar - Manufacturing Today India,https://news.google.com/rss/articles/CBMipwFBVV95cUxQMjlEb01scTdMSkFEYWpLTGk3eno3WXo2Qk85MC1MLUhGcGhWU3ktamNrWjdNYW9LcXVUOFA1NkJINl9NS3gwVktJUjRfcE45RWNsVFdmcGRhQWo5bDY1M0V1M3poOHZFVTZpS2c3X09iTjRFLUZHTGNpNjB2V01qdE1YS0hhc2p2NDBXZXJmcHJHbXp4VWtuN1ZibmJ2d0JlcWFoZDNocw?oc=5,4.5
6a8499cf5dbd7dc25289125d,2a8d6903f29c5444597a5e48255862cd9e7bcd54fb8c80426187542c5172f7ed,,2026-08-18T17:43:43.278178+00:00,low_quality_score_4.5,The Indian Express,quality,"TN ammonia gas leak: How exposure affects the body, and when it can turn fatal - The Indian Express",https://news.google.com/rss/articles/CBMiwwFBVV95cUxNenV6ZzAxVHpBQXhLWnNFVE1oXzlJMmR3SDNKbDdGeDNFcElMcXRKUFFfWnl6dEsxMTlYYnBkTkVSVkpsY2RVNTZlanRFeTJ1cjJCa2R2cHgzbWZwams3azVrZW5iM1RsUzFfSnlYd0NGOFhMakV4X2VaZGt2ZVp0S19qSjdVRXI1R2hPdEZVNFRZaW9IMnFmbTIwcEROYURFWi1xZ09VTHgtUHlLamtmMU9GTjhTY1BxdklQam52X3p6Z1HSAcoBQVVfeXFMTjJxdEIxZW5fYmtyT1gxd1N3Rk1mSEU3anVOMFNhRVhJLU4wX2dJR2FST3VEVldTZ1VxeU1UQXJiNGExV0E3bDJocVE3YzFqb1R6RnhfWmI2Q29EYThoTXVCN0tBeVJFVFpuNjZMdURLb3Y0UDZCSHR5Y3c4d0lBNW4yenVQWFZiNVJua1N0OVBZWnNpRjJsME5TT05MQ19sQ3Y0TjhNNThEU1JDZ0lWYWh0cHE4Tk5PR0k0dmlja1VhRTFoMTEzT242QQ?oc=5,4.5
6a8499cf5dbd7dc252891260,7a6e7b6303c01154ef16fd6ef6a7a9216e81b1a43226a032e771a37394b5dd3c,,2026-08-18T17:43:43.359522+00:00,low_quality_score_5.5,The Times of India,quality,Inside the 32-hour operation to contain Mumbai–Pune Expressway gas leak - The Times of India,https://news.google.com/rss/articles/CBMi3AFBVV95cUxNdTBILS1lSllCbDlxMVpXX3hLUkpzZ0I4bUxGVXdHQWt6cDRqUE0wN2NuVUdQc3l3Z3FWeDU0YmJPM0ZfU1RXUXh0d0FBd0dhYjB3NV9EOFUxYXN3cm5hclF1RjBHTXZvUmpXa0JHazQ4T3l5cjA4bWhwZFFEcmdEeGg0N2lWcWhZTlRvRFpOSEZJLXR3bFAzZDhJTEtsMWVfMlpwMlNScHZmRlk3TWJobkprYU85aXhBX1V2X0NDUTZYV0tKMVk3VUtBTFFKbk1CdzZQTE1EaUJiWVlu0gHiAUFVX3lxTE9DX29kLVZ5QmU0RTV5ZDRMSnB3MkloSVBaWkpSOVdjSXhFR25pTjVkMF9QVGRpbXloU2dqSEd1WnZ1MDNTT2lPUXU1Z0s5anFmUjNSTDRSdmRDNlVtWHAxZzVWVW9kN3NPT2kwR25RNGxHb2Y2YzBRaENjRXk5ZllNQThFcmpXR3pZRWcweXhPekJzX3FNYTh0dmxpWHNpbXRzYXpfNzdScGY0VFFRSTJkdlQyaEswTHBNOFhJam5xamhtYU5TREZ1WTBmR3dQTG1DTGxKTUI5eVljVms1TjZUT1E?oc=5,5.5
6a8499cf5dbd7dc252891262,60ce9e3b0aab4541f55ee9a2f3706927d0414d795b0125c1f5f4229143f146af,,2026-08-18T17:43:43.418746+00:00,low_quality_score_4.5,The Indian Express,quality,"20-yr-old man dies, 2 hospitalised after chemical leak in Andheri MIDC area - The Indian Express",https://news.google.com/rss/articles/CBMizAFBVV95cUxPM3R6MGh4NEF0bnBEQ0NvdWFDMkhMeTVyMkRUd19aS3BOS3ZGUGZkOHhNd3dGSHRVRzYxWXZhdTFHZEZLeWNtZVFkNmY2QXgwY0prbHBmeWo0NzdtbW5YWEQ3VzRqZjBDQ0ZCNUFNc19GTnpORVozUVlIdTJsakpPaG9nMnczaEF0Q0hReGFTdDAwUXU4MHluWm1rbU9mOElialBLZDhwV0o4Snc3eVR5amhhT095WmZUdkJiOF9YbnYzdHUtQjVCRkxXX23SAdMBQVVfeXFMTjBDWl9YUUNCT1hGVWVudUpfUW1tNnFCZ1M3ektCUW1sX0cwRThsVXE2V1padjZlbGh2TUFMMjF6RXZzanJpa2pqcHY2RWx2MGkzVkEzekJKc0FCV2JmY3ZqUWlJaW5qdXNyOHY2RVU4TjktNFdXcVloTzJlRXIwLVJ0dTZZMWYyRHpFN2pSQ0gzMUhINlRFMkpKdVF0bjRxc2RIM0IzRnRoaVBLVnhEbXdCSWdhVzhDazVVQTZaWXlrU21OblB0Yy1YMVBnZEJvQ1gwQQ?oc=5,4.5
6a8499cf5dbd7dc252891263,f1b6bc15f09fa02fce08100d887d151e90cf6b04b143926834098a59bb2f1110,,2026-08-18T17:43:43.458197+00:00,low_quality_score_5.5,The Indian Express,quality,Gas leaks on highways: How to respond and what the Mumbai-Pune Expressway incident shows - The Indian Express,https://news.google.com/rss/articles/CBMiuAFBVV95cUxOeHZ2cEI3b1JtYjdPNmJiUmVBMEU3TnpJdEZ4VlZDS05QLTdLYnYyaWk2WmdGaWRHc2MyRjB4RHEyOWtSWk1HV001QTAxWkdyb3hONU0xSVMyS1hzRUt2M1VDYWZ6UTB1TXBnc1pMaDByZklvTjB4cnIxOVJRRzktamZSbm5xNnUxMjcxZ1NLU2F4dVFrY044cDZIT3p5TEJlaFc0V0FFNlhWSFdleklFS0J2UDIxaHV00gG_AUFVX3lxTE03TTJNXzJ3WVl5d3ZQRXBhM1dvOFVVZDJXRUFqS3ZUdTMwWGZVZ3d5enh4VzhLelJrMFd2aVEyck40b3ZPRWpxSHVxWDFfUk5iQmE1aGtVUEgtd2F3QVQ2Vnk0U3BIY0xERFdMTnR0YUVXR3dRd1YycXBNQlhzNW51SW03aGViOUhMQkZxbTg5b3RJU0FJT3czZVVJLW8xeDdkd3RMY0lieDRXclBsLTFHM3c0Wkk4OVRRMmx5Z01z?oc=5,5.5
6a8499cf5dbd7dc252891264,a4b0cdd45ada720aa084f6ccb8c0c96fca3189e4c82f28243264538bd58c6204,,2026-08-18T17:43:43.686407+00:00,low_quality_score_4.5,News18,quality,Oleum Gas Leak Reported At Chemical Unit In Maharashtra’s Palghar; No Injuries So Far - News18,https://news.google.com/rss/articles/CBMiygFBVV95cUxPejMtNUtwRHMzRk9JOUdzVjVKc29DQlFGMUJ2T1FoNy01WDdsT1A5YXhYV200Q1BjaHFFZWtrMlloMWZrcjBKb3I1emxqcjB4UmRWT2RQWDhLWTJmdUpxQk9aZVhhY0tZMHYtazhjaXFxSXNMMTgwU0pTMDhkMlRvTlZpalhUZmNodk9vajI1NHFvRWIzbjAtS3FpYWozZDl3QlM4SGNVcjFINUtuM0xQR01qckhUbE9GT09mOXZoYmh1bWlJNWw2RFNR0gHPAUFVX3lxTE0zTU16YlRYZV9oMFdHWjQyZmdweklYTzY0N2dkZjVxRUxqaFkyUXZtYmVpSEd3Y0xDSlRPUlB1NkNXU041WXdGQXd3OURtZ29Ud1h3d1pVVDhfb1I1NWhFTmU0a3lrOHBGUURuRDJiZHNBVUowN2NTcm5ENGtvZ1UycXFydjFLbktlZzlmSF80UVMybmMzSmxhMXdGcFU4YTBQTFBfVE02M1hINjlhM29LdHd2VjFHZlhDdUx5ZWZoNFY1MUhrY0Y4LXQ1bG5QNA?oc=5,4.5
6a8499cf5dbd7dc252891265,bc1666ae475e782697bea4db142f66eac62c903166fa36aecd8a46422d5ba491,,2026-08-18T17:43:43.727766+00:00,low_quality_score_5.5,The New Indian Express,quality,"Five, including fire officials, hospitalised after chlorine gas leak in Madhya Pradesh chemical factory - The New Indian Express",https://news.google.com/rss/articles/CBMi5wFBVV95cUxPMUpfcEs4ak51Tnd1QUI4bU1vdXRPSTktbkpQZkJzeUdGZ213Vnp1OEZjVGJ4VmtHVFQzbkFzb3ZudTc0RWwwRWNyNFhGSF9aYjRGUzR1dXpYY3ZIbFRRMGZEQXJXQnIwRm9MTUdNUHNvcUc5MU5TdGNYREpJbWlldUM1dk1FSmRVUnhNSVVoMWNNR2dMMjdvMlFOWldzamVVVHFrRzhfbUpmYUU1RUxackVaU1lOWGduNzZDZFZnc0ZWYUFvNGswRVA1N05TQUd6ZmhKQWlabVozb1QtdXJldVZDUURwNzTSAfQBQVVfeXFMTUhVX0h5Q29zcUJHY0NFaVVPalJkbURjU2IzTHF0S3RoNUhIUkxkSGZKcVpPN3VkanRmX2ZaQU9ZZGl0aWk1czQ5VHFJWktFZS1ER1FvdUxyNTdDaVNKcFg0SXE3RFNyWEVPaWR5NG1ybGxhWXc5bHJSVzV2c1NEZ01BLXRVN21UUTAxR29PZkd4SnIyNUJET09FUGJCTzJ3T3Jub1pOeXdZWEhLOEw1cVNLWDgwMGxwMldKWlhSMUx2Z1ptM3pOWWpwcDFpSW1pbXpzVi16WFUxaGxsV25VS2Uzd0wzQk9FN09KSXpPd0JObEo4dA?oc=5,5.5
6a8499cf5dbd7dc252891266,096bdc4285a157fc3e9edb0dd3f69b494010d58093c12f857a8722c12f47db54,,2026-08-18T17:43:43.782380+00:00,low_quality_score_4.5,The New Indian Express,quality,"Worker dies, four hospitalised after suspected gas leak at Tiruvallur ethanol unit - The New Indian Express",https://news.google.com/rss/articles/CBMi2AFBVV95cUxPaE1nYlZKdUZyR2pfWENtcWRhLXpMRE1pdHc3dDRmOHg1UjNYTkhBWnQ1Qk5HZTR4VGhjLVVIS1M0RFU2NkpWbUpYa1pMUFk2OW5ZLVo2LUE1c3VQMkxvUFJmMmtkQmJrRVpDVzM2TFdpU2FOS1J1UmhhdEgyUWtKX1kybFpsbVdWN0pQVjZ0QTgzWE14d21JRWt4UlpxeWdubFlPcVZoRnFQRl9PRFBwX3k4cVNyVk9jb1dGTW05RUlpdnhfZnE0dEJSb0pFRktoT0xkakdibDc?oc=5,4.5
6a8499cf5dbd7dc252891268,a3916d6777030a7ab8f58a41b4af25543a2e86f15975e50ae06912af50398ba0,,2026-08-18T17:43:43.843874+00:00,low_quality_score_4.5,hindustantimes.com,quality,"Palghar oleum gas leak: 2600 evacuated amid dense white fumes, people complain of eye irritation | What happened | India News - hindustantimes.com",https://news.google.com/rss/articles/CBMi_AFBVV95cUxOa2lzOXZEVFZHRF9ubmd0TlRQMzNxY0ZITy1lZjB5X2xoRWJaelRobnVtRlJhdl9DQWxhT3prNUxES0RyLWFUTDJuWlphVDVZZ01PdXhiemVXanZVVzJDRWo1N1JVWW9zMEp6dmRyTktoak5GUmh6SVlDM20xMjNfcWJrMmtaU0xTX0tLODN1bDJPLW54dk9SUkJIY1lqRWl1amVxbENYTkJWSGV1ZmVDT1NVcjBMN0p0VlBiVDdfWDlqdDhUVUxScG53WjQxTTh1MEU3c2tRa0l3LXZpb2dmdU1MX2JuVjVJdkh0aFBwMm14ZEZJRk0yc1BkU0nSAYICQVVfeXFMUFlKU0VLRFlldEFaY1J4aWdyS2UyaUs2WGwxS1RvV3I1OFljcUJGQnQ3X241VU1KVjM5cEFDand5ZHFqUHRBRHZjWFlESVUzS0NMUGhPeEV6c3hQc1hwV292dWdyUk11dlZmX0puR1JiR3hNWlpZUE5XZ1pIcFJoWVV2M3UzUGRaT2hGZEFEb3lsRHp2TzlFZ25peElIVDBacWRHSUZ1N3RjRW5oTVBCaG0xQzFHY1U4QTZ4dXhGNkNHMHRUNWtZUWZ5VXFPbFA3VTZfX205cE01cm9GQWJIZ3BCTjJMaDFIYWphVFltUE4wMGhLN3ZFQUVyTGtnUHU5OEJB?oc=5,4.5
6a8499cf5dbd7dc252891269,b8a453012c1f25b369ff81f91e27e0d266f2a253cdb4a3a7ba817ad6cbc5e7df,,2026-08-18T17:43:43.885547+00:00,low_quality_score_4.5,The Times of India,quality,HC: Will make MPCB liable for any gas leak at RCF plant - The Times of India,https://news.google.com/rss/articles/CBMixwFBVV95cUxQN1R0RkY3T3JySlRPYzJTQlp5UkZHRkEyTE1UNk04ZXBoN19LUVRfLVFsUmZpeVZJdFU4ZEE2XzRyZVY1Y2dRbE1mRGNxWWI0QUJNX1JJQl8yTjJzOF8wMUlKS2FaZnNVSC1aNXRabS1pbDh4aF9uN2pxNkxIU1JDUU9fX0t1OVIwaVVMRXRSM0ZRTElsbU5ETG91MjZrYjhoWVJFRVVCcDZEUnViYXcweURqbVFJbVF6X1NHWElZRVAxZ0lNRUNB0gHMAUFVX3lxTE1KcTlNQ2k2ZEgwa0pQdkIwcjJrbnJGYmQ3LTNtTzY0ckFYM1JiX0ExZkRxWE0zUmdOSGc3S3B1dEdOeE85M0RESnExbFY0UlYzZml6YnZqU0E0VGtKZTZlV3BEcHNQLUpFZzI0Sk9kT2pZVFFCWEJpdXJpVWh4aVdKd015dDdmbFQ2ZVhuZVF6ZkE1dnpkSGs2TEw2dEV0YzktUFZSNWM2LW5ncFBjdTVuYVhuWkpmMmhJUVF0ZFZqMTRZUUowV3pZOUVXbg?oc=5,4.5
6a8499cf5dbd7dc25289126a,33bf0096e6f8758682e4b0b7f794cdcc8515f57fc2cecb2212334da460f1a74b,,2026-08-18T17:43:43.928709+00:00,low_quality_score_4.5,The Indian Express,quality,"Gas leak at Vapi factory, 4 hospitalised - The Indian Express",https://news.google.com/rss/articles/CBMiqgFBVV95cUxOVm9McTZzWUwtYk9XVGtZRjlTcWpraDZvaVg3c0oxNzl2VDhZYUcwMlRPMTdQTnBua2NBWGRhS1dYeVluN1VZbVVzendyamNYQUQyOE1Td0owQ2FMd2tqWkNtN2ctZUtqNmMxYVlPX05wbWVpNkJqZXh3cFRReXhKRFoyd0dQb2M3OWxyX0NWOUZQMlpwY21XZGduUkFiR2NQMTFERkh1Q3c1Z9IBsAFBVV95cUxQalAyRGI2cFluYUVSMjIxUHJ4WktsWUU0Tlo2dGxyV2dOdmtWMEs1UWkzV21TYzk4UThGdFRtUFpHclA5SVJZcklXT09OY2J5YlVxUmotRExRRmhpTVB3a1J4NXZ5blhPdzR6ZmcwWFV0TzUyT2R3ZmJfWnFLN2NuVXkyY2gxVFFfcEQ4RnVXY1J6RGxYZ3ozUTJOWW9LT3V6NXdzR1o2ZXJLYWsxNEYyWg?oc=5,4.5
6a8499cf5dbd7dc25289126b,d76aca2bb1bba9eea196a98e3faf5d79de8a9b75e2aee1a7165982662a2df99e,,2026-08-18T17:43:43.967130+00:00,low_quality_score_3.5,Rediff,quality,Chlorine gas leaks from defunct water plant in Pune; 24 hospitalised - Rediff,https://news.google.com/rss/articles/CBMipwFBVV95cUxOWVZQR1BzS0s0Sm14aFdleGxzWXNtQVBKSFlyeXZHSVZEMk41Vi16S3RvOGNyUG1mWWJsYXA3ZGphYXJLc3MwN2ktSE5aQTVYdFpSU0t0NzQ3VEdjWW9hM0x6U3J2dUNOQXJ0RThkN3YxSmxiOEJvYWp0LUVNc05icF9mU0Q2NlNHOXdzd0JyaXZLSlMyUTAyS3BjeW5zNTNhVlNEZnZzb9IBqgFBVV95cUxPT1k3MDVUZnIwZ0JxSlBIV09vRlZ2bjdBSGN4NHFEVzRlMGhHYzAzV3F2MHdmVVdxcGI4b29oajdPRG1mbnhtbGd0VjZpTXVuWGlrUXdMTG9DaGVqUlVib1hobjBqd2VRTWszRGRTZTYzbmRxN0tjV3AyaEctcTEwSXRCZkpHMFkycURxWGtFMDE3NmpPSGhPQl9hZ2lwWjV4b2dUSlQ0UGsyUQ?oc=5,3.5
6a8499cf5dbd7dc25289126c,9b28d58fcd83c0b7bae58e322f41d5e8459717f0dc1da77765bbcb72a8a285d6,,2026-08-18T17:43:44.008067+00:00,low_quality_score_5.5,WION,quality,"Maharashtra: Gas leak in Vasai leaves more than 10 people injured, few critical - WION",https://news.google.com/rss/articles/CBMixAFBVV95cUxQTGUzOXFLcjVzeVFMUkliX2QwWGsweEpTRE56NXBDaFVTVHpXLXNfMHM5dGltV0hfVU9RUzdyeGVpT2NzVEJJRFhDcG5yTFdzYW5RTUdURkRMb3U0bkJSQmFUQ1ZiWGc4X3lWQkNoR2lrSTlKUFgxV21aVnJ1QkFVWmtqQzBwS3pWcE1WZndMb2o2NVNfTGNKTG50ZGZ1U3lOcmNOVTdNZWZfeGxOTTdpc0RpNkRqM1l2MUlLNkNMZm1HcW5F0gHKAUFVX3lxTE1tSGxDc0ZJVVlCeS1Kc1FJUFM4SVFNVXNZR2EwOEMtanl2TllLWnk5SzhkM0JzOUV0WDNRVExubmlobl9HeUV2QjVjeHV2WGlLdmRSV1RtVHh6aGdjMkxrRlE5eXVBaDdrN0k0Y0N5dVhoYU9EdnFaaTRtT2gwUUdTWUFDTUJNS3lQUzZidXh2ajZlX29MOW9OTE1XUWdPVjZfMGNPb0RqQVR2bWlFcHpSNVZmc0FoWUp2TEJkM09WNmhfT3hKSXpJbXc?oc=5,5.5
6a8499cf5dbd7dc25289126d,11d3deed2ef7736ab0b014dcb2e6bfd8c40b585a90c222404d1be27a889d4006,,2026-08-18T17:43:44.046217+00:00,low_quality_score_5.5,curlytales.com,quality,"Maharashtra: Gas Leak In Palghar District Triggers Panic Among Residents; 2,600 Evacuated - curlytales.com",https://news.google.com/rss/articles/CBMivAFBVV95cUxPZFZHV0VTVlBEejRzMmZaZkdMZWN2a1BTbGJ5OTY5aFliVGloMzBwM2xmTzNLaHpRclpWNDNESnlnUFgzazNqTl8ySnJzcVZvMHVfdlFpclAwNURlelpHTTFITnVoWnhSWHFhWWYtU1ptYnZaZldQcE43X2JPTWo3MjRzdERubkVnMnlZbW5iaGFlaUhNTmFmTkVnMUlMbnRtamRGTVlvX0dsdHBvY0VrY1JpNVdkNjZ4UDJaY9IBwgFBVV95cUxOc2dURzlTTG1KczBpQUNhUnZ4WWhPb05oYXJoaklYQmNQRDhTWThhUVJKemtRcFgxdHlIR1duRW1fY3hWVXA5YmtTbDRqM1JEWXQxNlNLdXU2cndjZ2RvTElaQU1XenllWGh0Sk9YOGJiSTRLMU1tQVFvbXAyeS1nTlpyZFhLRUp0VnVVTmRGTXJnMGpZcXpoQklvb3ZiUzhOTjJCVldaNlJNN0c2d2M1YjZRLWF1OVZtWGhyNkNDX2ZiUQ?oc=5,5.5
6a8499cf5dbd7dc25289126e,9294d7013f7540650ca49dbfc5da73bde47ba141bc5701994046268c49dfe028,,2026-08-18T17:43:44.087198+00:00,low_quality_score_4.5,The Times of India,quality,Four affected by gas leak in Valsad - The Times of India,https://news.google.com/rss/articles/CBMirAFBVV95cUxOckNhWksyUVFjOGkteWJfRDA5MFFodUFyMVYtWnMxU0ZhZXEtTkxUcDB6OUR0aG9zaUVUdlB1aFFoOHZ6YTNUc2JDTkFGVWZRT0NCNDNyR3V3LWJpU05sTWRONFpCVTBpalpOYW5sRmFNd1dSR3ZxNHlyRkxCZWV1cGxnUWhrT3gzQlVXVUdVdjIxbkpXTms0Q0FEMmRvUmpRQVVZREkxNVZNMjNK0gGyAUFVX3lxTE0xUjBIOTdFYjB0VU4tSUQ1bWZaaXlYbGJaZVdyWmZTSHcwRWJTNmxXSWFoSnZpdXFEbTRLSmtsMGNBMTVfNXFqUkp4aC1STmJ4Q3BvTHZDS2pmSjdlRUZqREVYNFlDQVpVa1UtdnlUcFRwWnBjX0RuQ3diSHRDY3pfU0w1RHdHZ1VOVURnYUdQczVfQ0xvYzJRcG56ODF1SkNGVHI1WWw0WEFDMUg5VDJ2SEE?oc=5,4.5
6a8499d05dbd7dc25289126f,e046ad64e35bfa0ee0d7d16a2a0d09ee9bec440c10ab609be205cfa24178a147,,2026-08-18T17:43:44.124939+00:00,low_quality_score_3.5,Outlook India,quality,What Is Ammonia Poisoning? Explaining The Chemical Exposure Behind The Tiruvallur Gas Leak - Outlook India,https://news.google.com/rss/articles/CBMixgFBVV95cUxNZG5lcHJhaTNBMEl2OWszRnAwbEE3TTNqMUxnVTB4b2w3Ynd6X0NzNlo4aXdmVGcxX2ZzOXl5Z2dOWnFtenhaWl9HNVF4Uzc5a01QdktqUWVkOEVmclYtTVh0dFljNl9NbWxmc0x6Q3RpY1V4SjdnVlY2VEVFUlpsckNnS1dwWGxtR3J5YXVkZEM1VHBVMC0tUlZTc0dHY1pEUWNwa0lIdlUwYjVqR1Zxa19VUUg3dGhVaEdXYXFhaGlPUTlleEHSAdMBQVVfeXFMTXhzUWoyWjNCUU5vaE9VbFU2OE11c1BMVUYtVmI2VW5neWNTVWFPNGRtdlpaZVBQUUtWLUZGdkFLdTlDOFhDVlAwWkJEb29LRW1zQWVXSkRBaEJFZ2N5U3Q1eUxXNDlQdmJLdTYwNDdCbU5ZdDBzQkVQdW1pSVRtZ3VPTHVYOFhlTUtURjZiRjB2Qk5vMHRDNS1rYU9EZGxxLUlHQWh2SWxZWUs3VFRhOEhDbEpyQ0VPWUNWbHVSa1o2eGhDZHdxSWVubzZQbm5wdXRBZw?oc=5,3.5
6a8499d05dbd7dc252891270,c2da8e1886da52f3c3481dc71f454db11d284e4683583a671c24cee094d72414,,2026-08-18T17:43:44.694450+00:00,low_quality_score_5.5,NewsGram,quality,"Hazardous Oleum Gas Leak at Maharashtra’s Palghar Chemical Plant Causes Panic Among Locals and Workers; 2,600 Evacuated - NewsGram",https://news.google.com/rss/articles/CBMiowFBVV95cUxNUUxXbGN2Y1lQb19lamUzdDQtWHppMGNmdEJrd0F1REpRLVlvc19nODJLcjEzbm9RRXZ2cVhwVnNaRFhtSl9BSXprWkhZOXVNdmpTeWtHeWI3cWFUYWhQTGtKTEhPMjhvMkdPdENmVVdPZThsdHBvbXpOWFp2U2k1VkpVeS14bzlISU5iY3Y3VWQyeUZrOTk5ZlAxSGNfSkwxUFUw0gGwAUFVX3lxTE9wbG5NOC10TkhlR21vNHNaVWdpUzd2Sm1Jamtpc0w0MVl5LW5od0FMRlJQNUpmd0hxU0lwSldrb29fT3lpS1Q1VndSUmpCVlZrVnNoZm1KNlJJdFNnTGxKLUF3TVEtQWdLaEhoX0l5QjF6WWRhRmphUk00WGI5U0ZXWl9VMF9nZDlTRFZNR1Jfc0l5d2piNnhLUG1ENFFGeVhUUjdibndNazdpUC1XaGsz?oc=5,5.5
6a8499d05dbd7dc252891271,007825d5d108d9736d9e03af36b72adc35a65785ef6816f16e10e779d857f07e,,2026-08-18T17:43:44.822507+00:00,low_quality_score_3.5,hindustantimes.com,quality,Terrorist behind Jammu railway station bomb blast arrested after 35 years | India News - hindustantimes.com,https://news.google.com/rss/articles/CBMi0gFBVV95cUxOSEdENTI5U09jN0xEUF8tUmhiVmhzeXBhd2JSZnNlZFplcTdsWXdYb0d2T2ptb09ZOFNrREYzN1dQc1hTblRVOVFEMXFHTHFLMHNpcDhWVjlGc2E0V2VrZktMY1ZqTHVZTkNKYXJCN3VTUmxDX2NiYXV1dGpuaHZaT21jN3NQeTFDM1duRXJ0M0NVRDNYaXRvbHV6cHEwbDJ1Z3dYS3lEV0hVS1B5eVktUWY4TU13dzdlUmNFWnVBMjJVNmh6NDhFZHdMVVgtRjFZY1HSAdcBQVVfeXFMUGVqejJtSUhqejFzUjRLMjN1MkFVRGQ3WW5jU3MxV1ZwR1VwXzl5cy1uZWppX1ltWDFONjNrcU1QTm1LRW9FeDh4V0ktUGl0Nmhoa1JUS05GWFcwNnhtNW5vOWlmVXRnbDQzQ0EyVnBRa0NLLXZ3blplTXlmbFZnM3U0MHU2OGtJdHNud0g0S0RSMzQ0d29YNmFTTE5WYk5qaEQ4U0tidk1iazFENWY3QmNDNU5QaWo5bFFiRTY1SWJ2R2pOcFFnN2pPMjdnNGpMTnQ0WlpIaTA?oc=5,3.5
6a8499d05dbd7dc252891272,00df77d712fcb7253ea2e30efec3b0406304e16665a0fb1734ca73f0435aa7a1,,2026-08-18T17:43:44.939945+00:00,low_quality_score_3.5,DW.com,quality,India news: Twin explosions put Punjab on edge - DW.com,https://news.google.com/rss/articles/CBMiiAFBVV95cUxQZHR2VF9BOWctWjNxV0NaMEh2NXBEc0pjaWdQYTFONG90cTN3UEtMMG1zVktOVlFHU0hMSmo4cmU4Y2pWX3dxSzF5bERmcWU0WjFtMlk4eDQ5S3FXbXFHTzZRYmd0czRoRG1ZWFI2RzJBZ0hYWDRwS1BCd0VrcngxLXROUjVGcTZp?oc=5,3.5
6a8499d05dbd7dc252891273,87b193d4522e3926f786528171abf940d751c00324f85b835cb7f3699c2b2404,,2026-08-18T17:43:44.988816+00:00,low_quality_score_4.5,The Times of India,quality,Colombia rocked by car bomb blast a day after new President Abelardo de la Espriella takes charge - The Times of India,https://news.google.com/rss/articles/CBMiiwJBVV95cUxQX2tNT0o0Q0wycjNnc3JyQU5oSmRvV0RmZ0l5R1VXS1V5X1JuVWFHRXVyUkIwWEVsUzN3ZHNSWElrZlZid1hna0xPa09vN0ZpeElnWFFlWDg3a3NqX3FyTElJTXFESnhrNHlmOFhqUWtidElOWUxaa3ZQQ2F2a0VybW1WdWtDMlpCNHNXdEZ0bk5XTVlxS29SSWNCTl9UTldrcnc5bDNyaDJldmdibTFMbHBva1Jma3A3RlVKb1VxcnQyREVMeTl3eldyT2gxU2ZhS3JDTlFpRmFibV9yZWxzdTVNSXF5UHE2bmhydXRTZE50OU5RY0FVQ3lvUWlsMlpORThRenZRTkdFVDjSAZACQVVfeXFMT3cwY3M5N2JENHFNUTQ0Rl9KVnlHM0J4anp1MHRibXFLdlVaR3Y2cldJLUhWR2lfZmY1XzQyRDRmeWJRUld4ZmVoR1RqMmRZTXA3MTJBckhSaTlBb1lsUlZTTnJIWGRnUE1KWGNrQzNxSV9naVYyeFlDTEEwdi1LS2sweXR0NGx0UDVPUkNtYUREZEpTSXN3SDdINC1mNVk0ZnQ5SVUyY3BmdGhKLTdObjJPUGhPaHo2LTdWVFF3dFZmS0xPVngtclV2RzhzVHotOFhIQlNDZFJucU05SjlpOFJmVExyUXk2Sk9yRkNQdUFtTnBkOGU3ZElhRm9oVjBzQWU0bXRhd284ZWVsNnNEc3E?oc=5,4.5
6a8499d15dbd7dc252891274,fcfea1119cbbf29d25cba207b9b54660fad8e6fe08ad4a60dc9bb075f41c3448,,2026-08-18T17:43:45.123156+00:00,low_quality_score_4.5,The Times of India,quality,Seven blasts rock Dubai's Jebel Ali as massive fire erupts near strategic port amid Iran war - The Times of India,https://news.google.com/rss/articles/CBMigAJBVV95cUxPcHJXN19QenREQTNReW1ieFYyYi1hbjd3T3NjaUo2bkRZbERfcWMtSlZfT0trb3pkTkRmZF9weE9TVFJxSDlfNUVGT3BSNGRyMnlCLUhVeTZxUnBtQjQwSmVwcTJpQktvajQ2LTNscVFud1NCZDlNeXBUWmM3RFRzUUJKVEN6ZTlJbUJNZVJZZFFyRHcxLVl6dkNaU2JSUUp6THpNSmVqdFFLeEpNcktjb0pING5iM0lJWDFmb2xjOTdmYWh6ZU96QkNsZWZZRHRZSVB5Rm1RUlhWamlqdGd6cE1ZZThkcjJBdkgwb05xNjRtUzJYYVFKT2k2TjYwZWVI0gGGAkFVX3lxTE1xeDBNTjRJYUgydlJ6QURTcUwxazkzTGFmelRkZ1IzODktQUtaQUh1WXR2MEwydUQ3ZTdQaVFEQUFpd3U3TkdhRFBBYWNKRFlWXzd3cmY0ajdzdWViY3JRZlFlY2xqN2pzNlhRSDNCdkJUQzVoYjhpREJNN0VnTlVJZHROeWQ4dGdIOFBieHVtRng2bnMtTWtCdzd3bm1qSWFMWjRqUlVpVGlfTFpoYU5XeEdlQVowXzROVXFqcmFmZV9aU0lQS01MTldTcWdub0hlZ1hvNjgxVlNNa01penZwdVRkSklSRlU5LVMwRzVsa211UnVLNnRZZ0h6TnRPN1lnMERzVWc?oc=5,4.5
6a8499d15dbd7dc252891275,5a0001f9741ec837dfe155626d2fa15eeb280807aa24818ed7d1ef47b228fe52,,2026-08-18T17:43:45.313164+00:00,low_quality_score_4.5,The New Indian Express,quality,NIA chargesheets three more accused in 2025 Red Fort car bomb blast case - The New Indian Express,https://news.google.com/rss/articles/CBMiwAFBVV95cUxNY3pmT0RReXZxUE92OXFrN1M0RFVKZW9oX0VrY3JDTGFNbzZWQVp1WU1feHUwUUNBU3l4RlBUY2FiWmVxclZhSGtIRkRpMDVuaVdEYTMxUmdMLUJRcTRLMjAydVhEM3pxM1J5ck83NzFpckVkZkJ0ZngxeE1VRUI3V3U1WXhGNVdvRUVoZzhBTEFfUzNjZjQyc01nYk9tanFjYURBdUJHbVhNbGFtLTRXZmlhVnhyaWdtVVpSbi1Eem_SAc4BQVVfeXFMUHQ0c3MybFlLRmZZRE9tR0xBRWhYY3NUTHJlaS1teFNWSWpiSXRoV3FwZDdZUGNCRGljRTBDTGJnOEZpbGczSFRGTkhvbmpnUlB3dFJmVkdxVHBVdTRpZ1BaVlEyYklwMXNoYl8wSmFqOFdZWGtLM2N1UmcxWlI4MkREUmZINDBnS2NDNWtjckJPallMaGo0RVltMFZuZU1lQ2V3T1RlNEoxZUJuZEloeWtxbGZTWW1yVHcxQjVWWWlkS2tzNkZJVmRJNVh4MGc?oc=5,4.5
6a8499d15dbd7dc252891276,e9866b0c068f5f20796adf0a94e5a1d54acaa928c4460d7c1266cc4d7a549fad,,2026-08-18T17:43:45.443308+00:00,low_quality_score_5.5,The Indian Express,quality,"Rajarhat bomb blast: Bengal Police arrest prime suspect, NIA collects forensic samples - The Indian Express",https://news.google.com/rss/articles/CBMi2wFBVV95cUxPaGNJVndCbEJuSWYyS2dQcFN5UHJOSVdmeFhRakh0QTFmRTVSSXJFTUpzdGx2Nm10NkhtQ1hTcXdpWUhvNjc2NTh3eE52OXpkVzFtanRPakxpbkZJWXBleUp6SHNwUkpDaE05RkNLZWthMnM1TWxmbklOZjFSb1ozYzVmMEl1ajY2WHl0TGZ1NEF6NWlnQ0ZoX21OZzJCNXJpRGN1YmpJa0NHQS1ON1FZT3Bjd0hPb1lDNUNpWGRUTDNzUUNrX2RsbE9PU3RTdG1JWVFacWg5c1lmNFnSAeIBQVVfeXFMUE5keXA1bW5zYkRCNlFJbGt2Ukd1QTF1VHVWNHVOV2piTVpiSnZaN215NkNzOER0V29VUXVBUjhBc3RWTjJONE0xYzNZNE1sazBsOFhvUld1QTZhTFJQRGtldUc5d19vV1ZuOGZGbmppZHc1dU52UGJNbnVad1BVdC1YZlhaUWVEbG0yWFZFLUFfbmdEdFRySnhkellmZGtuVVNRNU1FVzVUejVZS1dteFFGc2w2YURSd2Zwb1V3MXJYMkNBTzRUUzYtS2dYLXVwdVE1TTBtSUhuRW55Sm5LVGRCZw?oc=5,5.5
6a8499d15dbd7dc252891277,08e6a292819a7ce32728b9ee7c3be044413355e95fc1cfc51db830bae099ecfa,,2026-08-18T17:43:45.800970+00:00,low_quality_score_5.5,The Times of India,quality,"'Blasts keep happening in India, nothing new': Farooq Abdullah downplays Punjab explosions - The Times of India",https://news.google.com/rss/articles/CBMi9AFBVV95cUxQN2NQNXlFZWlpWTJlQnBTWHdpMUxyQTgwcUtJSUpFa1ZSXzdDSmVZTkZZenRUb3JhaFJBRVg1NDJuSURBeGFnX2w0dGNRNFpzOUxCRkpfcUsxY3FKdFlYU2hnbU1ldk1xQ210NWpyVDRUak9kbG44aUVyaE5BQTZjUm1Fc3V3cjVEMXRfTktUQmNXM3RWNUYwam0tTjlQelVsYjc1cERxWjE3b2ZtWTNLUFNIOTlpLS1yb3BZLXpWZGRHaTFjLVBHRnh6QXk4ajI0OFBpN0pPZU5PZ1k1NXJJMW4yckI5TnBWdElGWHp4Rmc5eDYz0gH6AUFVX3lxTFBpdGwwUUNhY0ZoTVcxZ1o4WUZOQlNSUTZlSEVKVENiNlJYOWVKSDZuQzJHaFFLUGplb3Vzb0ZpZmxHX1ZHMnRxRU5weEx6YkpyeHRtMi1meDFOWlNlWDdYQTJ4UkE3d0daRkZOc2lnUHRoQ3ZxYWJZaFE3TzdjOUtNYXZGVW1xUS1JOG8zVFZuNXpwSVJZM3ozLXBDUEYydVd6bmVGMUZxaUpRYXVXUkJ1bGRXSktnaHZURllmSGJLeWYwVW9iQWp5eGxJcGlKX3dsbjR4bktRZlkxbC1LdDVrZVZXaU9tanZHREZzM1Rubkt6VndYenN2Z1E?oc=5,5.5
6a8499d15dbd7dc252891278,98c1b1e1d1a4b5f8f90d854dcd3903523ab9ea44cac9cc1e3bead5d27a327882,,2026-08-18T17:43:45.852541+00:00,low_quality_score_5.5,The New Indian Express,quality,Explosion reported near Army cantonment area in Amritsar hours after Jalandhar blast - The New Indian Express,https://news.google.com/rss/articles/CBMi0AFBVV95cUxOc3dnQk1BVmhiLVJGWUxZdzhGTGdCZTRxTmt3bkRjUGg1WlhoeGtTTVdXN1ZnY0ladVB5UnREa2xuRzdkUXptckF0elBNclZzUldiLWh1aHZWQ2tUM0NqU1Axa0lfUHB2SU1Ud09oaEdVRHMxOWJaWmtuNHpIOXl5SUoycUpHSnpFdXRaMUVZb1I4dDhCVHZSQzlGcFRZMlhlSnNlR21OQ1RqOGY1ZFF5ejBPSzQyWV9kam1iZnYzaDhvbnFlZDZ2YlVzZlRycjNn0gHeAUFVX3lxTFBLVDVOSW9mTGhXbl9DZXg4RExVamp2cXhqNUR4bllzUjFqNll0eDVPcXN0RjgyMzBEa0MzLTkzWjFtNXBtdEZ1ZXVCWmJibDVaNlVnUWItNUx3RFhUX2F2OUNRQkxuSC12andUeHJGSU5sajFJNXVHR3JUdVVYaklYNjc5Y1gyS1ZRVWstYTIyZmVaZ29SdHpJWUVfeG9RbG56a2VtblJ4RXNEal9XRTNEd1M1WGRDZjU1bmtjUDJna1pJSERmdkJKRl85c1hvOElDYWNXLVNhZEZiQ2c4dw?oc=5,5.5
6a8499d15dbd7dc252891279,873f02ab7b4becd96e60954ceeef97351736ee95d0326a2179786067017b295c,,2026-08-18T17:43:45.916485+00:00,low_quality_score_5.5,India Today,quality,At least five hurt in furnace explosion at factory in West Bengal - India Today,https://news.google.com/rss/articles/CBMizwFBVV95cUxOZnhUbFJtVTV6R09vdmhmMFBueHZ4RDZsckxoeXphbzZveG13b1NuaE5sS3NZSUtpNmgtdFo0aWxpakRVSkdrMWZnNG94aVI2SGNoc2gwTUF1UEVWaGFsT253Mll2alJzWVZ1UDFnMXo4Z0gxR1ByVUtEc3FZamgxSElEVHY3OVRxYkZ6Q1pqZU5BeDJXR1ZCSG9HSG81dDJMempudDlSNVZrLXdhNXdQQktJcTBDWnREUko0MTl2QnRRQzhzUjVfY2R2QUx5MjTSAdQBQVVfeXFMTW1CS1N3RXhmOG1ia1A1amRSX1YtYVRzZy1GSFNxeTI0WjlEcVNtYjhDWFY5WDNVOE9LUWxGMHo2THRLWEtjNW1BbHBKSGNmZ0JGVHdhcUdNU3FEZGtoTGZybXVHbVFEUjVVek9ER3JUVXpWN0M5dlhPcUxBZmR2U2F3UDBkYnFaeTJZQWZLVUo4Qmo4U0k0SFJpSEZTbWxrbHRlNi04MTE2aEpyTzdNYzVySTgzZGhIY0FYZ3dKX3JYenp6QThXeEx2Z2JrVlVHa05GNzc?oc=5,5.5
6a8499d15dbd7dc25289127a,aa4b2b058a17744d3c1811620c5de4c7d02426c02608a44a3e791c9b4ad9e9c9,,2026-08-18T17:43:45.954011+00:00,low_quality_score_5.5,The Times of India,quality,Mystery explosion outside BSF Punjab Frontier headquarters - The Times of India,https://news.google.com/rss/articles/CBMixAFBVV95cUxNb3FZMW5MS1k1amtTM0dCelNLc2gtbUxLSjZwaUpJSjR5YndHS29kMUxST01JVmc4U2M3cXVZanZWTEx6T2JpNE1GRGJqMmRoMENWN3FrS2VVZWk0U2ZRdjd5dkFUVl9HdDBielNVY1QwMDlNOGEzaVpjX04wblFYbHhWODh0bm1PZkxZVVY5NF80RnktN20xTXFVNlpmSk1DcHJyeTNfdEk1Vi14RU9hdkd6ajBBWDJvc2lrb0VpNEZsWUNu0gHKAUFVX3lxTFBJMDhxYmFpNW96NUt5Q2Y1SmpzMWQtUUx3azlkWmk3a0EzNGlTSmIwSTVHWGFUZ1N3cTdsYXNmbUg1WWp0a01TMEQyTkM2VHRXejJMVkRlMzRYX2dua1pnSFE2eTlCYkdfQWhqY0hrRFVZMXpMaHNYN1BBMFhFNmJTTjQ2ZFU0QV9HRFBGTzZuVVBrY3lxanNuUmJIeHZpTWFjMmlsRDNWcm1QcFUzMExYTzRicUlESFRwQm9rUGhwVlh3c09fd1Bsbmc?oc=5,5.5
6a8499d15dbd7dc25289127b,7aa358ba6d07b7795bba1ea3a5ae98632c11f8aee0d774da90369757bec34156,,2026-08-18T17:43:46.006728+00:00,low_quality_score_5.0,Chemistry World,quality,At least 41 dead in two industrial explosions in India - Chemistry World,https://news.google.com/rss/articles/CBMiqgFBVV95cUxNTUhZdmJwa2NIYU5VaHVlT0hLRnNndlF0LUN5Qi01SEJDZHlLTGNqRW5BTXhaZDJfd2lWRjk5UEp5VUlBQU4tMTNiLW5XR3gtMTJFOElMc2ZxU1NXWWU2V2tMdFlWQXBESXFqREV3ZXhzdE5UWlA0dW9qQjhkRGg1RlB3Nm5ySlhiYWowMGdUa195dDQwZzRuNXlSSWZjWG9WME9TWFRXc2VjUQ?oc=5,5
6a8499d15dbd7dc25289127c,f432eb66faa4551b38360181cd3ddcf24474bdb90fbc91c706c012836110f69b,,2026-08-18T17:43:46.050625+00:00,low_quality_score_5.5,The Hindu,quality,Jalandhar blast news: Twin explosions near military areas in Punjab stoke anxiety; AAP govt under fire from Opposition - The Hindu,https://news.google.com/rss/articles/CBMizwFBVV95cUxQMmFMdS1SZWw3QWtJUVctRjRDX3JLTGxmNWlxSUFSWFBnRXBnT1NGZ2hhaThyNTB2ZmNLQVRvUUlVQTZiR2ZUUWdmRVZzYU01ZzItMWxlRXFtMjJpZE5tbmRkVUlyWUZ1MUJ3RGkyZFZaYWJxcmhCMklvY2JmUzM5cndqZDJZRC14LUwtbUtoaDhaS1VISGUyZ1hUUjRjU1dNZnlyUW1QMUx3eFFPMnlhSUhDLXlhVi1JWkxKQ18xaGhpRkdCdlFERDc0SnMyc2vSAdYBQVVfeXFMTVVWcDY5TWNVNlZZd1hDdTVkNnY2S1c2YnBxMllQLWJGRUc0alVjWWs1Sk1FbnIta1BQT2VOaGNJMzEzOWh6Q0dlM1FjcmZQSG1QU05BenVpVDVES29wdVVLSmdjd3FBNE1oa0hONlhPQndXQVZ6ZkV3Mm85N1JiU01aNUxwZ0ExOHJaeVpmUzJ4YmVFSnhSUktLUmF4TVN2VmE4aWNHMzM1ODU0WlhhX1NCR0RYOWZ4aUZtRFFjbjREN3hPWFlkaWIxbTRlcFNHT3VYZ3RIZw?oc=5,5.5
6a8499d25dbd7dc25289127d,8e56c244df7f060850323158d10520f4d0b0b2cfc88066d51f92a504bb9385f8,,2026-08-18T17:43:46.116462+00:00,low_quality_score_5.5,The New Indian Express,quality,"Delhi Red Fort car bomb blast: NIA chargesheets three more accused, including absconding doctor - The New Indian Express",https://news.google.com/rss/articles/CBMi7AFBVV95cUxObGNhaGwtUGxqVU41bGdIblpZdGZYOWZjV0M3V3B0VW5rYnR1cVA2SHIwd19xWms1OU5oNi1zSzB5OXFiNmxDQmdIbV91MG9oZTFpSWl4VnRmVERzaDFBQUg2YmlEcnVCR1ZYV184YzdPYVRPdnVwaTU2QXpxMjhlREQwNU1SaTJTM3JsQU1ZY1lkY05fRy11TG5lcWNPSE1BTzgxRHF5WUE5dzBIbm16WU5IbG10UHUyR1F4Wm8wdUJRd0xCYXNoVTNUU056NkVwdHZZSTNSV2xyenhGc3N4eGgwbDlBamMzeXlfSNIB-gFBVV95cUxPOVFDc1ZaeHl2VlJNMWdNWnc1QUdMMG0ydU1fVV8yQ2xWUXJKM08wS2pQLXJ4aEw5b2NCYXRGVEc1Ml84SS1HQnltZnBvNUd1TzVtd2lDUmcwVVJ5T29ZaUUtbEdvSjIwMFc1QXZsNWF1UWhnc2lBRk5RSVZDOURObUxyU0NOc012a0VGdmk5MG15Sm42clFPTXZLdWlHM25PMHFBWHAyd0MxTlBMamlXNjc0TXgybXA1cXN5aW5yOXpRbDMzcktJQklFQlBIYnNGaUNoVkcxbUkzNTN2SHZZcXNEY1EzLW9BMWpYdF94WW11bTJZZm53WXB3?oc=5,5.5
6a8499d25dbd7dc25289127e,61833033090a084b226c0da21ac40ac3e81d72ce9c3808b97f68b52d7724e65d,,2026-08-18T17:43:46.154471+00:00,low_quality_score_3.5,Telangana Today,quality,"Red Fort bomb blast case: NIA files 7,500-page chargesheet against 10 - Telangana Today",https://news.google.com/rss/articles/CBMimgFBVV95cUxOSUlvODU2cXRKMHVaT0I5c1dTMG9VRlFzYTBQc011TXRFa1NuTkdRMzA1MFZkbC00aXpQeHJBUEN4YVU1TTJhbTFwZEJYYU85dFV0eDFfS2pfSzdlOVBlSWZPWUsyZzlWUkxkcVdfOVkzVkh6OVJVN1E3cmtaMWNmb0M4SmlGR043cmc1bnVPa3NEcS1oa3VfU2lR?oc=5,3.5
6a8499d25dbd7dc252891280,7a9bbd2af8069c7c03878cdfedeb42cc985d69fdff9023a23bcad00a3a84a36f,,2026-08-18T17:43:46.691958+00:00,low_quality_score_5.5,The Times of India,quality,Punjab twin blasts: CCTV captures man running from Jalandhar site after explosion; NIA steps in as Khalis - The Times of India,https://news.google.com/rss/articles/CBMiqgJBVV95cUxPdUtmWkd4Tk9LUHM1OUlXOXdYWHZFcnFYSzVkc3ItZURUZzBadnB4NUtXTk83YXpXaWk4OEtDWkI1NW8yU3EyS3Ffc0lvazFpa3VxNmFNM2dsX2NmbUVzQnhEcXBGY01HaHNOZmJNS044UWFsNjZ6dHFnekI1eTduYURtZlZBUkRTM05zMXJVY0gwRTdCdGNOZERCWHZxMTFITENOelVRREdOSUJXZXo0dDM5QkV1WTdCcDByZ2dYMlV3QTRVam9uMVFPU2d1ZmxJX1NGMEYxWmFzZTNqZU5XWlFFNl95SlNQNTNlN3h6VGFXaFhjbjMzSjh5N0NyN094WXJueDA3QWxqWm03WklXTkRDalVac3VTb2QwX1k0OG5wal80TERMM21B0gGvAkFVX3lxTE93aFV6bVJ6YUF0bGVOVUdjQ1lCRHJGaUQzdEt6NmhnbXdwZDRfVFotYmlQWUNGVXR4VWhwN2k5X2NXTlhhYndJd25PQmpYbUZ1ZEhoTm9hVkY5QWNuZ1YyUnFQZ0x0RHBnZHFTeUxJZk4tQW15WTZLejl6RFBFNnVQdldNb2xuYnVsYl8zNjZjc1BvTGdxd0gteDliMVE4N0FTZGZuTlMwUXd2QWxKLUFCcExudHFJZHNraXVXcmpSWmVmNUFFWEEyWlQ5bWNfeFZHdlhFT0d1a2M2XzUzaWdNb1NFTXBjS1hVZmZnQTlyYTRxTEFuZ0hkUDkzQnNFaUNaNTNNYWdMSHIyUElkRjZzUHFXaFFmYjhpUFp4b3ZPVlI5bVFDZTRSQkpqcmZ2WQ?oc=5,5.5
6a8499d25dbd7dc252891282,722831789d88403c8bfc383748b53cc1a4670fc37855a5bc16cd4044ef23e0b0,,2026-08-18T17:43:46.732709+00:00,historical_or_anniversary_story,The Tribune,quality,"34 years after Janta Express bomb blast, Punjab and Haryana HC upholds Railways liability to compensate victims families - The Tribune",https://news.google.com/rss/articles/CBMi-AFBVV95cUxNYzVFT3VQR24wYmlHRlpCc1lUNDAzSXBYZWpzekVWdWVrd0pmVE5LYURCRUZWUy1CUm0tX2FxaF9QVVcxSlM0MmtEeUpaV2pPRW0wYzJqbTNGdDFHS2dYWnBvblZUQUJzNGhrN2ltRFgxRXdMakFnNWxsQkJ6X3lhRnVQUDVMbzM2MWlTOXNSS3dmOGc1Y3ZzQkVXV3ZCcXBPQTNHTDBnaXdDczlQRTAwaTdKY2toZ3pJS3JTWnpna0tlTmpoczZpeDhEU1JDSXdxQlhPd2JPYVIwc1JqMkM0MTlJeUNyRmw4eV9seFBUdlVxazBKTUdaR9IB_AFBVV95cUxQTVZCeEVsUFJxbk9nQ3lNdXJoeHJydW50c09lbkZwdUhnbkQyZ1hSaldIc2VrSk9tZVFiS25LRDd2bHNoUy04Y1haRHRLY0Z4UExYclJ1a3BOYzZFamM3X1ZOR3ItSU93Qk1LVGtNRS1kWUVfTVVlelNhQjJvSnpndE5vTkc5QlhFZEdpbnk4ejhxN3hGOVRWRUotQ2JfV3Vya0t2ekItWm9BaWJTczlSTFIzY3JBZVU1aW00X0d5VVZYWnMxYkEyMDJ6b25TSnVKakEwUmRCbEhSeUpFTW1HUWJ2bGc0b3FxV1ZKcUtmNXZWYWJsbG5pQ3BRTm8?oc=5,2
6a8499d25dbd7dc252891285,5522226833766c7fec7b882de9f164e7960b1cc9ec755ee6cd213d7654b03fb1,1,2026-08-18T17:46:34.551663+00:00,This is a historical retrospective on a past event.,The Hindu,ai,Ooty Botanical Garden explosion: When an explosion was triggered on the map of India to protest imposition of Hindi - The Hindu,https://news.google.com/rss/articles/CBMi5wFBVV95cUxNR1FKeWhoN0xDcWxOajNDMFVXUFpTYkdtZDUzZGRtc25uanJXWnNtd3dOX3VQbVphSWxWcU91eDREYTMwMFVVaTViQTN4MmdfOUtTMnh6eXN5alFMalQ0WTBZUW4yNXlxdEtlOVVKR1FyVUtaWXNTTHBUY3VpNVlhSnJ5Wl9jN240WS1sM0RpbzVHRHhhc194bmFGS01UUDBRbExzbU5Vam54UDJMdFNfdGZmeVF0a1l3VFoycjRFWmlobzcxQ0FNa0tFVXVlMDUtZnUza2FzeVdRQW5GM25CdjFtdUVkaHPSAe4BQVVfeXFMUFFBZTl5VElESmxweTZPcHNZc3lSNWx5eXhqelQ0R08wTEFhSWF6SFlsbDdiYm9JM2VKel9QNFhoaGlkUE5Ha0lTWEZSeXd3VWlIdG1uVkphWFJnMk1IZlk2MkdHT2tpWHBlOEVydmRRY0E4LUJtNEVXRTV1MnJGclhfR3VLODYzRy1qR3pGVWVYLXNEZGJYZEcwSHBSaDVWQ2ZtTTg2RGhsaVFtcW9VaS1lQkZsRjZIM0F5U1kyLVdHWklHS3JXR082YUtKTzVCa21Bbjlyc3RHQTlQMEVpZlBOVTE2S1pidDFRWmZmUQ?oc=5,4.5
6a8499d25dbd7dc252891286,5d9b60a03bc22692ead715a19187e03b7f533a4cc237f6bb018df57fbbddb10c,1,2026-08-18T17:46:34.508226+00:00,"This is a report on a legal verdict regarding a historical event, not a current disaster.",organiser.org,ai,2008 Ahmedabad Serial Bomb Blasts Case: 38 convicts sentenced to death and 11 to life imprisonment - organiser.org,https://news.google.com/rss/articles/CBMi8gFBVV95cUxQSDBjU0I1b0g4ZkJHODNOWUE4S2cwUVBYZVNlajF3dFB3NTVZSnJpa01UV25jdVh6LUdHcndJQ2dkZE40QXl1QTNkY3FjNExYQjJYR05UVHgyNV84Nm1aOE0weUNLYjRtUHhyUHd1cmg0dW9TQ043LXZnMjVrdnpSSEh1d1ZhNm8xamJra20wMmZfQ01JcFAyM1dzcTUwR0JWcm8wSzg0MnRkWGRqN0dFaURDSVlaSm5TaU5CcG1MMXowTVNISVM1WE5ua2cwbC1hRlktbUJkWE1rT1UwYWNwVTZPbXY1d3NBWG1hM2lRNHJqUdIB9wFBVV95cUxPOXZlZzluZEpOVVVDbk41RnhRVlRmU3FRQTBFNGI1eDItZmFJNVNTM2xmWE5DbGtNTkNIUVVXdDUyUVZPeGNOZHI2aDltSjhpUXNwamd5aldoWVJQZnQ0d1NJNEh3azFmZ1ZQWlR0NzB3RWhTNjdTczRRdU9fY0lBUkNrcmRrODlyOC1jMEpKNzd6bEVzV2I2VnhQa01jb2hBRXFadElGMDNCOEFSclBlU2FfLVYwd180eUtGZmU0VWdhajVOYWZVbTdJX00xZEV5elNMcjdYS2NxYU5VQ1FXOUxGNEpFVDNNN1JlN1NaeHY0RUlqV1Z3?oc=5,5.5
6a8499d25dbd7dc252891287,12cc1df7acdad76429c38460fac5cb3ac46268209a831c1223f38dd97c5b35e0,1,2026-08-18T17:46:34.596411+00:00,"This is an analytical article about firework factory safety, not a report on a specific current disaster.",The Indian Express,ai,Why India sees so many firework factory explosions - The Indian Express,https://news.google.com/rss/articles/CBMitgFBVV95cUxQRkxRN3ZXLWJvUk52S2RHZEJmb3dPU3EydmMwX3J5MDdQR1BDUDlqdklUVlcxZ01BTVpqQVVFbGV2b1FoSXhzMXQtS0VRMGMyNjV2RlJyNEt3TTJnSVZPZUYyWXZmY3p2RlRUd0pvd1FkVkNhVjh0ZFNNUU1uU1lta2RfUjN1UmNrWjhtZ19CLUNOa1dBQWlxc0x6ZklIblZnUF9DWU9UWk5Ga2ZzVnY5T01qbFQ4UdIBvAFBVV95cUxPd3Q2N1hRQ3htTzQ5VGI1RkxMNm5DMlc0cW5VNG9UWE1WbmxRWjFBY2RtRFpjc3dyU0hwRzF0NHlTQTFhaDUtVXZ3d3NHMXBRR2NCOXQ4MWVBOVB2TFZFRWdaejdETFZjcUl4WjhaRm5FeldNdWFkZUhydzFTR2s1Rmp1Z0ZIdjlWR2cteGlxNnppUUJPcFFtdjgtbnJDaWM2MkFadEVqY0pVNTRvd3NJSGpRakp1ZkpSQUtVQw?oc=5,4.5
6a8499d25dbd7dc252891288,7cbcf700041ab40bf327fe4b8ebf155e7ed98d485d6b131559ed5eb1194babbc,,2026-08-18T17:43:46.934089+00:00,low_quality_score_5.0,Arab News,quality,Boiler blast at Indian power plant kills 9: govt officials - Arab News,https://news.google.com/rss/articles/CBMiU0FVX3lxTE1GaDBWSHFldFV1NmZrbjkzU2d2eG1QLVpjLU4zM21xUndyT1c2RWxMMC1QeGlTcWhkek5sYkllLVk3Wm9NY2kyaTRnWVFCM3VDdHBr?oc=5,5
6a8499d25dbd7dc252891289,0ed935796f240b1e0ba0a9c1ca43b9217b0c09a054fe67f0aad349c6fe06500f,,2026-08-18T17:43:46.971802+00:00,low_quality_score_5.5,The Times of India,quality,"Punjab on alert after twin blasts: Explosion near Amritsar Cantt, scooter blast near Jalandhar BSF HQ; Kh - The Times of India",https://news.google.com/rss/articles/CBMihgJBVV95cUxNOWxoaXJwTTBSeFAybnNEWm40Ymp0bm1kbG50QXN2MzZ0MTJJZTU3WnlGRllXcXctT0x1R2VweVNadHhfUkpJaDVJNjRROEFzT3FZSHJ4c0JuTmFoRHQ4aGo1VVlTN2otQVlHOUZSTzEyWHBqdHRlNE1wVGZzVmFaU2JxV2c5anJlMVlZSVlhLVU4akhaZVg1RXFtWUdVbG9KZlU4LTZPNkY5WFFxT25HSzhNcDJrbmRSRTNBYUdCU2I4R1lWTUxqVjI0YnIyQ1J6RVczMWZQODZIaFJYT3k4RkdSVTlIU042Sl9SU0dIUjdZRzBIMkVIZkxWNmZnM1lfODl3Tm9n0gGLAkFVX3lxTE1LUnNWRXpQZ2QtdWlIWGpiWFFCLVg4YzNZUVJLYVpLU2FCd2RqX3ZsYVh2SDQ3c0VYRDNHdnhiQXFsZ0xpZlNidjJlVWlTbWlPX2xMODhFS0Z0OVZjQ1RhRnk3Z0I0R1prb2FLdEEwWnVKX1duc0pjYTdsQ1hnY1FsN1N0OTd3c2s3VElDSEhnMVhvLVhUaHpfQnlZME8zUWpsbnVPNmlxR0MtbGlwMW5rQ1Z3cGZnQ3NfUVhtanR1VjhBc250OGRsdGVBOHVyMzRKTjlBYU93MXA5SkdLZHVjR255a0FaOWJ2WEx2cTJIUkVJRE40VVZDRFVnZHZZYUZLTEFaQ3VGcUdOQQ?oc=5,5.5
6a8499d25dbd7dc25289128a,7e11206178b3caf4cf6ca29b252c9a55df7173a8ac356ba3714a53f5045f9f1d,,2026-08-18T17:43:47.016018+00:00,low_quality_score_5.5,The Economic Times,quality,Bomb blast near Imphal airport; no casualty - The Economic Times,https://news.google.com/rss/articles/CBMiqwFBVV95cUxQT3FVOXVBSlBnR2xKOHoxOWY1em5xYU1iR001M3pwSmkwQUNWMmJhX3dJMlZ3bFVwY196cTVZNXZVVmdkWTNxdVRYZUJtc016WEdReThBazZXOV9ObGtIVWo3WkdvcjBsSEQ4eHJ6bW8xdl85aUpCMGtCazczcXRWTTdqQjJRMHZCeXJNTXZwTDc0SUF1SEZyM3haQkxYMFJUYjlUdmNjdDl6UFXSAbABQVVfeXFMTmJhN2Z4S29ZOVJyYUJqVzFWRERkNTJ4MC16SlJEZjVXWG4xYzFneHpOZEs5bkItbjljSTNrRXBpUndwRUpzaWtQQ1AtckZaZExRT0tJeHpPdlhPbFp5Ymo5OUNQUDdQTmVEQXlYZmNXaFVwZFpGVWpWUDJrRUh2YnBlSjVNN1BEbTlWbWFEWDZDRkJqd3dBR1JReGdwSk5EY2l4eGJseWlneWFMbTlMcGc?oc=5,5.5
6a8499d35dbd7dc25289128b,a634026cecc82176fe509aac5d6fad16a2b112f110b1854cfeb938c0f52f79ce,,2026-08-18T17:43:47.119544+00:00,historical_or_anniversary_story,ThePrint,quality,Bomb blast in Manipur on third anniversary of ethnic conflict; no casualty - ThePrint,https://news.google.com/rss/articles/CBMirAFBVV95cUxOR1dER3MxMGplcHNIdUxKamdFRDkxeVhyZVVVS0RYUXhyVVRLX0VXQzd4bjBMNnlZMTZ2bFJLWGZYdS1ucW43T3FSYkdzWWFMTmdubUVheDZmdmRxbFZiWXRORGpNalAyenNfeUdHcXduSFNTRHVHZndQTGpQcjM1WXRoUGI0YkdndVZ0MjU2SURhaDZ1eV9KZ3N2ekUwUkZJbFlWRjF4YS1mcUla0gGyAUFVX3lxTE1manpYNFJNRVdCUFFZY3E4NjdoYUFXWnd3aENDUm5MSFZBNmFhUVlrbVVURzk5U01FRy1maWRXWkxDd09RbHN1SHNnMUp5LVQxZ0l1ODZBX1FRaUpxNFJJWXlGem80Zjc3OHo5dUJKNWgwakVFNm9iUXQwRkxWVngxYVpkVXYtYUpNV3hTLXROVFc3VHZvdHVRNGtYcFlBT3RuNlRiVndaM3hGb2tReWFxU2c?oc=5,0.5
6a8499d35dbd7dc25289128c,cd21931e32ce6b573a8d9eb0e0e754bdc4fa73b5222f8b4ca4b652278eab379b,,2026-08-18T17:43:47.178470+00:00,low_quality_score_3.5,WION,quality,'Who is trying to destabilise Punjab?': Twin blasts rock Indian state; explosions near Jalandhar BSF HQ and Amritsar army camp - WION,https://news.google.com/rss/articles/CBMigAJBVV95cUxQY2RLMU1JT0ZmT0ViaUZDNHFVTW1JUl83LWk4TFYxN0lmc3htMmdLRWowSHlwbDNhMTJTbU9UQmxONk9pQ01iRkdMMi10bjlsUDdVWmt3V3hzVl9Pc3dYMFhWdkdTRDdsbmNvajQ3N2NlTm83YXVWVzdKWUpWTTNpVzBOekJHWlFMN1VpWFFhUUk5Q2ppNVkyTm00UWdWUGdLb1M5ZmJvYThTUjYyTFh5SXlISE9VV2ZhVmZDOUZJZGlfRVN3R2ZZbHV0b2h1anBpUkJvRUI0M0o1dE5PT2pxQkJJOG82YWpaR2M3SjA0M0Z1RHVYazAtekdyWUhrNmhK0gGGAkFVX3lxTE1uVkJjWHpMY1NWa2FTRHp0VjVmRENTTF9aYmhoUndCU2JON3c4UE5MQ1V2SVNORkhkVXpjeGpVOF9rZ3dTLTI0cW1pR3lZY2I4MmEzNHZUTTJvMTZhc3lRUlRaaGFvMkMxZEx1S3B3SkVkOVJ3ZnNHcEhGeWwzeWR6STFxaWdGdXhiSGxLWXRpdnBzbHVwSk5uMHhEdWxTWUR6VGNBREM3LW1rcGs1UUpHU09tQ3l1a3RPc08zaHZKUUNpcURCOWFycXpzQWVYZzRqUTUySFdtUDIwczd5eVpzcF9VYzZkT0hEYzdsZVFKaFpOVHpaaFBiZElRM1F5dU1mcnYyWkE?oc=5,3.5
6a8499d35dbd7dc25289128d,0a3ab90fc37b5cd921c4dcea9b6b787199c25808e39cf8c997ba5299ba115cff,,2026-08-18T17:43:47.227095+00:00,low_quality_score_5.5,Anadolu Ajansı,quality,Death toll rises to 20 in India power plant boiler explosion - Anadolu Ajansı,https://news.google.com/rss/articles/CBMiqgFBVV95cUxNcVFPT0VEVFZWdmNhX1lxeTFIemR1Uy1FRHJwWDE0V3pXY0MwZnVONGdJbVp4bUt0bjVTR2pESUJWTEFUT3k0Q0JmN2RoN0k0VHZGNk1aYW1FMVg0VjZEWm0zRldMTUtJRFpwS3l3dGJrUEQzTVE1SUVWdVZHelFOVzJleWtrbGpwT1YxOTlYRXczUVljeXlHWUFHRU9TOWtjeFM5M0NScWVrQQ?oc=5,5.5
6a8499d35dbd7dc25289128e,439825fe56174f105e0bf6e47c9e439e9656eef8c6d92c1f5e8189148aae6e8a,1,2026-08-18T17:46:34.966958+00:00,"This is a report on a legal/deportation matter related to a past event, not a current disaster.",South China Morning Post,ai,Malaysia deports 2 suspected Indian separatists over rail explosion in Punjab - South China Morning Post,https://news.google.com/rss/articles/CBMiygFBVV95cUxNOEFJS1Q4bnpaX1NEYXhUV0RsZ2xQOWc2RkpZTVNzc3RmTkF2UUFnbVh6bjhvTDZ4NmNkZ2pRcjAzTUtiQkdvSmdPSGVzTjlKRTNteW9lSF81WVVnZTk4QkdDZEUwUDNwNDZVY1p0ZV9PQXJSN2VBSzVidGlqc1AxWWcyOUZHZkxFNExNZk51STNXQ2Zla3huV25ZUmQ3MDhNaEJ1anRaNFJOaXF6T2FQejI1UWxsNjlhaXFYVFdHMk1UVWVmWHdqdnlB0gHKAUFVX3lxTE9zVWNUVWhYTm4tWnVEN3ZZZHZ3SERRb3FSdFlNVFFRanZaTF9NVW5rUnpXclMtMkNrMFp0bmtaRml6UUk1dFNwZlBKOXRyRU1KSnBiWW01NGdQd1VNOE9YZ3ZQcnBFS3lrYjk2b1I3MDhtUEJkQl8wTk1HQnhJTGp3b0tkYWRJOFJUeEh5MVl5ZXJZdU5zREZpZEs1QWVrNGs3OWJXR003aXU5OGhZT3RheUhOcDFlYjg1R2hiYTUyWlU1NnVLUUY0OGc?oc=5,3.5
6a8499d35dbd7dc25289128f,b1d61e7bb420f7bc6fa0f051d68a8b98e38374e61d3c6728db0adb24cb11beef,,2026-08-18T17:43:47.370616+00:00,historical_or_anniversary_story,The Tribune,quality,Bomb blast in Manipur on third anniversary of ethnic conflict; no casualty - The Tribune,https://news.google.com/rss/articles/CBMitAFBVV95cUxPUWFhaTJWYjlrTWs3czlWczNBX1FtbERLVGs2V2tNZWpHWEg4TFNfZ004WWYtWXlHOGc3eVJKaGg3TlNjRVEtS2lsUEVhZjBXdmxldHRaVUQ1cGdoWGV5YVpyS192V2pKY2RleEE1RDdRMTNXUmZDZUEyNEtEQkZFcnhUN0gyMTJxSlFqNFZfc0FRN0FnTHhmZmg3VWd2NW5MR1BfMzRPcDN6SDdCUUNOS2ViU0TSAbgBQVVfeXFMTTRQdTVvNjZYd1dfVmRoTm03MjF2S2RLX3V3bFpPNF85TWRlQXVTNU9RSnktOFFValpsUFRQN0NoYkRLUGdGMVNpeW1zS0pHRWpQQ1UxNmo4UDNlUlRUYkhPTmo1NUxJbVc0MEJzYjZfRGZvWkNGQ1hMUThSQi1YaHphQldGNWdRNERVeGpaQkR1ZHVvbnRZU0NoVGxQNjcwa3pEYXVseVAwbFZPTlNscU9QYkJQNzhyRw?oc=5,1.5
6a8499d35dbd7dc252891290,5e7532d95203587b122887f32d2700ce328614745e7fbcf5af34e76ba0cb20df,1,2026-08-18T17:46:35.154570+00:00,"This is a policy/administrative update regarding accident inquiries, not a current disaster.",The Indian Express,ai,Indian Railways orders faster completion of train accident inquiries - The Indian Express,https://news.google.com/rss/articles/CBMitgFBVV95cUxPb0htdWxJS202X1JLYUpoM3R0N1lxTXViQjRQQzdTTEs5eFBwSkVWWXpCV29SdGs4YjI3V3JFQ3B1eFZ4VHlCd0JwdFdqamdvNXhvRnpqcElXMHZhei1ra0h4SGtjLWRRVnlhb1M1U2xXN2ZHWWhLVTh4YmNWdXlqYTNxTTRpZHI5RU9xUWY0RUN4QUoxZ1M5bDJiZXBhbU5sVVphbFJqVG5OV0hOQjA1SVhLM3ZId9IBvAFBVV95cUxQd0ZqSllveVotSDllcFBSWGhJXzdWSG9tV3dWb3RjUWtBdUJZY0J5N0hFX1VabE0zSWNxMGFYU2FQR3hnMTdvdjVTX3kyQnRYdzgzQjJ2UnFrY1hZZGRzTDA3NFBVZkNmUjI5MDAzRDczbGRIRy1uMDRGNzNYZVVaTWlyQWJ3T3lFM0hyVmEtVEt2RC1nX2MxbF9RbFNXT1MtdFQ0UnUxMFVRMGZiRVNtbGJEeGVHQWc1X3hTSw?oc=5,4.5
6a8499d35dbd7dc252891291,555dc45e35124d9de19650a5bde77b641423f1ec40ab62d8831704ded74f7188,,2026-08-18T17:43:47.730611+00:00,low_quality_score_5.5,The Indian Express,quality,"Train accident in Bihar: Railways cancels/diverts several trains; probe underway, says official - The Indian Express",https://news.google.com/rss/articles/CBMi5wFBVV95cUxNa1FJeXdjNTZSLTJXMmFFT3VSLXB1YkU1ZEdhQWMyX1pDZHNaSXl1cXo1dTJxaldiaUtlTk5nNG05YU9rR096T0t3d0dEdkl5eUhFbU5CQTJId3NEdDBtdmszZEVfZDQtZTZQTC1LOTRBWVg2SnJFOHJIVFBOQWhxcmRYeHMxeXlLMm9FSkRZNldkT1ZYbGFSeVBkZVIwSmtHZlhPSVlFSjZPanJPd29TcnlIbzBEYjBmQ3FMeG9vcFFxaGtQX2wtMmd4M21qQWQyYjFFMXA4Y1JueEk2UWUwc1FWU0UybDjSAe4BQVVfeXFMT1lrSHRLdlJJLXltTDV5Y3hoeHp1dy1wV0EwNzhzLXNVYXc2Q0NYUDhIa3Z3WVYwNXRuQ3pWMElmQVZhUlBPTk42eFBldUJjVEFzME4xdFdoZHZvZXhvQVJJdnoxQi1UbTJQSTRPdlgxanByQmZiNElnTl9xRnVubFlsWXJxeU5ydndFY3o3aWxTYmRCLWctMEVUajJhSE9mNXhkbG9Xc1hxOEhNdnNrY3gweEhsaXcyUE9VQ3o1ZGQteWszNFhoeHVLZ183V2VEcUpPT3ZQbm92NWtPZzhveVgzT2xJTi1xR1E2VWp6QQ?oc=5,5.5
6a8499d35dbd7dc252891292,a973953bec7e2e8941bfafca68f342b7f9f8e983c46e7f953a42aa31f2f81560,,2026-08-18T17:43:47.767254+00:00,low_quality_score_5.0,Arab News,quality,Seven elephants killed by train accident in India - Arab News,https://news.google.com/rss/articles/CBMiVkFVX3lxTE4wRFlCeUx4MlRVZnVRQTcyaHA5VEtkOXdLNEY3cFlFOE8wREVCMl80SENYYTRrS21NNDllb1RlcXpobkRIZjVUYkVMcXhqWXp3T0RlSGFR?oc=5,5
6a8499d35dbd7dc252891293,df011a259a24216dc4370479fd69a07114f74a84c00a2b1f9d3dce86f90bf2ea,,2026-08-18T17:43:47.831527+00:00,low_quality_score_2.5,TRT World,quality,Deadly train accident in central India - TRT World,https://news.google.com/rss/articles/CBMiWEFVX3lxTE13WW5pQndtMHYxVGRzcWhUVWYxN2E3cGNubzM2X2tGajFPMjV3d0pvSHZJa3Z5SGJ6X095RE9TQWVsalRvOE52VGZQR3htWEliTFY5OUlQc04?oc=5,2.5
6a8499d35dbd7dc252891294,447e7e6d80bf5f63678ee8440eb93d781162285c37cf6904c72603f4a8166346,,2026-08-18T17:43:47.901890+00:00,low_quality_score_4.5,The Times of India,quality,Goods train derailment in Jamui hits rail traffic - The Times of India,https://news.google.com/rss/articles/CBMivwFBVV95cUxNUVhySGpic1pfYWpUUHlXcnU4ZDdKZGpPUDJXVHJWY1JManIxdmNraUVyS3YtVDFtRFpDdjFiamJBTlNXemcyVnplQThhUTBxbFNLb25iV0JHc0FGc3gxMkVkOWRpSDEwX1JmYkR0b251Y185azhYd0xBWXREekgxaFp3aDZzRE1fYklwR0lUTkswT2g1clI3V1VDYVRzTXZ3aDlNRTZlOHZFTDFzNEs3R0FpQzhJWmc4bEdIdEVPc9IBxAFBVV95cUxNT1dRcGs3LVBkOWc5ZkVhNC05dDNNODJqTWVNTzRmTzJ0SDdjdWxCdTdZNTV6TU52TnU5X0JyaVg1a2ozaDFFNDU1QjdTbzFWYmVNVXZnRzVvbGJkZW1IbmlRc0hGSS04VERmNjROY3JKNG4xUFRNYTAyb3Rqb3JSR1R2V295ZFprWnJCMVd4S0pZejhMU1BQbVpMWGxTSzVlT3hvMHFmSk8xcnhLekNjdDA3SmVtc0QzX0QtNFQ1UU5FekNp?oc=5,4.5
6a8499d35dbd7dc252891295,67d0ca0cc94189b4292be350cc0aec6f931ec79769e0ba93cd29c6e0a81232b9,,2026-08-18T17:43:47.996581+00:00,low_quality_score_5.0,The News Mill,quality,"Train accident kills two young people from Bulandshahr, India - The News Mill",https://news.google.com/rss/articles/CBMirwFBVV95cUxNMDU5ZV9PajJheXNfRmtpcUt0WXkwSk1Od3AxY0JkNW9hdktPTk4xZ2ZaSXB4cUVpQnQ2Q0h0dkJEZGdldUVpQW9LMFZnZkpINVhCaHVNY0c3ZHRBM3FhU1U2OVIyanJnaHF2VldHanBUVUFfMmpwdkotMWxkTzRIaDd5RVZ0cmQwRU5YMTFTcDJyWHhlZFg0M245YmpMMWtQOHI0NEZsbkFWNGJfZ3V3?oc=5,5
6a8499d35dbd7dc252891296,103d8c39add5e3e39703d32154a01875cc2bad560e8211f54155a77d37711731,,2026-08-18T17:43:48.042698+00:00,low_quality_score_5.5,The Times of India,quality,Goods train derailment: Kolkata bound trains diverted - The Times of India,https://news.google.com/rss/articles/CBMiwwFBVV95cUxNeVhBaThuY1N0RXhDb1dFVTJjZ1ZFdTJiLUZSMHRzMTdyX1ZDcHdrWkJvTENQTzQ0NTJfN2w5MklSVEJ5MFY3Y0lGal9MS3dNOC16cjN5WW9lcVB4STVNRUZpelN0RDBjdTczdlNlMGVJN2FUTXhVU0Jkb2NQOHpyZDJMSHJfMzNxZWVDQUpIRUhpNVlNSXVnX3kxbnZad1psQkhndld0bGh6eG5sQlM2LWc2ZDdsbmVuYUxtQXpxc1M2cFXSAcgBQVVfeXFMT18yYW5OM0Zmc2lIQldGME42STJsdUVRYUZQRVpLeFh2TUR0cFFOQ09WVlM5WEdNUFEtblM2UVR3cmM3T1hnd0Y0emFqT25VaWFjVVVSUGphVnNwNDVPbGZuQVRyZGRsemxqREhjTXBMMWtHWTVmOUxROEh0YW43WUloSzhUWUhXOE9YX0JUNHJJZFdHSEM3QjNiRFdQeC1uR3dXSWFrUUZGZzFidHpXNWV1UkpFLUhTVlhYT0FXZFpBWE81RDRqZDM?oc=5,5.5
6a8499d35dbd7dc252891297,92a69348710cace949a1fd8792229643e3c99e644bca3f7c9c949fd02044ac3a,,2026-08-18T17:43:48.083230+00:00,low_quality_score_5.0,Al Jazeera,quality,At least 11 killed in India train crash as rescuers recover bodies - Al Jazeera,https://news.google.com/rss/articles/CBMiuAFBVV95cUxOUGRud0xVYURHOVphaWtRYTdYMmMzV2FNbDZXN0ZQLVFZQ2t3SUJPdW9XdW1KX0RIVGkxNlFSYWRIbV9acTZVZ19lenRuYjZXT1VNb3RtOWRaeUI4NnBaTXJzdk42LVVJN2VobU1vanUwWnhGZ1dOOWRKTGdVLWRTLXVOUzdJVmlqMFNuZW1TMi1JdFhPRkR3cS1XZDFlQ0hBM3hpRkx4MC1ObFItYm1vUUxUajBHT0xZ0gG-AUFVX3lxTE9NOGpIS051cVpzOVhiY3Rzdi1mbFZuR0VKeDlmRTd4VXZQMHF0TE9seDdOREtQQWlCbjN4MENsaW9IcElIOFV2NzBLNW5jbFdJcllCNWtsX0VJYU5QamltX2NUVUx2cExHa01pUnZRM2RoVzBCelBueVFXVzVVeTNreDdOclB0YXVva0tlZVJ1TzV6Ykx4bzBHYkNaNEljRlU1MHd5dzhOdVd2aHM0em9CM080aTJRVmZoMGNSS0E?oc=5,5
6a8499d45dbd7dc252891298,12f020a9846d7c4b23b5941dce9c425a0384e984befc09cbcd93889eb6d57083,,2026-08-18T17:43:48.122557+00:00,low_quality_score_5.0,Arab News,quality,Seven elephants killed by train accident in India - Arab News,https://news.google.com/rss/articles/CBMiU0FVX3lxTE9mbHI1SXlLODFFbHJKY0J6eUlBVmJPdnJVeDYxem12Qk1NbHlrODlCVjA1anRhb0k0ekloQ2UzX2dSNUwwTmctNTloUEsxSEU1OG5z?oc=5,5
6a8499d45dbd7dc252891299,2d3a6489ed6a55ed0053bbff88b9e01cf7968dbd7a81d4515ecb4addd382203f,,2026-08-18T17:43:48.188702+00:00,low_quality_score_4.5,swarajyamag.com,quality,Freight Train Derailment In Bihar Disrupts Delhi–Howrah Corridor; Multiple Trains Cancelled And Diverted - swarajyamag.com,https://news.google.com/rss/articles/CBMi0wFBVV95cUxNZGVieC1Sa25YNTdlellCam1IRUxmcVF1Q1JjcVNvNUtZelhPZnlSMjdMbjh1cWF3d3dTNDdnYlFvdDRad0Z0aUdrOFc2ekJmNnRGRFFxbmxZV3hRYXNFM1MzSmhwTlkzM2dNTzg0MWIwcFlGQ09kVmlrTHV4Q3Zveko4MnJBcEFkRU1uamx0NUs2VFYxSDIyLTQtcTdFTk9rWFZTU0p5UjdqVVZ3aEo4NmtpQzQxc000MzhCOE00b3ZIMFZTbGZTT3FORDJmUHppbWF30gHjAUFVX3lxTE1kc2xYMzNCV0FfRm90eHduZmwzaXVUOUZtUUJzYzJVVVcwdU5QWVgydnpSVklxdzk0WHJxUVlfaXE0M1N3ZDZZYnZuTjllQ09YMl9GRzRzTGxYc1VmeG1QVkQ5UkR3YTI4MHl5Z0p3c0RQUEVWZTc5cm1MY3ZJSkpXeTZEdWFYeGtmQXFyVE54ODJjc1J5cnFibXBZUWlSRXZxYUpDeW5mb21fTFBjdXJSZldHbzhVeXZidnU0Sk9WMU9CVGhzWUVZTUFHYi01c2VzNlVZNDBxZzVoaXhiOXFQUXZR?oc=5,4.5
6a8499d45dbd7dc25289129a,8a9ec1ea9b38f1d4642b93ad865545edd833622028eff3f87b2d31c0a3db3e64,,2026-08-18T17:43:48.694748+00:00,low_quality_score_4.5,The Times of India,quality,Man dies in train accident while son takes NEET exam - The Times of India,https://news.google.com/rss/articles/CBMixgFBVV95cUxOci1SWmxBTFpENHgyMlZIbHVsRXgzdmRoQ2NOZTVrZWFHLXZyeklnbDRTcTNEdzhUU0dQdTlHel90dlBlaTdWa2FRVUNWT3BBVE12NTgzWHV6bHVCNk92cDVrYlcyVVpZOVRlcW9Rcm1SLTdGV1F1eld3WG9IRmJ1OEdPY1oyejlxOUlFODZhSWVmQVJVTW90ZllrdHRfdUFtdS02akFqYjkya2ZVbktXOWNkTlE3QzJWSVR1WE9HTEFiUDhsVlHSAcsBQVVfeXFMTmFNOHFDZ091anB3am9HcXVERkhWaEUzdnE5eXUtVE9iV24tNFBzdHEwTUNGNTg2VFY0aTFmNlJERFBPYV9TaThDMGhUT0xBRjNzd0ROU0VlaFdScmdmY3VMZFY3aG0zMUxheElyZFpMQzdTc2NRSWhkZ3cyLVA5SEw3S3IyNlc4ak16TndjRlE5d1BlN0RnZlhHRGpNWTJEbHN2WWlrRnFaMTJudC01aHNxWFFOMjdBR21IS004TWh0aVUydWdOTkRmWEU?oc=5,4.5
6a8499d45dbd7dc25289129b,79b95e4ce7de2e1cf9a241893094418fb198dca8c52b541c2c6e79d9e48d9ef3,,2026-08-18T17:43:48.752417+00:00,low_quality_score_4.5,The Times of India,quality,Train derailment near Dumka: Two bogies of passenger train derail near Dumka station; Minor injuries repo - The Times of India,https://news.google.com/rss/articles/CBMioAJBVV95cUxPMXFHZGo1VkZRVmd5RjVzcXltUzh1d0RsMzBudEhZZFBfay1YTlZqZkxTc3BVTHBBa2NVOHkwaXRfREUtbzJxR21SdFljT0VLOTF5SnkzaHpvU2pWVHE0ZTB0UENGVWdJNldWY3FOMzVLT0FnY01tTjNvZG53ZU5KYzlnZmRJM1NNZXlQM2dWb3NkeExvRnFCSFZJUklwd0pqbjBNb1dnYURWMFh4WXJlOV9TS0kwdzZqUndEcnZGVjlOWVIxRHl0dnNPSmxpQ2JDdXdCb1drZGVvYmw2SzdKVjB3VGNKVXdnMl81VnNyQlpoNWJwc3J0Z1JCRndMNDFPcHVlTU1NT2VOVnFPYWlxenZUMzRkdWtXWFIxUHZHNUXSAaYCQVVfeXFMTWJnQ2tEaGJqTGtRQUw3MG45YkZYWWhRaDJ0ZXRsbG50QXhxZGtwNGtqNHpaOENLM21lYVZLZ1hyc2M5aVNFd21aY0JPN1Vaek1rY2k2NGxnc09FcGxMU1hrakFWV2NzTEc4eGF2RkJLZVVoVmFmR29Fa2hvLTNvV1JqR0laZTRPUWFjNzlTR3FBOVNMbW8wZjJqWTVBeEYxRTl4dUJ3ZnhlU0ZINkNXTndUZXJKYjJXSjJwTUt5Vk5lZ283N0t3NWJzbFdUdTNsNTdKVktuRGl4V29qbGpqd2hMMDN2a1ZWTkQzZEpqbG4zMXJ1TDdBNUo3cnN5Y3JOSFZuNjFEX0J6STY2Q0dFTm9obmN1Yy1XSzYtQmhyZ1BMNlNjb1BR?oc=5,4.5
6a8499d45dbd7dc25289129c,45e601a52b9b3d7612e17788870016a5312a15dc04c6e1f0b98b178a6091d210,0.9,2026-08-18T17:45:20.107571+00:00,"This is a political statement regarding a train accident, not a report of the event itself.",ThePrint,ai,Bengal CM promises strictest action against those responsible for Murshidabad train accident - ThePrint,https://news.google.com/rss/articles/CBMixgFBVV95cUxNM05DUFlRVDB0VFhzdDBMTk9qOFdfN3JwWUpaWXV5OWhaVVA2VTlrZVRMWXBkR2hYaXpsamFqS0lQVFdidjRvZDE5Q0RLeVNvaVRmTFZaLS00SDVuX3J6NDB3NHRhbXZlaEFzTDNneExnREItSHNKejl1ZWtfZ1l3UndwRzJhazNIOHJsZ0NSdTZZdmtfd2pPQWZTUVJNREhHZVFrVmx2SklJazVaR2poZmpfbDlzWFhGUmh3bTBxSDl6QzJKS3fSAcsBQVVfeXFMT0ZvS1lUckdiOHFNai1jVE8ybzVVTnJWc0dKMVBIRHBIbEJtdmRmUFV0RUZTalljWFF5ZjJjLWlXbjdDQmpVNDhISl9IbmdySWVKa0xYQVdCS0hmSzB4UGExZWFmaGV6NS1sVFFRMGNWSEp5ZGZOY3ZMZzV0X2NUcnI3UnBSVGRacmhMaGU3N1Y3NnpldUtnWHRxN2U1T0FQbXkyUWtRZzdsU1FwbndXNVQ4bkFfYnpqMzRpNlZjSUU0OGhOOHlraldjT1E?oc=5,4.5
6a8499d45dbd7dc25289129d,3225cf762458db398d52fa7169eedaf64277f14907ea0a5a1a0a441551dcf4e2,,2026-08-18T17:43:48.852197+00:00,low_quality_score_5.0,kathmandupost.com,quality,Seven elephants killed in India train accident - kathmandupost.com,https://news.google.com/rss/articles/CBMikwFBVV95cUxNTTU3UFdDVGtQYzRsTWJaTzN6aGVMTHotbWJLN1cyUmsyRFg1R3F0UmVWaXc3dWZyWldaT2ZZTHhkald3bE1WTUdUbnNHQVBJeGRWb2VYd3kybjg4OG9VTXZfVzY0SzMySENXOGczNjdmSzJKR2Q1TVhsRmtQN2FiVkc5dE5hNWtYMWx2MXAyTXZ2dXM?oc=5,5
6a8499d45dbd7dc25289129e,a7e42f8d70a272342c175b16ce2dc3c95910253496488f5ae51282288a5f1df3,0.9,2026-08-18T17:46:36.280252+00:00,A potential derailment was averted; no actual disaster occurred.,ThePrint,ai,Train derailment bid foiled in Gujarat’s Amreli as alert loco pilot spots stones on track - ThePrint,https://news.google.com/rss/articles/CBMiwAFBVV95cUxNQjJEdWlmN0ZJTlpRUGJnaUVwOW4tMW9kVkpzdlVKZGh5ZlpmVFlJQjVMSXR1dXV4aFRSMGdCQlA5a3l5dS1nOUNwZmVMNldFa19BdHJyT1A3UVl1Ni00MjhhWlZZa1NPdmJMM21jbFZuYTNvdkpSUGlOTGgxS3QzMWxzdVh6X3BQNEppMWlXelZuMFgxY1BGendkcGhDZVp2WHg3MVpWQUdxVHFoT1lZNkZRTVdoX2kyQkdqTGphNVfSAcYBQVVfeXFMT0pSd0dhajdiUmkxdEI3Qk8xMEhfS2NiZTZiTVVZbkJxN01TS1otN2dwamxMODVpb1dtSzVRZUliTVpIcmFfYzZEVGRWUk9zWGF2SXlTN2JlU2dDU0dFM2NZd0Y2clBoTmNoSC0xUng3bVp1aWwwRzU2MUVjenYzRjk2Sk1GSDNVTF90aDdVRWh1T19vLVhIZXJ3R0RhLXA0eGRSLVlWSVFocHV0ODBVNG9XalBuaWF2Q19zQ3pIa3h4cm9BZHZ3?oc=5,4.5
6a8499d45dbd7dc25289129f,1d679af774157c473da96320b777bb72e6db510f1185f0f8b6d4ad48276749c6,,2026-08-18T17:43:48.954161+00:00,low_quality_score_5.5,The Indian Express,quality,Passengers became first responders in Bilaspur train crash; toll at 11 - The Indian Express,https://news.google.com/rss/articles/CBMiuwFBVV95cUxNdmpwN0MtRUQ2a1VHVG9iRmlmSVh3RDR5SHU1UGYtZ1pCMms2cmdhR19nLU1seUNyd0xXdWF6VWxCb2NEX2VFanBVd2JxTV9scV9LbUJKckRQOVdIdzBwajJrdDVPcFRLYUlHZ0t1TmJfeHBkVUlOSWRoMk9VMHNOWEpBb3VXZGVNUnZ1X1p0LW9TOWUxZmllVU9uNTRLRTcteDFlZVE1OTJiRkxBdnBVdWtENlYtemV2bElj0gHCAUFVX3lxTE56aWlTS1lqZDJaaE5CVThoLWoxU1NkWTFhNThTMnRRbjNjdjIwbmhMRVg4RHhIQWhfSHVERGdpbUllcVN3dkVZT29oNG9kdFJ0V2VUWXlUbzNBTTNGV1R2bTh4RGNnaExkOGxzVjlXY043R2xEeXNwU3U1by1IQ1NaZFYtQlFucmVmeEtTSXl2Zkx5MkM2blF2Yl8xaUprcGdxWl83MU1qaGcwRG5JdVcycmxXOGc4N242Wm9rMWpXTzdB?oc=5,5.5
6a8499d45dbd7dc2528912a0,2c94d949afd0085861885f0e49a9a19976b4ddffc98ab35d4c95ccc63f815bfd,,2026-08-18T17:43:49.068610+00:00,low_quality_score_5.5,The Times of India,quality,"Chhattisgarh train accident: Passenger train hit parked cargo rake after signal breach, reveals initial p - The Times of India",https://news.google.com/rss/articles/CBMikAJBVV95cUxPcTdPNnBzRlBhR1ZrdHpTbVlBSE9VeHh4UW9TaWhwdE5fNTF6ZVFiak81UVRsNnZhWm5IQktxbG1RZDdDUGlRQ0kyb2pwZW8wYzBsRWI0M2ZyelZNdXZvNEQzUmkwMW4zLWxZWEF0UW5uSElTRDR3X0dBSzk5LXJfWTZKOTgwY0lrSFA5cDVpSFlDRktTa3N5QUtvbkR6YXg3c2FNcC1FMjRpd2ZEUkUxZlRUOWVRV1FDczhWbXJqOHNScnoxdXZJRlNudy12TzFERTFUMmJLZk45UUpSQ2dtVkZoSWYxZi1mUmRUeHRPRG5salphVWpfcHdCXzF0eVlXOFZWLUc2NmxOenJaTUUwOdIBlgJBVV95cUxQUFFJamZCcHNVUU5uSFBTNEFtaVdEbEUzVklWTFlNeS1EQ3RoSXVmOUdTQzFaNW9vVGJiaXVPMDFNSVFJNktqcGRVNC14UTRBRl9vdWMxVmsyVS05Q0dSQnYwSHUyOE9MTTdIWDIwaG45Zks4aml6QXJORzhOTjRWc21jYms5dlJXVEd0dll6QU5TTDRGbmpZTDFXZjVTQ2hCblZQazcwNFBrTkMyZzJPQVJrVG1iMVJaREN2UC1hTkEwNGE4T1pyRmxYWGdaUkR4OGlyT1lPR09XZ05jdjJfVVk1TzYydWdyZWVDZXBCeVd6enh1Ym5VWExyb0VyZ19qTWRCRkpNU0EwenhGblhQT2Rna291Zw?oc=5,5.5
6a8499d55dbd7dc2528912a1,efc10a70b86c44e5558f86bced2ca74b90f11ccf02e7642c1d92b14f11ecf216,,2026-08-18T17:43:49.106620+00:00,low_quality_score_4.5,Moneycontrol.com,quality,Bengaluru Metro train derailment at Yellow Line depot; panel to submit report soon - Moneycontrol.com,https://news.google.com/rss/articles/CBMi0AFBVV95cUxPS2R2UDZMZ01XTkIxRUptUE1mSG8tSGlyYk95S3ctZWFseUpwb25HZ1ZvOThUbUJRVVVvY2h5ZVhHTEd5UXNRYWFLc3gzSFpyMGkwaGRGYThTbkxaUjRUa01pcTZPVTBJeThKTEg3cElQVC1aU1FhLUxwZERneHA3Y09SZ2FkYXJRQ1NwYnJCLUtDVEtveFNjWEthOGlSUEtFeTBQNVl5MFVZdlpPT0QyVHRBM0FuQVNPT3FqTUhrVXdqdEFfMHJWdFVMcERmcUVl0gHWAUFVX3lxTE9OaG5LQk5rTUlabG9pWnppa1NGb3A4a2hVbkpHeGFTd1BwaVo2WnVWazdXQk1aUTBIQnZjWWtvYnlRMjJ1WkY0MG41N0NGNGRxbnFOZUVkYXg3RkRrVTFPeklueDA5YnJyS1d1S2N5bDNILWZkbGlqcE12NWpaSUg2VEQ2QlNnTG1BYXpXbE92bmFRZzRaRk53cTBfOGw1d1dfVGQ0aV95Y3V0YXpicDlGWTFkck96QlpPMlNCMW90N2hxUlhoMjVudU8yZkh2c3pUZ2VQaHc?oc=5,4.5
6a8499d55dbd7dc2528912a2,4f0127a02e4766c84fbfba0a350fafc87bb36073825a0e9d889aac1a77708e47,,2026-08-18T17:43:49.154994+00:00,low_quality_score_2.5,WION,quality,C’garh train accident: Did loco pilot miss ‘danger’ signal? Probe ordered; Indian Railways announces ₹10 lakh ex gratia - WION,https://news.google.com/rss/articles/CBMi9AFBVV95cUxNN1JkZGstOGMwQm5fX0Qyb0RrdXJqdzROMXFhTmpreWtWSHV3ZldZTFVwOTBWcUFzZXpYOXpNM1h3alBNdUN4eGJrWGVHal9rdzJqdlhRekNSZ2p2NHhFdk5zUmY4LXQ0SjVrSEtDYXlLZ0Jpa2FrcWlVaUxqRnZOSlJZTGdpUXlMUFlyMzZ4dEJtM2pfMUZNa3pTQkRiTVIzSjBqQzNJMzVHSEF0aVdBWUVFMlg4Q0xzTFZnSUhKcGRrRU5fanhiWDNNT083QUltTGhPc19sNENEUjhMNUl3blR0MlN4UTlTd1NrM05FVERidmdJ0gH6AUFVX3lxTE1DU1pubU96SG9hRFc0NHI0WW11d1NvRFpJMTEwT0ZEQ2lzX1NUalRya0x0d3J5SzE4b0ZNczdnQmthQVNiLUc2bDJfOXMzMTRlVDJJRWFDU0gtWk9GMzZwTkxTUkZwVERscG5jM0V0ckNOZ3E3cHgxMXRqOUdWbnlaLV8xdzdacHRHRmttUTYtN2pLWDktZHRTQ0pia2d6MkJQU1pRX1lZQUNoSFZBUkdhaWRQcGRyOUxqdndtSVR2WUtyekZFY3FwTjFONUprNXNhNWZhN1RveTlTa252OUdTemRvUXMySV9mMG96ZHh5cTduNEdGZ3RJQ2c?oc=5,2.5
6a8499d55dbd7dc2528912a3,d0c5853a27857fe366a6814b355c6f27dfd42389597ccc2635c21cfab7cfa0bf,,2026-08-18T17:43:49.426570+00:00,low_quality_score_5.5,The Times of India,quality,Chhattisgarh train accident: Toll reaches 8; compensation of 10 lakh announced - The Times of India,https://news.google.com/rss/articles/CBMi6wFBVV95cUxNWU5LWTR2Z0x0bG45OUtGWmRESlhqRjlpc0lXTFF6NDE5VlI4cDRTNTFDR0J5MFV2YXNKNnlTWmZLQXhid1FQcEVTdVlCM1R3ekpUdEJ4bWlTZHRXWnUtNVRsVDdlYmRYRXMtN0RuUDFFZDcxZGpUMlA3VnR1SW1aUmQ4T2F3aGJjZFpjWFpTaDV5TGxDNjk2SmZKSFpsWlRHOGVpTUR2cWFVTldmakRtdUdKVU5JNnlwNDFPLTB2V1FMVUpFUXVGMk1hd3VGaVJlY0o0OVl1aGJXelFuaVg5em1LbHE0RklMMFZv0gHwAUFVX3lxTFAzTEF2UEk1b0FhZ0hFY0NOMkpyNDRpSEpPZk01V0MzaWRRc0xNUTdkbFRWLUFORGplekU4b19EVERCajFPRmxCcERvMGJSak0tcXNRc3Zhdk5aTElSVXZ3bzE4ZGg2MnlVbVU3X2NFWUZ1Mm8yVlpoRk1UMEdzMV84R2l4Nk84YUE3dlV0bnhZbWMxN0RaOUVOZG5KcWxDOThaRmNydFo1VzJ5RWpZX3J0ajN4a0wzdWtjRjh2RDhGcF9UMTFNOS1meFlxZC1IWHZDU2U5Q21GR0dpQzBOaXIxWmtmQ0d6MTdCLVhObFpHYw?oc=5,5.5
6a8499d55dbd7dc2528912a4,212932e5f09dfa7fe6319b9d6f2e70aadbe67028a57811b38bacc386ab46458f,,2026-08-18T17:43:49.463230+00:00,low_quality_score_5.0,Arab News PK,quality,Seven elephants killed by train accident in India - Arab News PK,https://news.google.com/rss/articles/CBMiVEFVX3lxTE1rUmRtcVFXaFdGWmt5aFBtWWlEaUZKMzhrSUY2dkJrdjlMVEJIUFE3RmRDVFh0V09vVmZoNEpYM1VCVGhXNDRRckJZaHUta1M1NzBHOQ?oc=5,5
6a8499d55dbd7dc2528912a5,dc1011fb06c961ddb46a8e87ebe6598e8ebb11b63d1b7dcaa810eb206822db69,,2026-08-18T17:43:49.524402+00:00,low_quality_score_4.5,mtv.com.lb,quality,ANI News quoting official: Number of injured from train accident in India increases to 43 - mtv.com.lb,https://news.google.com/rss/articles/CBMiTkFVX3lxTE1IZ3FUNFRvaDhGZDdIeVFHWm5aaUpLaHg3Vzc1SGtRa2ZKVDF2UmpNZXI3SWphNHA2UGdsYTNwU040OTJLMUJUZ0lTaDFOdw?oc=5,4.5
6a8499d55dbd7dc2528912a6,71dec2db18e78c2d74ae82257fef72d67dd4cb905fe88e3cc8d75236e04ca711,,2026-08-18T17:43:49.610733+00:00,low_quality_score_5.0,Macau Business,quality,Seven elephants killed by train accident in India - Macau Business,https://news.google.com/rss/articles/CBMiggFBVV95cUxONFpjeklzTVJJb3BRaGU5aWZEdnp4czdMT2hiQjZEVm1RYy1adlZJVWhkYVRIWXV3aXh5d29jaE5lUnJlemlQOG1mTHJPN3dSa3AxVzZKY2hUUTk0RTI4ckM0eXYxbUIyLUxmUmlYZHgybEp1N0dNV0p3alk0d2FJMEx3?oc=5,5
6a8499d55dbd7dc2528912a7,defa636ca48e47572aa26b6471dd4b8342f1eebcb390cc640df6232bfec25822,,2026-08-18T17:43:50.075029+00:00,low_quality_score_5.0,Gulf Today,quality,Teachers among 9 dead as tour bus plunges into gorge in India - Gulf Today,https://news.google.com/rss/articles/CBMipAFBVV95cUxNQ2drTTJEd1h5QnBMLW5BQkVVa2NpQXowNXg1SElKWkVsMG1icjlmTE5WcDhpbEZ1b3ZBb29KcGloRHdIVW9Hc2tWcllMSG1MeEhKUHFGdmJMdjBrUW8zS1VkQXJXbVR6blZpWm00YjRKVmN6dDVtOHg2TlJsdnJnSzk5VzFrc2xDZzJqSEcxem9CR3JoSVdGaXdNWnpiVlhGWlRUWA?oc=5,5
6a8499d65dbd7dc2528912a8,4a73095e5a035a3e2d16e496f19a477fade6978752414c9301d48271c984f7c1,,2026-08-18T17:43:50.468250+00:00,low_quality_score_3.5,GujaratSamachar English,quality,Nine pilgrims die as bus falls into gorge in Andhra - GujaratSamachar English,https://news.google.com/rss/articles/CBMiswFBVV95cUxQSk5jbnhObDJnMWxYSy0yTV9HMVA1bHZ6UGg0cWNYWExlTzh2THd0V2REbDRJNGNfS05OYWE3WjJjQW42ZEJOUXl6b1ZoY2xpcDQxamFBa3l6c0xOcXhyOUhGV2lubC1QV2dRT2NfT0pyVWltNGJuV0hHMXNVN2dwaHI3Z2hQSDBqMm5LWXp3aTB0TnBkQXd1ZS1kaWVYSFRxdkxFMWxud1ZGb0NUNmxsbnQtaw?oc=5,3.5
6a8499d65dbd7dc2528912a9,4fe6b80cd4aee70702b25a28090796cd4f305a2c72103fb672b74079afc21b99,,2026-08-18T17:43:50.506514+00:00,low_quality_score_5.5,Telangana Today,quality,Over dozen children injured as school bus falls into gorge in U’khand’s Haldwani - Telangana Today,https://news.google.com/rss/articles/CBMiqAFBVV95cUxOQ2VUNk9wLVZjNWNiRFNxTFVRY3dVd3Z0Ti1qWDNkaWlGSEtwdEkxQUxGMUQ3djNicHBHRHZvck1VaUJFd3BSTXpGa2loNXBvOE5lc3laQTNpdTlKRUkxR2pBMzBOY1BiRHFCYW5TYWEtZ0RXZFVVamUzLVRvd2dBNXpqY1NJZ05FdG1rZklROGxyX1UxRTd2djBrbm12SDJmeDlTaldJajc?oc=5,5.5
6a8499d65dbd7dc2528912aa,fff13139228dfca6aefbf93c8e9687658873c98ebf0c8e8937286d5a10ab6b97,,2026-08-18T17:43:50.665249+00:00,low_quality_score_5.0,Khmer Times,quality,23 dead as bus falls into gorge in India’s Almora - Khmer Times,https://news.google.com/rss/articles/CBMikgFBVV95cUxNLWl2WXlqcFZYRXlZYWxocS1oTFYwMjFvdHdWMGU3LS1lM2E2R0xuanNOTWgybmVwbkRKZHBhcXhCam8tcXp1NTZKWHJCT285TjJYaHQtLTVhejBlazFyTEZGak45TDU3UmZ3dXZtQUNsNkUyblZKVDNqRDBNTnI4U1B2NGJFQUhraVR6M3ljQmlJZw?oc=5,5
6a849a2f5dbd7dc2528912b4,2594e6223b43cedcaad8ebe65c3d27504206077295e3a400e90ddffd35de26a4,1,2026-08-18T17:46:34.933504+00:00,"The incident occurred in Yemen, which is outside the scope of India-based disasters.",The Times of India,ai,Saudi TV reporter killed in Yemen car bomb blast; government vows to track down perpetrators - The Times of India,https://news.google.com/rss/articles/CBMigAJBVV95cUxNUlRBa09oU3VGMGJtOGtTTU1HX3VSUUVSMWlLNFVxVGZhcTVWZVRuLUxmWVBjSnR5OFhQVW5samVVQi1NajMwTmlYTmtKdms5UDY4WDlaTGk5anNiSjVKTnRoQ2plY2ZTdmswejhqdnM2VDc2U1lGVFJTdHpRVjJtOGtaTGxRSGJBN21BbGwwdHFscEV4emEyUFpMeUJvLXNNcmt6R1ZfYnhTLWMwVU1VbEEzWGRWOTBMakdUaWFqLWtNSURWS1E1VFFFamdONVhXRVVkS2J6NVNkVnU2dVRJWGVVUWxHeE91R0lZMW9oWmRNdjZsY3hGZUFxdE1IR1I30gGGAkFVX3lxTE1FOWJiRHUwVHZ0SE1fSFpLOGhYckxuaXRiWFNJcXhUNmIzODZZOXZkdFo2ZHlUWFlyM2s3NnVPOHc2REp1aGRhZ1hxWTNubEs2dTFkTjlSamNwM0hfalBiUS1OUmFVajlsSklIU1NUVWhKZEJYb1AyZzB6RTBkMlNDVG5CVkZZRDdSZFhBU1FwVEp6T2lzRzRTM1htWXFLX0hGcktvbkdrUC1FTUlUUDNBa183Q0Z5djczTmFlZ1o2dkgyQ1A3QTRrbFdLdDUtSjNsMTRueHYwb0hzdHFtWk5kS3pnWU1xX2dZX3RkQ2xBT19PalZOcE16ek5VMWpQS0Q5SDlwa2c?oc=5,
6a849a2f5dbd7dc2528912b5,d923b01a30dacffcd0060a020cdafa0205bce74509b2e81dc3ad7eaa9a12e9d0,1,2026-08-18T17:46:35.000025+00:00,"The incident occurred in Pakistan, which is outside the scope of India-based disasters.",India.com,ai,"Seven killed, three injured in two bomb blasts in Pakistan’s northwestern area; fears of more explosives - India.com",https://news.google.com/rss/articles/CBMiuwJBVV95cUxQM3ZPYkhSSHRrV2JIWGhLZDJTNVc3eEh2Zzlwc245UHVRSlZKa0hVN3dNMGpQNDQ0Q1d6dWdJZFJDUlBlS2VTOEZuS3JiNlFlLWpDSEVFSjI4bE9ubXRlb3RTcXJ1MjBqTEE5Ykp3aURTRzUzRHhBeURibDdIR042enVhZXFVX2pxUVBsaWZTNkE0SW8zWUxyOW1GWEdoMXBQa1lhZXZLSExLMXNUbjBNZTJXUVRFLUxJblV0dHVEdzl1YzFlVFdhekd4d1ZkUTNNR19TMktUQk53TzlYNG9HMUNRSWllaXpreml3dW9BNU9HbWU4d1ltM09MZjJ4UjZXTGhUZ3BycUNvU1lPRFpkdTJQUU90UnpOVFJBMzFxVHUwZHltRUZtNk5IeGZ3aGsycVpCWlAwZVh6ajDSAcACQVVfeXFMTUp5Nlc3OXJvVUkzRDRMWURobGw2YlFYMVp0SzdROHh0UDh2ZUFuNkllNFpra1A2MkJ4NnM5SE1hRElfQUg3R1E0LVZOeDJNeVZQek8tQV9YRU1qaDhROW54NHN3Z2Q3ZG1lS0dGWnpzc0N4YzF4ZGVWUXpEenNqNFJrTVVpUkRBR08yOW5TUVR2QmxrYzNwQ1EySHVud1gxWFpfekRRUVVXT2l2bzlQM2RaTUQzWnc1UC1yTlBUR2hxcGxJNGxVQkhMRkdjQmczR0RyMU1fdzROdUZ3WDllUWM4aWhNNDdYNDY4a1V3TXRPTEF3djBZbV9zenpJekpyNlhJOWpTZlk3SFQxekFWMnFYV0dfMUVNUGU0Ul9VSWxSLVB2VFp5VzF4TlJqUFNRVzNKWkhhOFNEZktqRE5USnM?oc=5,
6a849a2f5dbd7dc2528912ba,656c7d6075706be50b2c6be99874d0268d937dbb705a462ff6707281cb335fb4,1,2026-08-18T17:46:35.263101+00:00,This is a report on compensation for a historical accident from 2009.,NDTV,ai,"In 2009, Mumbai Teen Died In Train Accident. Family Gets 8 Lakhs Aid In 2026 - NDTV",https://news.google.com/rss/articles/CBMitwFBVV95cUxNUG5GVzlraXR0YlowekVxZ2JYel9GUkd2bjZBWWN1c3NqSlZ2M0N5ZGtxd1RvNWh5X3l2cmxOaWNEV1NldDhzN1h5eVRGSlZTZ2NHMkMxZC1mVVlFSGpyck9xRlJaYkFYenp5OUtOcnlwWUpxdlg4NkxlTjRBSTNXUEZvTlFRVHFRYkhIT3J5QmNqRnI3TDV2QkxUczQ5STVSWW1UUmt3S25Ya3VhZ09FTElmcVNQNmfSAb8BQVVfeXFMT2NSUFhTbl9LRWU1X2NYZTVfZjh5SXpJVDh6V2FKRGF2R1dJUFpwa0VwUVVHVkpvS2pYT3ZPUmdWTzY0dzNtSW1hRWViRjRVZUhBUlFSaTNZM3RxZXY2MmFld3FXMVFjY2JXQ0dQaUJQZkFqY1p2STN6RTVGZmhLdFV2bTNFcVpUb0l3SVFDa3VJWjFQeUd6WExad1BLRzJGZE5uckdDS2M2MVVpeEh6MFhDZkNVVGxVbDAyd2hOMVU?oc=5,
6a849a6b5dbd7dc25289130f,644442a9cf9e361a6b66f926f17c3be13804725a92c5eabe051cdde3c3b9845c,,2026-08-18T17:46:19.725836+00:00,no_disaster_keyword,thekashmirimages.com,local,Srinagar-Ladakh highway shut for second day; 500 vehicles stranded - thekashmirimages.com,https://news.google.com/rss/articles/CBMiqgFBVV95cUxPWHFZR3ZGbURoUGo1blJMUTItbl9iVXF0d0l2Ry00a19DQ1RCWERCZjRkYXJDZUVCUUM4dHdMRnJlWU5wX1R5Yjd5ZzJyUkM0aXVkQVUxT2QtMmJIaDBuMmJWRGw5cWVERXdxVWtjSFJ0ZF85UlhpaTQtV1psMml3dkhTSFBOYjdfVkhjdXNzTTFPX016SS1RVjVBeHpxRWhTM0gyZlRSek1BQQ?oc=5,
6a849a6b5dbd7dc252891310,9c1b4b35314cc7371dd86ddf52b2d6aaa1a65019c29da01ffef5eb547bbdce74,,2026-08-18T17:46:19.772191+00:00,no_india_location_or_context,Bhaskar English,local,WATCH l Massive avalanche hits resort in J&K's Sonamarg: Several hotels damaged as heavy snowfall continues... - Bhaskar English,https://news.google.com/rss/articles/CBMitgFBVV95cUxQZWhSaXdudWI0TWxoZ2pVMlRhZENjQi16eDRqaDhsa3Z1WGljVXJXWm1nTjY4a1VuOGtuTm1WcDNkaVZXRm5kXzlPeFpRSDdsZmx5SUVvNDE2OVJQVC1nR1Y0OXJIQmZUdUYybGNxY3NnQ3pRRzV1SzJrY01mZmxlYXl6OXhPRWtjRkxjMUVqS0ZlajNVb2lmR2tpdkgzWk5GNFhYdnJpUzl3QXV4ak9YQ19wX0xZZ9IBuwFBVV95cUxQQ1JHZTRpbk1ONzRNVkhXZ0Q4V2hrTVMtRHJoM04yV0RlT3R3TVNVR0VSNmlvZ0U4U3FWa1RkTXRZM25QS0JFYWtycC1OM3JQM3EtY1FfU1ZUZnBxRUNFY29BajF4WDlIUUVuaWVaMC1XN0R6OHN3cmVWbzhVNlIzTExCWThGTGliRnM0OExyLU5ldHlZY21TcC1COFV0RDVCSVowRDdNbEdXUTNuRkEtbjYxWUhFdEl5Tmtn?oc=5,
6a849a6b5dbd7dc252891311,339d6fd458ce7ca1e7b07e27681c1d845dee5c03812ec5c64feb388141f80adc,,2026-08-18T17:46:19.831378+00:00,no_india_location_or_context,Bhaskar English,local,"Avalanche hits Zojila Pass in J&K: Vehicles buried under snow; rescue underway, 2nd incident in 28 days - Bhaskar English",https://news.google.com/rss/articles/CBMi3wFBVV95cUxQLUVnOFBTaE5uLVpjT1daVXRweTVDSVlod2lfeTlhY21PaThTRWh1RjAzVVpqZ1I1ZzhfM3FlcWx3T0VrVFh1LTVUOVB2WmlRMWZhWFZJZGE0SDQtWnRuUWpzMFNOZkZJU2x0MFBmTFVGLTJ1OTZ5WDlhYzdmeUVaQldvWk1ZUHNWZS1EZG5HcWhSRlBxdzM2bXEyQkhkblNPRGVZTUh2bzZwbk1tSXFKb0FMVDU5YUZpYXl6b1ZNVF93VzFmVEtSaGNvWFlMaGV4Tk5wRG1UOFBSaGFCbUpV0gHkAUFVX3lxTE9GMFJRYU53STFOcG1RWWpsS0s3ZFRUWjhEY2pOTjdHMlVXVUZlNEN6Y3JncVdERHpvSURycjhnc3FoNGhoeGkydlNzTWNhZlF1QkhfTUNyQTFNc0djdU1oUVJKZ2VBTTZjeGNUbTZCdlR1aXpzYlN0Z2haalA0d1l3MTRLYXhjeER1Q0pRbS0ybkhBZExJR2lnc2U2RDduaHo5TmUwRk93RXJwbTNUWjB3MUphUHRpZndGbFRVM0RPSzhveDRNTEtRTjBMR2dHNHNweWFHcWd5M1ZoZ0Y0dlBJamsycQ?oc=5,
6a849a6b5dbd7dc252891312,c3da37f743e34b4e1bd34a77f1b283e0e95013fff697efc3ac8bdd3f9f4c9735,,2026-08-18T17:46:19.878749+00:00,no_disaster_keyword,Bhaskar English,local,IMD issues storm alert in 20 MP districts: Rain hits 10 districts in UP; snowfall in Himachal and Uttarakha... - Bhaskar English,https://news.google.com/rss/articles/CBMipwFBVV95cUxONDNtd0kzUU9PX2ZSNmd4OE9tWGMxTE1qUlMxQnk4ZXc1ZFZJN1RHaFdlVWJMVVJQdkpDV1R0NzkxdG4zUHp4ZV9rcm53TjJETjdKSzJBUTh1d1EyNWhXSWRwaXRZUzlCQ0ZfTWE5TzFhRGstUWI3ZnEtY3ZRWExwb3hMS3gtRHo2OTVpdmJJakxScXFQMVFqMVpvcld1WVJZZ2NrQWZRQdIBrAFBVV95cUxPeXAzbHliMjBBaWlpRzVpWTdBWkN1QTRrYTJRcVZhTzlvU1NWcDZLbVpqZEdJUmNDNnZMNXBfenN5WVdTRTRLNm9aREpBSnNzam1PUUNpMFZONDk2Zm5iWEplZ05TZWZMem1RVTdXVTBUNGZnMkx6SkQ1VXFzbFFHSkR6a09QVFlmM3E3bHBUUUNzU2xhUWdhWFBhZFpvQno3MFNLaDVHbEpnb2VL?oc=5,
6a849a6b5dbd7dc252891313,804e93a6cfaccaf9c73841b127651a92368f128a00cbff38994794f5cd4a613b,,2026-08-18T17:46:19.941083+00:00,no_india_location_or_context,National Herald,local,"Bhiwandi building collapse toll now 10, structure declared unsafe in 2020 - National Herald",https://news.google.com/rss/articles/CBMiuAFBVV95cUxNbHlNdFVBNkpRczZneWVmdUR5V1ZfVFpZUTF1SlAyaVRvX2lUbHEzVXR5cWhxZExFR1RodFJaNjRZdnFaVmlBb2FCaEJUdktKTnhzQ19pYTByQ2xtOV8yTnNpVlNVZ3hxZ214SENmcDN5LTNQTmFHRXQyY29sMjVxLWJ4b244X3FOMk5nRG9zalBqRWswLXJCeVVIcnREYmF6SUVQOGRVNnFEdDJ3NXBOYURBc2ItUGdz0gHGAUFVX3lxTE5Hc0hQbjZWamJqSENOcW5WcXJQM2lYMFUtYjdka0g5aXotazZqZmVMaFItUmVFZEhScXpiNGs2UUZZcXdlczdjYktDLVVmZnRZdUd4MDk3VzdSRTZiRFpBcGc4UVRfOTBjTUJQSVRveDR3SzJTQS1GRHZWRDB0dUpDZ3F0a1pEN3hBVVZNdzJCSzF4Tm4zaUhvbktrLUoxck1qaGdWenFYdHJobTNCVU9iRDdIQ1hSbl9jcld0QmJxU2FpTl9BZw?oc=5,
6a849a6b5dbd7dc252891314,6776bd917f79a6a7a1ccfd63d3faac0f9108f846cce72ce446e875946c98ce39,,2026-08-18T17:46:19.983518+00:00,no_india_location_or_context,National Herald,local,"Bhiwandi building collapse: Death toll rises to 9, rescue operations continue - National Herald",https://news.google.com/rss/articles/CBMiyAFBVV95cUxQaGdUN2Zud2ktYjA4NGpVaks3Z2diVkQtRFloSkFFUUFsLUluNDBBMFhPejZuWjVxeDJGbElfNUZDMm1DNzdmLTE5ZGNDQy15NEp0Z0N2Mnk3dktOVW5hZTd6dHBtRTZrWWtRVFA4UFc0cEdmVWpKbDkwazl6REotUThVZUstdTVRSmFWMGhLRENaWjN2azRZd0hoS3IwaWxDRElzLXRId3pRUS1ELXlBY1U5UWdqMGdmN2pyOWZyaWU3UHBXVjA3X9IB1gFBVV95cUxNOXNvRkVNNm9aMWppWHhhRUhRV3pwemFfQUp0a2p0X2VobUppTFFxNkxoZVNFQjc5LUg1T2YtcFc5ZHQ1U3NVYkFlbmtkWHZBMjRQLXlmbzdOd0VxMlJnRVZuWmdERFE5YVR4VEN3UlVQekVEakpuUlNSUXdQSi1RRTNpa2RfYzU3LTJpM3kyMkVHcXB5NG9HOWEzMUlhV0V6RmI5ZXg5cVBtYzRJaHdvcW1MY2hVYlMzQ2hfRERYQVJTVEo1cUctMFlGV001c2hiU1ZRUHhn?oc=5,
6a849a6b5dbd7dc252891315,8f9a6a12aefd8d065a2ed4c385193983d2db9377314317e56f6843d6899f3d1e,,2026-08-18T17:46:20.034940+00:00,no_india_location_or_context,livemint.com,local,"Bhiwandi building collapse: Nine dead, official says building was old, declared ‘structurally unsafe’ | Top updates - livemint.com",https://news.google.com/rss/articles/CBMi9wFBVV95cUxPaFRXSjAwdUlsbGZ5bUxsOHFkX2V4VVVJbFc0cTdnX3RwdmpFOF80V01ZVzdOdU1LZEhfdnNNaFdCQXlqMDZjZ3RYanV1dlQ2UmlRdTVOb2FOV1BCMkJ4R1FsSDFrd0lUUmVpWWlDUUFkTnViRXFzS2gzajA1ZERGV2MxV19GeHZ0Yk1wUGdrbXUwTUpybTczajhBbTFYNWJUb3dMcnNQRlUxNkt3bTJNLUhKbzd3d3dlancxakY1dGxTN3BOUEpVNG9rRW1lSnZvLWxTT0xnaEdYMEVURS1ueWJvdUtYclk2cU5mcHgwYW8waUhRWHlV0gH8AUFVX3lxTE43ZDFHUVNyUHZ1LTZHUEVPNmI3cld4V1ZERXk5MjNxZndOc2k3UmVfaFBrRHNVUUxCRDBVd3hEWWNJZ0UxS0ZMY0JaOUhiOGI3N0h1LWRWUGN2cUZNM1RZaTQ4dXpMa04taFdSSm5ZaHNwYThfdGYxdG8tS3h1VlFxR1gzMmhtZ2FjcWpHbWZkaEhqMzFmTWl3RHdvS1pvNnZiS2gxbndxRDlxMEt2WkljalZkTjYtYmlGemJkdzJQcHg0VVp4eWJlbUtzdTY4V3hZRmRZUFR4REtHanpJdHpNU0pjMkkyZV9HeWlUWkNHR1VjN2E1Tlh0Mmg4TQ?oc=5,
6a849a6b5dbd7dc252891316,b1aee9266064c8217d82b20401d38bfc2e46baa2521fdf3449fe4c56012d7623,,2026-08-18T17:46:20.082929+00:00,no_india_location_or_context,The Federal,local,"Toxic gas leak from chemical unit triggers evacuation of over 2,600 people in Palghar - The Federal",https://news.google.com/rss/articles/CBMi4AFBVV95cUxOWVctdno5Sjlxa2RsRmFrM0JDSk9qWUJ5cnczcG9oeENORXlETzRNU2FkdHEtRXhZSUloWkJFRUxNWWxrYzcwYnBidjVRUlZYWnJhS3VuX3ViSm13ZTJ0a1NvSjlOX1ctLUllVFdRQUNGUTZOZmxYa3ZzNmtqRkNrdzd5Zl9vSjR3bncwWjNQTi10RlZSZlhoajNXOHZUd1AtLXI3UTR1Z09jeGF5aXVFdmRJN2dxd296b3o3SDBFMVhuVUZZQzY5UDBySExkZkxBTkV4ZWRfa29BWFdsNEpIaw?oc=5,
6a849a6c5dbd7dc252891317,eb3d6a92717174c4fc6e55b8155fc0391cf00662b687ea9a5b301dfb6ff0da20,,2026-08-18T17:46:20.122147+00:00,no_disaster_keyword,Outlook India,local,Ammonia Leak: Committee To Inspect Hazardous Industries In Tamil Nadu - Outlook India,https://news.google.com/rss/articles/CBMiqgFBVV95cUxQSTVQbVUtVzNWQVl1TENPVnE3YTRjakNVdTliMV9JblAyZ2dFeEdLb211d21CRktESWVHbm1KS2tpTmFNOHJJZFRfQXgyQlVVcG50WnNMVm9tQmxnQTBYQl9KZGFCTlJuRG9YbTBKTjVQRnlwcG1HR3RVclZYZ3BBZi0tTFBCemtaeDNmWGt5dnRfcU10R0tQanNiZ1VOVEJkYkdQdW93TExKQdIBtwFBVV95cUxQbXhVdmN1NjhfWGdkdHN1WXJrOElIUllQdHZmMVZqZm1YYmpucGhvRWFwQk9oZ2dURFo2ekN2NzJzUXVBVnFldWpVMVNVTmZmejE3QUFFQVJWbDcwZ3kydzA2SThEcFRVd2dqcGZab2M1S1RHaWxjbGFYTVQ1S1dlOV9JLVVvSzhFdk55V2FQWVlzVHAxTTFNY2JjTWNtdXdQRXZYdEktWTRRbUFsc25TVHdzeEhCT00?oc=5,
6a849a6c5dbd7dc252891318,8bba1daf675b570aeca8b6d7092d08ba90dbf6512b4b5fbd5edfc1498dc2cd61,,2026-08-18T17:46:20.158991+00:00,no_disaster_keyword,WION,local,California Toxic Chemical Tank Leak: Officials Say Chemical Blast Threat Eliminated - WION,https://news.google.com/rss/articles/CBMixgFBVV95cUxPeHIwUVoxWXVQZUVyVUE1clNDQktBbGNzSzVBQV9Gc3g4STlDMFFnZ3RST1lTNk9rVjJPUDRPckJVNVlHWTJlbmh6STJpbEVnb3dGMUNXcE5fbmpUWGk4R3NhdlRxMW85anU3aElqZHNBVTZDZmotNkpKQVJCV3Q5SXAzRHg5TG0tbTBPa0tjM1MzdkJiM1A0ZER1NGRrcmRBR3RUVTNZUUwtUzFjeDFRZzNvcmx4MUhPNWNkNzkwLURQTjY5ZUHSAcsBQVVfeXFMTzFZbFhTT19BTVZORHo1RGpPci1sVm5QQTZkbFN4Y1dYQ1llRUxsd1RBWExaRDhHcjh6d0ZpbmNYLUtxdDZEa21aV1kxWlJjdmV2cTkyZ1RJTkZ4ZWpPUWsxZ0FtRVhldl96VE5MNUlnWVpPX0Fwd3pVN0Z4a3ZUQmtrODFkTFU0UGpKS1RFNGxNc1pSYlZmZjk4NGRmTkxaMVhwaXVxb1lOMUFqMDd4dnREc3liQmIzMldST1VmdVZzSXMtelZSbTV0WjQ?oc=5,
6a849a6c5dbd7dc252891319,d583c5f3c2a635844fd63191432e14f855427d13bd79ef9152760be80155bbd5,,2026-08-18T17:46:20.198165+00:00,no_disaster_keyword,Outlook India,local,Indian Scientists Develop Portable Sensor To Detect Toxic Ammonia Leaks Before They Turn Deadly - Outlook India,https://news.google.com/rss/articles/CBMi3gFBVV95cUxPQ2g4UFZJdkMxZGlhcGRnanZSU3JmOHI0WXRQXzQtTGJoLWhhMUtSb2FZTHRqRmVLOXhTTDhrMHp2Vk03YndEc19JY1oxTUdYeEN0dnh5dXM5MHc0OGVIOHZscS1UTjhpMUROaDViRjI3UHhqR2dCWVgyQUtseUEwcThhTFo0akJHTXlYell0cXMzYm9sY1liZngzaHBQVjNPQUlxRmtaV1VhX2dEd2NyYngzWXlyd0dpVFFVUE9WOFZmS3Z3bVRqRWktajBXVDYwQ2F3QmtHd1lYRjhENFE?oc=5,
6a849a6c5dbd7dc25289131a,b82ee3041eddd1d25bfb973e48ff5b9d775d89972c926de1e8e6c5f1e86bd31f,,2026-08-18T17:46:20.232906+00:00,metaphor_or_non_disaster_topic,NDTV,local,"NEET Paper Leak Accused ""M Sir"" Bought 8-Acre Plot To Open School, College - NDTV",https://news.google.com/rss/articles/CBMiqgFBVV95cUxNbUlTbkRvU0JyRU11YzZDZjJCMGFrUTJGRXRZZ1F5T3ppdWR4NjVuNVVyMU1pR2tGYlptdkhJeXNVNzI4TTlMSlVvZDNaSGFzT1FKS0FwbXBlYkI5NVozakRMaEJsRFpsNjU2aTFyam9GT0FfLWNwWlJrTDg0NlZEdnVFSjJJUHd5NDV5T0pqS2lZRE9qYWJaMDdwU1Fxem9LNHBGM3N0SWpud9IBsgFBVV95cUxPVklsa3RIU2xpSjBfR3ctdFRndGJCRkRVR1RYSWNneUZTbUxiOHBrNnplcXZxTXdCMkZQOU9xTmZEV3R6TXNDUktqNmZXZnN5U2pILVFfQTlHeVpzZlFNLWpLNlBZeFcwRkx0dnNtWnlnSXJxako5azlDSksxQ0Q0dklxdUlPdGtfVGJJNjRFNGlOQmFHa1hLZW84OV93YXR1LThfWU5oRjJwWGEybHdqajFB?oc=5,
6a849a6c5dbd7dc25289131b,72203855bbe4731dd809c6d66526d63c74644662bef57ee82bae5530acd5d611,,2026-08-18T17:46:20.284031+00:00,metaphor_or_non_disaster_topic,NDTV,local,How A Hostel Owner In Rajasthan's Sikar Helped Unravel NEET Paper Leak - NDTV,https://news.google.com/rss/articles/CBMirwFBVV95cUxPcE9RMDBlMmFrN1VtTDlfT1ZhcE5uajNfeEV3RDVtSWN5V00zSGkxel9ZRWVpQWhiTTNraDJ0TzFHb2tESmo5TFd1MHlOY2hQY0JXamxidVNCZnlPZ1pWc2hWcElsQUJoT25qTmZrUUx2U1djUC1OdVYzLTF1VWh3d1Y3c0xGdVpZUlhZNTliNnp3R1ZCRzktYkRBazEwLWxJLVhWNkVjODI4Ui1laGhF0gG3AUFVX3lxTFBLQkNXZl90YjEzWEgwdV9VY29BRDBPcGo0WWRNcHIwREFnM0FoNzJxQnlwTmI1LXR1ZkdoazRpanFtWTlhT0I4SnhraXpUd3RJUVB2NW5XQ1daTnNBWXNDcEcyR1o1bTB3VDN2UmVVU3RZUDI0Y0x0RmlDdmtmR1p4aEpfa3RYVzZmZDA5YjB1OXNNY3l6X1VyVG9faWtTdEhvWDV0Z2Mwa3E5TzJhYXRfVlMzSFJFTQ?oc=5,
6a849a6c5dbd7dc25289131c,b3513500b54c99f0b7bae6c5fdd72fa55e8bca47bab84f24f33fe66e24acce12,,2026-08-18T17:46:20.335231+00:00,no_india_location_or_context,Gulf News,local,"Chemical leak at a West Virginia plant kills 2 people, sends 30 others to hospitals: Report - Gulf News",https://news.google.com/rss/articles/CBMi0wFBVV95cUxOWS1LMC14WmxuR3hUVW5DSUtTNHp3aDd6RklMam5IRGVNOFdRVnBZZ3RVWVNCSjdnS2tLLVNiYzRzb05qbVBUV0lVVk56MzlyR0JhaVh3M2tfVlFQaVd0QXlMclY2c3VucV92SVRiXzdLYzVVdTlvall6Q3VrLTNWVVg4M2R1WFBVSzZ2M3FiM2hCb3NrZnhDQWNDMzZZTkpmWDllaXp4eDRHMkR6dzJiZlBmSXh6MlQ1Sm5jZ00xU2tlTkEzcjh0X2NRSTktRVVnU2ZV0gHmAUFVX3lxTE9xSlBfLVU1cmNGOXlnNll2Zm4tYjVrQmNMYTBnS1FsdFY3VEh4LUk0ZFVOVTI5anFvZVJ2dVhFUkpnaGl0SXZabHZzS1NVQVVUZnhSUEFXMmpzZmQtQjY2Qjd2SndiZy1CYUhCWFZ3bGtneEpxODBSMlNQSS1ocjZlLWE3cC1rQnA5dWlKdVhhVmlTcmU5Wko4U0tiTkgzT3pjV2ZjWEFFbk9SNVpRR0cwbnRONXVWc0ozQ1BZeE1XNTE0dlBXVWRKRGtfNGlNbXhmS1N6enN6ZXpzRE5hQWVHM2d6bnVR?oc=5,
6a849a6c5dbd7dc25289131d,9b52bb9a11de5635446aabbf442f0f7bde3b8e628f51359ed4c91d25aa3c5d27,,2026-08-18T17:46:20.374905+00:00,no_india_location_or_context,scanx.trade,local,Aarti Pharmalabs Reports Chemical Leak at Tarapur Unit Under SEBI Regulation 30 - scanx.trade,https://news.google.com/rss/articles/CBMi5gFBVV95cUxQODFjejg4enZPb1RqWTh1R0ZGT1plLXhIWG5xSU9DT2xoam1ITFhTM0l6cGhBUmNidGJKRzFqdWo3T0hwaVloNG1KaEVvUWJRb3V0UUx3Z0dHeEVrUTZ4Q19nbFkyU3NnNjc5eGp4aUJFTkd2TktQS0tIaXY3czlaSUNPbWJnQW1KbVBsM2NSWGdkU3R5elRUN3ZuVi1aNUxVV0xRc2stTm9VR1lUUHpmU1N2X1ZDQ2liLVJKbDFaVU0xUVM5V3pzUVo1aG1tb2NiS1dZM2Zmbm1mMnFJNEZuSXFQbUhWdw?oc=5,
6a849a6c5dbd7dc25289131e,ad295662da342121e881b5f2568468bb20811ed64827b5ac95f68c05a1585954,,2026-08-18T17:46:20.414029+00:00,metaphor_or_non_disaster_topic,Outlook India,local,The Insider: How A Pune-Based Chemistry Lecturer Allegedly Became The Source Of The NEET Paper Leak - Outlook India,https://news.google.com/rss/articles/CBMi0gFBVV95cUxPUDRfMy1EMWE2V0FYNXdMdW44LUlZdllEMWFxY0J3cjJmUXg2WVRwMkdpU1hkYi1HNnJfelNKTGY4S1J6Nm5tWjF2angyWlN6YTktcHNDLVNBT3N5REw2Q1lrUHAza0kta2cxNW5MNWN2R245V0JKeGdqT1ZzVlNIRVJxQkZzaHY4R0tzRm1Ma3Jqc1RrM1lOaHRRZXRtLThQc1FNX1pGcWNvdGx0UWJVUlI4eUlwRjdsUDAzSGdpYlZkZzFaZGdZZnFIbTBIVU9YS3fSAd8BQVVfeXFMTmVidnN6MjI0MUJDRWQ2S0twYXZwVnBzektZS0VRazlIZVRkdGQ0RG9SUjZRcW5qMXFQN3RvUGVDeEJDdlBvWG5WTllObGJIY3ZOWm1LV1JCOFB6TmhoeGdjajdDcDVqMTFZV3lVNThoQVNZYU5oMXB0Rm9yUTd2NXA1SmZTakR5LS1hak5BX05HM3FFdU44LUxZRUEzU1pfTGs1bmxzVlZrazM1enFOX1RrNF9FS3NMM0R6S25uSXZhaUVRSTlzLWtEMm9nbUVpVmY0U1NLV2R1d3d4aElzYw?oc=5,
6a849a6c5dbd7dc25289131f,378fc5e8e76c4ed5e25fce6d4f845fa917ae8910dc1b4ea7080163fcaa7c4208,,2026-08-18T17:46:20.457621+00:00,no_disaster_keyword,Outlook India,local,NEET UG 2026 Leak: 100% Match of Chemistry Questions Led NTA to Suspected Insider Network - Outlook India,https://news.google.com/rss/articles/CBMiwwFBVV95cUxNbGNPUzhYRW5nN29FdTh4Y0dEV1p3V3JKTlZqMjlXdWx6c1RPV0hrbkNlcnQtR1g4U2JaQlhZZk1jWnMtZEhxMW5sZnUyaDg2QVhsamdCSHJrMUpCR0RxQm8yTlpjSUdnVnpkUTVFNkxnYy1FZ1Y1V3lheXBuaHBhRGdyMTBHZFN6UnFldXVtV2FQNkoxM2lxWDNVVzhmWHRUaGF1MTdIT2RySm9HRl8xOUpnWFBhUmdFNDc5a1E3a2hUb2PSAdABQVVfeXFMTjZUQmZOREVfVXE5aWU1Rjduc2lmWHp5N25LQlBEUEVSSUdNX3BSTzU5bXdNXzNfQk5mNy1lVnZXUkhWdEVtVURmNm1aMDNsTVl5VTJYTDc2RjluMGtRbWhVZFZOaDFic1hXZjc0WHljb05DZGNuY1dmTXhsLUhWTUM5NENkVWZBNlc2NjJpMkFUVXR4Q2NENWVQTFVUNXpSWEw1aVNUNXNNeUNicVpvZS1ucUVIVEhRblVra0RCeDh5NjNpMXduNWxmV2laNHhuOA?oc=5,
6a849a6c5dbd7dc252891320,47e657987fc4a5c38f12900f602d676090ac4cc4a1a65bc2a02a9de9df923577,,2026-08-18T17:46:20.519407+00:00,metaphor_or_non_disaster_topic,The Times of India,local,Maharashtra: Suspected Class 12 Chemistry paper leak being investigated by Nagpur cops - The Times of India,https://news.google.com/rss/articles/CBMi9AFBVV95cUxQUmNUUE52Tlc3RjFqSC1FdVJfZVcydjVER0hiN3ZKWjRtZTVNSHQ1SFJ0X01YS2NjN3pPZkU0YVRlM3ZGN0ZBVDJ4Sk45S1g3T3JEQW5EZUo2cTU5cnZIZnozS004Mk5LcVc3Y0VZVHg5ZC1tcWZZX0s3VEpaak90YmVMaVdUSE1OenVkNmhaRDNON1Z5RzJiNExMVzJyMkt2UEdzTWNNd2JPY2xCWG9CR01yQnprWmVLdWNtMWdiclNheXZNY05Ia1NDYVQ3TmhoSmFNeFpMODYtRlVoa2taeTlzMmZibDJobV9lRkN0Q0pTMl9m0gH6AUFVX3lxTE5TXzlJTlJaWUFwMl9STmFxYktaZFkzVXhaUHVSQm9lOFVwTjI1YWtWeVNBX3h2YUtkTlFWWHhJSVpvcExDVVZaQWpxd1NpUGoxckhJV0FPSkx4NXRZTUZQWlR5UkowT1doVnUzb1ZIUktIZ2hvbnRKVDQ0dVk3V2gwQ1NoZGl0Zk16Um51dGMwUldIYnkwUFhSVF8wbVdERmwxNDBXMkdzbUZQelYwWUdYaGxsbkZOOUVwOFMzbTFkY25RYmZueWt0WEFfUkRsVnF4bnlQODJZcTV3bklFQWFpVlFXcmtwdnhOWVNTVHFiT1k1TEl0Z3VrNUE?oc=5,
6a849a6c5dbd7dc252891321,71498d89f364d470d869b3516821b03f69f1fa3f8855e049d393bd1f6a24148b,,2026-08-18T17:46:20.584078+00:00,metaphor_or_non_disaster_topic,The Times of India,local,"Maharashtra class 12 chemistry paper circulated on social media before exam, leak suspected - The Times of India",https://news.google.com/rss/articles/CBMi9wFBVV95cUxOS3RJWXlNNGRTd1hPVmJzTzdacjNiTWlNclZlSFNiTDdDb2VTZGlCQlVBa05pUmg1NmNGaEplQnMtb1NDS1RDU0kweW1pTHl1dEFiQTcza21UalZ6NlQzdldSQXdRa2F2OUFJZHFxX0txa0tTU3N6WnpSdk11c2Y2dktCeTFCTUpGZDJ6dHZzcmlMODM0b29aeDAyR3UyWFE3MnE2QVlNUHB0Si1tNG9yVnp2aGFWMkdEZi1Jd1BIVEh4c3hWcWFZYmY0VXNHcjViVkNESDNrSHU0ZEV4clgyem0yOWdpYklXU1UxbjJjWWMxdjRwMnJV0gH8AUFVX3lxTFBLVHpseU9panNkY3RmaXFpNHNka1R6V2FiLWxQOWFQeEJ6M0luNXQwTHhMNE5fZ29paTBBR2tBb25oM0ZscktWQ0Nuc2RHblJ0MkFTdUw5UXdjNHkwVzZrZDh3dnJ5V0RiLXFhdU1FYXZwNVZQSndxTWdGQmNna0x3RzJMbm5qUEIyZmcyMDV5djNsaktwa1lBMU9IcGhqU091eGZxbVIzNEd2WTZzcDRFWlZJZ3g0N3FWX1puYVpCRXl0U3RtQjQtVzVZQkNOcmE2ZnJiaFpUZ0JHVTBldHl0dEtyRXVMcE1ZRC1nWkhjM2t5TjgxZTNXX3Rtbw?oc=5,
6a849a6c5dbd7dc252891322,f582fea3dbbaace0ad6c83eaa24a874fde2cfd49200c6b6f172672c6a3f759b9,,2026-08-18T17:46:20.629857+00:00,no_disaster_keyword,The Indian Express,local,Two held in Nagpur after HSC Chemistry paper surfaces on WhatsApp before exam - The Indian Express,https://news.google.com/rss/articles/CBMipgFBVV95cUxQbDdETHdOeFotQXpGeGlrUndQVGFyTVFmMEpiT0I3MWptXzl6dmRXU1pEX0tVZ3lhRF9DVXlLU0FrR1B1Yld0OHBvcklZTGVub3VRME9TTUJqM3VxcUx3VXFoQm1kdlAza3pwX21SYkQ1ZFJsNmlpRENUc3ZzU3NISVRNRGJCY1ZSTzZGdXJPUHJBa2NQaktJbGhGVzJxSGlJdU4xNmRB0gGsAUFVX3lxTFBKeWFjbVZFWlNmcTBWdmNGVWRkTFpMNE9ZdFVqMV91UDFCRnBkOS1kbGRDZktaRzFBcXc2T0RFbHBiWGNMYWIzUzBwWVJhVkFaamo0d2xtOUpIcHpDLVlLREdVMTZuTk5BSWw4bmxOc0I5WDhUSWtMSy1uaU9yUXZrU3NpRE9zTjBkanVSbGdaMFV5aHdLc1U1VXNMdkVaRElCTDZZSzJta3M5RzE?oc=5,
6a849a6c5dbd7dc252891323,b4c874e2e1846c84c3c321831bff1cd74925711a5423d51e8b6f3c4f4d66a69c,,2026-08-18T17:46:20.674903+00:00,metaphor_or_non_disaster_topic,India Today,local,"No re-test for Maharashtra HSC Chemistry exam, Board denies paper leak - India Today",https://news.google.com/rss/articles/CBMivgFBVV95cUxQNkxtaWNHWnZGZnc4blQwWkRuTm1LcHdSci1DcTNEbmJLd3c5Y1N4Nkdra2dScVdtTktEWkp6Q1ozX3FYZjd3SW9JSVJOdlNYU3hWS19mZmRjMWNkdVN3eEdVaG1uLS1xeW1xd1pPaDNGS1EwOXpBOTdtQjZ0Wk9mMi00dGhaQ0RyMnVuTWFDb2k5SDRONHZnV1ZYVTgwNkZXQ0hwNUdoeHBZX29OUXZER3hKa2JhdHY2MDJLeHl3?oc=5,
6a849a6c5dbd7dc252891324,02e956d4d2385dff473cb98718679e1c0a44a3a418950da1bee0b6c93060c7d7,,2026-08-18T17:46:20.711919+00:00,no_disaster_keyword,The Times of India,local,West Bengal: Bomb attack near RG Kar victim’s home - The Times of India,https://news.google.com/rss/articles/CBMitwFBVV95cUxNWEF0MDE5UEhlRWFDb3p2MkhYakZhNWxrdmNxWWhsQnJ4UGFyZFJULVZtQ202M0JkZTd1U1A1a3RMZkg2aXV2U2Myc05ZWjlLc0FDdTVZdkFhTWZBWGY0ak5uMVZBcEQ4aUtkanhVakE1V0d6TmtpWkwtRTI3bDQ0U0QwR29UeU4wLVVzLWh1VXlvNkoxcW5UYWNKNU9NSjBuRXFjdE5seVFBMXBZYklxUVRKNnQ4aWfSAbwBQVVfeXFMT1QtX2FVNHF2SmJONjVkNnZuSmd3clVoVkg4N01pU1ZHekxRaUFfV0IyYUIyVll5NWZHSHQ2Y08xWmpWYndZcjI4dHJXZ01TTmdWU0s3ekNFeDVnTlNvYS05ZVZ0UG9BTWMzVFBmYUs4Yi1oZ21wZ0dLajZ2blBWYzJTS2tTcXQyTmdXU0tEenBCQ0xRcmFvWnVOMHllS3VIeVdEWDF1ZkZTd1FoUGFKN3k0a2pfTmE2MDNVMDE?oc=5,
6a849a6c5dbd7dc252891325,9caea92b119905b7183090a480c3a71fc6d301600c4a96e84d73f77909aa1ceb,,2026-08-18T17:46:20.760750+00:00,no_disaster_keyword,GujaratSamachar English,local,"Bus plunges into deep gorge in Himachal’s Mandi, one dead - GujaratSamachar English",https://news.google.com/rss/articles/CBMiuAFBVV95cUxQT2EtenpzbEQwVEdhV25HRHd3YWFDYjA4WVp2M3hDUXVUMURPdm4tMm8tTDE1Wk44ejNDdndvTnlJXzZpc3hZbUx3WlI3SEFyUzhWeWRpM1FBanVBMUpsbFQ0aURuRjlWQ3d4aDRnTm9ZMkJ5OW02QkJ6Y2kwYzhIWGtUQmJPSXprR19JR2VxY05SSThTTUNlMWpsX29uM2VfS0dXOUhMYXVoQW9TVF92VkItd2FfRDEy?oc=5,
6a849a6c5dbd7dc252891326,e28b5584abc0865af88fd271dff8574a24097dc01332b7fbd78b34c81b09a3b2,,2026-08-18T17:46:20.828751+00:00,low_quality_score_2.5,Vajiram & Ravi,quality,"Urban Flooding in India 2026, Data, Cities, Causes, Impacts, Measures - Vajiram & Ravi",https://news.google.com/rss/articles/CBMidkFVX3lxTE91R24tMVNONFppeUg3c3VZU3J2Qk9VaXhJLVZmV1o5WXBRZEtYVnY2dTc3X3JUbDlGNnUwSERmclJySjYteGoyc3pNLUxnYTFESzNmSmFjc19GTlpNODJYQnptVjItYmJEbTczVkNWS2xjLXJ4bVE?oc=5,2.5
6a849a6c5dbd7dc252891327,c405af31dca81de9136aecce5b65c3a78d78bed45390bf4e8e1cb30c2a0b4b0c,,2026-08-18T17:46:20.875974+00:00,low_quality_score_5.5,The Indian Express,quality,"Salman Khan launches Assam flood relief drive, Alia Bhatt urges India to support victims - The Indian Express",https://news.google.com/rss/articles/CBMi6wFBVV95cUxQejdEQTZnS3lJMlBHV29MT2hVWG9VY2xMak1YdUxEbHhuMUdKX21WeFFkLV8zS2tUeUJWbml4MlVVd3lBQnZtTWFPVWlMRkk3MmRGOHY3MUJ2RTJDZm5Sai1FU1lqaVo4ejFSak4zR2xtNmJaV1UtbTZOY3NQM0ZUWlZQc193cUVLQUpqaXhzMHc0LTVaU3d1bzZmNUxMMzZrVjhOYWZDWXJuQXNMUkZteGlTQkMxeUZpLTZqNm5odWNDZHcwMHphOG9ybURXcGY1WlZsQ2lxbzhmOVl3bGV0OUlKbGtfU2Q1bEJF0gHyAUFVX3lxTE1EdjhhR01WMkhiM3gyaFp4Sk9WREJ1SDJaYlMyV2ZKcFluczhXak1fOUpnNFJ1OXlqT3dKVXRhWVhteWpPUGxTd3JLUHY1LXNYdWtEWFFHb0lYX2NTZlR1RUk0ZDJ1cUhMamJDOTdEVmk5cC04YmNpOWg4Wk01VkQwTGtEeUNrMkZ4N2dyclk3RXkzVGFCRlpPbGh1ZjZuRFRPRi1nUWFJU3FBM2s5NDRCX2FNTGxSbUpWUnRReUMzaTQ4YmZvbGhyT1JVVlJLLWRsbW1qNHFyYl9fT2NlUFVlVUh1NnlOVU9NN251OV8yd0V3?oc=5,5.5
6a849a6c5dbd7dc252891328,49811cb7b2992dc7971efcdfbe7a855bfc22129af0812f4d3d547a048656d2ee,,2026-08-18T17:46:21.042378+00:00,low_quality_score_4.5,Greater Kashmir,quality,Cloudburst triggers surge in Kulgam streams - Greater Kashmir,https://news.google.com/rss/articles/CBMilgFBVV95cUxNMUVZSk92czBxNG9CTlRpMGZCa2tmemRGdEw3NGhGdC1IcU0teGRLX2ZUSS0tSkxBNWpsLTg2WUtxZHFzZlRsdGRWdkhqU2I5WW5pY1NoV3BhTlpCNkZMQXVMSldoMjMxTEFaZG5QUDlvOFV3ZWFoSDFBRkNSbmo0c3FIUmlLeTdZeGVnZlo5b09rNXNDUGc?oc=5,4.5
6a849a6c5dbd7dc252891329,06161d8d79ce096ae2f85fdbd9c58c9dd464f71966a10efb5f39865f4501ce05,,2026-08-18T17:46:21.102898+00:00,low_quality_score_4.5,News18,quality,Avalanche Strikes Kanchan Ganga Near Badrinath Shrine In Uttarakhand | Video - News18,https://news.google.com/rss/articles/CBMivwFBVV95cUxPOU8zb3AxVzZ1ak94Y214WW9OWkczTGJUWHNWRUNKOVV0Qk1LSklZdkFyYm84REJpcjA1NHM4bVFMMC0yUlZwTF9FM2dmd2JFbWozRmJMUVNMM19iLVlnbWtmbGxLWHprbTZlZUR6NWRfb0xHLWc0enBNc0RfMXhQcWtDVFl0YUd6YldSZzFUWDlrOHk4Q3JlWWlmempXejRYUGJCSmpKTnE0UVoySmd3VHBLZlk2NHloUWNjMGtWc9IBxAFBVV95cUxQMnpodHNBV3Z1azQzSnJ5N3d6MnNkMjNSVlRYQ0wtb0k1dmV0Y2xJMm1ISnhmTEFLWjJzTUZ4bE5HWW1xeUl0eUZfVFJuY3RSUTNHN3dSakEySldSbWxEeEE1dWY4X3FQNUk5SEN4aVJqUFd6cjhKcnVGUTJuYjE0QXhlQWtvcjlZSzJoazhYYmZHMm1LV0h4d2QwSlVEeURXQ1lRVUVxbkhtTTd4SDgtejJTREx3XzdxZUlrT3JXWGZPUlpL?oc=5,4.5
6a849a6d5dbd7dc25289132a,584a1eb5c6a5d1d8c7b81ec1c34dc3388c7d4deac680d86ef899cdf4a626699f,,2026-08-18T17:46:21.167077+00:00,forecast_without_ground_impact,ETV Bharat,quality,"Heavy Snowfall, Rain Disrupt Life In Uttarakhand; Avalanche Alert Issued in Five Districts - ETV Bharat",https://news.google.com/rss/articles/CBMiygFBVV95cUxNQ3dDZkVoQTEybUZ0Y2hxYlN2WHVxUzgzczlQUnhtcWRvQWJpd1hrbFFiekJwVW9fYmtGdjlMeDIxcVZPLWtYcDRRb1dseC1YUW1LRjlpY1FSSEVPbHhETXJDT1U2VEVMTzdyRE55MUM5ZEZUNE8wSEdJelZvdzNhakQ4YTc1d3llZ0M1Z25hNjNaQmlXdi1Ibm96OVdFa1BqUWpjdXY2RTc5N2NSZkpoR3ZSekJLME91dVF5R01MOXZSODlxbnY2djZB0gHPAUFVX3lxTE9PSUx5VkFKci1xUERyTHdqRW9BRUZHc1ZSeTN6Yzh0dHhBUlZLZUxyWmNSM0l5eTBtSHh6V09hNHpwMEhqcW8wMjRJY1ZTOGI2N01hd2lkLU0zN195V2Q5ZUNTMWlYOXBpWl9tbjVVS3p6QTRMcVBoUlVjbnFLR3V0NkpyLWJYMDNORVNWODE3akhnSmY4OHg4aU9GRnhIdHBhbDlaVFczNDktbTVoclhuUXhhVUh6bFdGUXYwbGJnOVRXRjE3NHNWZU1HcFcwaw?oc=5,0
6a849a6d5dbd7dc25289132b,02747cf8a16fe2e9af05a55f7e1a9dcee3ccbf99ad4c3a84b4676f600cfefe81,,2026-08-18T17:46:21.247680+00:00,low_quality_score_3.5,WION,quality,"Rain, snow and strong winds lash Uttarakhand, IMD issues avalanche and thunderstorm warnings - WION",https://news.google.com/rss/articles/CBMi1gFBVV95cUxPZERpQW02VF9EYW1HX1cxR0JQMkpJeW9xWUFrVTBoQmtxSnp4NFZySVlqdEd4andLelZhdXNQUVQ4RGxXcVZfUmt2Ti1xWVJiQ2pYWnZEdkE0REhDTUxxWENScnhwcU5HSWNnQnh6XzlmTDRnNVJfY0xzRGVYY2xpU2h0ZWg0VHAwclo1NHBUUmlJbWhRVzI3Z2h5V2d0M001OUJrTnRGTVVLbFhCWjN4Q1UzSkI3OVFoYUE3SHdIN0o5NkxhOVd1TUFVakoyejJoWXhxTG9B0gHbAUFVX3lxTE43UzF3RU9rZzNPZ3dfeFVvTGo0ams2OVk5WEFoZ0M3X3FNd0UtUS1KdF9FNURtbF80ejJCaVNrck42MWFrTVRMc3F0bEFJZ2pMN2RUZmVtR3JpeWd6S2JRVXpKdm5LeWtiS2FfZzdDXzBEVkFxSWR0RFZDX2t6T1VnRnhDUFBTdXh2Qm1BSXVvem9Gdkc1b1NNQkdsQlcyOURhZjliS25PWnR5SDBuVTl1SVV2Vy0yOTdBUjYyWUZGUTRaM2JtRy1nd1FYNlRnNE5fVVVERUxhb0h1MA?oc=5,3.5
6a849a6d5dbd7dc25289132c,8479f4298ee5cd5487b9249b6777e337c19c7a0abf119e89456c2a61bc8bedcf,,2026-08-18T17:46:21.336776+00:00,low_quality_score_5.5,business-standard.com,quality,"Blaze in west Delhi's Kirti Nagar factory, 20 fire tenders rushed - business-standard.com",https://news.google.com/rss/articles/CBMiyAFBVV95cUxOSEhTZTZaT2hzUUV2Zko0ajR1aTExRkoyUTgxVHFtVzRRVENleHlpTlRTNlRmY1FZVVNhLTRJVHllS2hUd1ZhRlV5N0RpR24xRGJaZXpSVHJHS1lxTERRLTZuYWU1MklkdGtXX09wcUNIY0Fwd1R2Z0h2TXlraFJTR29SaUNkTno0VDhOMFVocERiMkJMaGNIdjRDb2R1aTVLdXBSMG9ocGdwVnBvMkk2Y0ZNVTBsT2pUc3NRcUdyV2h6MWdPUHF2X9IBzgFBVV95cUxQaUZjYlA0NkgycGFYWjM4LVd6ajlfaC1rX1doS0lfbkk5YVV2aVJ3R1hIUDFrdVlTdFFseTVXU1VlTVh0UldFTEY4QkhWQVRYaGhQQVVDT1I2cGJBcExZTTE0b1Nlb2t5aDdTUzg0a1F1bnNtcTRXQmExZlFUVWIyUzI2bkluajZpYmJwcjdkNUZvRmk1U2dXeF92QjBNWmJjX0VETjNPbW9WRTJxd3Noc0ZubER5Y2tDQWx6dFJkUmItM2RkSEgyVVZyMGM3UQ?oc=5,5.5
6a849a6d5dbd7dc25289132d,a7523e059b26dd0dd982f2d7e8281962e73ac4ca82f6636cabfa79848c03dbd0,,2026-08-18T17:46:21.389566+00:00,low_quality_score_5.5,hindustantimes.com,quality,"Toxic gas leaks from Palghar chemical unit; 458 persons evacuated, some complain of eye irritation | Mumbai news - hindustantimes.com",https://news.google.com/rss/articles/CBMi-wFBVV95cUxNQ0tvUXZRRUk3ZUhObFlEQmF0bTI3ekE3bFNJcE54dDNKUzVxVzlaSkNoTjRsM3pHeEpKSFozMnVraThYUVZxUlFHaUFkSjlRZVBIVGFWMUZrWi0wbUJGZG1kYjhaYW1peHJXY1BJZ3RPZXZtbkJSaFk2ZFVISW5WNVZuak9iaS1HSUpWUWNLQks0UXpTSTRqcV9tcGtGUkpVV1N0RDVrZkdrdWVMSThTVzNWaG0wQ1VvWlNSV21UN3AxM3NrcFJlZXoyQVpBMWN0V0xaRERqNVNRTVZWRDFTQWRpam9iNUs4OGdSQm1Gcl9mV1hXN2RUbGRzUdIBgAJBVV95cUxNZWFrdTVnRkUxQUZzYkViVnc2dk53dXYydmNHcWptelB4eFI3TFRXcnlobW1zY3ZuUzNzb0lWODVOSHZLcHF2MmJJRTZUYkNrNkt3MGlVaVlCM2QxNGpONkJFeEt1aU5GMU5NTnVrOHE4RVVzdVdpbkVHc25qNkFGWk9QaXJndnRBQjR1QXZIaWc0WENCWHFnUjFXM2tHc3RuSnYwa2lVYXkxbXlqNmd5eXNYeER0Rk8wa0M0SUowNmR2aXhmOFhEVEpWX1dEVjdsZ2NzdnpodmtsVlRCWmhSblpmRndOcG5DV213SUIxclZXcDV2RG5GTmtBZUVQSXFU?oc=5,5.5
6a849a7a5dbd7dc25289132e,d5e979dca5820dc46f2403b0bd2e5f20e2f78b3ce8b34a0865c5dbac35497593,1,2026-08-18T17:46:34.424043+00:00,"The incident occurred in China, which is outside the scope of India-based disasters.",The Times of India,ai,China coal mine blast: 90 killed after gas explosion in Shanxi; rescue operations for trapped under way - The Times of India,https://news.google.com/rss/articles/CBMijAJBVV95cUxNaGJBa09rSGxIYkZBSVF5OVdqVm5NbFpKd2Vpek9lc3RteEg0WmVSTWJHZmFUTTZZUk1GMFVzbTR2LXcyWXVfNG1rYmoyMF9CNUlpclNpSWVPWkpfRXVpdWpnNmNNX01DdllQMXlyemNTbTl0cWotZS15SWNjWnI1RkpLWEdvVC0yc3hLaDQ2MjFOa1FibXFCUG91NFNkM0xwRTJ5VzhZN2h6R25Oa01LNkp0Umt0dlowUW1fcmxWSjdoOUtLUnhldmxYODVkUGtuMzZXQWc0eU9SRGNsRFdkQ1hLWHlPRFo5X1JBQV80ZFNhc2RDeTF6WUVZUVhHVmZoU3FRZEtpcW9QNHJE0gGSAkFVX3lxTFBNOTM5QzFiLWQ0WkpMbW02YnNEOW4zcFIzdEduRzNKR3c3QUpmWTZoWmQ5QXJJdDBkenA3Z0djNVhoY3lBSE9kUjIzMEV4a0U3TW5Gb1FTcHUwenNnNzBHa1cybWdsTEZXNnJ2enpfSEhBNHBCZGx1NkdmbnptM3hBME1sQWNuX0FQYmNNdFZQakk5VEtUdU5OVGRLbVh0dkg0V0tpX0E2cFBMWlZVRDdPdnZITFBRZi1YdFMzaThOUjhJWUdvV2hqTTZTWTVTblN5QkJ5V3VqTkxLZTFpdW9UMC1acGVkX29DeGRNRTFjdzlOU0I4MG5NR2RKUDRBblMyaHkteWZhcXVnQjdPQzUwc3c?oc=5,
6a849a915dbd7dc25289133c,308b7506295ba142926ef83fb1568b19e55a2ec20066aec0d39ab34b1fc39d2c,0.99,2026-08-18T17:46:57.471486+00:00,This is a historical retrospective covering the 40th anniversary of the 1984 Bhopal gas tragedy.,BBC,ai,Bhopal gas leak in pictures: 40 years since the tragedy killed thousands in India - BBC,https://news.google.com/rss/articles/CBMiWkFVX3lxTE5EVFNBRVZibEpuekdSUDc1LTluWUFNenNLcjA5UzZJejNtTU1HSF81RG5pUmJBMU13SHk1bTMzczlJMWJlUkhrM29EeE5LX0c5czVWMmhNQTllQQ?oc=5,
6a849a915dbd7dc25289133e,cb7ddfa4b14db19ff41007357147c0700bda3835366a06c193444b05d7de87b0,0.95,2026-08-18T17:46:57.557691+00:00,The article describes a weather alert and forecast for approaching Cyclone Montha without reporting active ground impact or casualties.,The Times of India,ai,Cyclone Montha heading to Andhra Pradesh coast: IMD issues extremely heavy rain alert for several distric - The Times of India,https://news.google.com/rss/articles/CBMiwAJBVV95cUxNMnhyaXdldU1mcGlySTRxQTY5MlBxd2tVRGNxdVk0c3N4Skp6US1DVElQVlF1NHl6WWZLR2tkTTVEeDluOEVGSXhVbHFlcHJ3OTN3T2JoU1Q0TnpldjZuZ3VKY1ctd1RjZUkxY1dxMUFESDlXZ01aUFdQMWhDTzM5MEVUSzRqSmRhX0w1UEZDbC1BQ0dEbmphZC1pWkhINXIySDE2Y3RyTEQ0aWg4NmRNYWxjZG5Xd0VFNWpYbS11SHZLZjBkU29SMjhleFhzTGhObEtUX0xTczNwcnZyS2ZEN21zT1VobWRyd003WHBCSWNjYm9ZejF2LTF6TThLWVR6VVZMZDJJaHRNcVNKNE9pY19WNExGZVNxclFkVFNROGdpaV9JSDNncnVyTzlhR09YcDlYN2kzYnJGLTI3RHhqStIBxgJBVV95cUxORDU0RXZlcnkyNjBEanFlZ3N5YVNJZGdrYTBBTUZ5RE1ubUZOWmZST2RxUDdwa0ltRmpPT0d5UlRrWmtGWjdHeDZaYi1ubDlNVlI4OE4wbHpnaGxteWVXaHVrbnZWZTJhd3ZvWkt5RUt2XzVSQUtnUmRTQUdLa3JQSmdLS1VVMHdia01IbkZOc0lTeXV3RThuX2QzY1lhQWpHcTIwSzlnT0s3X3I1V3p3aGFqaHpsQlpIb3UxX1F5Qml6c1FWOHhLUDJYRXo4cVU0LTZzb2F2eW16Q25xcmJHQmw2T3BPRS1fOE1aaXNRSEh3ZlZkRGZROExLRlM5eVdSeUtKNUhCXzZINUFJaGxFNnRhVWhpeUJ2TUV2bTJ2VHdXNUFJdkg0YTJLV0dPSk82SGUyb0QtaVdPSF9ScjhPUXJjWFN1QQ?oc=5,
